90 306 942 994 998 1118 1987 2183 3351 3750 3832 4273 4661 4951 5234 5848 5875 6239
286 699 1052 666 1221 2 690 1018 2374 1277 220 787 430 2377 534 656 1146 1289
91.3836
42.6303

481 558 1111 1125 1852 1928 2416 3985 4181 5417 5669 5672
699 286 1055 1146 1052 1287 936 1214 1350 967 1404 1721
35.7879
21.0693

281 386 490 958 1210 1463 2904 4036 4387 4703 5104 5417 5435 6105 6126
699 286 1052 2 666 734 1018 959 773 220 775 538 656 902 690
88.7301
43.3569

561 816 1632 1743 2465 2897 2934 3054 3800 4233 4353 4698 5007 5293 6016
699 286 1052 734 2 517 546 775 690 194 2013 877 534 902 60
69.1116
33.4975

212 584 737 994 1097 1118 3362 3574 3789 4292 4571
286 699 1052 666 690 322 2374 483 902 190 2
69.4807
30.3151

115 160 592 819 921 1376 1653 2320 3511 3978 4139 4288 4735
699 286 690 1052 2 773 322 934 546 1221 430 734 656
66.0768
31.1619

192 244 395 816 1559 1719 1942 4187 4288 4476 4854 5436 5950 6089
699 1052 286 734 483 2 322 902 2374 350 410 4 656 886
53.5718
26.5573

211 802 862 892 1219 1281 2050 2416 2785 3214 4118 4533 4591 5299 5896
699 286 1052 775 666 656 796 534 410 936 714 785 4 886 2
47.778
27.0333

531 601 986 1432 1565 3490 4211 4788 6463 6471
699 1052 690 286 483 1183 534 902 1274 796
43.2548
20.4244

542 566 1058 1124 1534 1579 2120 2182 2192 2284 2338 2805 3192 3385 3916 4038 4040 4427 4775 6302
286 699 1052 690 2 934 483 746 1221 220 1350 666 1065 194 1018 682 986 322 1200 714
79.8207
37.1513

121 128 198 573 737 761 902 956 1868 1923 2631 3211 3366 3413 3780 3794 3823 3942 4011 4194 4675 4824 5119 5148 5314 5789 5880 6288 6891
699 286 1052 2 666 734 656 1221 959 690 773 785 877 483 322 190 2377 230 1404 538 1374 331 71 1274 934 495 644 776 432
115.6413
55.938

39 40 47 52 55 126 227 287 306 346 736 862 915 1004 1264 1386 1395 1474 2100 2125 2182 3575 4661 4806 5004 5129 5607 5785 5983 6522 6887
699 286 1052 483 934 2 190 517 666 1221 82 1018 690 534 775 2377 194 959 1274 1350 656 230 877 60 1183 682 71 7 768 220 1200
121.3851
58.9437

258 446 658 783 1101 1322 1482 1517 1601 1857 1955 2171 2194 2243 3355 3385 3814 4139 4451 4533 4705 4782 4857 5151 5470 5689 6177 6317 6318 6432 6702 6764
699 286 1052 1221 690 2 2377 666 656 322 1146 1402 796 773 220 1350 902 1287 534 1214 1404 511 734 1072 194 1067 785 190 1200 1258 483 1677
96.3688
46.6989

91 541 1361 2114 2492 2590 3750 3800 3905 4381 4587 4687 6013
699 286 1052 734 2 220 666 656 902 690 775 517 773
58.6652
28.9955

40 128 228 293 401 410 421 573 658 684 728 1567 1965 2323 2589 2785 2786 2882 3375 3935 4061 4951 5070 5148 5161 5407 5529 5880 6969
286 699 1052 2 517 934 190 666 734 220 773 656 690 1277 82 483 902 991 534 1146 682 511 322 1195 1274 31 430 495 1221
118.4173
54.0851

46 608 716 982 1146 1279 1374 1409 1833 1857 2226 3713 4168 4451 4698 4705 4760 4775 5389 5607 5988 6044 6523 6538 6749
699 286 1052 690 934 2 1221 322 1018 220 1247 666 902 1643 2374 1055 1195 1021 682 1386 1200 746 942 247 929
99.98
49.1708

514 558 780 1030 1214 1495 1643 1928 3247 3447 3475 3625 4306 4695 5070 5542 5789 5832 5846 5978 6115 6343 6438
699 286 1052 2 1221 934 1018 1146 1065 690 2377 902 1274 331 1989 942 322 1374 1089 1011 1709 1350 991
92.6663
44.7496

654 767 995 1113 1146 1277 1459 1544 1798 1973 2324 2996 3351 3819 4089 4182 4264 4461 4782 4907 5535 5631 6132 6250 6418
699 286 1052 934 2 1221 690 666 2374 322 1402 1287 331 991 517 773 942 410 929 902 682 1643 1055 1806 751
116.4428
55.3943

44 427 699 1936 1942 2192 2247 2599 3126 3431 3704 4246 4458 5256 5330 6613 6866
286 1052 690 934 2374 666 1221 322 2377 1146 517 2 1404 734 1350 656 190
114.5844
63.0659

194 482 958 1321 1383 1618 1663 2012 2920 3110 3302 4568 4583 4860 5217 5244 5450 6700
286 699 1052 483 517 734 666 690 220 546 934 2 959 902 538 322 410 773
142.9049
63.259

55 231 767 1150 1955 2338 2489 2540 2658 2820 3432 3563 5152 5233 5317 6547 6591
699 286 1052 2 934 1350 508 483 666 734 1221 902 220 656 773 905 1287
72.6395
34.8005

44 766 2567 2882 3100 3490 3813 4410 4824 5233 5904 6531
286 699 1052 2 517 190 934 690 644 534 60 322
50.3912
24.9697

191 380 836 1381 1605 1628 2482 2572 2870 4851 6715
699 286 666 517 194 196 962 1146 1052 693 190
26.6948
16.2931

565 766 2279 2528 3473 3709 3989 4947 5350 6638
699 286 1052 734 934 483 2 534 190 959
44.3914
22.6955

46 196 293 421 460 562 654 809 1216 1461 1719 1745 2041 2776 2785 3447 3856 3948 4266 4698 4853 5057 6050 6714 6758
699 286 483 1052 517 322 934 656 2 1221 690 902 546 1183 682 220 1721 734 71 236 1072 1806 508 534 984
85.8023
43.8508

253 461 639 1228 1619 1793 2358 2996 6327 7055
699 286 959 2377 220 1404 1287 534 410 734
29.5602
17.2488

506 641 764 921 940 1266 1322 1710 2279 4246 5283 5542 6004 6186 6799
699 1052 286 2 666 1146 690 934 322 959 1806 190 720 902 511
60.7606
28.1957

128 343 1025 1053 1141 1769 1870 2192 2324 2374 2860 3387 4921 5535 5983
286 699 1052 934 690 546 1221 2 1146 322 775 902 666 1018 1350
122.3559
61.6221

118 121 226 228 295 454 536 542 914 1039 1282 1537 1818 1839 2377 2996 3447 3922 4061 4136 4187 4266 4847 5327 5350 5734 6466 6572 6609 6799 6877
699 1052 286 666 734 483 690 2 1221 220 1643 517 656 322 1146 194 902 508 534 410 796 959 432 1350 714 775 255 776 1021 1287 348
132.652
59.1054

139 1719 1856 2241 2820 3162 3985 4052 6088 6302
699 483 1052 286 82 690 322 666 350 160
34.8434
18.8439

60 140 395 483 767 2340 3948 4182 4951 6013 6749 6823
1052 699 286 2 690 734 517 220 666 934 322 1221
107.3627
52.8388

60 121 235 493 536 721 829 1050 1357 1516 1971 2360 2567 3132 3318 3753 3781 5611 5887 6467
1052 699 286 690 483 934 2 666 190 220 1221 734 236 194 656 322 959 517 773 1055
99.9177
45.5912

216 235 419 425 505 728 841 956 1018 1161 1769 2269 3040 3164 3653 3794 4955 5145 5217 5315 5421 5771 6745 6836 6893
699 286 1052 734 1146 1221 2 934 690 220 666 331 1287 508 517 1404 775 410 60 902 2377 1347 1200 905 1643
99.2132
50.2781

88 128 287 518 721 780 1347 1665 1833 1857 1878 2319 3351 3704 3713 3734 4427 4454 4535 4568 4634 4673 4949 5229 5314 6013 6152 6160 6317 6557
699 286 1052 666 934 690 1221 2 322 194 734 534 1146 2013 1065 1350 656 991 1247 483 877 1277 2377 1989 1721 1072 1643 682 785 902
113.4823
52.2234

90 133 394 412 422 507 542 699 959 1004 1425 2300 2406 3126 4233 5053 5683 5930 6146
286 1052 2 483 734 934 690 517 666 775 1221 322 1404 220 1146 902 190 194 2374
141.6922
74.05199999999999

55 1082 1900 1959 2139 2333 3004 3192 4428 4734 4753 5313 5690
286 699 1052 2 322 934 1183 690 1277 1404 666 517 747
54.2309
28.5125

518 601 787 902 2142 4052 4162 4357 4518 4775 5053 5245 6250
699 286 1052 2 934 775 690 877 734 1404 785 720 1221
57.0106
30.1953

363 939 956 1973 2093 3173 3610 3851 3955 5148 5223 6498
699 286 773 1287 71 1065 1011 682 1350 160 2090 1052
32.8348
18.8284

1145 1150 2015 2427 2521 3574 3784 4394 4793 5147 5326 5703
699 1052 286 1018 1221 690 934 2 1274 1012 1146 905
37.9621
20.2282

36 163 287 1745 1752 1977 2513 2786 3288 3611 3777 4472 4632 5063 6310 6318 6508
699 286 1052 775 194 2374 734 1018 1643 534 934 1055 410 902 656 483 1404
73.8351
35.9099

244 416 471 614 758 914 1812 2142 2243 3355 4587 4819 5854 5937 6046
1052 286 699 2 734 690 190 220 1065 1221 350 666 656 747 1930
59.1238
28.2982

53 346 584 608 813 1342 1418 1498 1701 2418 3366 3431 3511 3779 3833 3904 5635 5765 5848 6074 6538 6573
699 286 1052 934 1221 1146 220 2377 322 1111 1402 430 1247 697 666 2384 194 410 902 690 326 1277
66.4992
35.99

227 307 334 346 507 793 1740 1959 2325 3866 4040 4735 4955 5229 5335 5697 5777 6317 6558
699 286 1052 934 1146 666 773 1350 410 1221 734 775 746 2377 1018 902 1677 1287 1214
82.3163
40.4065

293 393 396 523 758 787 1327 1559 1936 1973 2142 2317 2541 2860 2972 3168 3217 3432 5045 5229 5493 6521 6591 7041 7067 7092
699 286 1052 2 690 775 734 934 666 720 190 785 1350 220 2013 2374 656 747 1287 3714 247 31 1721 902 697 1072
94.2973
44.1526

374 453 538 643 1174 1277 1458 1516 1537 1966 3447 4038 4817 4855 4886 5481 6414 6432
699 286 1052 690 666 734 934 1221 2 322 331 546 1018 902 220 746 1146 776
103.1364
48.1623

39 490 802 1132 1183 1403 2306 2993 3712 3989 5129 6047
699 286 1052 934 483 2 775 1221 902 220 690 666
86.849
43.0822

195 246 308 535 658 696 728 902 949 990 1551 1743 1839 2752 3269 3387 3478 3767 3875 4162 4473 4583 4587 5004 5057 5573 5950 6312 6394 6463
699 286 1052 666 690 546 517 934 2 2374 190 322 656 877 220 439 508 533 785 1374 1404 1055 1183 1274 1350 734 1053 60 534 1221
118.9151
57.7352

98 195 320 977 1141 1281 1282 1403 1567 1721 1740 1745 1839 2489 2503 2567 2786 3168 3192 3312 3968 4533 4537 5505 5638 5748 5858 5930 5950 6016 6047 6521 6549 7092
699 286 1052 2 934 666 690 734 1221 322 656 775 483 902 747 517 1350 1274 682 796 1055 1146 190 546 508 439 1402 785 1247 1054 331 787 410 768
146.43710000000002
64.5219

166 243 364 486 496 2735 2984 3830 3903 4040 4712 5171 5807 6498 6715
286 699 1052 959 934 517 220 546 666 322 483 656 1221 902 533
66.3272
31.9965

401 800 1057 1597 1706 2011 2100 3413 3713 5063 5190 5978 6823
699 1052 286 2 322 666 190 220 682 430 773 644 1402
56.603
27.7391

134 1221 2541 3911 4189 4518 5011 5104 5161 5532 5701 5716 6349
699 286 1052 934 1146 1018 2013 877 2377 190 1709 2 1065
59.3279
33.7054

40 486 819 1132 1224 1458 2115 2634 3217 4552 4955 5313 5337 6314 6534 6823
699 286 1052 546 1146 934 2377 190 220 1221 775 666 1350 959 322 2374
86.36
42.3762

98 455 601 743 760 847 1111 1137 1579 2513 2572 2716 2897 3075 3269 4817 5147 5148 5748 6115 6508
699 286 1052 690 483 2 746 734 1221 194 934 1146 959 1055 517 534 773 1018 991 1072 747
93.3184
44.1451

91 414 496 542 981 1291 1811 1965 2589 2776 3389 3830 3958 4036 4824 4847 5209 5588 5635 6239
699 286 1052 734 483 666 690 220 934 517 322 656 82 1543 1054 190 348 534 2374 986
75.2795
35.7863

455 519 809 836 998 2501 2647 2962 3738 5378 5749
286 483 699 534 959 1052 533 255 247 538 536
33.0926
18.4937

521 755 1279 1977 2270 3545 4187 4658 4676 5588 5701
699 286 666 934 322 734 690 2 1350 1065 60
39.3638
21.3715

84 197 573 994 1513 1610 1656 2186 2567 3282 5191 5244 6107 6317 6358 6531
699 286 1052 2377 656 1221 1146 959 1350 546 1183 666 190 1643 773 350
78.8303
38.0672

8 133 168 490 685 733 878 912 956 1018 1118 1232 1811 2320 3346 4581 5007 5335 6160 6547 6715
699 286 1052 690 1221 934 666 2374 322 220 1405 902 410 1350 734 517 7 331 656 1146 190
102.6181
50.8046

53 81 245 273 414 535 1058 1304 1719 2231 4817 5723 5738
699 286 483 934 1052 734 1146 220 2377 82 236 247 350
47.6447
23.894

0 82 668 1089 1132 1403 1709 2192 2322 2904 2919 3168 3173 3419 4136 4920 4998 5129 5308 5378 5529 6956
286 699 1052 1221 2 517 322 666 775 331 690 734 1146 483 902 934 1277 430 410 1350 1274 71
104.0716
50.1698

177 252 907 2634 2828 2871 3186 3192 3780 3941 5070 5317 5895 6115
699 286 1052 2 483 546 934 1274 2374 656 1146 220 666 2377
98.7552
46.9893

54 493 519 1011 2269 2795 3398 3823 4246 4735
286 699 1052 546 190 2374 2377 1146 690 1065
59.112
31.2281

195 1769 1796 1896 2888 3713 3781 4049 4068 4295 4695 5053 6358 6969
699 1052 286 656 2 322 1247 666 1221 1183 991 255 1374 1054
42.7957
22.4714

194 348 1210 1281 1325 1409 1425 1610 2405 2626 2792 2831 2920 3299 3309 4139 4182 4805 5350 5535 5565 5783 5854 6358 6591
699 1052 286 2 690 483 517 734 666 322 546 1221 902 538 682 787 220 1404 1586 1055 991 656 1200 1277 1018
119.4766
53.0473

60 252 295 668 972 975 1146 1321 1361 1539 1805 1945 2094 2231 2333 2431 2520 3581 4264 4353 4417 4625 4907 5807 6382 6538 6679
699 286 1052 2 690 666 934 483 2374 322 1221 220 902 508 534 517 1643 190 1055 714 194 1404 410 247 71 82 929
132.4414
62.5424

128 380 1174 1464 1544 1610 2041 2050 2489 2953 3355 3362 4162 4288 5057
699 286 1052 2 666 734 483 508 934 1404 690 546 439 768 746
78.4593
36.0788

196 216 819 915 1137 1282 1474 2333 3024 3178 3729 3750 4442 4760 5062 5077 5449 5575 5738 5875 6105 6113 6186 6220 6526 6547
699 286 1052 483 517 690 934 220 666 322 2374 1221 1183 534 877 230 1404 746 1055 410 1247 236 544 902 1089 656
108.9706
54.6883

46 130 133 195 523 573 614 684 685 743 982 1282 1516 1589 1642 2122 2149 2324 3168 3417 3832 3941 4040 4152 4181 4433 4656 4934 5334 5701 5811 6327 6542
286 699 1052 666 2 690 934 517 1221 656 1274 775 220 1404 992 1146 1055 746 247 2377 929 1643 7 71 1350 967 1054 1018 1183 1247 1930 1072 432
118.181
55.1426

55 88 286 293 625 694 1322 2257 2856 2996 3898 3906 4273 4839 4915 4916 5070 5217 5588 5783 5804 6343 6382 6467 6719 6758 6799 6887
699 1052 690 2 666 517 483 734 220 934 546 322 1221 430 775 410 511 746 2374 534 902 1287 990 533 644 331 1806 1543
139.6535
66.8731

367 507 1057 1117 1328 1539 1615 3814 5494 6152
699 286 1052 190 690 220 734 746 483 1643
35.2992
20.1196

98 177 212 226 421 428 949 1053 1462 1759 1820 1868 1917 2275 2304 2599 3493 5436 5556 5727 6154 6327 6812
286 699 1052 546 190 2 483 194 902 1404 666 220 959 934 1643 322 410 886 2377 247 796 538 1709
86.7638
43.8849

457 534 550 654 787 990 1281 1371 1404 1451 1461 1476 1585 1643 1852 2035 2320 2430 2482 3100 3905 3975 3982 4280 4698 5229 5584 5624 6113 6153 6432 6578 6900 6929
699 286 1052 934 690 1221 2 483 734 1018 1146 322 1350 331 2374 220 902 666 656 682 1072 1274 1065 1709 517 775 439 905 720 2013 644 1402 1374 1021
166.9412
80.0758

44 232 538 564 710 1215 1325 1366 1374 1420 1539 1586 1811 2271 3126 3321 4118 4473 4532 5308 5350 5378 5411 5534 5804 6115 6549 6894 7055
699 286 1052 690 934 666 2 1146 220 734 1221 517 656 1018 439 546 2013 58 746 2374 682 331 929 1404 430 1011 247 785 1247
142.1656
63.486200000000004

668 1210 1936 2776 4320 4631 5223 5313 5806 6558
699 286 1052 2 508 714 934 1067 1018 1247
31.9743
19.255200000000002

246 396 1053 1432 2815 5151 5807 5904 6088 6900
286 1052 699 483 666 546 1146 220 644 1259
32.6975
18.624200000000002

446 575 1291 1592 1620 1975 2471 2599 3469 4194 5250 6243
699 286 322 1221 1052 2374 690 877 190 483 1374 331
61.2253
28.264499999999998

733 1685 2269 2590 2786 2811 3389 3704 4145 4262 4357 5233 5675 5807 6665 6738
699 286 690 1052 656 734 666 773 190 796 60 775 2 4 1089 1018
55.0629
28.3699

3 12 307 482 638 699 982 1067 1160 1280 1404 1423 1585 1914 2300 4581 5239 5240 5713 6083 6638
286 1052 2 934 1221 690 1146 666 517 1350 902 508 2374 877 322 1018 734 220 2377 773 410
159.8539
85.6443

353 641 793 816 1280 1415 1537 1730 1807 1891 2116 2405 2631 3060 3610 3780 3905 4453 4921 5785 5811 6132 6357 6758 7092
699 286 1052 734 666 690 775 220 902 1146 1018 2 1221 1277 787 1643 776 331 255 1159 538 71 644 1247 1347
87.3779
44.23

438 728 972 1074 1374 1403 1546 1579 1687 1930 2934 3338 3391 3574 3887 4578 5012 5334 5770 6349 6764
699 286 1052 2 934 690 483 666 656 734 517 322 2374 220 773 1274 508 1018 1055 439 1183
154.2519
69.4215

177 187 592 632 681 995 1914 2414 2856 3916 4392 4442 4785 6115 6702 6758
699 286 1052 690 666 934 220 773 533 1221 546 746 1146 990 720 483
58.2175
29.817

64 1111 1347 1462 1857 2644 3164 3610 3904 3992 4168 5007 6163 6220 6677 6893
699 286 1052 1146 2377 1287 656 877 1214 1072 984 1404 2 991 220 1350
45.2662
27.0113

12 920 1241 1896 2317 2416 3007 3935 4886 5671 6013 6707
1052 699 286 690 322 190 220 936 1643 991 656 82
40.5173
21.5421

12 216 429 639 699 728 1124 1150 1344 1862 2186 2276 2358 2952 2962 3078 3121 3288 3417 4006 4288 4525 4672 4676 4871 5588 5624 5635 6078
286 1052 934 2 734 775 517 666 902 322 690 1350 1146 483 656 1221 220 2374 1089 82 746 2377 1643 768 644 877 1018 508 1247
157.8906
81.1818

25 79 133 140 314 573 639 816 1021 1039 1123 1474 1586 1664 1706 1868 2013 2275 2819 3777 3810 4535 4972 4981 5458 5689 5846 6766
699 286 1052 1221 734 2 934 690 483 656 877 2374 322 190 1643 220 902 666 959 331 787 230 1089 1200 1247 1350 785 1055
163.5425
75.7307

179 194 438 733 847 982 990 1601 1611 1701 1751 1828 2269 2279 2801 3007 3366 3391 3493 3945 4476 4687 4775 4851 4951 5026 5389 5528 5529 5937 6077 6243 6250 6317 6631
699 286 1052 690 2 934 517 666 483 902 1221 734 322 220 190 1277 656 1643 775 538 682 439 1274 2374 410 776 787 1055 1072 959 2377 348 546 1018 1089
173.214
76.3345

53 281 421 573 942 1157 1615 1632 1694 1945 2405 2413 2478 2962 3856 4247 4381 4391 4472 4760 5458 5783 6764
699 286 1052 656 1221 2374 959 2 934 1018 508 902 775 410 877 962 1643 2377 144 721 1287 2013 203
77.9666
40.608

460 507 534 654 721 1025 1030 1150 1215 1344 1517 1876 2826 3178 3318 3447 3469 3475 3813 4451 4695 5283 5493 5496 5713 5774 6016 6498 6967 7041
699 286 1052 934 1018 690 2 656 666 483 322 902 1065 734 517 1146 1721 220 1274 1350 82 4 1989 787 1011 533 714 905 430 546
117.74419999999999
54.3426

160 216 982 1295 1432 1643 1807 2048 2271 2313 2732 3581 3912 4015 4578 4625 4947 5950 5988 6239 6523 6665
699 286 2 1052 934 690 734 773 517 1221 666 546 1146 508 1018 220 902 350 58 775 331 194
106.935
49.8881

235 800 1115 1281 1589 1743 2792 3132 3178 3245 3975 3978 4082 4753 5145 5337 5738 6408
699 286 1052 690 934 2 546 517 666 322 902 220 656 734 60 534 533 644
75.6521
36.3647

46 760 836 983 1123 1405 1632 2348 2415 2819 2957 3753 4052 4082 4182 4424 4510 4552 5683 6152 6239 6900
699 286 1052 690 934 1221 322 902 734 1643 877 991 787 1277 666 410 905 439 1385 796 1989 1018
83.316
40.1015

0 140 416 521 545 584 1304 1357 1396 1409 1544 2599 3346 4181 4306 5191 5194 5449 5499 5505 5678 5774 6030 6329 6484 6557 6677
699 286 1052 2 934 1221 322 2377 734 690 220 1018 1146 190 666 1643 2374 508 902 970 1072 1055 1065 1200 1374 483 1021
109.6226
52.7099

179 939 2035 2167 2269 5070 5565 6083 6196 6702
699 286 1052 1221 2 1146 1065 1350 190 1055
55.7656
28.7768

190 364 536 634 983 1160 1174 1224 1342 1359 1391 1463 1579 1776 1891 1959 2180 2465 3156 3635 4017 4082 4457 4649 5148 5723 5895 5896 6089 6185 6408 7002
699 286 1052 483 2 690 934 734 517 773 322 220 1221 666 1018 959 775 1021 2374 2377 656 1072 1277 144 1677 71 1146 495 1200 1404 625 1055
133.1016
62.8283

306 346 364 634 743 995 1418 1868 3347 3941 4949 5417 5731 5908
699 286 1052 690 220 746 546 959 322 656 2 1072 410 666
49.7449
24.7654

206 252 363 467 565 972 1057 1380 1420 1597 1921 2117 2269 2389 2492 2513 2567 3230 3399 3563 3989 4036 4350 4625 4760 5223 5374 5450 6411
699 286 1052 2 934 690 483 190 666 734 1287 902 508 1146 1274 1643 348 534 682 60 714 2374 247 1089 430 1072 1221 1055 1277
112.2346
53.426

34 121 133 486 788 1029 1706 1966 2541 3375 4417
699 286 190 1052 666 734 2 220 934 144 714
61.716
30.6296

956 1325 1665 2257 2340 2888 2897 2983 3953 4053 4326 5307 5826 5937
699 286 194 2 1052 746 1405 690 255 1072 787 929 322 5332
38.994
21.2685

36 195 490 746 923 1003 1098 1281 1685 1687 3010 3575 4139
699 286 1052 656 934 690 322 483 902 666 2 439 220
93.893
43.7694

55 133 348 561 983 1034 1067 1632 2241 2374 2476 2543 2860 3575 4285 4621 4716 4753 4785 4921 5210 5804 5903 5908 6677
699 286 1052 2 483 1221 690 934 1146 773 2377 775 1018 546 2013 508 534 902 666 517 430 877 1065 734 409
149.1941
71.3039

126 395 829 1498 1975 2348 2418 2589 4038 4578 6013
699 286 1052 483 690 517 1221 934 322 1146 656
54.6669
28.2856

314 425 1101 1210 1361 1365 1601 2035 2870 3214 3767
699 286 1052 690 2 533 746 714 1055 1183 773
40.4183
21.4647

783 1118 1220 1385 1796 1929 2358 3447 3851 4142 4632 4970 5127 5337 5421 5952
699 286 1052 934 666 2 1018 734 902 1643 322 1065 787 483 2374 439
87.9335
41.6957

81 416 543 1039 1383 1461 1565 3903 4049 4280 4542 5010 6014
699 286 1052 690 1221 190 666 1374 546 1055 322 144 517
48.4978
23.0076

37 196 394 467 561 819 912 1018 1029 1228 1910 1965 1996 2226 2358 2483 2501 2906 2972 3004 4306 4388 4507 4556 5012 5233 5334 5378 5505 5538 5731 6041 6160 6300
699 286 1052 934 483 517 2 1221 656 220 2374 508 190 322 546 1065 1404 936 1247 1011 666 1350 1183 255 773 1643 511 1806 902 160 1862 2377 534 331
120.4152
62.1982

130 293 550 575 694 1391 1567 1601 1656 2125 2261 2325 2360 2702 2811 3186 3493 4181 4458 5528 6074 6312 6349 6447 6474 6521
699 286 1052 734 2377 934 690 322 538 902 1350 410 1195 1055 41 746 1643 1404 483 1258 1072 1677 1247 963 644 992
67.6671
38.7139

64 211 356 1089 1812 2501 3288 3475 4068 4145 4492 5389 5578 5779 6113 6160 6439
699 286 1052 2 1221 666 1018 734 902 220 331 1200 656 1195 1277 586 508
58.2679
30.5172

559 694 707 949 986 1325 1464 1501 1973 2360 2702 3100 3405 3941 4410 6523
699 286 1052 690 934 656 1274 190 666 2377 773 1072 2 322 942 977
78.3111
35.7306

26 130 139 160 293 295 356 816 836 1004 1005 1057 1074 1097 1125 1812 2279 2320 2719 2791 2811 3040 3110 3186 3355 3411 3635 3741 3781 4381 4461 5004 5240 5289
699 286 1052 734 483 2 1221 690 220 546 190 934 746 959 656 902 534 1350 194 773 666 1072 1247 1862 796 430 1146 787 533 508 331 1277 144 229
119.461
56.0516

904 1221 1264 1743 1987 2152 2322 2716 2870 3346 3813 4306 5538 5789 6004 6643 6766
699 286 1052 934 517 546 1018 656 1146 2374 534 877 322 220 1350 2 196
83.6691
44.0408

144 374 914 2471 2482 2716 2725 2934 3753 3887
699 286 1052 2 934 322 190 690 734 220
83.4327
40.1545

145 493 518 878 972 1280 1923 3712 4357 4857 5450 5807
699 286 1052 934 959 190 483 194 2374 322 60 1643
65.7057
33.393

53 295 366 455 979 1072 1236 1321 1458 1852 2076 2139 2149 3231 3275 3405 3473 3734 3767 3814 3819 3948 5535 5578 5749 6004 6115 6438 6738
286 699 1052 483 1221 2 534 331 959 1404 82 2374 190 220 1065 71 508 902 936 714 1183 666 1405 533 255 1258 140 644 538
106.7906
52.1922

227 235 419 594 632 760 976 1005 1123 1277 1596 2107 2194 2320 2378 2413 2520 2732 2795 2871 3045 3217 3338 3866 4053 4111 4136 4461 4525 4578 4791 4856 5435 6522 6738
699 286 1052 2 734 546 934 1221 322 690 775 773 1350 533 410 902 666 682 331 959 483 991 942 1274 439 1806 236 787 877 936 71 508 455 1247 348
120.7851
57.678599999999996

246 460 461 538 796 1482 1620 1876 2279 2310 2313 2888 3855 4181 4286 5104 5128 5219 5578 5584 5716
699 286 1052 1221 934 734 656 1018 902 2 959 322 2377 331 546 1146 410 2374 190 1200 1350
113.3265
52.1257

478 579 1474 1711 2114 2572 3321 3908 5191 5219
699 286 1052 1221 517 220 1018 2 902 483
63.1871
32.7982

295 455 486 767 790 1694 1766 2192 2270 2528 2543 4324 4934 5153 5525 5858 5903 6702 6745 6806
699 286 483 1052 534 666 959 1146 1402 508 220 439 1018 902 247 3714 821 255 2377 1643
64.7189
33.1852

63 1057 1125 2180 2235 2363 2801 3054 3721 4431 4675 5525 5785 6433
699 286 2 666 1018 690 734 1221 905 2377 247 322 1620 82
42.1465
22.7906

4 306 308 1796 1928 1945 2483 2492 4040 5645
699 286 1052 934 1018 1146 2377 902 220 1183
45.9303
25.479

20 214 320 460 1012 1187 1322 1856 1870 2856 3351 5307 5851 5943 6760
699 286 1052 934 2 690 322 190 902 959 483 220 1146 666 255
80.3752
39.7184

60 479 766 2048 2325 2897 3318 4011 5194 5196 6074 6504 6755 6894
1052 699 286 194 220 690 934 190 2 350 1404 1163 533 1221
54.3457
27.8546

429 519 668 747 804 922 1057 1115 1253 1955 2415 2786 3391 4152 4233 4266 4634 5011 5407 5587 5774 5917 5983 6088 6157 6665
699 286 1052 934 322 734 690 2374 666 1221 1146 1350 2 534 331 775 546 1018 1274 483 714 1072 220 776 1089 682
127.699
61.3612

212 490 1067 1291 1539 2269 3475 3769 3851 4428 5983 6591 7055
699 286 1221 1052 2377 508 2 877 60 773 902 1065 190
40.6837
23.3604

196 490 734 844 1174 1322 1942 2180 2572 2631 3299 3398 3432 4420 4454 4686 4804 6115 6558
699 286 1052 690 2 666 517 322 483 902 934 775 1543 1183 747 511 2013 2374 773
107.1561
49.9835

145 206 854 1003 1365 1663 1856 1945 2400 2461 3377 3783 3989 3992 4591 5449 5493 5607 5631 5758 6433 6438
286 699 1052 959 934 666 439 483 194 656 1018 190 690 220 1065 902 1620 1089 196 1862 82 2377
75.0431
39.8447

47 531 940 2644 2785 3714 4017 5148 5496 6613 6679
699 286 1052 483 773 734 666 1018 656 1146 690
92.4885
45.417500000000004

851 862 1053 1862 2304 2543 2658 2920 4856 5239 5314 5330 5777 5952 6177 6243 6498
286 699 1052 734 2 775 902 773 483 1247 644 1014 666 1347 1274 220 1146
62.61
31.8013

191 244 245 454 575 592 1527 1636 1929 2257 2275 2379 2776 3362 3703 3769 3875 3972 4062 4136 4649 5470 5565 5783 6113
286 699 1052 517 690 483 322 2 934 1277 1146 746 60 656 255 1183 190 1247 247 533 773 348 1374 1361 1545
83.0375
42.2488

396 922 1456 2482 3398 4392 4454 4476 4705 4860 5611 5771 6014 6177 6411 6866
699 286 1052 1146 534 546 2090 734 331 220 1287 2384 2377 511 796 682
53.7058
29.258399999999998

363 521 658 2313 2520 3832 4410 4532 5671 5748 6314 6572
286 699 1221 734 1146 1065 1183 666 410 1052 71 1828
35.5936
20.5309

55 190 699 929 1029 1710 1917 2431 2489 2589 3302 3721 3769 3941 4068 4440 4886 6016
286 1052 690 934 2 517 483 666 734 1221 775 322 902 656 773 2374 508 1146
154.1476
81.5286

26 39 270 664 1102 1111 1215 1241 1482 2018 2599 2984 3908 4038 4280 4587 4791 5281 5624 6154 6177
699 286 1052 690 934 2 322 1221 1146 656 82 483 714 2377 1200 746 517 255 2374 787 511
87.4747
41.1268

26 40 64 410 521 804 1025 1174 1462 2348 2776 3162 4326 4472 4854 5129 5240 5727 6041 6157 6185 6408 6439
699 286 1052 2 934 190 1221 656 1065 902 82 220 1146 483 734 1350 959 775 1018 785 1072 31 690
95.7633
47.0586

4 121 211 519 912 920 1050 1632 1975 2325 2333 2348 2389 2431 2492 3217 3309 3355 3729 3856 3948 4055 4288 4621 4687 5436 5538 5672 6185 6220 6358 6591 6599
699 286 1052 2 934 734 1221 1350 2377 1146 190 902 959 690 331 1404 508 1018 656 1846 220 1214 1277 439 1067 644 517 1709 1677 666 236 432 775
109.8963
53.8229

53 195 664 696 847 851 1102 1615 1883 2015 2469 3245 3351 4251
699 286 1052 690 656 2 775 773 666 776 1643 322 991 1200
47.5206
24.7302

46 130 986 1385 1971 2729 4118 4705 4819 4839 5065 5487 5695
699 1052 286 2 690 773 508 734 1221 902 322 1065 1274
63.149699999999996
30.8866

212 774 777 790 813 920 1120 1325 1589 1745 2142 2322 2482 3377 3385 3832 3852 4157 4338 4537 5119 5293 6219 6438
699 286 1052 734 666 902 934 773 690 656 2 508 331 775 439 190 1011 1018 1055 877 752 483 1021 4
103.819
46.8002

187 195 212 797 844 1665 1927 1928 2116 2268 2567 2756 2831 3935 4634 5145 6302 6474
699 286 1052 190 656 666 714 690 82 991 7 322 230 1350 194 682 2090 1072
47.1089
25.4034

166 197 198 258 428 531 545 1173 1361 1423 1717 1975 2041 2270 2348 2613 2682 2983 3217 3635 3729 3885 4168 4279 4391 5747 6967
699 286 1052 690 483 220 934 959 534 322 546 2374 194 1221 666 60 775 230 1374 1183 247 773 656 517 508 71 82
111.0601
50.4739

18 38 144 163 196 232 244 246 507 668 825 829 1016 1120 1274 1281 1464 1510 1730 1852 1858 1992 2320 2324 2589 3075 3176 4427 4686 4705 4861 5127 5219 5613 6719
286 699 1052 934 2 483 1221 517 322 220 666 902 1146 734 190 194 656 1018 2374 1404 775 410 1350 534 1277 1072 690 773 236 644 1247 785 255 247 887
173.7321
82.6357

185 374 1136 1266 2011 2469 2952 3753 4338 4782 5588 5904 6047 6169 6196
699 286 1052 483 773 2 934 1146 190 546 1350 656 322 331 41
43.9033
23.4006

343 364 393 586 634 918 922 977 1157 1224 1228 1628 2120 2310 2317 2535 2539 2589 3321 3473 3794 3885 3906 4168 4939 5128 5129 5565 5895 5950 6132
699 286 1052 2 220 656 546 322 690 934 483 517 1146 534 666 2013 1055 1287 942 508 959 511 1350 990 533 2377 432 2374 401 1274 776
118.9032
56.0786

134 168 346 394 579 614 940 1327 1567 2011 2279 2319 2324 3024 3078 3169 3269 3278 3282 3898 3904 4472 4847 4886 4907 5026 5520 5594 6030 6243 6836
699 286 1052 1146 656 1221 220 666 483 2 959 517 902 734 410 190 1350 775 534 934 2374 1195 432 690 1402 145 1183 247 785 905 2013
107.2932
52.8655

11 245 592 844 983 1030 1232 1665 1739 1796 2013 2139 2182 2540 2695 2756 3007 3387 3581 3713 3734 4111 4118 4182 4262 4288 4431 5335 5528 5887 6311 6484 6613 6749 6802
699 286 1052 322 934 690 483 666 2 734 1221 517 2374 877 546 1643 656 959 682 220 991 410 1247 773 1055 787 936 190 902 1018 1183 1350 511 7 1405
158.0762
74.1243

4 46 115 427 777 1062 1102 2735 2920 3493 3738 4381 4951 4981 5007 5244 5713 5716 5731 6310 6467
699 286 1052 934 902 690 517 734 1146 2 1221 546 2377 1018 322 220 773 1374 410 1089 247
96.7816
47.2447

0 25 91 115 247 518 562 579 601 761 892 1395 1852 2156 2520 2906 3309 3346 3447 3516 3653 3814 3871 4145 4391 4793 4824 6073 6866
699 286 1052 2 517 483 534 322 666 775 220 1221 546 734 190 644 690 82 1277 1055 714 1274 71 776 1137 1067 697 350 1374
101.1415
50.4116

127 366 990 1843 2194 2634 2792 3985 4505 4804
699 286 1052 690 3714 2374 546 734 1146 1274
77.9963
38.5813

18 166 542 654 783 790 851 1706 1868 2018 2226 3462 4809 5415 5607 6531 6814
699 286 1052 666 690 194 190 2374 959 773 517 775 1146 439 787 60 902
63.3718
32.4615

37 145 419 518 1366 1406 1694 1766 2532 2756 4388 6219
699 286 1052 220 517 2374 194 1018 483 1146 959 538
59.044399999999996
31.1595

394 482 685 813 1216 1495 1551 1971 2228 3377 3389 3713 3972 4062 4286 4394 4492 4571 4824 5191 5470 6077 6088 6219 6572 6967
699 286 1052 666 773 934 517 322 690 1221 2 902 656 1643 1146 2377 1055 1072 991 1021 410 970 2013 1350 1862 348
113.8925
54.4056

664 699 829 1029 2018 2937 2953 3727 4280 5220 5919 6526 6578
286 1052 934 690 2 322 666 1221 656 902 1404 517 775
101.3641
57.609

60 244 398 685 1385 1510 1721 1870 2115 2261 3278 3431 3818 4605 5007 5529 5588 6613 6893 6967
286 699 1052 2 690 934 220 666 902 1146 194 517 439 190 1072 1247 322 483 714 1065
114.99810000000001
56.1684

121 543 614 2461 2543 3132 3653 4417 5171 5352 6929
286 1052 699 220 734 1055 546 1146 1274 666 517
43.803399999999996
21.2667

4 133 1123 1501 1642 1665 1848 2406 2860 4264 4399 4775 4970 5308 5607 6014 6578
699 286 934 2 1052 1146 902 2377 1018 787 1643 7 508 439 962 1221 666
55.4158
28.9615

139 844 982 986 1074 1115 1173 1215 1551 1769 1828 2122 2152 2599 2752 2820 3231 3783 3854 3992 4476 5147 5417 5532 5903 6394 6572 6719 6823 6967
699 286 1052 934 2 690 666 1221 656 322 1183 220 1146 1018 1055 2374 1374 902 990 410 1072 967 1274 1643 970 7 714 905 821 348
112.3487
53.0364

11 473 564 748 1099 2013 3417 4320 5520 6439
699 286 1052 666 934 483 734 656 1221 959
98.4905
52.3175

1118 2430 3391 4457 4687 5127 5417 5848 5875 6077 6442 6538 6599
699 286 1052 666 2 734 322 902 220 534 1221 787 1274
55.9339
27.8031

343 461 1003 1057 1559 2461 5256 5587 5713 6317 6745
1052 699 286 1221 2377 959 1350 220 1163 1072 4
31.6611
17.5883

4 20 179 227 438 748 904 1215 1228 1359 1987 2117 2156 2180 2310 2460 2801 3356 3581 3866 3935 4949 5450 5701 5807 6329 6812
699 286 1052 934 2 656 517 666 902 734 190 1146 2377 220 1221 690 322 1018 977 773 483 1374 905 1643 785 1404 194
125.3156
59.4567

658 1745 1975 2284 2406 2631 2828 3734 3885 4461 4605 4705 4805 4981 5326 5378 6474
286 699 1052 483 1221 934 439 690 1018 534 2 322 508 1146 714 255 1072
82.9838
40.523

454 990 1069 1159 1406 1673 1839 1852 1975 2048 2125 4107 4158 5012 5378 5615 5672 6078 6471 6721 6760
699 286 1052 690 1146 1221 2 508 1018 1350 483 322 1214 2377 1287 439 331 1067 787 1274 1137
86.6172
42.0554

438 523 940 1366 1711 2360 2521 3362 3366 3784 4388 4427 4505 4507 4568 5293 5588 6534
286 699 1052 517 2 538 656 1221 220 1146 934 3714 194 190 1065 430 459 1350
74.6176
37.4336

47 197 306 710 733 777 804 994 1280 1325 1366 1848 1996 2860 3054 3075 3753 3813 3989 4324 4350 4949 5012 5233 5458 5532 5731 5875 6493 6573
699 286 690 1052 934 2 666 483 656 517 902 508 773 734 439 220 1146 1277 410 775 990 538 787 2374 967 785 1055 430 348 1274
119.1466
52.9446

34 118 187 211 446 829 1016 1018 1551 1586 1611 1914 2363 3045 3951 4244 4273 4410 4997 5672 5806 5983 6083 6557 6802
699 286 1052 934 690 666 1221 1146 2 322 1404 773 1055 190 1350 410 144 714 1072 644 1287 331 656 1089 4
118.8614
54.8087

538 658 1132 1161 1171 1687 2120 2335 2826 3214 3941 4011 5161 6614
699 286 483 934 1052 666 1146 220 546 1018 734 1221 959 746
84.4672
42.8718

160 320 345 453 734 940 976 1019 1247 1280 1462 1709 1740 2018 2186 2279 2503 2589 2906 3709 3832 4187 4915 5223 5283 5378 5754 6041 6382 6394 6538 6908
699 286 1052 690 2 1146 1221 546 934 322 2374 902 959 746 410 666 1677 1072 220 1277 773 656 1721 1404 534 1214 1544 348 190 1183 942 194
144.1162
68.838

64 127 366 940 1281 1559 1791 1828 1947 2183 2920 3563 6534 6745 6764
699 286 1052 483 934 2374 220 1146 734 902 430 1221 1274 984 546
67.1442
34.4837

166 748 1053 1056 1075 1759 2304 3707 3945 4451 4621 4955 5588 5638
286 1052 699 666 959 322 775 902 546 984 60 644 905 1274
48.9374
23.5561

60 109 128 386 461 473 2920 3075 3299 3490 4136 4399 5145 6078
286 699 1052 690 220 959 2 194 190 322 1163 1221 734 2374
75.6713
36.0134

38 395 421 743 1003 1432 1605 1796 2247 3214 3777 3854 4578 4634 5314 5350 5534
699 1052 286 690 322 190 666 2 929 350 483 746 1247 1405 71 82 1072
70.155
33.7316

191 710 916 1062 1291 1539 2268 2430 2589 2792 2888 3362 3575 3818 3832 4211 4518 4656 4847 5145 5171 5374 5528 5669 5734 5748 5754 5848 6394
699 286 690 1221 666 1146 1183 734 1052 322 656 2377 255 1111 331 409 962 1159 990 2374 1259 1277 439 60 1289 697 1498 511 1157
68.5501
39.6883

212 214 696 795 1461 1862 1928 2333 2492 3121 3413 4473 4804 6151 6466 6521
286 699 734 1052 775 666 934 690 2 1404 746 959 439 773 1021 190
67.73479999999999
34.5465

366 482 515 707 748 813 922 1018 1220 1396 1585 1862 2122 2469 3830 3989 4472 4510 4854 4864 4915 4934 4997 5250 5777 5807 5812 6050 6070 6310 6312 6963
699 286 1052 934 2 656 666 734 1221 517 690 902 775 1643 1405 773 546 1021 2377 1806 410 1065 409 534 247 785 1011 787 1146 194 644 1025
133.1952
64.3525

227 416 699 1209 1215 1247 1342 1678 1730 2532 3362 3721 3855 4427 4632 5314 6631
286 1052 2 934 690 734 1221 666 1643 322 902 775 517 1018 656 2377 1146
137.4043
73.2378

196 211 227 486 541 641 777 829 893 1115 1391 1699 1959 1996 2012 2122 2235 3741 3784 3978 4454 4734 4857 5417 5804 5994 6302 6312 6317 6358 6442 6589 6638 6700
699 286 1052 734 690 483 934 220 1221 517 666 1350 2 773 656 322 902 1183 2377 190 1214 71 1274 459 682 1146 534 348 1247 410 1072 986 989 1067
107.6782
53.0332

197 270 634 1170 1495 1550 1601 1955 3214 3230 3610 3783 4168 5565 5734 6013 6498 6755
699 286 1052 1146 1221 220 942 322 1287 511 331 1214 60 255 1544 1067 788 2384
56.3419
31.0824

668 787 1128 1137 1477 1535 1698 1706 1942 2235 2268 2540 2541 2792 3775 3856 4187 4457 5578 5669 5904 5994 6016 6463 6802
699 286 1052 2 934 734 902 690 190 1221 775 666 322 439 331 2374 656 768 682 1065 1055 785 1404 714 409
114.4177
52.1732

166 192 422 921 2065 2122 2192 2310 2757 3045 3769 4040 4324 4804 5239 5458 5727 6243 6442 6967
699 286 959 934 60 2377 1183 720 962 2013 2320 438 4 307 771 1346 2374 1111 455 1402
44.2953
26.4956

401 707 841 1034 1391 1405 1463 1464 1805 1812 1945 1965 2996 3110 3318 3516 4068 4107 4168 4634 4972 5077 5389 6614 6833
699 286 1052 2 666 934 1221 483 1146 734 775 656 877 220 1018 773 322 410 1643 1677 902 1089 1067 430 2374
107.5604
50.0953

185 246 401 419 668 802 1159 1171 1579 1709 2018 2492 2725 2819 3164 3282 3309 3377 3789 3904 4139 4427 4621 4753 5748 5812 6088 6493 6531 6621
699 286 1052 1221 2 690 1146 483 902 934 1072 322 2377 1065 1018 220 1287 666 773 1350 430 1402 775 682 1089 4 1214 1404 656 1137
113.7304
54.550399999999996

88 414 432 454 736 847 1069 1432 1587 1678 2520 3045 3222 3231 3462 4394 4805 4921 5171 5317 6186 6526
699 286 483 1052 666 690 2 220 322 934 734 1018 331 776 1021 1374 1183 682 190 1405 1274 2377
83.7544
37.806400000000004

3 32 192 356 395 664 743 1551 2541 2702 2785 3041 3186 3473 3712 4857 5470 5761 6558
699 286 1052 2 322 690 934 666 190 746 1018 220 992 1054 1055 991 483 1374 929
76.5044
36.2622

40 42 457 734 825 1187 1282 1975 2235 2725 2983 3045 3126 3161 4518 4806 5209 5378 6088 6755 6766
699 286 1052 690 190 666 2374 902 656 2 934 959 1221 322 410 1072 1277 1055 145 483 1677
93.381
46.7815

1295 1474 1632 2340 3823 3898 4264 4532 4656 5151 6126
286 699 1221 666 734 1052 1146 877 747 1089 2377
38.0684
21.04

194 763 904 1052 1067 1089 1120 1132 1347 1448 1510 1527 1555 1610 1663 1805 1965 2048 2317 2613 2801 3356 3389 3413 4255 4392 4428 4998 5421 5542 6169
699 286 2 690 666 934 517 1221 734 1146 220 508 1404 2377 483 1277 2374 322 1018 877 656 773 410 546 902 533 1350 430 1200 1055 1021
190.5042
93.9528

81 127 191 192 367 412 421 1128 1173 1290 1405 1420 1555 1653 1710 1719 1743 2478 2752 2937 3377 3574 3713 3935 3948 3970 4634 5171 5496 5520 5779 5903 6508 6613 6799
699 286 1052 483 546 934 517 1221 322 690 1018 1146 220 902 666 60 877 682 1183 991 82 1643 534 439 41 1274 1067 7 714 2374 247 771 59 1374 1065
126.948
60.9148

163 408 740 1125 1279 1923 1965 2114 3309 3447 3511 3581 3781 5758 6466 6906
699 286 1052 517 483 2 690 190 666 220 934 959 734 546 430 60
101.4312
49.5903

52 160 743 790 844 1157 1183 1328 1848 1945 2149 2163 2378 2460 2695 3275 3389 4082 4187 4255 4280 5128 5494 5731 5764 6190 6613 6702
699 286 1052 2 690 934 666 734 902 656 508 1221 775 746 546 2374 410 322 773 714 439 350 785 877 1374 220 929 682
134.5926
60.929

320 535 681 868 1157 1380 1555 1597 1632 1833 2478 3007 3132 3279 3288 3377 3614 3703 4002 4194 4698 5449 5713 6050
699 286 690 1146 1052 517 322 1221 934 533 2377 1018 348 1347 656 1247 902 439 1287 483 714 1643 1274 666
70.5343
37.7605

356 1277 1694 1735 2528 2776 3775 4625 5487 5978 6812
699 286 1052 2 666 322 902 934 1274 331 1404
52.5174
25.8627

90 737 797 1420 1559 1600 1619 2340 2520 3355 3794 4247 4649 6714
699 1052 2 286 666 785 546 747 322 992 690 821 1072 776
42.6034
21.6525

42 164 308 348 868 1383 1619 1769 1900 2325 2644 2791 2792 2815 3156 3299 3340 3729 4375 4458 4695 5978 6154 6638 6900
699 286 1052 483 2 656 538 322 517 1183 7 666 787 625 1709 190 546 796 1350 690 619 2374 785 140 1259
76.3951
39.4672

373 416 479 800 902 1812 1996 2041 2180 2275 2757 2996 3721 4211 4542 4847 5731
699 286 1052 190 690 734 2 877 666 1404 2377 220 656 1287 533 785 331
69.0101
35.5741

39 190 252 306 594 668 747 1014 1056 1546 1656 1745 1856 1917 2920 3075 4118 4998 5127 5194 5233 5678 5749 5930 6050 6243 6390 6438 6549
699 286 1052 934 2 483 773 734 1221 690 902 656 517 322 1183 1274 1018 666 82 1200 2374 247 331 410 439 1216 746 1021 236
127.0146
59.2793

53 422 796 1115 1214 1279 1418 1615 1673 1694 1977 3004 3275 3738 4136 5449
286 699 934 2 902 1052 734 1065 666 1018 1806 1643 2374 714 1709 1021
60.2882
30.9151

47 55 168 253 380 386 422 479 535 766 1005 1014 1600 1694 2257 2313 3078 3269 3321 3413 3611 3713 3753 4040 4068 4142 4285 4655 4686 5065 5943 6177 6589 6614 6643
699 286 1052 2 934 666 322 483 656 773 220 775 546 1146 508 734 534 1374 2374 905 190 690 1021 644 746 517 1405 991 1402 439 816 989 825 1055 1544
114.711
53.8545

128 216 293 573 654 765 796 878 1183 1385 1406 1698 1839 1852 1917 1945 2279 2461 2826 3302 3734 4387 5153 5245 5246 5701
699 286 1052 2 934 517 666 734 1221 656 902 508 1146 775 1018 959 1065 230 190 714 768 1277 1200 331 247 220
135.6876
64.1443

198 1019 1266 2261 2492 2577 2818 3493 4006 5250 5283 5854 6089
286 699 1052 483 1643 902 2 1221 934 959 230 410 1021
50.7641
28.1571

39 187 258 428 907 1482 2041 2338 2358 2792 3024 3729 4244 4591 4955 5505 5671 6070 6641
699 1052 286 194 1221 534 82 934 775 546 656 220 959 483 886 230 2377 247 1200
59.731
31.5245

12 191 473 694 1807 1848 3004 4649 5493 5850 6154
699 286 2 1052 934 734 1221 220 902 1277 508
55.2528
27.8307

11 88 118 1051 1505 1615 1662 1685 1709 1776 1870 1966 2306 2888 3275 3347 3903 3916 4052 4292 4853 4856 5407 5594 5624 6160 6613 6622 6631
699 286 1052 1221 1146 734 666 2374 902 546 934 1072 690 60 1350 322 1643 410 1065 991 4 255 1404 334 409 936 984 942 495
83.8928
45.6168

4 63 64 192 293 308 320 353 565 1082 1577 1601 1812 2461 2539 2729 2752 2815 2820 3641 4003 4178 4292 4391 4454 4782 5487 5748 5851 6239
699 286 1052 483 1221 773 690 322 902 220 934 682 666 1146 1018 2377 534 991 1072 1347 1089 255 517 2374 508 1011 247 1402 1137 579
108.5311
54.8462

348 566 664 1123 1501 1927 1929 2125 2313 3478 3727 3833 4687 4819 4860 5594 5858 6969
699 286 1052 2 734 1221 483 322 787 690 517 4 1146 746 546 775 1055 682
72.2816
34.6643

127 270 535 787 990 1833 2257 2300 2831 4273 5499 5771 6357
699 286 1052 690 666 734 775 934 2 720 714 768 1146
68.5846
33.4869

139 295 638 1051 1328 1618 1620 2572 2647 2774 2984 3132 3941 4061 4353 5765 5952 7067
699 286 1052 534 1221 220 517 877 247 1274 693 538 429 690 255 190 1347 511
53.7203
29.2941

87 192 195 246 421 422 521 641 684 777 1123 1464 1513 1710 1891 1910 2430 2492 2937 3245 3279 3366 3625 3750 3779 3856 4433 4788 4934 5077 5493 6389
699 286 1052 690 934 666 902 734 517 656 1274 1146 2 322 773 1065 1072 785 439 220 1374 1200 2374 1054 2377 247 410 508 771 775 1053 991
103.5129
51.311

11 235 1097 2792 3340 3935 4320 5196 5350 5669 5952 6358 6474 6622
699 286 1052 322 690 190 991 236 1677 714 483 1374 1072 2090
35.6208
21.4292

634 1342 1474 2192 2920 3110 3186 3247 4142 4357 6887
699 483 286 220 734 666 877 439 1221 1052 902
36.2303
19.4794

4 912 997 1117 1585 1740 2716 3311 3417 3493 3775 4246 5219 5716 5747 6766 7002 7055
699 1052 286 734 1018 902 190 220 934 410 690 1146 2377 2374 517 2 1221 1806
78.1946
39.0767

306 453 1550 2304 2716 2952 3309 3417 3945 4387 4676 4760 4921 5389 5584
699 286 690 1052 666 538 546 439 207 720 255 1543 768 769 693
37.6048
21.5794

134 168 273 435 774 802 892 1461 1600 2065 3010 3356 3830 4040 4111 4544 4583 4861 5151 5250 5327 6325 7092
699 286 1052 2 734 656 1221 902 546 934 775 2377 508 1643 534 666 60 483 1018 82 1065 322 1067
92.8338
44.699799999999996

91 542 949 2658 3278 3721 4676 5217 5919 6439
699 286 666 1052 690 190 2 220 734 82
47.7822
24.3265

144 373 505 536 763 997 1287 1321 1357 1586 1596 1642 1665 1701 1923 1987 2011 2012 2269 3610 3734 3833 4246 4255 4676 4703 4804 5487 5532 5812 6963
699 286 1052 690 190 666 483 220 934 2 508 1221 734 959 2377 1643 1055 902 194 60 322 682 350 1146 1274 410 517 546 877 247 1072
141.9415
64.5569

140 214 216 235 346 453 493 542 573 641 658 755 1120 1277 1615 1678 1694 1740 1750 1975 2186 2489 2774 2993 4133 4285 4568 4649 4855 5062 5191 5220 5240 5293 5314
699 286 1052 2 690 483 934 220 734 666 322 773 534 517 1350 508 656 902 1247 190 331 1643 1221 247 1089 959 1721 905 1274 255 1989 236 230 2377 410
171.48250000000002
78.0936

363 531 543 565 579 681 767 777 1699 1818 1870 2882 3784 3823 4053 4055 4273 4578 5281 5703 6070 6169 6329 6390
286 699 1052 483 690 517 666 534 734 2 902 220 934 1221 1274 775 746 682 1146 546 1055 773 714 533
112.1462
48.7414

126 780 1448 1510 1567 2107 2360 2613 3473 3734 4428 4621 6311
286 1052 699 483 1404 517 1146 666 2384 2377 991 1195 60
41.7261
23.2341

156 177 471 802 892 1101 1287 1423 1600 1766 2093 2115 2335 2906 3269 3469 3789 5458 5880 6004 6745 6891
699 286 546 1052 1146 934 1221 2377 2 902 1195 58 534 1350 656 13 775 1018 7 773 690 2374
74.8932
40.4027

632 1752 1791 3673 3972 4350 4793 5007 6077 6467
699 483 666 517 190 401 7 877 1054 63
23.4084
13.3557

1699 1776 2335 2906 3010 3222 3635 3777 3968 4002 5779
699 1052 483 286 656 1146 546 220 1018 682 902
35.2857
17.2447

716 959 1544 2471 3279 3610 3727 3851 4157 4703 4760 4938 6343
699 286 1052 690 322 483 2 1055 190 934 666 534 902
97.4256
44.7645

211 397 455 467 490 505 829 1054 1474 2279 2304 3117 3311 3780 3942 4107 4428 5209 5611 5624 5764 5848 6154 6185 6311 6349
699 286 1052 690 220 934 322 483 1221 734 902 959 2 2377 190 666 534 877 1274 508 1277 410 644 1067 247 774
100.8168
46.595

168 348 467 942 1056 1371 1383 1586 1807 2167 2235 2590 2613 3247 3712 5045 5057 5289 5316 5417 5520 5615 5761 5774 6678
699 286 1052 2 934 483 1221 322 690 902 734 666 1018 656 1350 682 1055 1146 220 1021 517 1065 773 2374 247
120.6938
53.737

118 461 478 1111 1150 1516 1839 2114 2465 2613 2819 2828 3282 3475 3832 3851 4809 5716 6073 6186 6190 6643
699 1052 286 220 483 2 1221 666 959 1146 690 534 1018 1402 546 905 196 1620 430 1463 1163 1350
79.34909999999999
40.5241

64 125 216 307 363 394 398 660 707 710 920 1215 1247 1615 1917 3041 3169 3398 3775 3810 3848 4673 5045 5316 5689 5826 5895 6177 7092
286 699 1052 934 666 517 2 690 656 1146 220 902 190 322 734 1018 2374 714 877 1011 410 1183 991 30 785 1177 967 439 1405
110.6252
52.3326

46 253 425 747 1611 2011 4017 4427 4492 5033 5411 5875
286 699 1052 934 690 666 2 1221 734 776 1018 322
56.3528
28.348

227 432 536 654 816 1282 1405 1615 1878 2100 2125 2983 3905 4145 4326 4472 6113 6542 6621 6894
699 286 1052 2 483 1221 656 902 666 934 517 220 1404 690 1643 322 775 877 546 410
90.6641
42.8254

446 518 1022 1075 1120 3377 3767 3968 4133 5004 6721
699 286 1052 534 439 1721 190 1183 565 1862 483
27.2209
16.0086

922 1019 1174 2240 2860 3309 5458 5774 6160 6414
286 699 1052 546 934 534 220 410 2 1118
30.5572
18.758399999999998

446 977 1075 1290 3075 4334 4848 5233 5671 6794
286 699 2 1052 690 1643 666 410 1055 322
42.773
22.3618

422 804 862 1030 1862 2465 3447 3641 4178 4819 4934 5004 5415 5854 6433 6439 6700 6908 7092
699 286 1052 2 734 902 690 775 1065 666 1018 656 1221 934 682 720 1989 773 4
56.985
30.1446

438 758 766 982 1290 1546 1848 3110 3318 5026 5190 5556 5764 6014 6126 6146
286 699 1052 2 934 483 690 734 1183 220 666 517 656 902 194 190
74.5087
32.8185

211 847 977 994 1281 1321 1396 1587 1936 2186 3885 3911 5695 6442
286 699 1052 2 322 690 666 656 508 483 775 1055 439 1247
75.8716
35.2528

38 196 244 363 521 564 643 685 847 982 1099 1219 1220 1357 1451 1685 1966 2116 2478 3780 4533 4851 5129 5153 5335 5764 5880 6318
286 699 1052 666 934 483 656 2 517 2374 220 1643 1065 4 322 1405 1404 71 776 690 977 255 7 1247 59 984 534 905
113.0974
55.4538

88 227 760 796 918 1050 1115 1328 1673 1750 1769 1796 1852 2228 2241 2682 2860 3312 3417 3673 3823 4089 4533 4627 5161 5316 5481 6484 6638 6702
286 699 1052 734 666 690 934 2 517 508 959 656 2374 546 1146 991 2377 902 785 538 483 1806 1402 322 1195 410 1065 82 714 1709
103.4195
50.8463

44 118 216 453 531 681 765 916 998 1381 1517 3318 4417 4581 4804 5611 5689 5779 5807 6467 6887
699 286 1052 483 1018 690 666 1146 534 60 934 220 1221 517 409 58 533 247 902 1677 644
67.7411
35.4936

4 194 363 397 453 471 696 760 1089 1125 1711 2228 3230 3462 3800 3989 4189 4442 4466 4951 5012 5274 5761 5908 6152 6169 6357 6467 6677 6877
699 286 1052 690 2 934 734 517 1018 220 508 902 1221 2377 1277 546 991 656 1146 746 1200 1055 331 666 1021 1350 787 430 71 773
127.1849
57.5056

127 639 1462 4015 4535 4886 5240 5727 6113 6745
699 934 734 776 286 1065 758 1072 1862 902
18.273
12.5419

514 765 788 994 1089 1295 1709 2276 2993 3635 3714 4003 4542 4854 5026 6041 6836 6894
699 286 1052 2 734 666 934 1221 690 483 1146 1404 322 773 656 331 220 902
143.65370000000001
68.0453

998 1476 2241 2270 3247 3321 4052 5229 5695 5789
699 1052 286 220 934 666 690 2377 322 1018
35.5315
20.2581

32 118 197 809 1111 1403 1476 1559 1620 1820 4735 5607 5917
699 1052 286 1221 1146 1018 877 666 1072 773 1065 30 2374
50.1351
27.8919

247 422 743 929 1517 1929 1977 2093 2619 3173 3385 3978 4011 4038 4068 4581 4886 5337 5699 5713 6046 6146
699 286 1052 690 934 1055 746 2 1146 682 666 734 1065 1247 992 1072 773 656 1274 902 1021 4
98.0673
43.095

81 145 179 353 412 531 564 634 977 994 1128 1376 1458 1537 1711 2503 2856 3132 3478 3789 3813 4394 4860 4871 5026 5041 5467 5645 5713 6126 6152 6190 6408
699 286 1052 483 666 220 734 2374 546 690 934 2 1221 902 656 71 322 517 1065 1018 1055 533 990 959 1247 331 194 644 1643 534 430 348 2090
149.5333
69.3464

79 281 446 1067 1448 1721 1743 2405 2815 2820 3168 3311 3610 3810 3833 4189 4649 4658 6050 6643 6715
699 286 1052 2 666 1221 690 483 775 517 546 934 220 508 2377 322 796 439 190 1405 534
100.598
47.38

228 353 654 664 733 1699 2228 2937 3734 3895 4320 4453 5219 5496 5678 6070 7092
699 286 690 1018 1052 902 666 656 775 734 1221 2 410 517 682 785 546
60.0255
30.0168

40 64 414 1056 1766 1929 2904 3269 3574 4353 4848 6349 6877
1052 699 286 2 483 190 690 734 666 959 746 1274 934
65.6447
29.7748

367 414 514 920 1342 1955 2897 3054 3780 4089 4244 4280 4334 4537
286 699 1052 194 690 483 934 734 1221 190 2 1018 1643 682
57.1853
27.224

110 130 281 287 774 800 1115 1505 1605 2430 2599 2962 4162 5063 5127 5534 5607 5747 5804 5812 6132 6357 6447 6714 7083
699 286 1052 690 2 734 1221 220 934 902 959 1018 2377 194 656 666 1146 534 322 2090 409 775 1021 1159 1089
95.5438
46.5476

573 1021 1274 1391 2035 2078 2725 2819 3419 4568 5026 6785
699 286 1052 2 1146 734 517 656 934 1402 1643 322
57.855
30.914

3 760 790 1462 1818 2406 2528 2876 3312 3563 3911 4472 4672 4995 5289 5624 6250
699 286 666 734 690 1052 775 439 785 508 656 902 771 746 796 546 410
60.9844
28.8393

710 923 1051 1215 1291 1474 1706 1721 2313 2379 2658 2934 3833 4049 4181 4399 4525 4544 4632 4791 4958 5645 5678
699 286 1052 934 2 1221 690 666 775 1018 734 439 1200 322 877 1643 714 1277 902 190 2374 1055 1404
110.5892
50.1852

163 728 922 939 1386 1474 1535 1709 2934 3078 3351 4324 4634 6046 6609
699 286 1052 934 2 1221 690 1065 1146 666 902 734 2377 546 1018
102.8347
47.6953

40 397 401 559 1805 2183 3007 3610 4040 4399 4461 5542 5848 6382 6785
699 286 1052 2 666 220 773 430 190 690 1146 82 2377 1072 959
73.581
35.6744

121 195 232 1117 1304 2065 3311 3945 4673 5520 6327
699 286 734 2377 1052 190 220 1404 902 656 1146
48.5899
24.6446

37 320 432 467 975 1287 1694 1910 2279 2613 3833 4152 4510 4544 4824 4998 5194 5350 5415 5826 6073 7002
699 286 1052 190 2374 220 2377 1146 1221 322 1402 959 773 1405 534 247 1463 71 1277 1195 746 82
70.6444
39.076

195 197 641 685 878 1014 1210 1380 1425 1461 1567 1643 1685 1745 1921 1930 2240 2400 2644 2757 3100 3110 4542 4571 4695 5219 5335 5611 5703 5880 5896 5983 6074 6288 6893
699 286 1052 934 690 1221 2 483 1018 322 656 1146 902 220 773 666 410 1350 714 331 409 746 1989 1405 905 1247 769 1072 990 1055 1111 1828 1258 1374 1195
122.158
60.3117

396 460 643 684 1357 2035 2163 2430 2589 3775 4907 5435 5807 6151
699 286 1052 934 322 656 517 902 666 1274 773 887 905 511
37.4647
21.115

168 286 490 506 766 767 825 893 914 1062 1219 1342 1464 1539 1611 1743 2041 2418 2503 2791 3168 3431 3794 3830 3955 4420 5353 5573 5783 6433
699 1052 690 517 2 934 546 902 322 483 734 220 775 768 666 534 656 190 331 533 1806 785 71 1274 1221 746 796 787 430 984
134.4908
64.7881

84 393 498 625 1104 1157 1209 1567 1662 2094 2107 2572 2732 3126 3230 3447 3832 4017 4379 4583 4970 5012 5171 5316 5806 6044 6073 6190
699 286 1052 2 934 483 2374 546 1183 220 690 773 959 322 902 2377 1195 517 508 430 1146 350 1402 666 714 2090 82 1463
97.3957
48.0742

130 196 455 505 559 716 777 783 918 1216 1477 2379 2427 2613 2626 2644 2871 4136 4387 4392 4427 4525 4568 4886 5145 5783 6074 6357 6714
699 286 1052 483 2 690 934 1221 734 534 902 517 775 666 773 220 322 546 508 1277 247 255 959 1072 533 656 1247 1011 1806
141.7699
62.7862

185 214 366 995 1565 1577 1699 2483 3721 4089 5210 6382
699 286 1052 483 959 690 734 1018 2 1221 1247 666
52.3278
26.8853

84 363 395 836 958 1146 1359 1735 2815 3356 4686 4958 5233 5672 5701 5895 6073 6521
699 286 1052 2 934 483 959 666 734 1221 775 546 773 2374 220 1018 322 331
128.5275
62.548

127 185 246 1287 1451 2116 3856 4142 4958 6508 6792 6967
699 286 1146 1221 483 2377 331 666 1018 322 1404 439
48.4983
27.0193

214 760 793 1018 1056 1290 1537 1828 1900 1959 2719 2871 2962 3041 3625 3823 3968 4002 4286 5761 5988 6538 6812
699 286 1052 934 690 666 1221 734 322 2 220 1643 902 775 959 517 682 2374 236 1404 410 1183 1274
120.2307
56.2436

55 139 197 457 535 545 758 1059 1295 1371 1610 2093 2240 3022 3610 3911 4847 4915 5316 5353 5528 6088 6220 6329 6508 6558
699 286 690 1052 2 734 902 656 1018 934 220 746 1404 666 1072 1374 534 1146 1289 409 1350 1544 785 929 196 991
82.9612
41.518

0 235 745 959 1476 2065 2469 2626 3614 4040 5345 5529 5578
286 699 1052 483 690 934 2 220 1146 1221 734 331 517
97.2512
46.6482

46 126 206 246 575 921 1137 1279 1619 1917 2427 2725 2984 4055 4152 4157 4187 5196 6107 6126
699 286 1052 690 483 747 666 734 517 322 902 656 1055 1011 71 1054 348 2 720 439
63.577799999999996
31.6338

187 195 206 486 795 1029 1072 1089 1150 1896 1930 2226 2461 2541 2567 3302 3321 3355 3493 3935 3972 4145 4473 4687 4848 4860 5129 5191 5467 5532 5903 6151 6276
699 286 1052 734 934 690 666 2 902 1643 322 331 220 190 1221 656 1277 1404 517 2377 1021 508 410 1146 2374 746 1247 1350 1214 936 991 773 1289
147.934
67.5847

36 584 747 829 1409 1456 2152 2300 2631 3278 3385 5153 5312 5313 6484 6538 6891
1052 699 286 1018 934 690 734 773 322 1221 656 410 1200 439 331 2 538
70.5694
36.1718

211 561 748 1766 1805 2377 3493 3818 3871 4052 6047
699 286 1052 2 690 666 410 902 934 775 1806
69.7091
35.2953

140 478 494 878 1102 1120 1448 1585 1676 1858 1930 2348 2460 2962 3247 3673 3727 3818 3942 4017 4244 4379 4578 5315 6504 6547 6673 6836
699 286 1052 934 2 690 322 517 1221 734 220 1146 508 2377 666 190 1544 1543 991 967 1806 409 1405 1274 534 247 1721 430
98.6875
47.2862

166 747 829 1253 1875 1996 3417 3948 4262 4324 4454 4510 4533 5407 5458 6621 6814
699 1052 286 934 734 656 690 666 959 1146 410 746 773 1018 682 644 785
71.2198
34.717999999999996

306 457 490 545 550 788 958 1642 1735 3309 3581 5209 6070 6312 6389 6678
286 699 1052 666 2 220 734 959 538 517 902 934 2374 410 774 1643
85.7743
40.9654

541 959 982 994 1011 1123 1601 1663 1793 2257 2996 3045 3279 3906 3945 4040 4394 4442 4981 5152 6088 6154 6394
286 699 1052 690 934 483 666 220 1146 2 517 1221 734 190 1072 439 1374 656 886 2377 534 546 1287
118.5059
54.0549

471 496 640 1062 1224 1987 2011 2904 4634 4947 5148 5318
699 286 666 773 220 322 1052 307 229 656 714 1146
33.8105
18.4031

396 446 455 797 918 1157 1418 1596 1597 1750 1769 1876 2015 2379 2418 3419 3622 4118 4246 4324 4431 4675 4938 5330 5695 5727 5754 6357 6702 6785 6794 6833
699 286 1052 483 534 2377 959 1404 1146 1402 666 533 2374 546 190 1287 247 905 1111 929 887 747 565 1200 255 785 1214 7 1989 902 1401 2065
77.8796
44.1223

84 535 696 868 1089 1171 1544 1717 1857 1868 2078 2114 2180 2358 2418 2430 2501 2599 2613 3022 3269 3356 3462 3673 3707 3908 4851 5615 5749 5896 6013 6151 6357 6833 7083
699 286 1052 2 322 666 690 2374 959 1018 517 734 902 546 1183 746 410 1277 1146 1021 220 773 796 508 350 1374 1347 1862 1402 977 1200 495 331 934 905
115.5969
57.2795

177 816 1123 1291 1615 1917 1930 2870 3462 4587 4788 5707 6389 6702
699 286 1052 934 690 734 902 2 439 1402 1247 322 787 656
55.387299999999996
26.5082

37 133 287 494 1366 1891 1917 1959 2120 2276 2300 2306 2719 2993 3574 4068 4451 4785 4855 4934 5317 5594 5749 5978 6474 6614
699 286 1052 483 220 517 690 534 773 1274 734 71 194 1221 538 656 7 902 511 322 1405 255 247 495 1072 984
90.0279
44.103300000000004

26 986 1005 1280 2920 3214 3247 5065 5070 6318 6547 6557
699 1052 2 690 286 1274 734 508 1146 1404 483 984
47.3561
23.0063

36 53 187 531 614 920 1118 1966 2324 2335 2358 2805 3169 3365 3750 3777 3813 5417 5588 5635 5690 5764 5988 6046
286 1052 699 483 666 220 534 1146 190 1221 2374 1350 2 1065 1055 533 977 247 511 787 60 1289 690 307
79.3885
40.2128

109 306 427 737 979 1357 1381 2348 2725 2826 3126 5171 5314 5415 5699 6044 6349
699 286 666 690 1052 220 322 821 207 2 776 144 644 992 538 230 785
47.7718
26.087699999999998

1030 1628 1805 1947 2050 2324 2801 2919 2937 2972 3217 4824 4998 5470 5919
699 286 2 1221 666 1018 1052 902 220 1350 1065 644 548 1989 410
37.6195
22.9227

320 454 813 1051 1074 1099 1209 1482 1643 1996 2358 2414 2613 3126 3279 3387 3779 4139 4142 4266 4658 5161 5240 5458 5528 5747 6050 6411
699 286 1052 934 322 1146 1221 666 690 483 2 1018 902 546 1200 410 1072 656 331 2377 1247 4 1089 697 1111 348 1065 1709
116.0199
55.2578

110 408 414 471 496 765 1663 3230 3275 3490 5334 5467 5575 5988
699 286 1052 690 483 220 734 517 666 2 959 902 746 2374
125.1403
59.5947

84 1099 1214 1396 1612 1798 3318 3789 4672 4782 4824 5128 5145 5314 5315 6572
286 699 934 1052 773 546 959 1183 1065 1018 656 902 1089 1021 1405 350
53.2712
27.7411

3 60 187 398 507 736 804 854 940 1216 1232 1546 1852 2186 2335 2469 2581 3024 3168 3230 3545 3885 4410 4583 4970 5045 5542 6493
286 699 1052 690 2 775 517 1183 1146 194 666 190 322 1221 656 1274 959 483 747 1350 220 902 934 1806 144 746 247 714
121.0303
55.5613

98 156 214 394 640 1173 2115 2725 2735 3041 3161 3279 3338 3611 3783 3953 4266 4424 4428 4921 5697 5950 6302
286 699 1052 690 546 517 934 220 322 666 190 1221 533 902 247 1146 929 959 483 58 1183 1374 82
110.4142
50.2832

127 139 367 639 1034 1057 1082 1150 1896 2247 2405 2541 2996 3475 3610 3703 3750 3775 3781 3810 3912 4255 4951 5887 5908 6186 6302 6442 6484 6523 6538
699 286 190 1052 2 517 1146 1221 666 410 82 1350 144 1277 1018 220 1289 1620 1080 697 1373 936 1287 255 942 905 41 60 984 477 586
64.4994
38.8976

959 1054 1539 1793 2952 3389 3832 3871 3951 4571
699 286 1052 483 690 934 2 546 220 734
81.6563
38.8614

293 736 758 915 1034 1210 1510 1600 1923 2012 2378 3156 3814 3885 3975 4142 4387 4698 4958 5470 6030 6411
699 286 1052 690 2 1146 666 734 934 959 322 2374 439 60 517 656 1404 190 682 2384 1183 1350
112.9371
54.1177

252 472 808 902 1347 1517 1577 2984 3117 3321 3362 3417 3734 3935 3951 4353 4453 4605 4791 4853 5315 5345 5594 5613 5779 5850 5895 6325 6414 6474
699 286 1052 934 1221 690 1247 1146 2 1018 877 322 775 220 1072 247 331 734 1404 1643 666 785 773 4 714 1089 409 942 1021 430
119.2403
59.0276

976 1241 1585 1769 1896 3054 4136 5326 5723 6186 6887
286 1052 699 1221 934 1018 1545 322 1806 1146 1277
31.0382
18.1993

427 668 707 740 1432 1505 2540 3903 5538 6078
699 286 934 1052 1221 656 2 1350 207 666
39.5203
20.7389

55 1798 1857 2122 2261 2319 3385 3968 5065 5378
699 1052 508 286 1146 2 534 682 977 41
24.6055
15.9513

109 575 660 1698 1745 2581 3958 5496 5904 6016 6557 6802
286 699 1052 666 1374 959 322 1018 690 348 439 1054
44.4787
24.4655

190 232 435 523 745 790 1118 1136 1432 3311 4055 4410 4568 4921 4955 6343 6414 6833
286 1052 699 483 666 690 517 775 656 1221 934 220 439 534 247 331 2 773
89.9224
42.5264

82 453 639 795 956 1376 1395 1403 2192 2247 3819 4038 4052 4246 4655 5669 5701
286 699 1052 690 517 734 934 1221 2 190 322 746 775 430 666 71 959
77.7235
36.4439

156 246 939 1344 1516 2313 2379 2791 2962 3775 4089 4998 5041 5499
286 699 1052 58 734 1350 82 1065 796 768 970 902 1078 787
39.8531
23.4729

664 1406 1876 2695 3245 4288 4295 4320 4788 4791 5415 5747 5850 6239
699 1052 690 286 2 656 666 1221 1146 1586 1200 991 322 511
41.5925
20.9167

366 410 519 562 1097 1113 1264 1947 2139 2180 2231 3040 5045 5318 6169 6239 6755
699 286 2 1052 734 190 666 483 934 220 1146 82 656 1018 31 690 977
57.2671
29.8996

42 125 226 625 825 1058 1605 1870 2590 2693 3800 4286 4458 4533 4625 4934 5004 5352 5804 5807 5851 6262 6467 6969
699 286 1052 2 666 656 902 796 1146 785 1221 886 430 773 30 220 734 190 322 1350 508 929 410 1021
89.7885
41.1508

53 836 981 1592 2078 2180 2937 3186 4417 4791 4861 5234 5494 6591
699 286 666 1052 322 690 1543 746 533 1350 934 977 734 1402
33.6274
19.2548

854 998 1012 1128 1279 1341 1405 2414 2567 3431 3511 3866 4157 6641 6719
286 699 934 1221 1052 902 773 877 2 1643 734 190 2033 905 1862
60.7384
32.305

20 40 118 519 766 986 1209 1282 1325 1612 1665 1928 2115 2503 2820 2897 2952 3024 3075 3622 3975 4139 4264 4454 5239 5246 5274 5283 5535 6078 6276 6806 7055
699 286 1052 690 934 190 2 902 194 666 656 82 322 959 483 1221 546 60 1350 41 1274 410 929 255 1072 7 682 1214 432 693 145 1183 1374
104.5327
50.4962

130 348 471 519 918 939 940 982 1097 1183 1304 1735 2149 2320 2492 3340 3377 3783 3794 3852 4168 4417 4458 4466 4492 4568 5774 6390 6665 6764
699 286 1052 2 934 1221 666 1146 483 2374 734 775 902 331 546 439 1021 656 1018 682 1247 2377 1072 785 1065 71 1350 517 534 714
134.655
63.0966

121 246 429 494 802 1014 1120 1743 1833 1947 2030 2231 3211 3703 3712 4136 4350 4656 4805 5008 5119 5147 5748 5812 5880 6493
699 286 1052 934 517 322 2 534 773 1221 546 734 220 1018 666 656 1146 2377 508 902 690 905 1200 60 775 1247
106.7801
49.4816

109 118 214 334 396 923 1104 1232 1405 3366 3387 3413 3673 3721 4145 5415 5594 5919 6812 6866
699 286 1052 1221 2 934 666 2377 517 1146 959 690 1404 546 322 877 734 902 1643 190
95.8814
46.449799999999996

40 196 813 2139 3721 4082 4142 5281 5578 5832 6414 6760
699 286 1052 483 322 517 666 1221 190 1146 2 734
72.8915
35.8436

490 748 1232 1505 1537 2186 2478 5045 5194 5219 5436 5758 6463 6522 6641
699 286 1052 734 666 902 1221 1018 220 410 517 1259 1643 236 644
50.862
26.7409

37 64 348 716 998 1150 1418 2100 2115 3945 4621 5494
286 699 483 1052 690 538 1055 1274 220 517 984 7
44.3882
24.5893

84 286 363 545 1004 1059 2389 3970 4854 6508
699 1052 690 2 734 546 934 517 483 902
101.096
53.4623

640 684 914 1034 1117 1145 1214 1344 1359 1405 1451 1662 1673 1878 2078 2430 2492 3041 3721 4286 4440 4487 4638 5330 5458 6471 6508 6578 6866
286 699 1052 934 2 1221 734 690 517 220 877 1146 2377 1018 905 190 1350 82 1065 1989 1643 666 7 1404 1274 59 1021 1709 902
115.8926
56.0376

393 496 780 1636 1699 1710 1739 1759 2228 2831 3231 3389 3985 4049 4082 4507 5128 5196 5229 5538 5678 5761 6522
699 286 1052 220 934 2 1221 656 666 1018 1277 991 2374 978 322 236 483 1404 247 1200 41 7 4
67.6312
36.5203

758 907 967 1132 1341 1395 1929 2114 2320 2400 2572 2735 3075 3078 3318 3575 3830 4353 4510 4525 4658 5065 5194 5450 5749 6083 6523
699 286 1052 2 934 690 1221 517 666 775 902 734 656 746 220 1350 546 2374 1055 1709 511 1089 644 410 508 1643 682
135.9418
60.9117

232 601 641 728 796 940 1321 1344 1517 1632 2011 2324 2431 2521 3462 3729 3935 4052 4392 4417 4454 4817 4947 5007 5209 5624 6047 6433 6799
699 286 1052 934 2 1146 734 690 1350 666 1221 508 82 322 1065 991 410 714 902 220 1347 7 1072 1806 1402 768 905 2377 331
113.8738
54.233000000000004

363 435 461 592 893 995 1325 1516 1807 2405 2751 3493 3813 3823 4003 4472 4760 5880 5943 6526 6557 6906 7055
699 286 1052 775 902 690 190 934 734 220 959 410 1277 656 1643 721 773 71 1404 984 82 886 322
75.3248
37.8448

197 483 1210 1232 1236 1451 1687 1798 1965 2094 2363 2492 3100 3462 4181 4357 4525 4571 4806 5487 5723 6721
286 699 1052 934 2 666 220 1018 734 517 690 82 902 2374 190 959 322 1221 656 546 1089 533
133.29149999999998
64.3302

211 253 625 796 1004 1535 3282 3493 3511 3813 3911 5350 6013 6526 6665 6894
699 286 1052 934 2 902 690 322 666 734 1643 410 430 775 656 1065
96.8193
44.1932

18 915 1341 1891 1966 2041 2786 3622 3769 5747 5761 6433
699 286 1052 60 82 934 58 517 220 1018 682 483
41.0969
24.2529

226 550 1101 1280 1516 1605 1642 1811 2374 2658 2702 2725 3231 3346 3581 3871 4089 4136 4264 4306 4420 4793 5315 5556 5584 5669 5723 6438 6679 6749 6866 6969 7041
699 286 1052 2 934 690 322 1146 1221 666 1643 775 220 902 517 2013 534 1021 1183 1274 3714 796 430 538 959 1277 2377 533 768 942 990 1350 546
139.8429
66.895

115 216 1059 1074 1253 2427 2774 3419 4638 4805 5317
699 286 1052 934 690 220 1146 517 534 1072 247
41.2581
23.0265

214 538 763 1213 1559 1796 2427 2590 3338 3387 3898 4182 4656 4998 6523 6589 6719
286 699 1052 546 934 734 666 1146 1221 322 959 2374 190 690 1183 1018 1374
91.0791
42.6848

25 54 438 535 566 761 763 764 793 1004 1279 1632 1965 1975 2015 2065 2658 2662 2732 3161 3164 3318 3387 3721 3727 3852 5240 5374 6523 6707 6745
699 286 1052 2 666 690 322 194 546 1221 734 190 2377 220 517 934 2374 1806 483 991 4 1374 247 439 787 236 1065 1544 1402 785 1021
132.7195
57.0447

81 198 457 521 922 1266 1653 1805 2065 2461 2503 2521 2644 3100 3405 4053 4211 4451 4716 5128 5858 6758 6823
699 286 1052 690 2 1146 483 534 196 656 1072 666 220 2377 1065 546 322 511 1402 230 959 1221 236
76.0064
39.2097

601 640 743 995 1477 2776 2795 2952 4280 5314 5374 6157 6812
699 286 1052 690 929 1350 1404 746 2374 220 942 1347 1374
60.4792
28.9576

438 586 783 1005 1501 1597 2402 2647 2805 5607 5994
699 286 517 1052 2 934 194 533 538 1055 220
43.5176
22.8373

66 81 244 394 561 592 878 1050 1187 1266 1374 1403 1474 1544 1596 1711 2333 3217 3309 3411 3635 4505 4631 4970 5229 5345 5556 5748 5832 5880 5917 6678
699 286 1052 690 1221 2 934 666 1018 2374 959 746 508 656 1247 1200 1404 533 546 1146 439 877 2377 714 796 1405 1089 929 733 410 682 430
111.5339
55.4475

320 435 844 918 940 967 1216 1448 1559 1807 1914 2167 2644 2695 2818 2819 3614 3948 4279 5299 5690 6343 6573 6677 6745
699 286 1052 2 934 1221 1146 666 734 775 483 773 534 511 2374 1350 220 682 902 1277 2377 986 194 1347 331
104.1659
50.4333

743 764 1101 1405 1928 1996 2427 2835 4211 4306 4995 5191 5219 5244 5330 5672 6004 6357 6389 6466
699 286 1052 934 1221 690 2 1643 902 1018 666 2377 991 877 1806 773 1146 410 1989 1214
93.3557
44.7694

0 127 164 195 307 514 521 523 643 1011 1019 1215 1221 1366 1636 1856 1917 1967 2532 2590 2962 3783 3989 5209 5435 5754 5804 6146 6357 6418 6463 6715 6794 6833
699 286 1052 2 934 1146 656 666 1018 2377 517 902 734 220 1065 690 1404 877 410 1200 1072 1402 546 1067 1350 1277 1405 533 821 1287 796 2090 538 1089
143.6656
70.7228

164 396 421 425 892 1101 1133 1170 1274 1371 1636 1805 2120 2323 3230 3814 3885 4194 4255 4461 4537 4857 5313 5389 5481 5713 5727 5747 6474 6714 6893
699 286 1052 2 666 322 517 934 483 656 410 1146 690 7 1277 534 1374 1089 902 60 714 546 4 508 409 1259 644 746 775 990 247
101.8612
53.6763

140 293 536 681 854 1115 1474 1546 1596 1642 1930 2167 2171 2269 2340 2729 2856 3431 4855 4861 5246 5811 5904 6041 6047 6169 6573 6589 6792
699 286 1052 483 2374 1221 734 1146 666 690 322 934 220 1055 508 1018 533 1183 1350 990 546 773 1543 2 247 902 1643 991 331
143.831
65.5412

36 601 783 1082 1328 1344 1611 1862 2774 3704 3727 3866 3972 4139 4427 4998 5148 5615 5734 6013 6969
699 286 2 1052 734 773 322 690 902 1221 220 775 1065 1350 656 331 934 82 534 247 2374
88.044
41.7098

453 641 780 918 942 1241 1291 1589 2035 2078 2483 3164 3222 3935 4052 4542 4864 5233 5299 5764 5943 6764
699 286 1052 690 734 483 1221 220 666 1018 877 2 322 991 4 773 1402 714 534 511 1289 410
80.8776
38.7675

185 594 967 1592 1665 2427 2952 3895 5314 5450 6325 6745 6823
699 1052 286 483 666 934 1643 690 902 255 194 546 534
41.2358
21.2699

66 397 538 979 1132 1370 1673 1701 2323 3356 3741 4947 5191 5307 5542 6046 6531
699 286 934 1052 2 1146 2377 220 734 1221 546 773 1350 1018 1374 1065 1247
86.2723
42.8203

0 422 425 457 461 584 638 747 1089 1425 1664 2139 2374 2882 3895 4062 4187 4399 4542 4544 4804 4920 5281 6714
699 286 1052 2 734 934 690 2013 517 902 322 666 1018 220 1146 775 656 331 430 410 1350 1274 959 773
160.8765
76.5502

244 498 1662 1709 1856 1975 4118 5244 5770 5785 6721
286 699 1221 1146 1052 1677 1404 1018 1118 4 1065
41.528
22.2057

374 584 640 664 1328 1342 1612 2360 3490 4017 4791 6317 6504 6792
699 286 1052 2377 1221 2 690 1404 220 666 1146 322 1287 190
52.0642
27.2892

1274 1565 1643 2094 2358 2482 2682 3653 3729 5542 6432
699 286 1052 934 2 1221 1146 517 322 1018 331
67.034
34.5825

632 707 1054 1221 1395 1559 1628 1945 1977 2107 2122 2183 3473 4182 4262 4334 4658 5062 5449 5532 6719
699 286 1052 934 666 2 690 1146 1018 220 775 410 902 656 2377 877 2013 1677 2374 430 991
119.0753
56.9977

348 356 473 790 1266 1361 1587 1611 1792 2317 2348 2599 2658 2682 3022 3132 3275 3413 3511 3780 3833 3911 4233 4381 4433 4920 5007 5378 5460 5761 5804 6152
699 286 1052 666 483 690 1018 734 775 322 902 714 546 517 934 1374 71 1586 4 959 538 2 544 439 758 1146 1055 785 776 511 1350 977
100.6508
49.8392

1123 1279 1357 1605 2139 2888 3767 3904 4392 4505 5010 5171 5245 5487 5499
699 286 656 970 439 1183 787 1072 255 785 1277 495 1329 1806 41
28.4656
19.191

191 740 1011 1247 1322 1535 1642 1759 1848 2310 2934 3004 3419 3941 4461 4510 5532 6041 6358 6707
699 1052 286 2 690 934 1146 322 666 902 734 1221 1677 1643 2377 1274 962 787 1543 1065
100.2266
46.7557

8 79 197 270 490 777 912 1124 1587 1597 1750 1848 1927 2012 2116 2377 2856 3511 3641 3852 3871 3906 3912 3916 4454 4655 4861 4972 5330 5731 5789 5952 5994 6578 6893
699 286 1052 690 2 666 734 775 517 902 220 934 322 508 511 410 720 773 546 682 2374 984 1402 483 7 657 1806 255 190 1350 746 82 1200 1404 1277
135.8137
64.1857

54 481 780 1281 1601 1612 2567 2757 4649 4982 5065 5738 6044 6157 6310
699 286 2 190 1052 546 508 194 1350 1146 483 991 331 787 1221
52.4368
27.5918

187 252 506 1274 1277 1406 1418 1451 1579 1719 1977 2194 2647 3898 3978 3992 4353 4417 4544 4655 4705 4907 5315 5458 5758 5777 5812 6044 6665 6833
699 286 1052 934 2 483 322 690 517 1018 902 734 2377 666 1146 796 1374 247 656 546 331 682 905 34 984 2013 1055 733 1200 1806
103.6773
51.3219

121 187 216 1005 1133 1137 1451 1577 3168 3750 4168 4672 5057 5196 5707 5713 5983 6077 6185 7092
699 286 1052 775 690 734 666 517 768 247 2374 410 747 2 1011 1018 1055 877 430 409
67.7402
35.2129

145 490 644 1477 2322 2658 4015 4958 5007 5887 6074
699 286 1052 2374 331 666 734 902 190 1018 546
68.9026
35.0564

252 1004 1128 1236 1362 1807 2167 3469 5283 5528 5748
699 286 1052 1221 2 517 734 656 1146 666 2374
81.7493
41.1845

235 496 523 668 829 1381 1751 2012 2231 2695 2774 2906 3110 3982 4017 4251 4431 4791 4793 5672 5764 5774 5988 6004 6013 6154 6317 6474 6799
699 286 483 1052 220 2377 1221 666 690 934 322 546 534 1146 236 1287 511 1350 1072 410 1709 429 656 214 247 682 140 1214 644
83.1911
42.5047

234 519 728 940 972 1029 1072 1463 1495 1546 1601 1662 1791 1807 1921 2013 2363 2465 2792 2871 2904 4145 4246 4295 4466 4851 6041 7002
286 699 1052 734 483 934 666 1221 2 1146 1018 775 690 773 190 1183 1404 322 517 1677 959 877 546 1065 656 682 936 2374
171.0531
79.9662

32 54 168 348 356 796 1097 1264 1291 1376 1807 2018 2240 2662 3060 3493 3753 3875 3903 4734 5353 5613 6394 6891
699 286 1052 934 483 690 2 734 190 546 902 194 666 1277 2374 220 1018 1643 656 508 905 517 1709 538
112.8421
54.2267

308 542 1074 1395 1396 1420 1513 1706 1975 2183 2228 2572 3004 3275 3516 4182 4457 4466 4587 4627 5011 5460 5697 5731 5994 6157 6329 6631 6714 6749 7041
699 286 1052 934 690 1146 2 1221 1350 220 190 1677 194 666 517 775 331 734 1018 2377 430 2374 1072 1067 1405 82 714 1214 4 1247 41
121.1084
58.8021

8 139 366 654 959 1050 1146 1409 1501 1505 1600 1620 1706 2018 2142 2271 3173 3405 3610 3703 3851 4015 4055 4288 4476 4997 5239 5411 5880 6389 6785
699 286 1052 934 1221 517 483 690 546 190 2374 877 220 734 1018 2013 902 331 2 534 1643 145 1072 682 942 31 533 1289 656 1350 58
145.7964
66.9329

164 287 1174 1295 1325 1409 1589 1685 1923 2094 2478 2492 2795 3614 3955 4387 4544 5233 5374 5573 5575 6613
699 286 1052 2 666 1146 194 934 902 534 1221 1247 959 517 690 190 682 2374 1072 350 60 720
89.3744
43.124900000000004

11 1123 2018 2897 3176 3970 5313 5846 6276 6411 6906
699 286 1221 194 439 1146 322 1287 787 785 2384
34.2612
18.8347

81 206 320 446 505 575 1425 1461 1642 2076 2418 2482 4424 4427 5678 5887 6152 6589 7055
699 286 690 1221 1052 2 1018 734 1643 220 1146 322 666 508 934 247 2090 905 1065
69.1032
35.2115

1600 1665 2041 2167 2325 2461 3247 3713 5245 6329 6521
699 286 1052 322 1350 546 1221 1055 2 1065 682
44.4508
22.9635

796 1021 1072 1403 1843 3767 4247 4373 4427 4581 4687 5191 5460 6220 6447
699 286 2 1052 934 1221 734 666 902 1643 690 1350 656 1065 508
107.0029
52.2057

64 98 386 427 1125 1404 1612 2240 2284 2360 2430 3366 3411 4139 4182 4571 5223 5246 5293 5930 6312 6760
699 286 1052 690 1146 2 322 1221 2374 902 936 546 656 877 534 1018 144 991 255 1350 1247 220
91.4812
44.5578

562 878 1735 1750 2471 2644 3852 3887 4038 6169
699 286 1052 690 734 934 322 666 775 682
73.1932
32.35

427 457 1362 1391 1701 1798 1973 2379 2413 2469 2513 2541 2702 2835 2993 3912 4427 4428 4476 4532 4535 4673 4805 5697 5731 6599 6802 6894
699 286 1052 734 483 1221 2 1146 666 220 934 517 1065 656 959 942 144 410 1677 1277 1247 331 190 936 207 690 1404 534
130.0815
60.3136

902 1113 1374 1451 1615 3516 4997 5374 6288 6764
699 286 1052 934 690 2 877 1404 773 746
48.8529
26.2969

82 425 780 1461 1807 2041 2094 4661 5127 5525
699 286 1052 666 517 734 1221 2 1277 959
52.6833
28.0363

145 412 467 543 696 764 804 1039 1145 1740 1752 1839 1910 2050 2192 2300 3365 3625 3968 4583 5244 5308 5313 5573 5698 5848 6126 6327 6442 6534 6707
699 286 1052 483 2 1221 546 2374 2377 190 1274 666 1350 991 322 517 682 194 1146 1065 959 1404 690 1055 220 1374 1806 785 82 1425 348
113.3677
53.5146

232 681 956 981 1074 1321 1361 1579 1698 1796 1805 1927 1947 2156 2360 2920 3511 3767 4111 4556 5063 5411 5675 6078 6433 6508
699 286 1052 690 666 2 1018 483 1221 322 934 902 82 410 1146 508 533 734 1183 1543 71 746 4 1274 236 984
90.8651
45.0597

40 84 179 206 386 473 515 728 763 774 809 1074 1282 1328 1370 1527 1678 1759 2065 2114 2325 2489 3010 3904 4133 4233 4428 4532 5008 5191 5219 5672 5713 6016 6250
699 286 1052 734 666 2 934 775 902 508 1146 959 656 483 1350 190 1018 2377 773 690 1221 322 410 546 1089 247 409 1643 350 60 1021 1806 816 430 1989
165.7918
72.9627

39 523 559 763 975 1067 1146 1391 1495 1537 1947 2416 2435 3222 3377 3516 3635 3729 3851 4535 4734 4782 4972 5004 5194 5210 5217 5246 5374 5417 6004 6589 6900
699 286 1052 1221 734 773 2 934 483 1018 666 1643 508 902 220 1200 877 2377 1021 905 936 775 82 1405 1862 1111 534 942 331 1247 439 1195 796
124.9755
59.323

18 414 958 1022 1050 1056 1852 2541 4168 5233 5283 5851
286 699 1052 959 734 666 483 934 190 2 220 773
78.1413
35.8536

216 314 893 923 995 1125 1170 1266 1287 1409 1535 1589 1843 1959 2276 2725 2828 3302 3511 4379 4458 4525 4581 4686 4848 5148 5317 6154 6239 6382 7083
699 286 1052 2 934 666 517 1221 775 483 902 734 1146 690 773 2374 1277 1405 785 546 534 2377 190 644 656 1018 220 322 984 1053 1643
149.3525
68.259

34 42 109 166 345 363 519 660 1052 1099 1281 1567 1676 1914 2041 2192 2482 2541 2818 2856 2996 3431 3516 3935 4038 5470 5611 5624 6157 6163 6929
699 286 690 483 2374 934 322 220 190 1221 2 656 517 1146 666 508 1350 746 959 1183 533 1287 734 902 410 247 991 331 534 546 1065
164.7392
80.70570000000001

216 1605 1685 1876 2120 2171 3511 3832 4686 6177 6764
286 699 483 775 666 517 1183 2 934 1405 644
36.9233
20.622700000000002

164 483 519 802 1003 1125 1535 1586 1735 1805 1945 2702 2835 3186 3794 3953 3985 4424 4817 5129 5450 5851 6115 6310 6526 6631
699 286 1052 2 690 934 666 1221 322 902 775 517 746 1018 991 220 656 734 2374 785 1146 439 929 1089 1721 533
150.0672
66.174

160 1053 1792 1875 2114 2521 3222 3447 3545 4006 4068 4788 5314 5851
286 699 1052 690 483 546 220 656 1221 734 2 902 194 1146
60.6619
29.7151

565 795 956 1074 1459 1539 1663 1751 2323 3162 3338 3355 3635 3906 3922 4255 4997 5045 5611 6526 6614 6665 6792 6906
699 286 1052 483 690 934 546 534 1146 959 773 734 666 1404 1277 746 682 71 220 1274 1806 886 229 1072
74.8463
36.6821

25 194 457 505 734 976 1111 1146 1600 1750 2431 2682 2831 3075 3391 3734 4136 4676 5244 5335 5353 5389 5493 5538 5542 6442 6531 6665
699 286 1052 690 934 2 322 517 666 546 902 2374 220 682 1221 1055 1018 410 538 1277 2013 1405 1274 1643 785 1195 508 1350
144.4923
68.3116

3 196 198 432 562 668 844 1054 1125 1766 2122 2240 2324 2658 3022 3214 3355 3516 3777 3800 3906 4111 4136 4181 4433 4458 4568 4597 4782 5191 5250 5695 5703 6721
699 286 1052 934 322 690 773 483 1221 517 220 902 666 2377 2 1018 1374 1055 1350 1277 785 1643 1247 1274 1183 236 534 905 959 1146 796 348 886 1402
138.7671
66.6168

490 1022 1067 1150 2194 3004 3222 3610 3800 4326 4655 4672 5327 6113
699 286 2 1221 483 1643 508 2377 773 902 787 1862 1018 877
51.2444
26.9726

126 196 584 710 733 793 893 1546 1587 1929 2115 2120 2240 2599 3126 3282 3299 3895 3942 4634 4997 5274 5352 5716 6132 6522 6621 6673 6764
699 286 1052 483 690 517 666 322 1183 1146 934 2 656 439 1274 773 220 787 190 534 644 990 746 986 977 2374 1067 989 71
123.7853
55.2933

121 515 1423 1656 1699 1868 2065 2430 2539 2826 2972 3309 3673 3750 4461 4676 4853 4955 5308 5337 5731 5804 5858 6004 6418 7055
699 286 734 934 775 1052 1146 2377 517 902 2374 1402 1289 1643 2 2033 666 821 2320 818 1080 1843 401 1463 4 410
61.7984
35.2566

26 110 126 455 755 1365 1586 2279 2801 2831 3162 3217 3511 3714 4036 4461 5010 5520 5950 6467 6572 6678 6755 6900
699 286 1052 690 483 2 322 959 934 902 666 1018 734 517 220 656 773 1221 60 746 2374 1247 546 439
142.2237
62.2702

419 446 486 494 1228 1327 1383 1418 1420 1463 1501 1534 1587 1601 1709 1930 1945 1983 2619 2751 3231 3911 3948 4111 4324 4505 4655 5171 5314 5525 5675 5851 6357 6758
699 286 1052 690 1221 934 322 666 1146 1018 2 775 902 220 2377 1072 1677 1402 990 1065 4 1247 190 656 409 773 2374 1021 1544 1111 746 1214 991 1258
116.4008
57.4735

0 88 125 232 579 949 1005 1022 1214 1325 1347 1405 1751 1820 1900 2076 3045 3214 3222 4111 4525 4995 5345 5352 5695 5701 5777 6115 6132 6177 6474 6758
699 286 483 2 934 1052 1221 517 1146 877 190 220 1643 1072 902 1065 322 775 1277 1183 1018 7 331 1989 30 1709 508 905 2090 534 2033 469
116.9851
57.4427

234 398 1858 2279 2430 2695 2972 3951 6105 6521
699 286 190 934 1052 517 322 959 714 511
32.0541
15.9908

130 139 386 760 774 841 1089 1215 1380 1719 1750 2011 2599 2729 2888 3060 3162 3574 4036 4040 4118 4292 4306 4338 4457 4458 4583 5246 5532 5770 6432 6738
699 286 1052 690 734 2 934 483 508 322 773 656 1146 902 666 220 775 991 1402 714 1195 1277 410 331 1200 771 785 1137 1021 7 816 1274
123.1216
55.6412

11 46 243 564 868 1461 1856 1996 3312 3511 4262 4712 4760 5147 5635 6302 6439 6643 6760
286 699 1052 734 934 1146 656 666 220 1350 483 7 1277 1247 430 991 71 1828 348
48.0307
27.9284

395 912 1159 1287 1380 1812 2492 3156 3269 4853 5854
699 286 1052 690 1146 1221 2377 2 734 934 1350
62.9155
34.6096

0 20 446 586 736 844 1058 1069 1282 1432 1463 1776 2163 2167 2460 2539 2996 3941 4571 5053 5171 5587 5754 6220 6812 6900
699 286 1052 2 934 1221 690 1018 483 1274 190 1350 1065 775 517 1183 902 2377 410 1055 1021 331 495 533 1287 1067
106.5028
51.9557

211 515 561 684 804 912 1975 2719 3288 3783 4839 4853 5070 5672 5895 6276
699 1052 286 2 517 1221 734 190 1677 1274 1350 220 4 818 1930 1214
41.8825
23.9413

109 836 1011 1721 2774 3431 3800 5219 5578 6154 6969 7055
286 699 1052 1221 690 666 1146 1018 902 2 322 439
69.8747
36.4337

192 308 478 640 995 1069 3022 3783 4136 4686 6154
699 286 1052 1221 666 1018 2 775 220 690 331
55.571
27.6713

1014 2018 2093 2231 2323 2324 4194 4658 4753 5293 5575 6508
699 286 934 2 666 1221 902 1052 1350 773 905 1200
54.4178
28.5211

461 496 787 893 2400 2465 2882 3060 3338 4181 4417 4510 4672 4915 5330 5806
286 699 1052 2 690 934 517 220 775 734 546 190 720 959 666 714
78.0318
34.9909

427 584 740 1793 3010 4251 5070 5573 5854 6438 6969
699 286 2 1052 690 934 656 322 942 902 247
37.8154
21.0384

4 39 121 206 270 356 685 3162 3299 3377 3866 3955 4273 4357 4433 5695 6677
699 286 1052 666 690 2377 734 1146 773 934 322 1018 82 511 902 682 220
65.1988
33.4137

190 660 1034 1386 1694 1759 1936 2276 3978 4040 4427 4839 4934 5713 6044
286 699 934 1052 2 1221 483 690 517 1146 2377 1018 734 773 1065
81.6727
39.1622

206 228 231 1133 1567 1745 1929 1966 2041 2801 2882 3935 3951 4525 4920 5937 6622
699 1052 286 2 517 934 220 775 666 902 410 690 682 322 644 991 746
67.9025
31.9435

245 904 1051 1404 2358 3387 3830 4326 4466 4847 4886 5738 5952 6755
699 286 1052 934 656 2 1018 666 1221 322 546 1146 734 785
78.9456
39.3518

4 156 226 244 428 1415 1555 2644 3054 3230 3970 5529 6047 6153 6823
699 286 1052 934 666 1018 2 959 902 331 546 2377 1146 534 194
74.1528
37.8157

66 192 432 446 518 521 639 797 949 1322 1510 1535 1921 2786 2831 3800 3948 3992 4427 4461 4544 5070 5104 5217 6463 6558 6613
286 699 1052 2 690 190 1221 656 1065 322 934 902 666 682 220 1146 785 1543 771 886 775 247 1072 508 2377 1089 511
105.2299
51.4228

401 743 1072 1546 1987 2030 2235 2757 2801 3321 3614 4139 4320 4476 4533 4997 6262
699 286 1052 690 934 2 1146 220 666 322 656 1018 902 1183 773 936 682
97.4485
43.3598

273 410 435 912 940 1003 1482 1678 2920 2983 3906 5104 5765 6707
699 286 2 1052 1146 734 1221 220 190 666 236 483 690 517
66.8157
31.6276

295 457 758 813 816 940 1113 1141 1405 1910 2619 3186 3707 3948 4194 4247 4544 4627 4995 5417 6329 6389
699 286 1052 2 934 690 734 1221 322 902 1146 877 746 534 656 1643 508 1374 1404 785 2374 747
89.361
42.7835

18 573 851 1812 2719 2735 2828 3575 4350 5209 6613
286 699 1052 483 934 517 546 656 534 902 533
62.2705
31.3006

247 258 481 507 747 1018 1034 1069 1418 1539 1947 2041 2647 2662 2805 3231 3302 3413 3462 4089 4244 4410 4461 4785 4995 5607 5747 5774 5804 6534 6738
699 286 1052 934 690 194 1146 2374 517 1221 220 331 734 902 1274 2 1247 644 1065 1350 773 410 746 534 1055 936 2377 255 1200 1067 322
124.6484
59.174

60 140 398 521 986 1656 2430 5529 6083 6438
699 286 1052 690 517 2 1221 220 734 190
84.7103
40.37

308 427 428 519 809 912 1432 1706 5695 6526
699 286 1052 959 230 190 546 194 534 2374
46.0587
23.9401

281 472 521 586 728 1544 1743 1921 2011 2786 2795 2871 3625 3972 4017 4273 4387 4621 4686 4804 4817 5145 5308 5314 5317 5783 5903 5937 6074 6186
699 286 1052 666 2 517 934 690 546 775 322 533 734 1405 768 991 1274 785 1055 220 2377 682 1011 773 733 483 796 247 439 534
131.1448
57.7129

245 907 1420 1477 1983 2389 2430 2631 2719 2962 3704 3789 4262 4264 4518 4631 4793 5624 5770 6908
699 286 2 934 1052 734 508 331 1350 656 902 2374 1221 1146 1347 2377 1200 1277 1247 220
71.2001
35.9381

196 253 634 892 1123 1128 1277 1344 1601 1698 1818 1843 1857 2152 2503 2702 3075 3356 4006 5217 5578
699 286 1052 2 483 322 517 734 666 1221 220 534 934 690 331 439 1274 1247 902 82 1721
118.7217
58.2228

194 206 427 438 685 847 915 920 1101 1213 1551 1818 1914 1959 2541 2871 3110 3211 3955 4649 4857 4982 5053 5374 5435 6016 6078 6132 6146 6151 6432 6814
699 286 1052 2 483 666 517 220 934 690 190 775 538 682 546 2374 734 2013 1221 430 1055 348 71 1402 455 439 1146 230 1072 229 746 1021
148.4323
65.2898

206 486 543 765 802 920 2011 2325 3729 4947 5012 5460 5850 7049
699 1052 286 666 2 1221 220 773 508 775 991 190 1055 546
52.9807
24.8329

195 412 565 573 844 983 1132 1366 1376 1535 1852 1967 2541 2577 2702 2735 3800 3866 3912 4461 5327 5556 5707 5748
699 286 1052 483 517 2 934 546 656 1221 902 220 690 322 1274 1089 734 533 1643 430 773 666 1054 682
130.2651
59.536

39 47 115 127 163 979 1115 1385 1597 1601 1643 1975 2011 2241 2541 3346 5161 6105 6312 6314 6414 6613
286 699 1052 934 1221 483 190 322 1350 2 1018 82 1146 220 902 7 1677 666 331 1072 160 1089
87.1752
45.2036

90 130 156 232 343 455 515 721 819 958 1161 1535 1699 1701 1752 1812 1876 1983 2815 2897 3794 3856 4255 4266 4420 5615 5774 5978 6044 6288 7049
699 286 1052 483 690 2 934 666 959 322 194 656 734 220 902 538 517 546 773 785 1018 534 1277 991 82 986 247 60 2374 508 775
144.80519999999999
64.17399999999999

1022 1291 1365 1539 2324 2513 2543 3117 4388 5435 5493 5678 5978 6549 6589
699 286 1221 934 1404 1146 1018 1052 1350 1163 1089 902 1200 533 1258
39.3004
22.9278

168 228 681 716 734 766 915 1111 1451 1459 2235 2476 2590 2870 3217 3318 3970 4473 4672 4981 5415 5578 5789 5848 5930 6126 6186 6467 6572 6573 6715 6908 6967
699 286 1052 934 666 1221 690 1146 2 902 322 2374 483 1404 656 220 1195 682 1011 517 1089 773 796 1055 410 747 2377 714 1018 1072 196 785 331
130.07229999999998
63.9071

245 287 363 614 632 746 922 1322 1694 2011 2180 2310 2340 2489 2503 2719 2805 4373 4487 4788 5229 5318 5532 5804 6467 6542
699 286 1052 666 690 934 2 220 656 483 734 902 534 322 194 511 2374 410 785 508 929 247 546 1350 71 439
116.0883
51.1343

1759 1858 1965 2182 2599 3375 3905 3945 3968 5194 5587 6083 6357
699 286 934 190 1221 1052 322 1350 1146 1404 682 751 1072
39.9116
21.613

460 766 795 892 956 1458 1510 2430 2719 3045 3411 4055 4145 4373 4676 5804 6014 6408
699 286 690 934 1052 656 666 322 1221 1146 902 734 2 1054 2384 546 439 533
75.2913
38.3689

81 211 446 743 1057 1089 1513 1605 2015 2776 2856 2920 3641 3769 4583 4605 5151 6557
699 286 1052 2 734 690 934 220 1146 666 1072 1247 902 483 746 508 2374 1277
101.6439
48.2656

816 912 995 1328 3186 4753 5229 6074 6077 6707
286 699 734 1052 2 934 877 190 517 902
33.4136
19.1212

36 410 507 796 918 1059 1342 1476 1921 2012 2541 3278 3351 3653 3982 4168 4189 4809 4817 4972 5245 5317 5764 5770 6115
286 699 1052 934 690 2 190 902 194 1221 734 775 2013 546 1405 220 1146 1065 1018 247 666 1806 534 82 1347
96.1957
47.894999999999996

47 185 364 586 654 790 816 1274 1420 1643 1818 2662 3347 3714 4266 4379 4625 5345 5496 5528 5635 5697 6549 6609 6643
699 286 1052 2 934 517 666 1221 734 483 902 322 1018 690 656 1146 546 331 1247 773 2374 439 1065 785 746
176.0024
81.9464

133 197 1057 1128 1213 2107 2192 2413 3132 3309 3753 4211 4357 4698 5127 5407 5695 6614 6678
699 286 1052 934 690 942 959 483 71 410 656 533 936 1021 7 1247 1011 432 428
48.8869
28.6828

164 550 592 758 921 1347 2415 2860 3278 3377 3908 3958 5240 6089 6154 6806 6906
699 1052 286 690 2 734 934 877 746 720 773 439 2374 538 1643 1721 902
60.3636
30.4233

110 144 446 1018 1476 1751 2416 3610 3641 3784 4233 4655 5244 5274 5352 5417 5638 6572
699 286 1052 734 483 1221 959 934 220 690 1146 190 936 775 194 902 746 331
90.9376
45.0507

32 130 982 1069 1124 1828 1876 1917 2167 2323 2430 3581 4133 4338 4472 4661 5607 5785 5854 5880 6151 6300 6433 6547 6599 6792 6900
699 286 1052 1221 934 2 656 1018 666 902 1146 1350 1065 331 483 775 1021 2377 508 410 517 1643 1277 1011 690 2033 970
99.5911
48.138

942 1123 1701 2310 3783 3813 4686 5062 5350 5697
286 699 934 1052 1221 775 1018 2 1146 439
58.4293
28.6305

460 521 716 1062 1365 1739 1759 2180 2406 2725 3614 3935 4381 4788 5246 5460 6622
699 286 1052 322 690 1146 934 1247 902 1374 82 656 1072 1065 991 247 785
59.3816
30.0884

373 473 486 907 1054 2078 2235 2333 2590 3309 3912 4552 5229 5713
699 286 1052 666 934 656 796 190 2 2377 220 1404 902 322
65.7857
30.421499999999998

1476 1848 3318 4133 4394 5415 5481 5908 6152 6702
699 286 2 1052 934 902 508 1018 409 1021
35.3939
17.9289

438 1099 1281 1380 1510 1896 1977 2460 2471 3078 3800 3871 4055 4285 5565 5697 5698 6115 6250 6836
699 286 1052 690 1146 439 322 934 517 190 1072 656 220 2 1089 1404 1054 538 1055 194
88.2191
43.5991

493 579 940 998 1213 1365 1482 2018 2275 2400 2590 3040 3462 4280 4851 5334 5851 6113 6504 6893
699 286 1052 734 2 1221 690 1146 517 534 666 483 934 2377 220 773 1089 656 796 533
75.5347
37.9256

386 658 787 796 918 1014 1137 1224 1544 1730 3614 4424 4920 5316 5450 5978 6219 6785 6967
699 286 1052 666 934 690 2 1146 734 902 656 714 1221 775 942 747 768 746 773
118.0968
53.3786

185 654 1019 1632 1701 3789 3794 5317 6542 6806
699 286 483 2 934 1052 517 902 1405 1277
33.9295
18.434

26 47 286 592 654 736 740 929 1067 1082 1146 1362 1423 1791 1792 1947 1977 2035 2658 2757 2805 4162 4392 4537 4949 5053 5683 6276 6534 6745
699 1052 690 2 483 517 1221 934 734 666 773 331 546 656 902 1018 322 2374 1065 2377 1183 877 1274 190 1643 508 220 746 1247 1405
165.677
82.9113

79 90 373 1052 1628 1636 1642 1752 2015 2018 2093 2235 2528 3178 3355 3703 3800 5307 6050 6466
699 286 690 517 2 934 1146 483 322 190 508 666 1350 1183 1277 734 1643 220 1221 7
95.1113
48.0396

144 197 346 638 1014 1565 1719 1910 2599 4182 4782 5045 5683 6714
699 286 1052 483 773 666 220 934 410 194 190 2 322 877
70.1099
33.0042

44 366 374 584 942 1266 1501 2320 2647 5210
699 286 1221 1052 1018 2 190 1350 322 4
57.5141
29.7611

63 84 427 429 482 494 507 643 787 940 1213 1227 1376 1544 1676 2149 2319 2811 3375 3871 3978 4101 4381 5148 5194 5283 5289 5988 6190 6262 6382 6641 6700
286 699 1052 934 690 666 2 517 734 322 1146 483 775 959 546 714 194 773 247 230 534 656 902 350 746 255 1021 720 71 967 1183 439 455
140.1898
64.3596

133 496 507 696 1067 1118 1227 1232 1996 2300 2406 2831 3214 4118 4388 4538 4552 4920 5045 5350 5747 6314 6609
699 286 1052 2 1221 666 220 508 483 2377 773 534 194 7 746 877 247 1065 307 2013 2374 409 1200
76.632
38.920500000000004

545 684 755 765 878 1527 1586 1685 1750 1792 2050 2461 2820 3903 5299 5312 6046 6534 6641 6836 7041
699 286 1052 690 322 517 1146 190 439 220 991 1350 1274 60 1065 430 1072 1374 1405 410 1259
72.6735
36.6895

125 214 307 348 425 737 809 902 1039 1057 1366 1477 1610 1798 1828 2192 2304 3178 4286 4292 4427 5045 5119 5171 5194 5875 5983 6243 6382
699 286 1052 1221 2 483 517 934 690 1146 666 1404 538 322 1018 220 2374 190 877 656 410 785 959 4 1065 625 942 991 546
136.8911
65.556

42 130 164 198 490 542 740 774 923 1277 1357 2194 2465 2626 2752 2791 2919 3366 3574 4326 4431 4907 5415 5611 5669 5832 5846 6152 6638 6833
699 286 1052 2 690 666 934 322 1221 902 656 220 1018 1274 734 190 787 682 194 483 7 775 796 508 1021 959 1806 331 230 196
107.7854
51.2251

140 366 479 550 1098 1370 1461 1505 1559 1579 1673 1750 1996 2018 2300 2320 2647 2756 3156 3192 3351 3581 3703 4006 4295 4535 4556 5493 5880 6004 6310 6484 6785 6806
699 286 1052 934 2 1221 734 517 1146 666 538 690 1072 508 1350 483 747 682 220 746 2374 1018 1054 902 459 1200 1157 247 533 625 1543 331 4 1277
113.025
55.0655

231 307 393 1125 2018 2662 2757 4036 4247 4947 5127 5191 5312 5895 6151 6758
699 286 1052 2 220 773 1146 2374 2377 194 1018 902 656 905 1643 236
73.1766
36.9971

79 345 684 819 851 862 1219 1304 1425 1665 1833 1983 2489 2501 3282 3431 4061 4458 4916 5313 5683 6764 6887
699 286 1052 775 2 666 1146 773 734 517 483 656 1350 534 508 902 2377 1274 785 934 1806 1072 657
77.1521
37.708800000000004

4 641 958 1118 1546 1628 1929 2015 2820 5520 6146 6154
699 286 1052 666 734 220 1018 959 934 2 990 902
91.5971
44.8457

755 800 1123 1766 3810 4244 4675 4839 5771 5930 6078 6115 6311 6799
699 286 1052 1146 2 690 439 322 1221 1247 331 787 1350 1089
36.9987
20.5798

118 127 531 780 3714 3885 4338 4399 4625 4661 4915 4970 5147 5528 5895 6442 6557
699 286 1052 666 2 656 734 508 773 483 322 690 902 1221 934 775 1018
112.96340000000001
50.0819

486 493 902 1025 1586 1653 1965 1987 2139 2501 2993 3279 4982 5220
699 286 1052 690 483 934 220 877 666 534 331 1404 785 4
78.7327
39.4503

91 179 483 728 914 942 1019 1395 1405 1501 1653 2418 2465 3377 3906 3953 4273 4634 4804 5063 5716 6484 6700 6764
286 699 1052 690 934 666 1221 517 2 734 1018 877 322 220 775 2374 410 902 714 1146 546 746 1021 534
140.7318
66.4031

87 206 531 790 1018 1029 1161 1685 1858 2163 3610 3673 3958 4428 4461 4627 4824 5104 5675 5697 5754 5887 5908 6186 6755 6806
699 286 1052 934 666 1221 483 2 517 1065 936 1404 1054 1146 656 1067 902 190 1677 439 331 409 1350 785 1080 534
87.6714
45.3623

1039 1113 1451 1791 1955 2460 2682 3288 3405 3851 4864 4938 5327 5378 6823
699 286 1221 483 1067 734 1643 1052 902 1146 942 190 1214 1350 1200
47.3324
25.0721

575 710 976 1620 1818 1891 1900 3269 4244 4658 4703 4861 5070 6609 6715
699 286 2 1052 666 1221 690 322 934 1183 410 877 746 439 1146
71.4813
33.5622

134 307 566 972 976 1019 2243 2513 2815 2897 4583 5012 5494 5525 5850 6526 6745 6906
286 699 1052 2 483 194 1221 508 1146 934 902 410 1404 348 1274 1018 777 666
70.3949
35.0127

25 39 64 125 226 975 1058 1404 1878 2013 2152 2257 2323 2379 2483 2702 2719 2957 2984 3186 3398 4158 4273 4457 4591 4995 5613 5904 5919 6220 6408
699 286 1052 690 483 2 1221 666 734 220 902 1643 1350 322 959 877 2374 656 1247 1018 190 1709 746 934 2090 82 773 331 1677 30 534
148.7192
71.3296

110 353 461 644 1039 1187 1347 1600 2120 2870 3302 3904 4152 4375 5119 5587 6302 6389 6498 6534
699 286 1052 959 1221 546 902 2 483 517 796 220 690 1350 1146 1277 746 1018 656 322
87.2237
40.2844

235 393 428 699 994 1132 3132 3411 3469 3478 4158 4251 4921 4981 5293 5315 5908 5917 5994
286 1052 934 690 2374 666 2 517 2013 1221 322 877 656 483 1146 546 734 902 2377
132.2028
71.5796

121 345 410 684 851 997 1101 1474 1601 1862 1914 3217 3709 5209 5350 5505 5529 5812 5854 7002
699 286 2 1052 734 902 517 1221 934 1274 775 690 534 1146 190 1089 220 1200 773 656
91.315
43.1406

541 573 816 1132 1325 1420 1451 2012 2323 2400 2860 3100 3750 4089 4142 4433 5171 5615 5779 6070 6382 6967
699 286 1052 656 734 322 934 1018 220 1072 2 902 1289 410 666 787 60 1089 439 2384 1329 1247
59.7828
32.1133

614 640 1495 2335 2539 3010 5278 5449 6077 6177 6484
286 699 1052 220 1146 656 902 322 934 877 666
36.5822
18.8886

293 472 566 710 854 893 1003 1150 1383 1386 1928 2050 2377 2732 3953 3972 3989 4118 5119 5274
699 286 1052 690 934 2 666 2374 1018 322 1350 775 190 508 1146 439 656 746 1055 774
95.9367
44.8245

564 684 1376 1592 1876 2011 3581 3610 3978 5026 5274 5528
699 286 690 934 666 517 1052 220 656 1274 1247 1366
40.517
20.0256

190 306 395 454 981 1612 1740 2528 3010 3279 3753 4089 4505 5588 6220
286 699 483 1052 934 322 656 517 666 690 773 1221 2 886 1287
75.0515
36.6704

115 179 416 777 1870 2528 2572 3989 4162 4181 4661 6016 6534 6538
699 286 1052 690 190 734 773 350 1055 517 666 1067 902 1350
47.1946
24.932

1977 2335 3161 3653 4251 4627 4698 5196 5450 5613
690 286 699 934 1052 1643 902 2 1146 992
26.3212
15.1314

79 179 854 1366 2240 2831 4420 6132 6160 6573 6622 6738 6900
699 286 1052 517 220 538 690 1274 483 430 1146 682 58
45.1066
24.5521

408 410 457 486 490 535 766 809 972 979 1476 1592 1743 2871 3222 3312 3574 4111 4627 4632 4809 6302 6758 6906
286 699 1052 2 483 220 690 517 934 666 734 546 775 1018 2374 534 190 682 902 82 538 322 1643 1274
163.4972
75.0184

125 192 396 893 922 1567 1596 1719 1883 2076 2279 2476 2819 2820 3356 3475 4168 4431 4907 4981 5421 6105 6152 6250 6749
699 286 1052 483 190 2 934 2377 546 220 1195 1221 534 959 1146 247 1018 714 350 30 984 1287 544 348 331
79.1309
41.1235

44 128 145 228 235 253 320 483 536 716 893 1011 1056 1136 1214 1605 1839 2078 2192 2269 2271 2469 3707 3955 4544 4716 4938 5407 5734 6887
286 699 1052 690 934 666 1018 220 2 190 1221 517 322 546 1065 902 533 1146 58 194 734 60 959 247 2377 1021 534 236 409 682
162.1923
77.6491

847 1539 1678 1735 3780 4544 4793 5065 5669 6074 6484 6573 7067
699 2 1052 508 776 666 286 439 1021 775 977 1374 747
35.0725
18.584

427 1534 1565 1858 2268 2735 3164 3365 3712 3982 4381 4442 4507 4857 5119 5496 5525 5994 6089 6523
699 286 1052 934 517 656 666 1018 546 690 902 190 322 483 1709 1054 734 144 1055 410
80.836
38.353

482 625 787 939 1101 1341 1456 1551 1973 2171 3779 4632 4703 4861 5004 5062 5145 5283 5487 5903 6558 6631
286 699 1052 666 934 734 775 517 1018 690 2 1065 322 348 1643 410 508 430 220 2374 714 773
109.4441
49.6748

473 498 813 1833 1876 4571 5308 5880 6498 6707
699 286 959 1052 511 1195 409 697 324 1021
21.7121
14.0956

156 308 902 1062 1344 1385 1498 1798 2018 2050 2503 2539 2792 3004 3311 3611 3729 3972 4107 4139 4476 4533 4625 4634 5350 5378 5613 5754 6534
699 286 1052 2 322 666 934 1350 690 1146 656 2374 1221 734 1404 785 877 58 82 1065 991 1021 508 1402 1510 1072 714 1089 334
119.1972
57.3075

12 245 998 1344 5161 5327 5575 5851 6311 7083
699 286 1052 82 934 220 1221 1350 902 1643
40.9507
22.3604

44 163 273 281 668 819 844 942 1124 1327 1409 1701 1730 3545 4089 4578
699 286 1052 1221 934 1018 1146 1350 58 2374 322 502 60 877 236 1289
61.6634
33.0043

47 245 422 518 847 923 981 1123 1535 1662 1735 1792 2078 2167 2471 2589 3610 3750 4040 4168 4424 4712 5335 5707 5734 5754 6126 6702 6906
699 286 1052 934 2 322 690 483 1221 666 775 902 439 331 2374 247 1021 410 1543 1018 785 220 656 1350 682 1055 190 905 511
120.1476
55.6847

12 566 1021 1730 1876 2257 2831 3211 3278 3417 3478 3871 4082 5026 5789 6390 6638 6755
699 286 1052 1643 220 1221 322 538 82 902 1350 2374 1067 682 905 1018 1277 1080
45.4877
27.6652

216 414 737 1474 1619 1685 1966 2247 2378 2716 2756 2774 3161 3162 3387 3794 3830 3855 3903 3906 3935 4136 4288 4591 4672 4856 4921 5908 6153 6806
699 286 1052 690 734 322 483 934 666 220 2 877 682 517 1221 546 247 190 785 1089 534 230 991 410 1350 1374 768 1277 1072 821
114.2454
52.1263

133 145 748 893 1072 1115 1221 1236 1510 1535 1546 1694 1739 2268 3054 3126 3955 4457 4568 4915 5151 5223 5250 5578 5624 5638 6329 7049
699 286 1052 2 1146 190 1065 2374 1404 690 959 1183 902 2377 1018 666 331 194 934 82 1402 734 322 877 1287 656 785 2384
144.21280000000002
71.6965

494 940 1098 2322 2619 3385 4118 6599 6900 6929 6963
286 699 1052 1146 439 331 1350 977 788 508 4
30.4893
17.8325

36 334 745 893 1600 1642 1663 2430 4288 4353 4424 4655
699 286 1052 690 546 714 1643 190 247 959 331 2377
55.6904
29.5484

345 562 923 997 2379 3385 4417 4676 6302 6463
699 286 534 1274 1350 690 977 714 733 902
24.6074
15.2776

734 774 1282 1386 1983 2952 5330 5449 5771 5783 6538
699 286 2 934 1052 690 666 1018 1146 902 2377
72.505
36.9548

479 493 804 2050 2180 3738 4052 4152 4251 4854 4982 6802
286 699 1052 690 439 322 220 734 534 992 247 1374
32.5346
19.3593

446 841 1183 1459 2048 3575 3783 3784 3818 4247 5209 5313 5481 5635 5748 5895 6046 6621
699 286 2 1221 1052 775 656 934 1065 902 734 666 1146 508 331 190 1677 785
69.9664
35.4295

573 634 836 1451 1891 2729 2826 4518 5194 5779 6538 6714
286 699 656 220 773 1018 1052 322 508 936 1544 160
29.3161
17.511400000000002

231 531 550 816 868 1030 1059 1579 1662 2461 3775 4424 5487 5994 6382 6591 6719
699 286 690 483 902 1052 1018 734 934 220 2 534 538 1862 410 247 1011
60.1747
30.9059

53 373 494 514 699 1577 1587 1791 2125 2413 2503 3060 3783 3852 4139 4189 4581 5299 5695
286 1052 690 2 322 934 483 902 2374 517 190 666 1221 734 1146 656 1402 2013 508
128.5663
67.2888

194 816 902 920 1039 1791 1945 1959 2183 2418 2818 3972 4286 4473 4686 5731 6083 6484
699 286 1052 690 1221 2 483 666 517 734 190 1146 430 546 934 1404 220 877
122.5027
58.2705

66 227 348 608 878 1132 1145 1719 3473 5499 6442
699 483 286 1052 220 2 546 538 508 60 1586
44.1968
24.0374

125 140 245 421 942 1247 1370 1405 1456 1585 1751 1828 1875 1914 2695 2757 2786 3161 3211 3214 4006 4581 4583 4621 4673 5233 5283 5316 5449 5450 5896 6050 6573 6877
286 699 1052 934 1221 734 1643 877 690 483 1018 902 666 322 2 2374 247 30 1146 682 2033 1806 1350 220 4 1214 511 905 1402 929 1063 348 1289 508
125.5026
62.5284

235 345 453 460 1123 1213 1673 1828 2125 2270 2528 2972 3511 3911 4544 4672 5194 5316 5525
699 286 934 690 1052 902 322 1018 656 534 787 1221 60 546 1089 1643 430 236 768
56.768100000000004
30.449

140 234 412 425 494 707 836 986 990 1053 1220 1415 1482 1642 1811 1917 1936 2304 2322 2957 3405 3516 3905 4178 4461 4997 5293 5374 5525 5983 6220 6432 6578 6721
699 286 1052 690 934 483 666 1221 1643 2 902 734 546 331 1274 656 508 2377 2374 1405 682 644 1146 1183 1018 220 247 787 1374 905 773 1200 877 1846
131.70239999999998
61.6138

140 408 478 479 664 847 1059 1341 1611 1839 2018 2589 3856 3887 4178 4785 5223 5611 5937 6153
699 286 1052 690 2 734 220 934 666 773 517 508 775 1221 656 902 483 682 2374 746
151.5725
70.379

949 1210 1215 1327 1383 1586 1596 3813 4387 4734
699 286 1052 2 690 934 322 666 190 439
60.1958
26.799

412 1018 1371 1745 1798 1983 3041 3856 4089 5389 6107 6714
699 286 934 1221 2 483 1052 331 656 1065 546 936
52.4052
28.6655

139 243 245 308 518 640 847 975 1004 1247 1277 1327 1328 1406 1605 1959 3075 3777 3908 4017 4492 4587 4605 5316 5353 5611 5624 5678 5988
699 286 1052 2 934 322 690 1221 666 1018 220 734 1146 2377 1274 1721 1065 877 2374 1021 682 1055 1404 71 1200 247 746 1643 942
106.1612
51.6534

145 168 194 196 367 506 790 819 854 923 1187 1287 1462 1550 1610 2431 2693 3282 3309 4391 4453 4535 4537 4871 4934 4947 5147 5532 6153 6154 6738 6929
699 286 1052 517 666 734 690 483 2374 220 1221 322 934 2 1146 546 1018 902 2377 773 2013 534 410 1277 775 1200 538 533 959 1404 986 236
150.8683
71.65220000000001

245 990 2897 2934 3789 4181 4373 4379 5378 6074 6471 6526 6547 6714
699 286 690 1052 2 666 934 902 194 656 1274 1055 992 720
56.3381
27.7024

374 408 412 592 681 1039 1209 1290 1539 1559 1587 1636 1793 2567 3278 3302 3574 4178 4583 4703 4788 4970 5010 5313 5389 5675 5761 6078 6190 6262 6836
699 286 1052 483 690 1221 2 517 666 1146 190 734 322 220 902 546 1018 2374 82 1277 533 746 934 508 71 656 30 682 41 538 773
149.0908
68.1769

145 214 232 308 942 959 1361 1463 1537 1544 1805 1812 2041 2065 2171 2192 2322 3040 3375 3389 4587 4947 4995 5774 5807 6105 6152 6302 6614 6755
699 286 1052 666 2 734 483 690 1221 517 1018 190 220 934 1350 2374 534 775 1065 322 4 194 236 1021 1402 2377 886 331 746 1277
171.1806
79.103

34 194 664 902 1328 1721 1868 2324 2920 3007 3769 4145 4451 4675 5041 5063 5307 6190 6498 6643
699 286 1052 690 666 734 517 2 1221 322 2374 220 934 546 1404 483 877 785 656 538
125.5434
59.9662

192 211 699 787 1133 1448 1463 1537 1619 1636 1820 2192 2513 2897 3100 3318 3389 3399 3431 4061 4581 5299 6078 6433
286 1052 734 666 775 934 2 1221 690 2374 517 656 322 1018 902 1350 483 194 1146 1277 410 776 644 1643
147.0331
77.0921

446 2013 2149 3156 3462 3581 4182 4492 4656 5196 5283
699 286 1052 666 483 2 1221 190 734 773 322
95.3051
48.8266

40 287 614 660 1014 1432 2820 3975 4279 4998
699 286 1052 934 773 194 220 190 666 2
59.9967
29.2325

270 793 959 1370 1418 1537 1656 1743 1812 2035 2300 2828 2876 2972 4982 5411 6418
699 286 1052 483 666 517 220 534 546 690 934 734 511 190 2 255 322
110.7793
49.1023

64 197 638 761 763 2120 2795 4791 5697 6317 6573
699 286 1052 1221 483 2 1146 734 2377 220 666
46.9743
23.1452

425 639 658 736 2120 2192 3351 5765 6030 6105 6591
699 1052 483 1183 1274 690 747 666 286 247 785
27.295
15.9366

25 187 192 214 432 847 959 1118 1328 1344 1482 1498 2117 2167 2405 2820 2983 3278 3779 3789 4006 4211 4544 5119 5274 5299 5520 6157 6177 6358 6678 6823
699 286 1052 483 690 1221 2374 220 1350 734 190 534 666 517 902 934 82 322 1146 331 2 886 2377 1200 511 1072 1277 236 1404 656 1021 410
156.4328
73.3471

395 396 531 559 566 902 981 1052 1115 1224 1371 1420 2405 2471 2503 2785 3375 3473 3516 3721 3955 4162 4286 4357 4424 4461 4687 5161 5210 5240 5449 5578 5930 6088 6557
699 286 690 934 2 483 1221 322 666 734 1146 1018 1072 508 517 1350 1404 656 2377 1065 877 220 773 1089 682 1021 410 331 534 1183 905 247 785 942 991
163.8732
78.3554

398 1141 1385 1694 2320 2325 2358 2682 3431 4178 4454 6358
699 286 934 902 1052 2 1221 1350 666 714 517 1072
55.0511
25.3845

130 380 916 1051 1145 3391 3622 3898 4089 4427 4544 5063 5587 6522
286 699 1052 2 1221 934 194 322 1350 690 1065 682 746 41
46.8061
25.8654

177 579 1057 1247 2065 2460 2820 3004 3156 4189
286 699 1052 483 517 734 2377 534 322 220
50.1282
25.2742

20 52 177 192 1383 1404 1739 2338 2599 2957 3186 3563 3781 4251 4466 4782 4806 5481 5556 5880 6050 6467
699 286 1052 934 322 1221 902 2 1018 690 190 773 905 877 546 1146 1247 410 1347 1350 439 1289
85.2069
42.8328

471 983 1128 1366 2114 2228 4655 4947 5245 6302
286 699 1052 517 220 538 430 1274 1350 773
32.4992
18.7331

53 197 198 446 795 851 922 1342 1611 1636 1811 2228 2415 2626 2818 3279 3347 3413 3431 3478 3854 3911 3948 4458 4544 4915 4934 5077 5584 5713 6219 6357 6474 6498 6749
286 699 1052 690 546 934 2 734 220 773 1277 483 534 2374 936 190 776 1258 746 4 2090 196 1021 887 194 775 682 959 511 230 1163 579 1072 41 409
93.5669
52.2258

286 334 586 758 914 1287 1966 2125 2182 6432 6573 6755
699 1052 690 2 517 734 934 483 1221 322 546 656
113.0618
61.5432

286 515 559 1376 1597 1673 1776 1955 2194 2304 2324 2483 2634 2888 3299 3366 3399 4295 4676 4851 5587 5594 5747 5887 6089 6157
699 1052 690 2374 1221 517 666 483 546 734 430 1146 1350 220 331 322 2 2377 934 1287 1709 746 348 533 773 656
152.3564
75.8569

346 979 1058 1210 1678 1857 2934 5312 6041 6467 7083
699 1052 2 666 286 1677 538 220 410 929 1350
36.6051
18.4453

128 206 419 428 847 949 1051 1089 1539 2492 2543 3126 3269 3377 3852 3871 3875 4003 4381 4997 5147 5223 5713 5812 5880
699 286 1052 2 934 190 666 734 773 230 959 546 2374 2377 331 1277 1021 194 886 1025 508 409 905 495 247
99.2874
48.1798

639 733 808 1097 1115 1396 1448 1451 1544 1551 1739 1820 1891 2192 2279 2599 3164 3351 3375 3490 3641 3775 3904 3968 4011 4062 4089 4939 5274 5771 6572 6714
699 286 1052 690 666 2 656 190 322 934 734 331 959 785 2374 796 1146 682 439 483 773 1089 902 1055 1247 991 776 348 1405 644 1277 1018
112.8121
53.5347

109 639 939 1005 1054 1132 1498 1612 1676 1945 2030 2035 2125 2415 2460 3417 4038 4136 4279 4306 4537 5234 5307 5314 6146 6471 6526 6887
699 286 934 690 1052 773 1146 2 322 902 666 1065 2377 1402 1018 1247 220 1011 990 796 1277 2384 775 1677 1404 331 410 970
104.2563
51.6054

545 766 1357 1381 1501 1967 2304 2962 3162 3299 3819 4255 4627 4951 4997 5748 6220 6243
699 286 2 934 666 1221 1052 773 220 1277 644 1089 1846 656 4 2090 409 1806
45.6858
26.009900000000002

47 373 453 478 654 976 1266 1546 2013 2152 2317 3707 4295 5129 5233 5318 5584 5917
699 286 1052 1221 2 690 483 322 190 734 656 517 666 773 220 1183 877 959
117.3017
55.0997

26 82 314 460 514 1012 1125 1921 1923 1971 2048 3022 4273 4334 4431 4839 5127 5707 5880 6088
699 286 1052 666 1018 517 690 322 959 902 656 1221 350 2 190 934 1277 533 905 60
90.7448
43.4681

802 922 2735 3299 5584 5887 6047 6219 6318 6526 6678 7041
699 286 1052 546 517 934 220 1221 511 1404 775 1055
64.7779
33.3263

293 802 1527 1942 2142 3156 3462 3794 3852 3992 4061 4145 4292 4949 6047 7083
699 286 1052 656 2 60 775 190 984 430 331 1146 31 432 991 1350
51.5124
26.4562

281 707 1133 1321 1605 1833 2937 3417 3832 4068 4433 4655 4782 5007 6766
699 286 2 656 934 508 410 666 773 538 82 1011 502 1183 7
42.2823
23.275

401 473 747 1615 2180 3161 3405 3750 4716 6542 6589
1052 699 286 690 2 734 666 934 1018 322 331
58.7736
29.5749

79 98 166 408 446 518 586 1104 1928 2186 2317 2363 2489 2811 2953 2993 3040 3075 3469 3581 4476 5070 5327 5669 5919 6160 6963
699 286 1052 2 517 483 734 690 934 220 666 533 902 508 546 1018 656 959 190 322 60 534 773 775 1643 82 1350
163.5976
73.7736

87 767 921 2125 3610 4068 4178 4266 4578 5812 6239
699 286 2377 666 690 656 902 720 746 714 1054
29.005200000000002
16.9393

34 98 121 410 429 694 1056 1082 1219 1295 1347 1380 1391 1513 1565 1628 2541 2801 3275 3904 4089 4334 4473 4854 5128 5246 5335 5534 5587
699 286 1052 734 934 190 690 2 1146 666 902 322 1643 220 2377 483 656 1018 247 71 31 230 1405 82 1072 144 714 409 905
120.8735
58.6001

38 39 127 211 1069 1359 1391 2338 3385 3753 4440 4457 4824 4916 5077 5128 6163 6358 6433
699 286 1052 775 734 1018 82 934 350 656 7 331 2377 1214 690 1021 1067 747 1287
58.3783
32.447

216 227 429 486 664 761 796 851 959 1501 3713 3779 3942 3972 4338 4417 4634 4782 5161 5671 5919 6089 6467 6893
699 286 1052 2 934 734 666 517 322 483 773 220 690 190 534 1221 656 2374 508 1072 644 991 785 714
140.2186
62.1252

542 780 795 990 1098 1141 1516 2228 2757 2888 3347 4187 4246 5148 5151 5669 5689
699 286 1052 690 734 934 2 508 666 439 773 546 902 194 936 220 746
72.8178
33.5959

36 473 543 788 1018 1280 3117 4687 5415 5496 5734 6504
699 286 1052 2 934 1221 902 666 734 331 517 410
78.498
39.8234

118 565 728 761 977 1115 1537 1628 1828 2076 2785 2805 2937 2993 3399 4011 4476 4507 4817 5421 5505 5731 5896 6792 7055
699 286 1052 666 483 934 2 734 220 1221 690 1018 534 322 1146 430 644 1643 1055 1274 410 1247 2377 902 517
120.9757
55.5467

658 758 795 912 921 1118 1371 1555 1930 2279 2304 2317 2757 3269 3819 4631 4982 5538 5738 5789 5806 6239 6243 6433
699 286 1052 690 934 2 734 666 746 190 322 220 508 720 902 517 2374 656 959 1544 533 1247 1011 534
110.5166
48.6017

253 307 398 1005 1448 1482 1676 1701 2333 3885 4535 4537 4687 4972 5041 5274 5281 5638 6572
699 286 1052 734 1221 775 934 666 2 2377 902 1146 656 517 1200 1018 322 1404 1277
77.2895
35.6589

490 535 998 1534 1539 2471 5318 5467 5496 6160
699 286 322 1052 1018 902 410 1065 771 511
29.127399999999998
16.7114

79 396 414 438 608 912 940 1052 1341 1405 1619 1929 2171 2180 2235 2276 2320 2460 3117 3176 3178 3810 4388 4687 4703 4955 5129 5191 5624 5713 6411 6534 6700
699 286 2 1221 934 483 1146 734 517 690 220 322 1350 775 1643 902 2377 666 1183 1072 2374 190 656 508 331 1404 1055 194 439 1214 877 1021 682
172.3312
82.8835

252 541 565 685 748 956 1124 1280 1366 1395 1544 1730 2194 2402 2725 2952 3387 3767 4288 4379 4424 4535 4632 6300 6814
699 1052 286 690 2 734 483 775 220 666 1018 517 546 322 934 1274 439 2374 1643 682 1350 534 410 247 1146
118.3625
54.4507

573 912 998 1059 1636 1673 1917 2114 2313 2377 2483 2820 2871 3169 5007 5210 5250 5520 6433 6887
699 286 1052 690 1221 775 902 2 934 220 1018 656 483 508 546 682 1200 1806 517 1277
83.6502
40.8802

198 367 401 543 809 825 907 939 1266 1385 1464 1474 1513 1612 1971 1987 4107 4525 4661 4949 5761 6641 6665
699 286 1052 2 934 666 902 1221 322 220 1065 2374 768 773 1277 546 1072 1350 656 1146 517 1055 877
106.0205
48.8036

115 844 862 1099 1371 1386 1463 2100 2125 2257 2338 2430 2543 2952 3186 3231 3473 3703 3780 4049 4082 4142 4334 4375 4656 4997 5683 5698 5774 6132
699 286 2 934 1052 1018 666 517 902 1146 322 773 775 1065 746 1350 656 1277 546 2090 409 1021 644 2377 1374 1643 220 785 1709 1677
103.0011
50.653999999999996

253 287 594 641 788 914 949 1216 1274 1559 1917 1929 2247 2589 3611 4518 5233 5274 6050 6755
699 286 1052 2 934 666 517 190 534 1221 322 690 194 902 1277 746 796 1072 644 220
102.123
48.9146

287 584 592 638 1833 3156 3346 3727 4036 4466 4507 4533 4581 4916 5337 5683 6312
699 286 1052 934 322 666 194 656 775 534 902 220 1806 1018 2 796 1247
66.2402
32.9382

696 902 1420 2142 2543 2818 3173 4002 5470 6447
699 286 877 1404 1052 1405 1350 785 4 31
31.609099999999998
20.114

160 308 916 994 1039 2319 2801 3475 3712 4591 4860 5575 6190
699 286 1052 690 734 2 1221 220 1146 934 656 322 546
76.2915
35.745

140 644 1018 1534 1971 2647 2815 3912 4392 5314
699 286 1052 734 1221 483 934 690 902 666
70.874
37.6671

168 428 721 788 949 1136 1687 1766 1769 2011 2120 2125 2795 2818 3275 3362 3511 3635 3800 4158 4621 4753 4939 5240 5615 5783 6078 6220 6262 6760 6764
699 286 1052 483 934 666 2 690 190 656 959 546 194 322 902 1146 534 538 82 714 1065 247 977 41 1277 220 1221 796 236 746 774
128.4177
59.5557

38 601 721 922 2115 2535 2774 2983 3783 4142 4638 6866
286 699 1052 666 690 934 220 322 534 546 2 1721
60.7116
31.2712

139 245 494 542 760 983 1698 1878 2182 2402 3282 3916 5070 5615 6474
699 286 690 1052 2 220 734 666 934 194 1072 255 991 1350 746
50.4903
26.63

54 398 482 573 2860 3614 3712 4089 4938 5758 5950 6276 6721 7002
699 286 1052 517 546 690 934 190 483 1146 194 322 714 666
71.1628
31.4259

252 541 668 1214 1448 3007 3311 3906 4052 4111 5244 5352 6442 6792
286 699 322 934 690 1146 1052 220 1018 656 1065 1404 495 1643
49.4218
25.3512

395 634 1111 1663 1959 2226 2501 2953 3574 3951 5065 5389 6638 6956
1052 699 286 322 546 508 959 690 71 886 1146 220 2 533
52.5987
27.1194

211 281 808 878 923 1054 1115 1409 1791 1917 2284 2993 3399 3848 3885 4538 4915 5128 5278 5315 5723 5812 5994 6484 6493 6679 6707 6866 6956
699 286 1052 483 934 690 656 220 322 2377 1221 902 2 534 785 2374 508 1018 666 1274 1405 1374 255 796 190 733 644 1677 409
110.3712
52.9668

79 128 1295 1374 1474 1565 1711 1852 2786 2835 3447 3851 4211 5004 5299 5326 5496 5505 5671 6077 6115
286 699 690 934 1052 1221 2 1018 877 2374 746 720 1146 929 409 331 410 230 902 1089 1247
66.1769
34.4066

198 542 747 1232 1386 1586 1936 2360 2993 3060 3399 3511 3848 3941 4375 4457 4473 4538 4703 5493 5804 5983 6070 6382 6432 6439 6755
699 286 1052 690 2 934 483 666 220 1018 322 734 785 1274 439 2374 194 2377 991 430 1374 714 331 1350 1055 656 534
120.8911
55.007

195 446 1050 1123 1277 1290 1359 1474 1596 1719 2732 2831 3156 3247 3942 5008 5316 5337 6126
699 286 1052 483 934 2 1221 959 508 1274 322 1806 902 1146 656 877 350 682 190
76.0491
38.2492

197 232 307 425 473 760 809 1420 1461 1477 2310 2752 2826 3121 3366 3432 3935 3992 4049 4068 4089 4424 4431 4476 4661 4804 4860 5062 6432 6678
699 286 1052 690 734 666 2 1146 656 1018 746 2374 483 775 1374 902 959 991 247 508 787 410 771 331 439 334 905 1247 2090 1347
107.3443
51.1954

396 438 893 981 1253 1459 1730 1996 2320 2876 3162 4107 4145 5062 5499 5528 5538 5575 5584 5758 6105 6151 6508 6758 6792
699 286 1052 1146 190 1072 2 517 322 1221 666 194 934 220 1404 483 902 905 1247 439 1350 538 970 656 942
79.2362
40.8912

8 87 493 808 1089 1187 1820 1856 1927 1936 2114 2156 2541 3117 3178 3727 3819 3885 3916 4189 4350 4537 4638 4997 5077 5460 5538 5789 5896 6390
699 286 1052 934 2 322 734 331 656 773 902 508 190 644 2374 1011 733 409 439 483 785 1277 82 1018 145 2377 7 991 220 1021
95.5444
48.8155

1025 1347 2333 3941 4082 4273 4433 4853 5026 5635 6047
699 286 934 690 666 1404 877 1052 1072 734 1350
46.0061
25.1403

765 949 1403 1942 2320 2406 2503 3906 5783 6508
699 286 190 1221 1052 82 331 1072 4 1350
29.3377
17.3963

374 614 1005 1425 2030 2324 2811 3653 4055 4605 5917 5930
699 286 1052 934 2374 1221 2 1146 666 1018 1247 439
68.8498
35.2004

246 471 601 956 1089 1170 1370 1458 1868 2374 2469 3851 4791 5065 5240 6474
699 286 1052 2 934 690 1221 2013 1146 508 902 1065 734 483 546 775
119.6284
60.3123

47 562 684 956 1029 1227 1342 1386 1458 1615 1927 1967 2050 2167 2476 2819 2870 2920 2996 3222 3789 4839 5033 5450 5669 6088 6190 6589 7002
699 286 1052 483 934 2 1221 902 220 734 1350 1146 1274 517 1643 1065 666 1018 2377 196 984 190 1215 194 495 247 410 1405 1055
103.6972
52.2891

187 190 253 419 1161 1405 1425 1579 3478 3769 3823 4211 6302 6549
286 699 1052 1221 483 934 690 517 2374 877 773 1643 322 1183
86.4372
43.6435

190 541 929 1021 1171 1579 1601 1750 1828 3321 3431 3832 4424 4920 5012 5994 6004 6312 6418 6794 6906 6956 6969
699 286 1052 934 690 773 483 1018 2 220 1221 322 1643 517 1404 666 4 902 656 508 1806 410 1011
114.7621
53.8675

397 1005 1056 1059 1124 1274 1856 2581 3040 4571 4951 6833
699 1052 286 2 690 934 517 666 902 220 734 1277
58.9368
29.1108

20 125 535 707 979 1062 1381 1596 1611 1745 1891 2313 2416 2786 2820 3024 3338 3462 3581 3972 4280 4428 4457 4734 4804 4982 5041 5057 5713 5731 6390 6908 6963 6967
699 286 2 1052 934 690 190 666 656 546 322 220 902 517 1374 30 4 247 929 41 936 776 1404 255 1277 538 1011 82 644 410 409 1089 533 348
93.3557
48.9862

164 243 293 366 373 446 461 1082 1232 1371 1628 1739 1759 1857 2018 2228 2729 3955 4535 5041 5151 5315 5771 6160 7049
699 286 190 1052 2 934 959 734 220 773 322 508 886 1146 656 682 902 7 1163 483 216 331 746 1620 144
67.66499999999999
35.821600000000004

82 133 211 851 1098 1170 1219 1295 1304 1380 1495 1678 1740 1791 1805 1975 2682 2732 3100 3704 4251 4864 5171 6004 6466 6534 6677 6745 6766 6812 6929
699 286 1052 2 666 1146 483 690 1221 734 2377 517 439 190 1350 322 1404 4 410 430 247 1374 959 331 2374 7 1247 887 1072 1274 776
122.1808
58.0945

428 457 1214 1404 2015 3992 4049 4947 5234 5635 5727 6758
699 286 1052 934 1018 2374 1221 194 773 656 546 1146
69.4832
36.0225

573 1124 1274 1404 3156 3574 3958 5727 6538 6806
699 286 1052 2 690 934 1221 656 517 322
67.7238
34.7861

52 421 425 486 736 829 1030 1160 1828 2324 2619 2756 3413 3922 3942 4417 4453 4625 5229 5470 5525 5690 6498 6906
699 286 1052 934 666 902 2 1221 1274 1018 410 1404 775 1183 220 773 714 1214 747 1067 656 1643 1011 1247
90.9841
44.2325

505 808 921 1005 1113 1678 1766 5244 5256 5470 6239 6522
699 286 1052 2 690 934 734 508 666 776 331 902
47.0685
23.4985

91 258 641 1014 1287 1370 1376 1577 1927 2323 2465 2631 2791 2897 3473 3614 4538 5219 5352 5573 5607 5699 6047 6126 6132 6163 6177 6418 6891
699 286 1052 1146 2 690 220 773 2377 1221 194 1018 666 902 2013 82 1021 1072 934 534 517 986 1402 787 1247 410 1989 538 322
124.6214
58.8463

88 514 519 531 760 923 1057 1097 1115 1136 1213 1287 1596 1717 2513 2634 2751 2820 2860 3462 3852 4082 4118 4295 4661 4676 4788 4791 4947 5330 5529 5896 5988 6963 7002
699 286 1052 690 483 1146 666 2377 734 1221 546 902 934 322 2 2374 1350 1277 220 773 534 1067 517 430 348 1021 787 247 746 1846 1195 1072 991 190 942
128.5018
62.0094

177 214 345 579 813 862 967 995 1291 1537 1735 1875 1987 2122 2732 3078 3245 3362 3779 3781 4139 4587 4686 5010 5011 5330 5587 5779 6288 6613 6812
699 286 1052 2 690 666 934 517 534 322 1018 734 656 220 483 1221 902 236 775 1089 959 905 773 255 1404 644 1021 2374 194 190 1011
130.4318
58.9869

191 1280 1423 1678 1709 2120 2122 3045 3126 3703 3800 3855 3895 4003 4015 4440 5010 5041 5313 5458 5534 6196 6702 6785 6802
699 286 1146 1052 517 1221 2 483 934 2377 666 1405 776 1072 1402 747 1021 690 1018 962 1404 439 409 942 1111
77.3525
39.25

541 640 1534 2271 2363 2860 3211 3279 3780 4381 4886 5104 5631 5675 5690 6077 6105 6310
286 220 699 58 1018 877 656 145 4 977 495 409 71 334 1146 1215 1385 326
36.0094
22.0613

816 1120 1381 1642 2041 3156 4476 5749 6622 6906
699 286 1052 734 2 1643 666 534 656 902
32.0556
18.9767

46 118 573 760 1173 1341 1495 1587 1910 2182 2325 2776 3447 3813 4181 4273 4285 4324 4625 4934 5417 5421 5777 6046 6154 6442
699 286 1052 666 690 934 2 734 1018 656 322 7 1221 1146 1183 714 1287 1350 1055 71 508 82 2377 1709 902 1065
79.2676
39.6947

892 1133 1448 1687 3132 4052 4634 4839 6047 6894
699 286 1052 483 666 934 220 656 959 194
70.97710000000001
37.1503

0 734 765 907 958 1380 1501 1759 2261 3908 4266 5274 6498
699 286 1052 690 666 2 934 2374 959 322 483 656 538
92.0365
45.234700000000004

196 398 733 795 916 1098 1141 1600 2030 2093 2333 2358 2360 2405 3169 3574 3794 3810 3848 4775 4864 5335 5624 5669 5683 5754 5848 6153 6439 6523 6823 6969
699 286 1052 690 934 517 734 483 2 1404 656 1146 666 2377 1221 546 322 902 1274 1247 439 1277 220 1405 1018 1183 1065 714 534 761 785 410
129.7422
61.6618

118 211 401 983 1111 1146 2041 2167 2171 2269 2662 3161 3186 3871 4003 4011 4052 4458 5672 5952 6107 6146 6310
699 286 1052 2 934 1221 690 666 220 1350 936 483 773 322 1643 902 194 682 1287 331 190 1247 1065
106.8803
53.6058

0 144 536 584 916 920 1555 1709 1828 1945 2012 2501 2795 2962 3078 3288 3347 3875 3948 4583 4673 5119 5219 5789 5952 6755 6967
286 699 1052 483 934 1221 546 190 690 666 1018 220 2 1146 902 194 656 517 322 877 959 1643 1011 886 544 410 936
121.6113
57.4544

1146 1662 3311 3709 3871 4518 5161 5234 5697 5771 5848
699 286 934 1052 1221 2 734 331 2377 1677 1643
61.8624
31.1353

91 168 493 1612 1917 2333 3365 3856 3898 4162 4433 4532 5223 5783 5887 5896 6522 6538
699 286 1052 734 1221 1146 517 534 936 1404 190 82 508 410 511 2377 1183 666
51.1609
29.1259

668 1210 1328 1380 1474 2167 2235 2320 2520 2590 2682 3906 4244 4273 4292 4525 4921 4949 5534 5587 5887 5952 6077 6591 6929
699 286 1052 2 1221 690 666 1350 934 877 734 775 902 322 331 714 483 991 1277 796 1072 682 1021 1055 1347
88.1806
43.057

38 419 421 427 523 559 608 746 1101 1589 1653 1698 2626 2725 3545 3703 3753 4285 4466 4655 5289 5312 6107
699 286 1052 934 666 517 690 322 734 220 773 1018 902 2 1350 2374 144 439 2013 747 483 207 644
93.5445
45.5916

164 348 486 710 1012 1101 1420 1619 2065 2427 2619 2631 2752 3309 3375 3419 3475 4507 4578 4581 4920 5012 5219 5334 5738 5919 6047 6146 6382 6394 6758
699 286 1052 2 483 666 690 1018 902 538 656 410 508 1146 220 1402 2377 1072 1350 1806 1510 2374 734 326 990 546 331 682 1021 1862 517
103.846
51.468

84 244 397 1587 1839 2192 3164 3729 4326 4673 5316 5345 6153 6157 6177 6433 6589
699 286 1052 2 959 322 1350 666 1183 350 785 1709 220 546 331 1146 1221
57.8927
31.2147

521 523 643 813 1987 2011 2306 3641 3851 4387 4851 5565 6343 6484
699 286 666 1052 902 1065 690 905 934 1072 984 720 776 714
39.8978
22.2694

479 584 981 1357 1559 2374 2483 4162 4458 4703 4907 4981 5234 5450 5754 6622 6812
699 286 1052 934 690 2 666 483 1221 902 322 1643 775 533 1146 220 734
112.9871
56.2089

0 8 11 110 139 658 681 707 949 975 1074 1215 1280 1432 2125 2378 2465 2856 2906 4107 4279 4326 4819 5127 5350 5494 5695 5804 6300 6442 6447 6523 7083
699 1052 286 2 934 666 690 220 656 1221 734 1146 533 902 959 1018 322 546 190 1350 787 746 145 967 7 1011 773 410 682 796 785 2374 71
130.9941
59.9957

408 916 1141 1264 1585 1740 1751 1769 1807 1921 2035 2317 3045 3794 4006 4649 4675 4907 4955 5011 5234 5683 6250 6300 6463 6887
699 286 1052 2 934 690 483 775 220 734 517 666 508 773 2374 747 534 1018 682 656 30 538 746 546 1806 902
133.3564
64.9258

63 163 343 428 457 460 766 825 892 1059 1123 1136 1280 1678 1721 1766 1936 2048 2431 2535 2693 3126 3823 3848 4152 4703 4907 4947 4981 5335 5669 5771 6700
699 286 1052 934 690 2 322 666 902 483 656 534 247 439 1146 959 785 194 747 773 546 517 714 761 2374 71 787 886 7 538 1277 796 768
135.8102
63.0741

252 481 506 608 743 939 1012 1113 1136 1611 1857 1973 2377 2776 4040 4136 4492 4587 4705 4861 4947 5496 6151 6325 6389 6643 6702
699 286 1052 690 2 934 322 1018 666 902 410 734 1072 220 775 1065 1806 1287 776 1374 1402 508 1277 942 1930 247 720
108.8656
51.7108

42 253 496 507 514 654 763 766 808 1209 1321 1513 1791 1878 1967 2503 2572 2634 2835 3230 3417 3419 3916 3941 4440 4687 4856 5008 5062 5190 5411 5678 6047
699 286 1052 2 734 934 483 546 517 508 1221 902 190 1146 656 1350 220 2377 1274 1018 533 331 2374 690 322 1806 409 1072 1089 410 693 538 534
144.3634
67.03829999999999

36 84 737 1325 1482 1585 2541 3161 3365 3712 3903 4247 5896 5978
699 286 1052 690 2 322 1221 959 190 666 934 247 546 1183
72.0673
34.1833

543 707 746 959 1012 1059 1214 1805 1910 1945 2050 2732 2906 3833 4181 4420 4544 5244 5520 7083
286 699 1052 934 690 483 2 902 666 517 410 322 546 656 734 1018 1055 190 1021 220
124.9011
55.249

227 334 374 543 685 1253 1357 1642 1975 2319 2489 2815 3769 3871 4082 5499 5584 5950 6152 6349
699 286 1052 483 2 1146 734 666 1221 322 1350 508 517 1643 902 934 546 690 190 1055
98.0661
45.6471

66 234 668 986 1219 1537 2182 2270 2535 2589 2831 3117 3385 4189 4525 4855 6558
699 1052 286 690 2 934 734 666 682 902 220 775 511 517 1277 71 508
69.3098
33.164

258 681 922 976 977 1215 1459 1636 1965 2142 2389 2418 2540 2716 3854 4320 4424 4848 5345 5578 5761 5943 6760 6891
286 699 1052 2 934 690 1221 220 1018 734 1146 534 546 902 322 666 1277 1065 410 533 1072 1200 1055 656
107.9298
50.288

4 235 416 453 997 1030 1418 1423 1914 2243 2300 2478 2590 3355 3653 4145 4542 4955 5062 5209 6016 6074 6310 6311
699 286 690 1146 1052 1018 190 902 934 2377 775 734 666 144 1067 236 1111 656 350 1221 1989 1274 1195 409
78.5697
40.2118

37 82 345 761 1113 1342 1482 1618 1766 1791 2076 2094 2257 2275 2543 2776 3168 3377 4379 4391 4431 4458 4856 5520 5535 6523 6738 6745 6887 6956
699 286 1052 1221 483 2 734 517 690 775 666 1274 430 934 902 534 247 991 785 190 2377 1374 331 409 350 71 194 1018 410 439
99.4517
49.2414

783 1383 1476 1550 1769 1848 2835 4320 4324 5070 5240 5565 6893
699 2 286 934 666 902 1052 787 1018 508 322 1065 774
41.6422
22.0976

942 1577 2228 2300 2333 2501 2937 3075 3173 3545 4306 4949 5435 5542 6146 6643
286 699 1221 1350 1052 1146 1404 2377 1402 1018 4 430 690 877 1247 401
48.817
27.95

128 721 997 1551 2276 2335 3340 3911 5045 5317 5407 5638 6814
286 699 1052 690 934 666 2 902 322 1055 348 1146 656
55.9728
27.0848

26 1098 1174 1371 1555 1743 2180 2268 3173 3247 3511 3545 3898 5493 5615 5811 6177 6549 6643 6707
286 699 1052 2 517 546 1146 60 902 934 656 534 220 439 1350 533 1021 746 2377 1018
62.5083
32.9698

195 235 482 534 1097 1101 1125 1141 1159 1555 1856 2015 2996 4461 4982 5635 6792 6833 7055 7092
699 286 1052 483 517 934 690 666 220 1146 734 1287 1274 1065 656 255 190 236 1350 160
92.5918
44.580799999999996

88 438 721 743 745 1111 1150 1987 2235 2835 2983 3211 3377 4181 4458 4839 5345 5493 5578 6185 6389 6526 6792
699 286 1052 690 934 2 1146 666 517 902 1072 439 656 1221 746 1404 322 331 190 1065 714 991 220
97.7642
45.1651

0 214 232 394 668 728 967 1057 1067 1900 1955 3100 4676 4753 4806 5496 5534 5707 6014 6078 6408 6493 6823 6969
286 699 1052 2 1221 934 322 1018 666 1350 508 534 190 2377 1405 959 236 255 1146 1065 773 1183 877 785
99.7743
49.2084

42 286 541 975 2117 2581 2735 3866 3911 6288 6311
699 1052 690 517 666 934 546 734 220 656 483
106.5253
57.7314

558 566 734 736 1501 1585 3431 3447 3611 3848 3948 4417 4556 4705 5161 5217 5250 6078
286 699 1052 690 666 2 322 1221 934 747 1183 682 1055 1274 902 1543 714 410
83.2931
39.7246

252 632 921 1072 1097 1527 1577 2953 3318 3721 4638 6047 6760
699 286 1052 1146 666 190 2 690 546 331 430 1221 934
71.5772
36.4516

192 195 541 743 780 2078 2751 2786 4388 4695 5937
699 1052 286 690 2 991 656 992 220 1374 746
42.2382
20.8782

721 1132 1277 1380 1719 1818 2114 2378 3351 5317 5848 5903 6677
699 286 1052 690 483 934 666 322 2 714 2377 1221 1274
75.3242
35.6378

467 608 1003 1056 1123 1458 2785 2882 3173 3714 4537 5556 5690
699 286 1052 2 934 1221 734 690 902 517 666 775 322
103.0441
49.2802

1012 1415 1501 2107 2120 2953 3478 3968 3989 4535 4605 4819 5496 6243 6300 6498 6665
286 699 2 483 734 1018 1052 1065 4 546 1221 934 533 1643 690 1055 1862
60.846
31.7079

412 1059 1477 2435 2535 2752 3813 4457 5789 6963
699 483 690 286 546 934 902 1011 768 207
30.1496
16.6941

82 253 796 797 997 998 1101 1224 2953 3389 3750 3775 5281 5607 5698 6030 6408 6887
699 286 1052 734 517 666 1221 2 690 934 546 410 902 1274 1146 2374 430 785
87.4111
44.3393

121 561 1295 1678 1750 1852 2035 2719 3405 4476 4532 5345 5374 6893
699 286 734 666 2 1221 1146 1052 1065 776 745 773 1259 410
40.1394
20.9547

531 550 634 640 740 745 796 1517 2465 2520 2725 3211 3365 3781 4017 4379 5353 5672 5697 5812 6014
699 286 1052 2 690 934 483 1146 2377 1221 734 220 331 538 714 1065 534 1214 682 666 508
82.4966
39.3336

353 446 694 696 763 862 1004 1325 1843 1928 1965 2041 2693 2934 3769 3903 4399 5417 5528 5804 6030 6177 6300
699 286 734 1052 2377 902 2374 1072 2013 1183 984 994 1405 190 1643 1677 886 1053 714 1350 644 788 1021
60.4236
33.5726

36 478 793 800 878 1102 1113 1220 1664 1750 1776 2275 2418 2725 2786 2856 3110 3168 3783 4295 4625 5161 5615 5774 5807 6678 6715
699 286 1052 2 483 666 220 1221 690 775 746 2374 2013 546 1405 644 517 409 247 439 902 934 71 230 1643 3714 511
110.4114
52.5447

139 211 216 435 694 1014 1159 1279 1420 1534 2035 2415 2539 2590 2644 3168 3311 3611 3814 3854 4809 5220 5774 6030 6169
699 286 1052 773 2 666 934 734 775 517 690 656 220 2377 796 644 2374 1350 693 2013 905 967 1287 1146 989
89.7185
43.3571

36 46 758 1290 1357 2619 2983 4705 4951 5318 5777 5887
1052 2 699 690 286 734 1277 746 929 71 991 796
38.3531
20.778

4 25 115 247 545 862 1448 1550 1611 1858 2271 2695 2904 2934 3282 3610 3709 4286 4627 4804 5217 5234 5239 5789
699 286 1052 2 934 666 734 1146 2377 220 1221 511 58 1274 1018 991 190 1055 902 773 746 331 2374 1011
79.99719999999999
39.9808

518 761 1004 1115 1120 1132 1656 2300 2725 3355 3767 3781 4431 4703
699 1052 286 2 1221 666 734 714 534 1183 787 469 776 1374
44.949
23.1374

235 755 892 1992 3347 3810 3813 5274 5505 5528 6745 6877
699 286 690 322 546 934 534 936 1247 236 579 714
35.6038
20.6306

63 478 579 836 2469 2503 3245 3377 4082 4375 4473 4805 4907 6160 6196 6549
286 699 2 1052 690 220 322 517 1221 483 666 656 439 1146 534 902
65.9346
31.916

46 66 550 765 995 1451 1721 1798 1857 2012 2050 2719 2805 3800 4381 4655 4703 4760 5011 5256 5669 6050 6073 6288 6665
699 286 1052 666 934 690 2 508 322 439 1543 538 796 1463 1402 905 984 714 1247 71 733 1089 747 2033 761
69.243
38.1271

55 109 394 479 534 608 1082 1174 1274 1694 1843 1875 2093 2461 2492 2658 3164 3574 4533 5240 5588 5611 5858 6105 6115 6312 6665
699 286 1052 934 2 483 220 734 690 1146 666 517 322 1065 902 1018 977 796 994 1643 1053 978 2013 761 1374 1709 533
118.2269
57.3813

435 640 1183 1459 1662 1664 2589 3794 4089 4280 5738 5854 5952
699 286 1052 2 934 690 1221 775 666 734 331 1677 1200
70.3195
35.9018

243 363 579 755 902 923 1097 1171 1406 1662 1739 1862 1883 2018 2304 2338 2460 2795 2972 4068 5128 5210 5774 5904 6083
699 286 1052 1221 656 517 1146 1018 690 1404 773 877 2 775 1247 483 322 1350 220 934 942 71 4 734 534
97.2093
49.366

0 538 543 949 1034 1053 1074 1118 1357 1678 1947 1967 2340 2634 2984 3321 3703 3789 4062 4292 4295 4487 4819 4939 4951 5312 5327 5804 6132 6442 6447 6547 6707 6738
699 1052 286 2 666 1146 546 1221 220 734 517 934 2377 902 991 483 1018 690 1350 533 1067 746 190 430 331 1374 1274 773 322 942 656 990 1643 1055
166.78549999999998
73.61880000000001

140 427 471 638 949 1123 1264 1501 1662 1735 1900 1910 2271 2682 2695 3275 3318 3898 3911 4424 4661 4886 5033 5307 5804 6004 6107 6643
699 286 1052 734 666 1018 190 1183 690 934 656 220 58 439 508 483 787 247 4 511 905 144 984 145 768 322 207 459
79.4992
42.741099999999996

3 416 1029 1362 1464 2261 3214 3653 3948 4152 6438 6887
699 286 1052 2 190 656 1146 517 1221 734 1404 331
61.9953
32.6417

127 412 3214 3217 3312 3419 4920 5245 5353 5494 6317
483 546 1221 734 1350 2377 286 533 1072 548 1287
23.466
14.0701

88 121 536 592 1003 1021 1136 1291 1383 1527 1664 2117 2240 2270 2716 2776 3010 3040 3875 4118 4306 4388 4656 5033 5152 5194 5607 5669 5703 5943 6300 6609 6929
699 1052 286 666 483 734 2 60 656 690 1350 220 902 190 322 1643 533 1146 207 1018 230 430 247 1055 1221 508 4 71 1259 546 517 905 144
99.8524
50.9925

800 959 1115 1415 1618 1759 1852 1921 2050 2539 2599 3010 3231 3387 3810 3813 3906 4006 4399 4587 5771 5807 5903 6665
699 286 1052 483 2 322 690 546 190 934 220 1146 734 517 644 656 534 331 1089 682 902 533 1274 967
106.1959
48.4376

625 797 893 1476 1579 1921 1965 2828 3321 3338 3417 3581 3775 3866 4189 4819 4920 6046 6243 6311 7092
286 699 1052 483 2 220 1018 546 734 773 190 538 1065 430 517 322 534 1221 533 4 548
77.2772
37.5003

206 841 1287 1983 2269 2402 3178 3951 4055 4181 4379 4533 4788 4847 5256 5578 6614 6908
699 286 1052 1221 1146 2 656 666 902 2377 734 1350 1404 190 690 1072 1200 1055
73.4128
37.0823

235 531 1022 1423 1482 2122 2335 2541 3916 5460 6151
699 483 286 1221 190 534 236 1146 2377 564 160
29.5898
17.5899

1277 1743 1833 2030 2543 2658 3398 3912 4510 4552 4695 5104 5542 5678 5716 6115 6433 6614
699 286 1052 517 934 546 2 1221 322 1018 690 533 1404 220 1274 60 656 331
73.8685
37.144

64 561 767 1380 2139 2402 2972 3164 3703 3922 4187 4399 4672 4951 5246 5493 6557
699 286 690 517 2 934 1052 734 902 768 1146 348 1277 1089 666 220 1350
46.0591
25.1

245 535 1058 1383 1404 1516 1876 2228 2792 2882 3611 3750 5045 6578
699 286 1052 2 517 1221 1146 2374 934 1350 666 1018 410 1247
67.5426
34.0342

44 506 743 787 1097 1544 1596 1967 4334 4391 5145 6314 6714
699 286 1052 2 690 934 666 734 322 902 1018 746 775
86.9619
40.6177

421 471 584 929 1022 1159 1174 1807 3132 3419 3935 4011 4040 4864 6432 6631
699 286 1052 690 734 934 2 773 322 1287 1055 1350 656 1374 247 714
69.8433
34.0601

87 507 566 1232 1415 1495 1769 2076 2152 2335 2528 2882 3176 3279 3955 4182 4233 4848 5077 5520 5645 5774 5812 6325 6408 6547 6749 7041
699 286 1052 734 1146 2 775 517 2377 666 410 331 690 322 902 682 2384 942 934 7 194 644 991 1402 534 1216 1247 746
87.9964
44.3518

47 235 308 559 765 1011 1124 1187 1456 1546 1619 1694 1709 1921 1923 2313 2348 2539 2729 2906 3004 3355 3375 3511 4285 4424 4458 4793 4805 5308 5467 5481 5520 6004
699 286 1052 934 1221 690 773 483 1146 190 546 666 1072 322 1183 959 2377 902 942 508 1018 236 350 905 160 1258 2 4 1404 977 1543 60 1385 1463
114.7007
56.9265

88 334 416 915 982 1160 1232 1366 1805 1875 4062 4181 4334 4791 4804 5327 5353 5607
699 286 1052 2 517 666 934 220 1643 190 2374 483 430 1018 902 350 538 2377
98.196
48.3134

133 145 1054 1056 1132 1967 3375 3574 4915 5077 5758 6715
699 1052 286 690 2 934 902 1274 483 1065 220 666
76.5228
37.9231

144 374 457 979 1050 1097 1170 1247 1425 1517 2226 2993 3653 3707 4082 4101 4266 4461 4791 4921 5104 5147 5220 5832 6153 6411 6531
699 286 1052 483 1146 190 690 220 322 734 2 959 1018 666 877 194 196 534 2090 1544 160 1287 236 1072 1277 82 2377
122.4064
59.1298

446 481 755 1025 1053 1118 1159 1216 1586 1862 2269 2320 2358 2634 2756 3575 3734 3866 3906 4597 4857 5007 5128 6013 6389 6599 6673 6794
699 286 1052 690 934 666 1221 2 322 1146 220 656 546 1350 734 902 1404 483 1247 773 190 1072 2377 1287 682 977 775 534
155.1001
71.03059999999999

295 455 1405 1495 1510 3712 4279 4634 5244 6073
699 286 1052 934 483 1221 534 666 1146 1404
78.5918
40.0391

505 912 1004 1111 1123 1357 2261 3852 4535 4920 5026 5070 5129 5278 6044
699 286 2 734 690 1146 220 508 190 439 517 656 1350 682 409
50.2781
24.7099

243 281 427 550 912 1012 1111 1883 1914 2323 2340 2792 3413 4011 4288 4458 4538 4857 4951 5316 5904 6755 6812
286 699 2 1052 1146 1404 538 190 1277 2377 483 144 517 1350 1018 220 902 410 785 1514 714 207 2090
63.306000000000004
36.0004

127 625 755 967 1236 1464 1759 2107 2240 2257 2520 2619 3405 5556 5758 5761 6474
1052 286 699 322 666 690 220 82 190 430 534 959 1018 2013 71 511 194
61.2432
31.5897

52 819 1115 1220 1513 2418 2831 3299 3800 4698 5245 5594 6317 6329
286 699 1221 2377 1146 1350 1405 1072 1643 409 905 682 1287 1018
34.1437
19.9087

707 733 1537 2363 2826 3385 4552 5062 5219 5556 5672 5761 5858
699 286 1052 656 1018 690 666 734 2 934 902 1146 220
64.90899999999999
29.5706

226 498 640 1173 1295 3100 3176 3275 3852 3945 4038 4286 4457 4466 5245 5850 6534
286 699 1052 2 322 690 934 1221 220 483 1183 82 666 682 1018 967 714
71.5635
33.5879

235 246 514 545 573 1039 1495 1565 1579 1833 1858 2100 2400 2476 3178 3447 3789 3895 3948 4133 4457 4487 4712 4970 5219 5318 5417 6088 6126 6631 6814
699 286 1018 1146 2 1221 934 220 656 902 714 190 1072 236 1052 410 942 736 989 682 409 1404 768 1111 984 2384 59 1089 2377 2389 970
73.2071
41.017

307 314 397 643 721 787 808 1287 1461 1740 2431 2785 2805 2831 2937 3078 4036 4145 4279 4375 4687 5057 5699 5930 6089 6132 6549 6591 6745 6785
699 286 2 1052 934 1146 666 690 902 734 775 1018 1221 656 2377 773 1277 220 785 322 1089 714 1350 905 1067 1721 331 776 644 1072
137.6991
61.4351

559 809 829 2186 2431 2613 2795 5734 5779 6074 6302 6432 6792 6929
699 1052 286 773 934 1018 1072 666 1350 410 656 1146 1404 2374
44.7508
23.5263

0 640 907 3169 3192 3231 3970 4152 4473 5293 5806 5846 5904 6794 7049
699 286 2 1052 934 666 1221 220 656 1404 747 1200 644 483 690
64.1586
31.2264

26 46 197 231 246 397 446 483 518 1653 1664 1673 1710 1896 2030 2228 2279 3007 3473 3703 3707 4320 4507 5234 5538 5671 5690 6390 6474 6900
286 699 1052 934 690 517 666 322 220 190 1018 902 2 1221 533 656 1247 410 1146 546 734 959 1065 2374 693 230 991 71 430 534
125.0375
59.1528

55 286 446 755 804 929 986 1304 1321 1461 1527 1611 1685 2271 2489 2590 3269 3419 3610 4107 4387 4391 4848 4934 4955 5246 5707 5764 6418 6463
699 1052 690 2 483 934 666 734 517 322 1146 2374 775 902 508 656 190 546 439 773 533 430 1055 796 746 1018 220 714 1274 410
162.6738
75.7062

156 421 422 542 641 1160 1213 1295 1420 1517 1527 1551 2030 2261 3045 3178 3574 3852 3866 4357 4921 5678 6389 6408 7055 7092
699 286 1052 934 690 666 1146 220 1404 190 1018 1221 60 734 194 58 773 348 902 1274 1055 1200 430 1247 1014 495
94.4987
45.425200000000004

121 130 166 494 541 643 766 804 915 986 2539 3351 3490 3908 3941 4011 4457 4492 4556 4661 5104 5345 5378 6318 6758
699 286 1052 690 934 666 220 1274 734 959 60 656 682 1404 2 517 787 902 495 768 1183 430 432 746 58
93.0059
43.4931

47 478 518 538 743 1111 2539 2791 2934 3162 3516 3775 3852 4853 5435 5771 5826
699 286 1052 934 1221 690 1146 546 746 734 483 331 2 1018 220 1350 1374
91.8807
41.9782

90 479 780 825 1600 2041 2115 2520 3078 3992 4255 4788 5749 5950 6812
699 286 666 1052 902 546 656 2 768 773 220 1404 785 1089 1806
51.3869
24.059

364 374 758 1115 1124 2142 2774 2856 3214 3375 3704 3769 3830 4394 5127 5520 6243 6438
699 286 1052 690 2 220 666 656 734 190 902 959 322 2374 934 990 720 511
84.7009
40.4701

246 467 608 986 1021 1173 2041 2065 2589 2644 2785 3245 3729 4015 4107 4760 4848 5196 5281 5487 5578 5695 5851 6755 7002
699 1052 286 690 1221 2 322 2374 1183 220 1072 666 1200 4 991 1643 1274 2377 82 656 190 331 902 1350 1404
99.3462
47.3034

3 1807 2268 2732 2785 3712 3823 5196 5747 6382 6613 6836
699 286 1052 934 322 734 984 773 747 1277 775 666
47.6467
25.2787

179 206 212 416 494 506 534 979 1005 1101 1209 1347 1474 1709 1740 2835 3299 3707 3823 4392 4533 5057 5191 5698 5854 5988 6044 6073 6219 6288 6302 6794 6956
699 286 1052 666 934 1221 322 483 2 734 1146 220 773 877 690 1643 190 1350 2374 1404 1065 656 902 1274 1200 1402 2377 350 905 1018 720 517 1463
141.7254
68.3977

307 396 1101 1365 2418 2904 3622 3942 4158 4518 5529 6358 6900
286 699 1052 666 1089 902 1067 1146 410 1018 1274 348 2
42.0485
22.832

110 432 643 747 1029 1615 3269 4082 5675 5765 6146 6408
699 286 1052 690 1018 322 2 902 934 959 666 746
68.271
34.0602

228 231 401 422 562 664 766 836 916 1418 1805 1878 2323 3169 3389 3622 3818 4152 4233 4788 5161 5615 5807 5896 6115 6154 6219 6310 6312
699 286 1052 2 734 220 666 934 656 902 775 410 1806 430 773 1709 758 886 544 1146 962 60 483 247 785 905 625 1586 1111
78.3646
41.6557

245 416 421 429 453 1018 1404 2752 2882 3810 3887 4955 6160 6329 6799
699 286 1052 934 2 690 1221 775 2374 734 190 517 1146 331 322
119.4731
57.7521

228 343 397 584 1228 1448 1642 1694 2114 2828 3391 3767 4052 4391 4487 4627 4804 5041 5777 6014 6190 6411 6522 6891 7049
699 286 1052 483 322 1146 220 2377 690 1643 1183 2 1287 962 534 546 432 247 2384 682 934 495 196 1274 1072
78.3591
42.1199

36 54 88 187 685 1585 2149 2435 2795 2993 3478 3581 3714 4295 4326 4817 6153 6557 6833 6891
699 286 1052 2 483 690 934 666 734 773 322 220 1221 775 546 517 656 1018 2374 190
124.7323
59.2565

177 819 1030 1228 1357 1371 3178 3478 4587 4955 5587 6802
699 286 2 902 775 656 1065 746 2377 934 1018 409
27.9644
16.7866

243 558 710 1281 1420 1451 1559 1662 1977 2231 2317 2539 2751 3391 4055 4427 4638 4753 5145 5283 5988 6115
286 699 1052 934 2 690 1221 322 439 1065 666 747 1183 1021 1054 1146 902 977 787 965 247 656
70.22409999999999
35.3108

81 432 566 654 660 1012 1266 1717 1862 2363 3278 3318 3377 3794 3992 4181 4916 5578 5638 5896 5917 5937 6311 6823
699 286 1052 775 1221 2 902 734 1018 656 517 331 322 690 220 439 934 1072 1277 1806 1374 409 773 410
77.9845
40.2844

253 394 542 594 777 808 995 1067 1072 1132 1141 1219 1381 1535 1586 1676 1858 3970 4015 4211 4334 4672 5220 5234 5353 6016 6083 6163 7067
699 286 1052 690 934 1221 2 902 666 773 734 1404 322 1018 991 331 785 2377 775 508 190 4 439 194 1405 2374 1089 682 1146
145.4518
65.6918

38 990 994 1057 1391 1698 2430 2792 5127 5161 5220 5244 5528 5851 6288 6613
699 286 1052 690 734 439 656 666 1221 2013 508 2374 350 1274 1183 720
68.2497
33.7055

26 235 343 428 601 694 761 780 813 1074 1215 1477 1600 1685 1694 1706 1839 2231 2360 2406 2983 3387 3581 4011 4428 4605 4775 4805 5190 5436 5804 6004 6030 6089 6963
699 286 1052 2 546 934 666 1221 734 2374 517 322 190 1146 690 4 82 656 1374 1195 247 2377 785 1643 1072 194 230 788 977 1137 1021 991 236 959 1350
132.8658
63.8541

486 986 1136 1137 1539 2247 2317 2856 3906 4285 5063 5450 5607 6613 6719 6749 6814 7049
699 286 1052 690 934 666 220 746 190 902 1055 747 990 483 1643 1274 546 533
80.9876
38.2476

140 346 419 562 658 763 797 851 1050 1058 1291 1327 1546 1559 1983 2167 2284 2363 2414 2461 2815 3024 3041 3911 4055 4571 4856 5278 5337 5525 5538 6152 6484 6521
699 286 1052 934 483 734 690 1221 1183 2374 220 666 1350 656 902 1018 959 2 1055 1021 517 747 409 533 773 247 1065 1054 977 1146 508 410 255 1247
111.1071
54.8792

63 130 194 334 373 419 457 767 1391 1517 1596 1706 1857 1983 1987 1996 2268 2644 2972 3734 4538 4556 4655 4995 5217 5240 5345 5690 6638 7041
699 286 1052 734 517 2 483 190 666 690 1146 546 934 322 538 220 1221 2374 2377 1200 1065 682 1350 2013 41 430 1055 544 902 455
117.4303
56.4113

82 164 234 293 515 763 1019 1051 1665 2041 2163 2405 3302 3895 3972 4006 4716 5220 5250 5281 5777 6432 6542 6614 6738 6967
699 286 1052 517 2 1221 666 430 410 734 934 350 991 1402 1183 2374 1274 773 348 1021 777 1247 1055 483 331 409
79.2131
42.0356

234 990 2228 2528 3911 4785 5234 5978 6504 6542 6956
699 286 690 773 1052 2374 439 1274 508 720 1183
39.0899
19.950400000000002

234 1099 1160 1620 3222 3321 3611 4394 6394 6700
286 699 220 483 1221 877 1052 1404 1374 2090
37.546
18.898

26 253 374 380 419 1056 1347 1370 1589 1632 1653 1740 1798 1833 2011 2194 2235 2413 2465 2471 2819 3007 3060 3351 3575 3784 4082 4107 4133 4279 4851 4998 5525 6070 6969
699 1052 286 690 322 2 666 934 902 959 1643 773 1277 190 410 82 775 220 936 682 1221 1055 534 1247 644 720 905 887 41 877 1089 194 71 4 1214
122.528
57.4368

139 416 473 783 1052 1219 1383 1896 2503 2757 3641 4656
699 286 666 934 690 483 322 2 1146 190 517 220
85.0155
44.6418

696 920 1596 1620 2358 3275 3800 5151 5299 6432 6963
699 286 1221 877 190 1052 1289 714 410 1214 1146
31.6993
17.2989

373 467 1304 1928 1975 2271 2340 2379 2962 4136 4194 4357 4392 4473 4544 4581 5209 5534 5850 6785
699 286 1146 1221 190 1052 2377 1216 666 58 1072 322 1385 145 439 1677 1011 1350 1374 1405
54.3018
29.1816

211 496 745 1018 1141 1247 1636 2078 2231 2871 3935 4627 4856 5033 5229 6169 6312 6418 6557
699 286 1052 934 690 734 1221 322 2 331 546 902 2374 220 991 1643 682 775 877
94.7367
46.1295

8 478 575 907 1357 1371 2702 4457 5171 6622 6956
286 699 2 656 1052 1221 322 220 934 902 746
46.8184
25.0376

46 231 481 763 765 802 981 986 1059 1159 1160 1495 1694 1698 1701 1739 1910 2183 2192 2776 3041 3779 4068 4288 4320 4625 4955 5245 5335 5695 5988 6220 6243 6749
699 286 1052 690 934 2 220 902 666 775 322 1146 430 2374 1287 533 1247 1350 656 1404 508 1021 517 1274 1221 1862 71 1072 1543 1277 905 82 2013 1214
125.1346
60.4883

53 134 394 395 564 747 767 851 854 907 1117 1290 1361 1743 1812 1973 1983 3302 3411 3781 3992 4136 4279 4819 5326 5335 5538 5695 6016 6220 6522 6806
699 286 1052 934 690 517 2 1221 220 734 656 322 666 1018 546 331 190 773 533 2374 746 60 775 929 1146 1055 1374 534 1862 1277 886 1247
146.6713
66.9603

494 586 660 777 902 2358 3419 4839 4853 4907 4934 5826 6438 6887
699 286 1052 734 690 517 877 1404 934 773 746 533 1405 1287
61.1317
32.176

88 380 664 685 836 997 1216 1281 1287 1361 1589 1628 1769 1811 1878 2324 2461 3355 3462 3610 3852 3898 4353 4632 4676 5678 6276 6589 6631
699 286 1052 1221 690 934 2 1018 1146 666 1643 902 734 2377 1586 746 1350 656 410 936 1200 984 773 1258 774 714 1065 1055 1274
118.5477
56.6206

144 542 829 912 1539 1546 2952 3641 4353 4853 5731 6908
699 286 220 1052 194 190 690 1183 666 734 517 934
57.2616
29.135

252 795 920 922 2340 2478 2904 3338 3775 4632 5128 5246 5731 6836
286 699 1052 546 934 734 690 1018 220 666 190 656 534 1643
63.9589
32.139

177 234 471 573 800 949 1004 1220 1664 1798 2269 2313 2465 2801 2920 3176 3275 3447 3545 3611 4581 4907 4916 5246 5281 5435 6169 6186 6357 6463 6523
699 286 1052 2 690 190 734 934 322 656 483 1350 220 902 1643 682 1405 230 775 644 1274 60 1146 714 984 1806 1402 967 409 1221 247
101.7903
50.8049

82 912 923 1266 1366 1611 1628 1694 2107 2194 2539 3222 4676 4949
286 699 1052 220 517 483 666 734 430 1221 1274 934 538 2
63.6199
31.3074

18 160 185 425 684 844 1019 1067 1111 1215 1282 1618 1663 1883 2284 3004 3478 3982 4625 4695 4760 4785 4848 4851 5152 5950 6390 6523 6799 6894
699 286 1052 2 690 508 773 1221 1146 483 934 2377 656 517 734 666 1404 220 1350 1200 902 410 194 350 534 546 959 785 1274 714
121.6277
56.553

438 638 1115 1327 1448 1656 1721 1745 1792 2644 3176 3269 3338 3347 3475 4068 4286 4326 4420 5171 5326 5777 5826 5846 6288 6418
699 286 1052 2 1221 517 546 439 934 666 322 220 690 656 936 483 905 1018 190 1146 796 194 1374 760 785 331
96.2059
44.6488

287 394 534 594 851 1698 1862 1910 2415 3110 3641 4466 5749 5917
699 286 1052 483 734 934 220 775 2 1018 255 194 773 666
80.89320000000001
39.6631

234 287 356 760 790 1030 1051 1328 1628 1632 1739 2405 2513 2795 3709 3908 3975 4194 4533 4571 4631 4638 5308 5327 5529 5683 5738
699 286 1052 734 934 666 690 902 2 1643 194 656 534 1067 714 1018 439 508 2374 409 796 746 1011 991 1989 1065 752
96.56779999999999
46.9559

91 364 429 490 774 1069 1123 1341 1362 1415 1495 1721 1750 1807 2374 2682 2870 3275 3713 3721 3895 3906 4809 4915 4998 5245 5505 6160 6318 6614 6894
699 286 1052 2 934 690 666 734 1146 322 517 1018 902 656 1221 775 331 2377 483 190 439 220 1404 1247 348 1274 796 82 1065 196 1055
200.1358
93.6791

286 1579 3738 4082 4266 4851 5209 5217 5903 6327
699 1052 690 734 517 2374 483 2 666 902
83.6433
46.2778

164 247 416 733 764 796 921 1685 1805 1967 1992 2065 2543 2626 2719 2732 3078 3282 4285 4424 4638 5335 5435 5505 5943 6107 6900
699 286 1052 2 934 690 666 734 656 190 1089 905 1221 1806 2374 1065 2377 902 1018 644 410 455 1277 785 942 483 4
124.0806
57.344

36 98 234 273 764 788 802 1362 1577 1843 1942 2030 2120 2139 3727 4244 4431 4507 5127 5352 5374 5896
699 286 1052 2 666 1146 656 934 517 1247 734 1018 322 483 902 247 690 1221 410 796 775 1011
111.4594
52.222

374 640 777 847 923 1111 1612 1857 2247 2413 2626 2888 2962 2983 3121 3419 3721 3779 4089 4457 4698 4735 4856 5041 5104 5129 5675 5683 5749 5978 6591 6673 6814
699 286 1052 734 690 2 773 775 1146 666 190 220 2377 959 902 746 1247 942 533 1067 82 1089 1350 776 1072 71 936 656 322 1402 409 1385 255
107.2966
52.3667

4 197 228 428 608 639 660 664 942 976 1347 1425 1474 2306 2405 2662 2682 3709 3819 3851 4015 4040 4162 4656 4817 4861 5738 5771 5846 6078 6089 6438 6447 6823
699 286 1052 1221 2 734 1146 220 934 877 1018 194 2374 1350 331 666 2377 483 902 255 959 2090 1200 546 322 236 1258 746 962 1214 230 1072 1643 1277
128.2773
62.5196

34 374 461 472 506 1075 1132 1145 1432 1577 2247 2756 3282 3871 4136 4306 4320 4379 4532 5062 5449 5532 6190 6621 6714 7092
699 286 1052 2 190 734 959 1221 322 934 82 1146 666 410 220 2374 905 144 7 1247 1011 71 902 60 1350 508
97.7101
47.9841

226 273 348 1628 1676 2013 2116 2589 2599 3168 4391 4656 5528 6163 6250 6317 6702 6836
699 286 1052 483 666 1221 2 734 959 2374 322 517 690 220 775 1350 1146 773
132.84290000000001
63.7668

32 446 758 1098 1796 1917 2241 2729 2811 3714 3875 5594 5826 6105 6390 6591 6715
699 286 1052 690 734 773 322 666 2374 2 1221 656 934 1018 991 508 902
122.8685
57.9717

592 658 668 1527 1811 2013 2520 2791 3784 4428 4687 4981 5010 5053 5057 6196 6614
699 286 1052 2 2374 734 1146 483 666 934 1221 322 190 959 656 902 773
116.5564
57.0176

214 467 868 939 1011 1146 1505 2414 2581 3832 4454 6047 6126
699 286 1052 1221 959 934 1065 190 1350 2374 1067 331 2377
83.09
41.348800000000004

1611 1858 2919 3041 3783 3955 4136 5575 5748 6089 6439 6891
699 286 934 1052 1221 220 190 776 1677 902 2377 682
32.6382
18.9712

118 245 281 386 1274 1463 2235 2247 3625 4247 4381 5631 6070 6317 6343
699 286 1052 2 934 517 775 1221 322 690 666 1018 190 2377 2013
86.7324
43.3141

110 231 412 737 956 1159 1160 1221 1295 1423 1759 1858 3282 3391 3800 3906 3978 4255 4279 4712 4716 4938 5334 5460 5487 5689 6504
699 286 1052 690 934 483 666 1018 322 220 1146 902 2374 1404 1287 773 959 734 877 775 1072 546 1350 967 1011 190 986
123.5986
58.9583

79 194 253 373 397 767 1370 1374 1676 1739 1769 1929 2338 2860 3411 3813 4111 4673 5727 6325 6866
286 699 1052 690 2 517 546 746 220 682 190 1055 666 787 534 483 538 430 929 733 533
93.45779999999999
41.6062

60 308 854 912 1104 1482 1619 1709 1711 1735 1942 1973 2125 2313 2791 2826 3362 3941 4061 4145 4387 5065 5239 5731 6004 6493
699 286 1052 2 1221 690 934 1146 220 190 194 768 902 517 508 714 942 1072 1274 2377 796 1018 787 666 1200 4
112.0046
54.3826

166 185 246 398 401 743 1371 4392 5988 7067
699 286 1052 2 483 746 690 959 934 517
59.1973
25.7146

258 396 425 601 743 780 1022 1157 1501 1610 2163 2751 3110 3275 3490 3866 3941 3970 4417 4788 4949 5026 5161 5528 5716 5727 5880 6107 6239 6325
699 286 1052 483 690 2 220 1404 714 773 534 934 746 1274 991 734 902 1072 194 1287 733 682 929 992 247 625 432 1374 517 1289
89.0701
45.1681

118 1361 1577 1878 2116 2695 3247 3789 4285 5690 6077 6219
699 286 1052 666 690 934 60 902 746 511 1055 1146
42.1623
23.2083

194 295 346 429 790 902 990 1003 1215 1615 1653 1751 2120 2142 2962 3186 3231 3941 3948 4145 4244 4320 4427 4428 4938 5011 5246 5283 5417 5449 5588 5613 5943 5978 6107
699 286 1052 934 690 483 2 666 517 1221 322 220 439 1274 2013 877 534 714 508 2374 410 682 1404 734 1200 785 538 247 1089 656 546 71 787 230 1277
157.9094
72.3494

541 787 836 972 1418 2076 2275 2871 3417 3563 5615 6463 6638
286 699 1052 775 734 546 934 666 690 1274 538 2 331
55.5467
27.6446

435 1366 2156 2826 3911 4017 4136 4295 4621 4687 4793 4886 5731 5943 6311 6418
699 1052 286 517 690 322 2 666 220 734 2377 538 1274 902 533 775
52.6333
26.1299

20 639 758 1266 1365 1730 1858 2030 2226 2228 2275 2306 2335 2577 2590 3387 3563 3734 3885 3958 3970 4062 4417 4532 4716 4920 5191 5607 5698 6074 6504 6573 6589
699 286 1052 934 690 734 1146 2 773 546 656 902 322 190 666 410 1089 1221 1274 1374 1018 2374 2377 1643 1247 483 905 58 1200 796 495 1989 160
139.98590000000002
65.2947

334 518 541 559 1232 1391 1432 2041 2304 2735 3121 3211 3789 4292 4958 5256 5353 5499 6312 6900
699 286 1052 734 934 517 2374 902 220 773 666 546 2 1221 1111 775 991 1402 483 2377
85.9474
42.3743

397 535 923 1118 1462 1516 1586 1694 1698 1739 1743 2405 2532 2801 2876 2888 2920 3279 4466 4847 4951 5191 5318 5903 6153 6474 6599 6802
286 699 1052 690 220 734 934 666 517 2374 483 2 902 534 546 773 656 1018 2377 322 1643 533 2090 255 247 1072 236 1277
119.6888
55.7025

109 644 660 2120 3490 4424 4848 5481 5811 6041 6721
699 286 1052 483 690 796 666 322 1018 734 1146
52.4587
24.4476

130 343 644 916 975 1005 1291 1380 1404 1839 2041 2313 2695 3161 3365 3574 3935 3951 4068 4211 4285 5460 5493 5754 6549
699 1052 286 690 934 322 902 1146 796 666 734 1221 1247 546 1018 714 1350 1055 656 877 247 1277 511 1709 991
96.7523
45.675

639 922 1513 1662 1678 1798 2413 2957 3848 5299 6558 7041
699 286 1052 2 666 959 1146 220 902 410 546 511
56.1875
29.0783

614 1843 2268 2634 2972 3713 4387 4934 5315 5435 5615
699 1052 286 322 666 220 2377 934 2374 546 1067
80.3753
38.1514

140 191 783 983 1618 4038 4139 4424 4525 4675 5723 5850 6163 6474 6558
699 286 690 2 1052 734 902 934 1221 322 666 1018 775 656 508
65.879
31.4174

197 478 813 914 1072 1577 1745 2415 2503 3721 3779 3832 3953 4655 4673 5378 5460 5499 5573 6047 6151
699 286 1052 1221 2 666 690 2374 1247 734 220 1404 331 430 936 1183 1065 322 1350 1289 4
85.8377
42.149

521 1365 1476 1565 1896 2276 2693 2801 3391 4118 5449
699 286 1052 2374 322 984 1065 1274 1072 1544 220
35.7217
21.2657

307 694 1848 2186 2815 3432 4381 5315 6614 6906
699 286 1052 2 934 483 902 508 2377 666
55.0921
27.0723

46 79 481 564 1104 1380 1396 1535 1665 2269 2348 2589 3365 4295 4537 5690 5713 5812 6016
699 1052 286 934 690 2 666 902 656 322 190 682 1146 2377 60 714 775 220 2374
88.3561
40.8056

98 145 558 1115 1386 1796 2269 2276 2658 3275 3968 3972 4537 4544 4605 5624 5635 5875 6016 6046 6484 6549 6573 6749 6900 7083
699 286 1052 2 934 1065 190 1018 194 2374 2013 60 682 959 1247 483 1643 714 2377 82 1146 1350 1862 220 1374 734
92.7934
47.6488

586 763 764 1247 1798 2078 2400 2482 3060 3362 3399 3734 3978 4251 4334 4934 5449 5460 5671 6078 6088 6154 6758 6906 7055
699 286 1052 690 934 2 734 666 517 1221 322 533 991 902 1643 877 1072 1806 1018 1586 2374 1709 430 1021 1287
87.8594
42.4508

506 1187 1396 2050 2319 2993 3126 4053 5278 5716 6070 6088
286 699 1052 483 322 934 220 1146 902 2 1405 1072
43.6828
25.0555

374 479 493 746 825 1930 2310 5707 6467 6758 7083
699 286 1052 934 690 322 666 2 902 734 220
72.9245
33.3269

644 1141 1505 1975 3040 3493 4168 4760 5278 5289 5638 6836
699 286 1052 1221 734 902 934 666 1146 2 1350 322
62.0293
29.255399999999998

425 1113 2100 3800 4006 5057 5283 5764 5807 6531 6766
286 699 1146 625 2377 2 1287 2090 704 1402 682
22.9374
15.6846

334 397 809 1029 1141 1160 1328 1459 1628 1653 1818 2619 3169 3340 3391 3611 3625 3721 3781 3935 4661 5007 5011 5318 5535 5575 5770 5785 6046 6250 6589 6877
699 286 1052 690 322 666 934 1221 2 734 1274 1065 1247 902 220 2377 1404 1374 1146 991 787 1089 967 1544 247 785 1018 682 905 733 644 1402
117.9945
55.1778

293 594 790 1132 1385 1464 1501 1739 2149 2319 2693 3905 4152 4326 4466 4535 4556 4938 6041
699 286 2 934 902 1052 734 1146 666 1018 785 1065 1350 439 71 60 1677 768 1072
55.4807
29.4381

126 396 472 696 1586 1818 1966 2011 2413 2658 3117 5727 5848 6030 6534 6792
699 286 1052 483 690 517 959 1221 2 1146 60 322 439 2377 991 785
78.0916
36.5833

98 454 542 808 1215 1371 1798 1975 2182 2284 2962 3126 3411 3775 3779 4510 4716 4839 5529 5896 5903 7041
286 699 1052 934 2 690 902 483 656 1221 666 194 331 746 1089 1677 1247 534 1200 821 785 714
82.1377
39.625

972 1247 1381 1501 1711 1791 1930 2304 4182 4350 6467 6715
699 1052 286 690 666 934 322 483 991 990 1544 410
67.6013
30.4042

419 472 481 737 878 1053 1653 1719 2180 2228 2416 2572 2644 2904 3176 3385 4181 4266 4306 4375 4627 4921 5062 5496 5575 5748 5988 6050 6107 6432 6522
286 699 1052 666 2 483 1221 322 992 690 2374 517 902 1089 1247 1018 644 495 1586 546 936 1146 350 1055 533 508 1405 959 1498 1259 785
103.5172
50.131099999999996

42 306 394 643 760 854 1072 2805 3117 3365 3905 5229 5707 6219 6408 6522 6891
286 699 1052 934 690 666 656 190 1404 734 936 331 2377 1221 991 7 1862
59.5826
33.5905

295 435 455 460 829 915 959 1115 1187 1383 1551 1776 2076 2323 2377 2378 2521 2811 2835 3288 3389 3614 4537 5240 5421 5493 5584 5701 6542 6547 6719
699 286 1052 934 483 690 322 534 517 666 1146 410 902 220 1404 190 2 656 682 1350 734 2374 1018 546 1221 348 775 1055 82 533 1072
161.1487
72.9592

34 545 1005 1118 1385 2275 2427 2791 4247 5350 5983 6154 6394
699 286 1052 2 666 220 2374 902 768 483 787 190 534
64.2927
31.9867

18 481 766 829 914 994 1057 1404 2435 2993 3010 3169 3230 3953 4655 5983
286 699 1052 656 483 934 666 690 1221 220 902 1146 2 322 1350 534
91.9547
44.1144

247 356 483 767 1059 1236 1848 2094 3279 3968 4262
699 1052 286 934 690 2 517 666 902 220 734
94.6371
47.2633

535 1513 1577 2018 2599 3958 4246 4350 4353 4458 4525 4981 5210 5669 6471
699 286 1052 2 934 1221 902 1018 690 1247 1146 775 322 2377 1072
63.3664
31.5527

32 584 640 707 748 915 1461 1550 1632 2065 2340 2379 2416 2634 3391 3951 4017 4453 4544 4856 4857 4920 4951 5012 5978 6474 6679 6792
699 286 1052 2 934 2377 322 220 656 1146 666 734 2374 517 430 546 1221 682 967 936 1350 508 1543 942 1274 1287 348 1404
135.9445
63.406

334 435 594 956 1160 1173 1587 1636 2041 2125 2599 3222 3405 3413 4578 4676 4703
699 286 1052 483 322 1404 220 82 1183 7 1402 71 2377 1277 2384 41 666
55.6
30.3402

457 640 658 1505 1585 1685 2471 2528 2599 3729 4133 5010 5826 6013 6073 6474 6572
699 286 1052 322 2374 220 1221 1806 666 1463 1405 991 410 2090 682 1350 511
67.2997
32.2625

156 432 438 660 766 902 976 1069 1559 1565 1868 2120 2415 2735 3126 3231 3635 3968 4111 4571 4698 5148 5196 5528 5789 6078 6177 6314 6442 6866 6969
699 286 1052 934 517 483 2 1221 220 2374 2377 322 1404 690 773 1072 546 439 190 331 877 656 1018 1055 682 194 1011 58 1350 1214 579
124.5543
59.7091

118 314 410 737 777 1099 1610 2400 2599 2972 4920 4955 5389 5611 6160
699 286 1052 690 666 775 2 322 773 902 734 1146 190 220 1221
79.5573
36.8167

0 125 130 774 1101 1875 1975 2268 2304 3275 4454 4487 4638 5978
699 286 2 934 1052 734 1221 666 30 775 1677 508 656 4
50.4839
24.6588

235 401 514 536 654 685 1012 1157 1247 1857 2041 2271 2324 2461 2732 2776 3493 3777 4055 6050 6643
1052 699 286 2 483 690 666 902 934 517 1221 546 682 220 322 1055 410 1643 734 430 1350
101.7774
49.0644

977 1005 1074 1216 1717 2013 3362 4428 4568 5318 5326 5675 5777 6314 6758
699 286 1052 2 1221 690 934 483 666 322 2374 1018 734 902 959
120.8434
60.4819

79 746 1120 1214 1596 1921 3230 4320 5761 5785 5854 5880 6714 6715
286 699 1052 934 1018 734 666 1221 322 2 902 690 1065 656
57.7067
29.096799999999998

20 374 380 523 783 998 1577 3024 3398 3855 3916 4510 4542 5316 5327 5811 5812 5875 5952 5978 6329 6609
699 286 1052 2 190 934 902 82 2377 1643 322 220 666 41 1018 1385 409 483 1146 746 1216 194
76.5768
38.0711

40 401 1016 1124 1342 1357 1381 1618 1878 2319 2476 2599 2634 2870 3741 4625 4656 5223 5246 5707 6877
699 286 1052 2 1146 666 934 220 430 190 322 690 546 773 1287 2377 483 714 2013 1072 508
105.3579
47.6664

177 641 685 1018 1113 1620 2276 2374 2501 2581 3389 4320 4427 4705 5411 5584 5858 5908 6088 6908
699 286 1052 934 1221 2 690 1146 666 775 2013 1065 902 410 483 331 877 1643 1274 1183
138.8226
68.50659999999999

34 306 809 1371 1900 1992 2180 4324 5229 5783
699 286 2 1052 934 656 322 190 746 1183
42.517
23.082

53 121 422 614 922 1022 1117 1264 1362 1405 1432 1559 1706 1751 1965 2324 3385 3493 4211 4442 4537 5007 5274 6389 6799
699 286 1052 690 1221 483 934 2 220 734 1146 517 190 656 1643 877 666 1018 902 546 1350 348 1404 410 2374
131.5005
60.9845

145 164 177 253 380 493 638 748 1215 1527 1769 2018 2180 2300 2532 2693 3247 3278 4387 4454 4785 4982 5274 5421 5988 6185 6302 6325 6572 6589 6609
699 286 1052 2 934 1146 690 1018 190 194 220 2377 666 773 534 734 60 1221 656 1200 959 785 1404 196 1287 682 82 1065 787 986 1350
112.0561
54.488

0 247 345 976 994 1462 1653 1662 4142 4442 6447
699 286 1052 666 690 439 322 2 534 656 1274
46.2557
21.759900000000002

393 584 986 1745 1996 2317 2521 2543 2572 2619 2774 4288 4817 4947
699 1052 286 690 220 322 934 517 483 977 247 1274 2013 190
59.2517
29.9442

584 1550 1555 1586 1759 1942 2374 2543 2644 2716 2934 3110 3780 4036 4233 4949 4997 5062 5245 5350 5458 5895 6070 6866
699 286 1052 690 934 483 2 734 1146 775 322 902 666 1221 220 1806 773 1274 1350 1055 430 1018 991 1065
143.4423
65.956

270 542 800 1021 1123 2952 3777 4532 4847 5804 6013 6105 6318
699 1052 286 734 2 1221 690 666 1146 1643 255 656 1404
66.8382
33.0328

53 1014 1366 3321 4262 5245 5761 6083 6447 6749
286 699 1052 517 220 773 1221 2 666 934
52.8162
27.4919

140 514 684 699 972 2338 2786 3126 3574 4211 4673 5594 6050 6154
286 1052 690 2 666 517 934 1274 734 1221 1146 902 508 322
108.6538
59.4097

841 983 1133 1396 1527 2658 3575 4194 5281 5496 5903
699 286 1146 190 1052 60 1405 1374 1018 430 905
31.2609
19.5215

446 1124 2115 2405 2752 2820 4649 4676 5274 5316 5505 5669 5713
699 2 934 190 286 82 4 1200 207 144 1216 887 886
24.4328
16.2412

380 421 429 1711 2348 2483 3351 4288 4535 4703 5811 6169 6557
699 286 1052 934 734 255 322 511 230 1018 194 1146 1586
41.5566
23.0368

398 977 1051 1537 2226 2483 4982 5615 5758 5851 6151 6833 6894
699 286 1052 2 220 666 517 734 322 1221 546 690 511
62.3981
29.1557

54 66 125 134 438 748 878 949 1858 1955 2489 3387 3641 4053 4292 4886 4947 5316 5334 5919
286 699 1052 190 546 2 483 934 194 656 666 1221 734 517 508 1350 322 439 220 902
103.1792
47.072

130 414 531 959 1187 1357 1577 1766 1828 3110 3126 3398 4285 4753 5119 5747 6078
286 699 483 1052 934 220 734 1221 190 690 517 534 2374 1011 322 247 656
105.4815
47.9746

247 401 681 914 1067 1357 1959 1971 2501 2535 2815 2828 3814 4107 4394 4552 5057 5352 5588 5774 6088 6531
699 286 1052 483 1146 2 1221 934 508 2377 322 773 220 1055 1018 666 534 430 877 1072 533 682
99.51480000000001
48.063

18 187 490 644 1029 1327 1420 1945 1987 3905 4002 5063 5223 5240 6433
699 286 1052 934 902 666 322 1065 734 962 796 546 1404 1146 1277
50.652699999999996
26.1035

408 878 921 967 2012 2791 2801 3478 3753 4189 4532 4782 6250
699 286 1052 666 734 220 690 517 2 934 534 1221 483
110.544
54.9568

196 386 519 694 813 942 1145 1160 1551 1565 1812 1833 1857 1942 2335 2528 2752 3365 3417 3794 3866 3904 3972 4015 4273 4458 4634 5487 5851 5952
699 286 1052 666 1221 690 483 2 517 734 773 1146 322 4 1350 1183 220 1018 2374 2377 877 348 1404 656 714 1021 1055 236 1072 1374
115.3781
54.7261

44 506 640 765 819 841 1818 2871 3024 3411 3673 4394 6678
286 699 1052 322 517 2 902 546 934 220 775 666 1054
57.6505
28.7455

60 228 287 394 478 562 1432 1589 1721 1955 3622 4532 5335 5411
699 286 1052 2 1221 666 220 690 934 194 734 2374 322 1146
104.9902
49.538000000000004

79 144 308 490 979 1057 2415 2786 2897 3214 3432 3948 4107 4264 4427 4431 5011 5128 5151 5532 5535 5850 6113
699 286 1052 2 194 1221 934 220 322 690 190 902 656 508 959 196 1065 682 1289 1089 538 666 886
79.6468
39.6133

197 408 421 664 841 1101 1404 1820 1839 2348 2786 3972 4510 5011 5470 5978
699 286 1052 2 690 934 517 666 483 734 1146 220 1221 508 656 902
122.15559999999999
60.5972

185 214 287 401 412 743 1418 2461 2996 3741 4431 4848 5062 5129 5731 6792
699 286 1052 483 690 2 220 534 959 194 682 1146 190 773 546 1806
76.5963
35.9978

542 878 983 998 1342 1395 1459 1868 1959 2271 2801 2811 2920 3178 3387 3989 4381 4581 4632 4860 4998 5908 5937 6177 6900
699 286 1052 734 775 690 220 934 1018 194 546 322 2 1221 1643 1274 774 902 58 666 776 483 644 1200 936
90.9785
43.8359

87 373 940 1395 1498 2261 3462 4142 5026 5952 6967
699 286 1146 1052 190 775 666 774 2013 2384 322
42.341300000000004
23.6804

534 1456 1539 1619 1656 2791 3473 4427 4856 5233 5994 6463 6887
286 699 1052 734 483 2 1221 1065 934 430 666 220 690
61.3978
30.2295

133 134 144 166 252 787 922 998 1021 1264 1456 1495 1527 1642 1653 2647 3121 3318 3447 3830 4017 4440 4552 4860 4972 5026 5278 6089 6447 6799 6833
699 286 1052 734 1146 775 190 220 690 934 60 1643 959 2 1018 546 656 2377 247 1221 194 483 747 2013 409 534 196 877 644 439 2374
132.5818
63.5558

79 780 797 1128 1461 1537 1878 2415 3417 3818 4698 5240 5293 5314 5436 5460 5635 6358
699 1052 286 934 734 2 666 776 1643 538 902 220 1065 236 877 2374 936 991
53.4203
29.5423

710 904 915 940 986 1029 1056 1227 1628 1891 4053 4285 4375 4420 4995 5007 5244 5624 5832 5943 6262 6614 6707 6738
699 1052 286 690 2 666 934 1146 1274 517 2374 656 1018 1183 220 682 902 60 430 990 483 1065 82 768
101.3031
48.1137

60 82 160 977 1325 1619 1687 2243 2634 2647 3022 3346 3769 4916 5240 6185 6766
699 286 1052 690 483 2 517 666 220 934 430 546 322 1221 734 194 190
160.3802
77.1499

232 634 942 998 1745 1820 1848 2567 2818 4003 4518 4578 5854 6088 6146 6614
286 699 2 1221 934 1052 1018 190 1402 1146 220 508 902 1350 1072 409
54.4029
28.6917

8 197 1170 1264 1791 2012 2340 2405 2811 4306 5233 5520 5575 6050 6243 6302 6357 7049 7092
699 286 483 1146 902 190 1052 934 60 656 1350 7 1018 82 1247 773 30 905 145
46.2019
28.1808

408 550 878 1052 1550 1579 1967 3245 3866 4053 4262 4712 5145 5765 6531 6700
699 286 690 2 483 934 517 666 734 1146 322 220 508 773 656 2013
150.60739999999998
77.576

53 125 179 364 684 755 795 797 940 1220 1876 2030 2194 2567 2647 2682 2776 3312 3473 3734 4002 4324 4428 4487 4525 4649 5246 5436 5716 5850 6105 6572 6833 7055
286 699 1052 934 2 734 1146 322 690 190 1221 517 1277 902 775 30 1247 1405 959 410 1274 1018 247 905 1643 666 1021 656 538 409 746 144 1200 58
96.5016
48.5614

287 427 461 496 763 893 915 986 1021 1665 1735 2413 2540 3100 3222 3375 3411 3780 3953 4233 4388 4581 4864 5317 5532 5575 6105 6113 6250 6314 6755 6806 6833 6877 6969
699 286 1052 690 483 220 734 934 959 2 322 194 190 2374 1221 430 902 533 1643 775 1374 534 682 546 746 230 410 207 936 517 1274 1247 82 1018 714
149.6542
69.6733

82 273 308 314 685 1264 1266 1274 1776 1856 2374 2378 2413 3375 3614 4003 4246 4255 4266 4388 4655 4686 5007 5716 6538 6673 6956
699 286 1052 2 934 690 517 666 1146 775 1221 483 430 734 322 410 656 533 1018 902 959 546 1350 644 796 1277 1247
176.9064
84.3286

356 419 780 958 1215 1322 1386 1510 1792 2041 2275 2319 2333 2626 2634 2828 3968 4189 4292 4949 5239 5481 5528 6433
699 286 1052 934 2 483 690 1146 666 2377 546 220 991 959 1018 1404 430 734 1350 656 2374 534 538 511
145.3122
67.3226

110 227 764 918 1216 1221 3178 3462 4211 4958 5011 6484
699 286 1052 2 934 690 1018 1146 1806 902 959 666
84.6626
43.8178

235 986 1101 1136 1220 1710 2271 2333 3819 4244 4864 4998
1052 699 690 286 734 1274 1404 1643 58 1405 2374 236
46.8708
24.1991

163 809 915 1146 1409 1921 2324 2338 4015 4017 4233 5026 6186 6243
699 286 1052 934 1221 734 2013 1018 775 517 2377 1643 902 220
85.3154
43.5445

87 481 942 1016 1051 1209 1341 1448 1456 1586 1848 2465 3054 3230 3365 3413 3417 3713 3848 3898 3941 4428 4634 4804 5352 5374 5505 5528 5779 6004 6578 6673
699 286 1052 934 2 690 1146 322 1018 666 1221 991 902 682 877 720 1289 785 508 538 1055 1054 1274 1402 439 1072 1021 483 1277 410 1350 2013
114.1655
52.1262

166 243 558 868 1404 1498 1636 1930 4194 4424 5010 5407 5716 6343 6812
699 286 1052 690 934 1221 2374 1146 959 322 1018 1277 1021 734 877
85.4562
42.2515

227 467 634 1005 1291 1359 1385 2116 2489 2520 2599 3399 3885 3941 5289 5779 6016 6760
699 286 1052 2 322 934 483 508 656 666 902 1018 734 1146 768 775 1274 220
79.278
36.345600000000005

245 506 844 972 1075 1266 1432 1567 1857 2478 3117 3178 4492 5033 5062 5481 5542 6157 6447 6631 6745
286 699 1052 934 2 666 322 1350 1195 1274 1402 220 734 331 990 902 1846 905 247 410 1709
64.3772
35.9111

115 396 428 536 668 685 1021 1357 1423 1567 1698 2065 2310 2405 2418 2489 2725 2729 2776 2795 3475 3777 4062 4246 4638 4857 5727 6088 6132
699 1052 286 483 2 934 666 773 734 322 690 508 656 1221 546 517 902 1350 220 1055 2013 2374 1146 959 2377 194 1643 429 1089
133.8547
60.0843

42 66 660 721 1019 1101 1157 1282 1357 1386 1555 1596 1612 1947 2117 2379 2682 2934 3060 3214 3830 3887 4505 4583 5299 5435 5624 5707 6030 6288
286 699 1052 690 2 934 656 666 734 1018 775 190 508 746 1350 439 410 785 1277 773 1374 2377 483 322 1065 7 1247 1404 1806 714
110.28059999999999
51.3114

214 743 1423 1513 1923 2076 2795 3338 3413 4476 5152 5806 6679
699 286 1052 959 190 690 483 546 1072 1146 746 2377 991
59.4629
28.9679

854 977 1005 1459 1798 2300 2693 3054 3851 4334 5707 6196 6534 6614 6678
286 699 1052 2 1018 666 1146 690 546 902 322 1350 1055 430 1643
50.4763
26.7136

707 841 1344 1362 1928 2306 3309 3432 3855 6442
699 286 2 1052 656 1146 734 666 934 517
66.05420000000001
33.9839

507 1544 2323 2340 2358 4492 4542 5152 5470 5542 5754 5903 6327 6547
1052 699 286 666 2 746 690 796 1404 2377 768 733 747 194
46.285
24.2689

47 91 212 481 506 1253 1304 1344 1461 1559 1721 1975 2492 3321 3972 6812
699 286 1052 934 666 1146 2 82 322 483 220 734 1221 190 1350 690
90.2006
42.7154

12 334 412 559 562 787 915 1341 1636 2322 2957 3511 3704 3813 3855 4162 4839 5194 5731 6074 6433 6442
699 286 1052 483 934 2 734 331 82 1350 220 775 546 773 666 902 690 1221 7 430 905 1277
98.0047
49.0491

232 348 471 515 1264 1280 1463 2906 3041 3713 3738 4387 4420 5065 6418
699 286 1052 483 546 322 1018 2 775 656 508 934 220 690 517
77.39789999999999
36.5203

144 216 920 1052 1101 1403 1406 1425 2247 2279 3490 3935 4036 5274 6132 6243
699 286 690 190 934 483 1146 322 517 2 220 734 666 508 1183 2374
125.2653
63.4456

40 121 128 446 559 1362 1371 1474 1875 1883 1923 2182 2235 2483 3356 3490 3721 3781 4627 4947 5317 5389 5556 5783 5848 6493
699 286 2 1052 734 1221 190 690 666 959 2377 656 517 1146 1405 934 773 348 2374 220 1200 322 877 60 902 1072
122.1107
56.2414

82 640 1003 1224 1232 1281 1510 1914 2589 2811 3581 4958 5145 5761 5846 6677 6956
699 286 1221 1052 517 1146 2 1018 666 2377 734 430 220 959 331 1404 1274
72.8201
38.2911

177 270 707 1157 1161 1366 1793 1987 2535 3075 3970 4453
699 286 1052 517 2 934 656 220 322 666 775 538
56.7118
30.1292

286 346 521 854 1253 1383 1618 2115 2716 4472 4915 5244 5851
699 1052 690 666 517 2 1221 656 483 322 775 734 1146
93.9256
49.2709

192 995 1050 1160 1253 1551 2430 2693 2725 2904 2920 3041 3775 3813 4255 4735 4788 5129 6107 7055
286 699 1052 666 734 1146 959 483 773 220 1274 902 236 984 1404 1055 348 2013 656 1989
60.4134
30.6849

364 699 734 766 1170 1587 1592 1709 1710 3625 4387 6493 6714
286 1052 934 690 322 1221 666 1146 2 2374 517 656 902
133.1944
76.6581

79 314 545 639 976 1280 1914 2011 2183 2275 2826 2984 3161 3173 3211 3338 3545 3830 4049 4136 4152 4182 4194 4597 4625 6389 6466 6894 6929
699 286 1052 690 2 666 220 322 538 546 2374 1277 430 1374 1404 71 934 247 1350 533 1072 902 508 82 656 1146 410 991 1247
89.646
43.742

36 397 734 902 1215 1656 2228 2626 2934 2962 2983 3278 3338 3968 3989 4002 4053 4136 4306 4587 4673 5033 5588 5854 6073 6474 6589 6906 6956
699 286 1052 2 934 690 666 322 877 220 785 1404 2374 546 714 1146 1055 1463 682 331 656 410 1200 1195 1350 348 821 1277 1221
108.9738
56.806

486 494 767 1403 2284 2695 5335 5811 5887 6089 6673
286 699 934 1052 220 1018 666 511 936 534 1677
31.3645
17.826900000000002

684 1947 3377 4055 4458 4538 5421 5615 5695 5919 5943
699 439 517 1052 1018 690 2377 1274 1287 747 1054
29.1331
16.3527

34 37 81 168 416 482 763 774 797 939 1227 1370 1420 2152 2319 2335 2567 4544 4568 4782 4997 5436 5578 6152 6190
699 286 1052 190 934 773 1065 666 517 1146 2 1221 194 902 734 690 1021 144 775 7 656 1018 546 409 1247
105.679
49.9499

26 783 797 847 915 979 1082 1213 1605 1618 1710 1743 1858 2093 2577 3024 3338 4273 4518 4997 5077 5450 6146 6547
699 286 934 1052 546 517 220 690 666 60 82 190 773 2374 533 1643 902 2090 534 58 538 682 747 1350
88.9474
42.743

467 505 536 658 740 788 790 1327 1653 1936 2460 2658 3848 4068 4458 4525 4544 4806 4824 6591 6621 6721 7067
699 1052 286 666 2 483 934 690 734 902 220 508 1277 785 517 410 656 1350 775 714 533 190 746
82.5748
38.7723

373 1089 1124 2776 4379 4855 5070 5246 6107 6382
699 2 286 734 190 1277 331 508 1350 1195
33.6986
17.1036

851 958 1011 1014 1544 1653 2835 3060 3161 4507 5723 6219 6622
699 286 1052 690 666 2 773 656 959 734 1146 1221 934
99.31530000000001
48.1288

87 1098 1136 1274 1425 1474 2271 3321 3575 3750 5411 5535 5615 6083 6547
286 699 1052 934 1221 2 517 220 877 322 1350 690 1146 508 58
71.1412
36.7395

345 393 515 907 1011 1016 1362 1420 1592 2048 3007 3024 3355 3775 3819 3916 4273 5499 5846 6906
699 286 1052 1146 690 1221 2 656 934 517 666 1404 220 2377 322 1643 534 1072 1200 734
88.9368
41.4734

252 643 915 1034 1072 1423 1921 2323 2540 3022 3164 3222 3288 3391 3413 3727 3769 3908 4178 5053 5538 6220 6408 6463 6678
699 286 1052 666 934 322 483 902 2 1018 220 1146 682 690 1221 746 517 936 1404 2374 1544 82 4 1402 331
103.98780000000001
51.7055

109 270 306 878 1053 1385 1636 1717 1750 1752 2300 2983 3851 3942 4246 4273 4410 4712 4839 4855 5041 5070 5119 5152 5209 5611 6262 6418 6572 6894
699 286 1052 2 666 690 902 734 656 546 322 1405 1277 934 511 1404 7 1146 1072 220 1350 1274 1065 768 255 508 905 714 1067 774
91.2435
46.946

139 681 800 1005 1075 1209 1611 1792 2333 2358 2774 2920 2962 2996 3164 3447 3729 4532 5337 5529 5978 6887
699 286 1052 734 1221 934 1146 2 902 220 410 666 1274 1404 533 1018 2033 236 1089 690 1011 534
82.6889
39.5366

783 2093 2180 2414 2702 3916 4538 5529 5535 5703
286 699 1052 902 977 1677 1350 2 2090 714
23.9896
15.0108

44 60 401 408 496 844 1051 1183 1357 1459 1544 1721 2268 2503 2631 4631 4675 4806 5352 5578 5738 5832 6312 6956
699 286 1052 2 666 690 220 517 1221 934 734 2374 1018 902 483 747 775 322 190 508 773 430 796 682
197.9792
96.5655

334 438 696 760 804 1058 1848 3912 4326 5832 6088 7092
699 286 2 1052 934 690 517 508 734 1350 1072 787
61.9636
31.0402

190 380 438 3178 3729 4552 4627 4649 5065 5496 5854 6083
699 286 1052 2 517 934 483 1221 690 194 1072 508
83.9492
40.4749

293 490 755 975 1391 1656 2313 3942 4273 4440 4705 5826 6504 6969
699 690 734 286 666 322 902 1247 1067 1274 796 747 1056 409
33.82
18.9097

197 226 486 761 847 851 959 1072 1214 1279 1404 1423 1721 2304 2379 3217 3398 3545 3908 3985 4399 4552 4621 4958 5229 6358 6738
699 286 1052 2 934 666 1221 734 483 690 220 1018 1350 1146 796 331 190 2374 776 517 322 534 775 886 936 1021 1374
156.5769
73.1015

127 783 893 1295 1612 1955 2871 2962 3007 4907 6077 6169 6714 7055
286 699 1052 690 190 775 546 322 1221 1089 877 788 656 1067
48.3582
25.3605

32 37 211 245 401 777 976 1030 1227 1361 1418 1474 1551 1857 1971 2030 2117 2226 2572 2581 3117 3217 3375 3712 3767 4181 4854 4947 5771 5904
699 286 1052 666 934 690 773 220 902 1018 734 1055 1146 2 1247 959 1221 322 877 1200 746 483 517 1065 430 1374 7 2374 1183 1930
120.7054
57.4812

179 531 639 1215 1361 2658 2920 3100 3767 3794
286 699 1052 2 483 734 934 690 666 714
55.9843
26.9341

641 1462 1643 1959 2269 3156 4055 4136 4306 4427 6014 6408 6766 6812 7002
286 699 1052 1221 934 2 322 331 1146 690 1018 190 1065 1404 666
65.4642
34.4316

36 166 253 398 515 565 1004 1123 1145 1187 1322 1342 1559 2319 2729 3078 3475 3854 4049 4391 4972 5129 5785 6414 6721 7067
699 286 1052 2 690 483 534 773 517 1146 959 656 322 1221 666 194 1018 508 775 1274 714 1011 1089 247 536 1374
98.2287
45.8697

134 994 1120 1132 1891 1965 3288 3309 3347 3581 5161 5283 6474
699 286 1052 546 60 517 534 666 2 936 483 656 145
52.0299
27.3331

231 286 334 364 414 696 995 1141 1281 1357 1601 1793 2801 3641 3704 3741 3968 4244 4675 4970 5128 5283 6004 6078 6312 6382 6484 6591 6622
699 1052 483 734 934 690 220 656 1221 322 517 666 902 2374 1350 546 331 682 2 533 1214 787 430 1287 959 1146 348 775 746
127.2623
62.2671

3 986 2257 3169 3222 4420 4847 5191 5246 6760
699 1052 286 690 1146 483 734 773 1643 220
57.1558
29.3828

179 227 505 601 942 1054 1328 1342 1347 1730 1793 2035 2919 3709 3750 3779 3854 3985 4038 4262 4591 4672 4819 4871 5171 5256 5789 6641 6643
699 286 1052 2 734 690 1221 934 666 877 322 220 1018 902 508 773 2377 1289 2374 1277 410 796 4 517 714 905 1021 768 990
117.3806
54.6701

25 206 419 975 1132 1227 1395 1498 1527 1577 1589 1600 1805 1965 2427 2489 2870 2937 3024 3078 3161 3419 3703 3775 4266 4440 5415 5749 6677 6792
699 286 1052 666 2 1146 517 690 734 775 483 934 60 1089 190 2377 430 1350 508 656 902 247 533 1221 546 1247 2384 768 1402 644
117.309
55.5554

398 638 658 694 745 940 1577 1699 2317 2348 2567 2871 3230 5281 5411 5804 5850 6317 6432 6463 6823
699 286 1052 1221 2377 690 1146 517 934 1350 1072 220 190 714 775 1402 991 331 546 788 682
80.47579999999999
37.6537

90 145 226 246 346 514 1054 1099 1113 1620 1983 2319 2702 3288 3866 4375 4703 6389 6526 6549
699 286 2 1052 2374 666 1221 934 220 690 1065 1146 959 2377 796 322 1402 773 194 1677
97.7905
46.9799

8 163 1415 1551 1923 2107 2805 3948 5147 5669 5848 6105 6792
286 699 1052 959 1221 190 350 2377 666 60 1146 1055 145
44.0936
24.4945

109 746 1420 1664 1740 1928 2427 2430 2996 3375 4006 5316 5748 6047 6766
699 286 1052 690 934 1221 322 734 666 410 902 747 230 1287 682
62.1303
32.3638

140 490 1018 1366 1386 1425 1605 1752 2117 2269 2323 2626 3178 4145 4785 4839 4949 4951 5528 5783 6622 6714 7002
699 286 1052 934 2 517 1221 734 1350 220 2377 2374 902 483 508 538 773 2090 1289 430 1065 60 1277
93.4883
48.6565

79 766 813 1018 1102 1676 1793 2012 2094 2358 2752 3814 3852 3856 3975 4805 4871 4921 5525 5683 5695 6329 6558 7002
699 286 934 1052 1221 2374 331 734 2090 1643 2 902 936 410 1146 656 1287 984 1021 967 409 922 1065 1862
75.5338
39.768100000000004

125 252 366 422 632 854 907 922 1123 1839 2243 2325 2528 2590 2983 3855 5033 5153 5244 5635 6833
286 699 1052 656 666 734 546 773 220 1643 796 30 534 1350 1018 508 2374 787 439 511 1862
63.1404
34.7533

216 478 644 1896 2322 3951 4178 4189 4938 6325
699 286 1052 2 1221 322 690 220 902 666
58.7248
28.4111

64 196 766 912 1082 1589 1618 1750 1793 2418 2476 2756 2776 3100 3833 3906 4353 4542 4839 4981 5256 5450 5499 5613 5698 5748 5806 6300 6314 6643 6894
699 286 1052 934 517 483 220 322 1221 666 656 690 984 1089 902 534 1146 1247 1643 255 714 1350 190 967 1183 1374 936 905 247 1404 533
103.1349
52.1436

52 287 467 783 902 1075 1219 1376 1721 1776 1875 2284 2751 2972 3511
699 286 1052 666 690 534 2 2374 877 194 796 1404 785 4 1247
76.2023
39.4007

63 195 386 490 796 819 829 982 1701 4735 5695 6160 6325 6591 6963
286 699 934 1052 2 666 734 656 902 773 410 1350 1065 1067 644
73.2656
35.5933

1145 1215 1516 1740 1751 2413 2835 2962 4673 4817 5171 5289 5317 5493 5683 5699 6115 6673
699 286 1052 934 483 2 959 656 821 1405 902 666 410 785 1350 788 1200 1021
63.1861
33.8038

126 140 145 197 346 804 1132 2406 2785 2897 3176 3340 3875 5070 5407 5754 6433 6631
699 286 1052 2 194 483 734 517 60 666 1018 82 190 322 1065 986 934 690
73.9017
36.7072

79 212 364 416 535 641 696 967 1282 1555 2348 2471 2483 2539 2732 2815 2870 2972 3614 3769 3885 4288 4391 4440 4587 4597 4625 4819 4907 5152 5326 5353 5435 5458 5520
699 286 1052 666 934 322 483 2 1221 190 690 508 1146 656 220 1018 902 511 734 959 255 1274 144 331 986 1021 534 1065 432 41 1347 196 773 439 194
127.2798
57.7044

66 787 788 816 1739 2996 3469 3641 4518 4839 5330 5467 5854 6317
286 699 1052 2 734 1221 656 934 666 410 775 2377 902 644
67.5934
32.742

506 1101 1111 1322 1463 1896 1923 2888 3856 4661 5326 5449 5695 6766
699 286 1052 934 1018 2 690 1146 666 1221 322 190 331 959
69.4102
34.9333

356 760 949 1113 1555 1587 2235 3078 4472 4920 5701 5713 5807 6411 6967
699 286 690 1052 1146 190 734 775 656 508 2 2384 322 902 1287
59.2767
30.7941

139 608 1123 1527 2729 3132 3447 3767 4353 4806 5299 5436
699 286 1052 220 773 322 190 1146 60 439 410 508
45.0248
25.0102

363 416 1216 1359 2142 2719 2920 3279 3355 4420 4597 4687 5041 5127 5337 5671 6631 6738 6833
699 286 2 934 734 902 1052 190 1221 666 775 1643 656 1274 144 483 1011 1806 350
68.3965
34.0452

115 226 253 640 1216 1517 1870 3738 3783 4379 4597 5848
699 286 2 666 1052 1221 934 220 1146 2377 534 796
43.1364
23.0725

126 594 1018 1281 1513 1597 2182 2540 2577 2952 3022 3162 3279 3904 3982 5171 5611
286 699 1052 1221 483 934 1146 2377 902 517 331 666 936 1643 546 1072 1065
62.847899999999996
34.311

166 419 1123 1662 1883 1891 2012 2572 3375 4139 4350 5858 5896 6107 6677
699 286 690 2 959 2377 1146 322 439 902 60 517 785 656 1586
41.1344
22.4359

44 121 543 640 986 997 1743 2322 2400 3419 3712 3830 3875 4410 4518 4538 4591 5458 5615 5875 6433 6760
699 1052 286 690 517 546 934 734 220 1274 60 1146 533 322 1374 1018 984 58 534 1183 331 1055
97.2369
43.244

60 226 523 601 634 793 854 995 1448 1721 2076 2826 3075 3222 4262 4687 5219 5435 5436 5542 5638 5731 5826 5848 5904 6153 6250 6643 6785 6806 6812
699 286 1052 2 690 666 220 1221 483 1146 902 734 194 2377 1018 190 796 322 410 331 439 787 747 1404 1405 959 775 1543 929 236 886
122.4044
57.3239

37 128 531 550 994 1074 1264 1328 1365 1597 2279 2952 2962 3318 4247 4373 5145 5152 5256 5611 5850 6439 6894
286 699 1052 2 690 656 483 666 1221 190 934 508 1404 534 538 959 902 546 247 1072 1089 1018 785
85.3911
41.657

3 144 234 550 758 921 939 940 1146 1236 1456 1579 1812 2149 2358 2377 2805 2856 3727 3753 3855 4735 4839 4947 5171 5690 5697 5804 6132 6572
699 286 1052 2 690 934 483 1221 734 220 2374 322 190 877 1018 666 1065 959 1643 720 902 71 194 1350 1806 508 773 255 1544 1347
158.473
76.8203

575 743 1117 1236 1383 1462 1717 1987 1996 2820 3704 4247 4410 4649 4864 5119 6358 6493 6599 6766 6906
699 286 1052 690 2 734 190 666 656 959 322 82 483 934 220 1072 1374 2374 746 992 508
85.81060000000001
40.3199

20 42 139 366 654 685 808 976 1098 1221 1282 1291 1396 1423 1750 1891 2972 3178 3475 4324 4533 4716 4981 5494 5697 5807 5812 6157 6411 6484 6638 7092
699 286 1052 934 1146 2 690 902 190 2377 1018 656 331 1287 1350 2384 1677 1089 1709 517 2013 546 1405 410 1065 666 785 41 877 1214 1846 796
134.6496
67.3859

118 307 979 1653 1820 1996 2304 2363 3117 5147 5697
286 699 1052 1018 1146 348 666 220 902 1677 483
44.2891
23.6082

536 566 787 983 1280 1342 1589 1597 1896 2540 2805 2904 3024 3351 3948 4002 4133 4453 4634 5538 5594 5804 6177 6262 6589 7083
699 286 1052 666 483 775 2 934 714 690 1221 734 2374 936 322 220 4 1055 644 194 1146 656 682 2377 905 229
89.0681
41.4495

34 98 243 412 531 644 654 707 765 1146 1405 1717 2094 2268 2521 2792 2953 2972 3121 3356 3916 4139 4392 4510 4775 5194 5210 6163 6463 6538 6806 6908
699 286 1052 934 483 2 1221 690 902 546 322 1018 734 877 656 1643 517 666 2374 773 1200 796 247 1011 1067 775 190 348 1195 1677 331 534
150.6486
69.5994

854 878 1342 1676 2757 2815 4017 5147 5256 5318 5713 6250
286 699 483 2377 1052 1405 194 4 1862 477 517 140
30.9898
19.540399999999998

243 356 419 478 681 1053 1118 1534 1585 1676 1917 1996 2828 3493 5315 5635 5754 5904 6358
286 1052 699 483 666 1221 220 934 902 534 546 1146 2 533 690 511 247 1018 322
96.4608
44.1759

109 168 334 486 893 1123 1347 1567 1685 2192 3775 3942 4017 4049 6438 6794
699 286 1052 2377 190 666 877 220 1643 1404 439 1067 1274 1195 2090 787
53.487899999999996
29.7986

37 90 177 190 231 232 343 550 862 1052 1341 1555 1642 1875 1936 1987 2729 3168 3176 3275 3311 3377 4082 4244 4388 4417 4675 4972 5875 6113 6894
286 699 483 690 934 322 517 2 775 2374 773 666 508 1221 220 1146 734 902 1277 410 1183 1404 1544 247 538 533 2377 1643 439 656 1274
153.6649
73.1974

808 976 1290 1357 1820 2572 2920 4997 5220 5312 6157 6484
699 286 1052 734 331 934 773 902 517 1350 644 690
53.9303
27.7241

206 395 506 813 1111 1215 1236 1462 1743 2906 3299 4133 4442 5194 5389 6302 6442 6764
699 286 1052 546 934 322 2 690 1146 517 190 1350 656 220 666 82 534 886
78.2833
36.9011

26 156 206 1005 1290 1420 1743 2269 2416 2725 2983 3192 3391 3411 3575 4357 4387 4687 4854 5012 5127 5624 5779 5887 6030 6794
699 286 1052 2 666 934 546 60 517 656 734 682 936 322 1054 508 533 1018 58 190 773 644 220 1404 775 534
111.7051
51.8443

346 632 942 1805 2093 2360 2476 2520 3871 4638 5505
286 699 934 666 1221 2 1146 1052 410 1018 1350
46.0321
23.9565

121 144 982 1128 1279 3741 4003 4062 4621 6641 6814
286 699 1052 734 666 190 220 656 194 2 773
49.5256
26.0087

140 473 668 844 1264 1280 1321 1592 1596 1709 1942 2015 2476 2831 3340 3389 4006 4581 4793 5229 5240 5807 6132 6185
699 286 1052 934 1221 734 1146 508 690 1018 2 682 1065 4 2374 959 1402 656 511 322 82 714 942 59
94.9496
46.684

211 912 959 986 990 1279 1391 1404 2324 4082 4583 5698 6317 6755
699 286 1052 690 1221 734 483 517 190 2374 220 1350 934 1274
122.2833
57.8969

367 1852 2658 3734 3769 3992 4053 5191 5638 6749
699 286 1052 1221 2377 1643 656 773 977 934
39.3549
22.2581

293 494 541 783 1381 1550 1975 2194 3164 3635 4158 4507 4661 5353 5458 5754 5858 5950 6160 6177 6302 6349 6622 6745
699 286 666 1052 1146 934 1350 220 787 1677 1221 1067 1402 656 967 905 821 1277 4 331 751 1463 768 495
55.665
30.697

8 196 343 438 455 538 841 959 1133 1274 1291 1344 1516 1551 1642 1656 1776 1883 1914 1977 3075 3855 3911 5316 5458 5578 5678 5754 5887 6074 6394 6573 6956
699 286 1052 483 934 517 2 690 1221 546 734 220 322 1146 534 190 1404 666 1350 656 1018 1374 902 511 533 2377 331 247 82 1072 459 1643 1055
181.6326
83.8734

160 247 306 460 473 494 562 733 819 1928 1947 2156 2247 2323 2483 2904 3462 3830 3951 3992 4507 5128 5229 5851 6673
699 286 1052 656 690 666 322 934 220 734 511 190 2 644 1221 546 773 229 483 350 508 959 255 902 787
97.4702
45.167699999999996

164 550 664 740 793 1374 1425 1642 2231 3176 3366 3819 3982 4410 5496 5695 6531
286 699 2 1052 690 934 746 1643 666 2090 322 1018 439 247 1146 1247 538
61.1684
30.4514

53 164 380 1374 1448 1891 2414 3972 3978 4533 4627 5520
699 286 690 2 1052 934 746 666 902 986 1247 796
45.2616
22.3936

156 1014 1030 1709 1875 2167 3217 3781 4068 4194 4442 5191 5449 5499 5734 5950
699 286 1052 1221 2 773 934 690 1146 1065 1350 1018 902 656 483 1989
91.3316
44.3946

20 460 519 668 681 755 764 793 998 1004 1404 1559 1587 1610 2065 2541 2820 2860 4391 4571 4853 5190 5535 5587 5689 5771 5904 5983 6016 6146 6641 6749 6814 6866 7041
699 286 1052 2 322 1221 934 1146 666 902 690 190 1018 2377 331 656 1247 1072 734 2090 787 1350 483 409 4 410 877 1806 2374 2320 60 1021 82 533 1402
125.2064
59.8875

32 82 231 453 514 1628 1805 2065 2983 3222 3818 4101 4782 4793 5145 5245 5631 5698 6411 6538 6573 7067
699 286 1052 690 2 517 483 666 1146 220 1221 410 773 2374 2377 734 1287 350 4 348 2384 430
95.597
45.5527

253 453 922 1082 1209 1577 1605 1615 1678 1776 1811 1843 2171 2182 2243 2324 2662 3024 3156 3245 3413 4288 4492 4538 4655 4712 5190 5350 5534 5703
699 286 1052 690 666 2 534 2374 1221 1247 220 734 1643 1405 656 483 546 322 194 401 1350 236 255 902 1011 430 1402 929 247 544
105.7407
52.159

483 748 915 929 998 1344 1418 1643 1662 2013 2048 2156 2231 2406 2430 2776 2888 3156 3385 3704 3753 4246 4440 5011 5220 5846 6041 6433 6557
699 286 1052 934 690 1221 2 734 666 517 2374 902 220 331 322 1018 1350 773 430 1146 959 1247 82 1089 533 656 1677 190 877
199.8647
95.6768

18 231 346 841 868 1517 1589 2149 2240 2300 2402 2725 3779 3951 3982 3992 4388 4782 4857 5171 5314 5538
286 699 1052 1146 666 2 773 656 220 1247 410 902 905 934 533 1543 936 71 734 1347 322 1221
65.7436
34.1808

397 416 521 790 809 915 975 1111 1381 1383 1619 2013 2192 2275 2599 3673 3794 3832 3906 4082 4938 4939 5033 5045 5520 6327 6504 6572
699 286 1052 666 483 2 1221 190 322 902 734 220 1146 1404 934 517 2374 959 773 877 656 1065 534 690 1350 430 785 1072
148.7886
71.5981

110 521 534 541 584 681 783 918 1341 1359 1365 1642 1791 2300 2363 2469 3100 3247 3309 3738 4061 4535 5299 5858 5919
286 1052 699 483 1018 220 734 1146 934 690 322 902 666 959 1274 1221 430 1065 7 533 1643 967 2 1072 190
103.4637
48.385600000000004

247 287 410 584 654 783 841 923 1016 1137 1159 1291 1451 1719 2163 2644 3024 3302 3399 4181 4537 4591 4597 4698 4734 4997 5065 5738 5832 6126 6531 6702 6877
699 286 1052 2 483 1146 517 934 666 690 1055 220 1287 508 194 1018 322 534 902 1183 1586 1072 2090 190 546 773 1510 644 82 2377 1277 430 1402
131.3774
60.9224

197 295 410 1111 1113 1279 1403 1451 1751 2228 2320 2413 2430 2471 3247 3391 3727 3898 4661 5161 5316 5716 5807
699 286 1052 322 1146 483 2 1221 666 959 190 534 1350 2374 3714 1072 1055 682 220 2377 31 1277 942
103.7374
50.275800000000004

185 467 868 956 1098 1290 1965 1983 5062 5234 5587 5611 6046
286 483 699 508 439 1806 1065 190 71 773 1052 934 1347
32.2948
18.7203

26 140 363 471 479 592 614 1051 1075 1133 1171 1527 2320 2483 3309 3431 3810 4292 4793 5128 5240 5352 5415 5978
699 286 1052 220 734 1146 1221 60 656 508 190 533 934 942 666 331 71 160 511 1065 991 82 1350 459
83.0262
40.6491

64 373 422 851 972 1018 1295 1395 1456 1642 2171 2820 3625 3709 3767 3905 4244 4292 4373 4535 4951 5850 5896 6614 6894 6908
699 286 1052 2 1221 734 934 690 1404 775 1274 1643 666 190 991 902 322 2374 644 1067 656 1200 1277 220 247 1216
107.18599999999999
50.6122

0 47 483 542 1247 1928 1942 1971 2317 4189 4658 5734 5887 6956
286 699 1052 666 934 690 2 734 1221 220 517 322 1018 410
102.1791
50.9762

88 293 307 521 558 972 1012 1371 1474 3162 3417 3653 3777 4211 4353 4655 5330 5749 6613 6891
699 286 1052 2 690 1221 902 1055 1018 1277 1146 538 410 746 1200 934 905 877 348 1065
72.5176
36.544200000000004

32 54 481 1642 1719 1914 2013 3231 3885 3905 3906 4860 6078 6250 6679 6745 6866
699 286 1052 483 2 1221 734 190 1643 656 666 322 959 546 877 773 934
127.9193
62.4079

32 281 287 684 755 844 1579 1685 2469 2581 3022 3714 3906 4181 5062 5308 5421 5671 6302
699 286 1052 1018 666 690 322 773 2 517 734 934 1221 194 902 1350 534 1247 508
120.7486
57.7269

64 514 531 668 721 1295 2317 3622 3832 4334 4864 5299 5988 6160 6343
699 286 1052 2 483 934 690 322 734 1018 666 1643 902 534 656
55.3472
27.0972

20 134 273 306 373 394 565 1161 1227 1461 1600 2015 2100 2183 2268 2751 3222 3968 4189 4921 5077 5129 5151 5217 5239 5374 5460 6013
699 286 483 1052 190 2 220 60 934 546 82 534 682 902 160 1089 41 430 644 145 517 410 656 247 929 59 962 2013
90.4918
46.3642

115 253 366 660 1030 1386 1833 1862 2732 3282 3563 4433 4538 4552 4578 5077 5826 6438 7083
699 286 934 1052 2 1065 1018 775 734 902 690 1350 1247 2377 534 773 1289 746 1374
63.5887
33.0295

206 314 640 1628 1796 2716 3132 4006 4187 4233 4634 4753 4793 5127 5148 6152 6318
699 286 734 1052 666 775 656 773 220 714 1404 2 533 902 1277 1183 483
61.8471
29.6297

88 125 393 531 614 747 758 787 847 1160 1279 1291 1361 1516 1687 2228 2469 2785 2953 3054 3211 3311 3469 3734 4916 5487 5607 5689 5789 6343 6621 6760
699 286 1052 690 483 934 2 734 666 220 775 656 546 517 1018 533 322 1055 746 82 1146 785 929 534 959 331 720 714 1072 144 1274 776
151.21450000000002
67.89

37 270 306 684 844 915 921 939 977 1034 1111 1232 1247 1281 1559 1618 1711 2644 2693 2993 3024 3054 3126 3707 3941 4571 4886 5761 6866
286 699 1052 483 322 517 690 1146 2 220 1274 666 734 2374 430 1350 511 1404 682 534 1072 546 934 1018 1544 7 1055 410 877
126.64750000000001
62.2444

144 373 419 1052 1059 1214 1282 1366 1404 1458 1618 1698 1921 2114 2122 2906 3117 3162 3948 4334 4417 4934 5004 5535 5671 5785
286 699 690 934 1221 483 2 517 220 1018 322 190 1146 902 546 2374 508 1350 1183 666 734 1274 877 194 533 1405
154.6951
75.7769

32 90 185 519 562 736 922 997 1056 1117 1219 1290 1619 2120 2313 2589 2792 3278 3727 3832 3848 3912 4286 4457 4656 4970 5299 5930 6343 6714
699 286 1052 483 690 666 220 322 1274 1183 902 190 734 546 410 534 2 511 1544 544 2374 768 247 747 769 7 517 991 697 43
96.1685
48.4927

320 367 644 696 1281 1290 1361 1459 2820 2856 3161 4661 5671 5978
699 286 1052 666 690 546 322 1055 220 746 787 1277 796 483
75.4913
34.1186

356 364 535 538 558 1054 1145 1219 1365 1596 1856 1929 2325 2431 3275 3340 3347 3385 3734 3794 3955 4453 4638 4851 5151 5246 5281 5352 5807 5887 6812 6833 6908
699 286 1052 2 934 690 546 1146 322 1350 1018 746 483 2374 2377 902 666 682 959 1221 1677 936 1404 1055 220 656 785 4 432 734 331 1021 977
122.4726
57.3338

561 1141 1362 1585 1852 2702 2870 2888 3703 3794 4279 5588 6806
699 286 1052 2 517 934 666 1146 656 734 902 1221 773
68.7673
34.8702

346 486 498 1685 2156 2400 2461 2996 3789 4017 4817 5697 5880 6041 6749
699 286 1052 1677 2377 410 666 220 1146 902 934 1287 230 1402 2389
42.9994
23.4441

53 198 211 227 295 471 536 767 892 1102 1215 1383 1458 1619 2269 2774 3302 3391 3767 3970 4233 4649 4864 5008 5749 5774 5887 5903 6243 6432 6755 6956 6963
699 286 1052 483 734 666 934 2 517 322 534 690 220 1221 2374 714 1183 775 508 546 190 1806 656 60 682 2013 348 502 959 936 1274 495 1055
137.4575
64.2315

1067 1183 1585 1706 2243 2729 2792 4533 6677 6823
699 286 1052 2 1221 508 773 666 656 2377
86.1904
44.0305

126 134 460 893 1461 1699 1930 2340 3078 3356 3721 3775 3875 4262 4381 4886 5904 6794 6806 6877 6929
699 286 1052 690 2 934 322 483 517 666 190 734 1544 1404 60 656 991 2374 2377 990 1247
85.4801
38.475699999999996

140 1327 1357 1418 1605 1868 2415 2795 4247 4544 5062 5435 6643
699 286 734 508 2 1052 902 483 656 1806 1543 459 2374
31.7017
19.4089

145 364 416 1359 1856 3217 3819 3904 4353 4420 4433 5026 5770 5895 6078
286 699 190 1052 959 144 934 194 1065 322 656 483 546 1221 1018
59.7988
31.0684

1039 1113 1160 1365 2015 2041 2984 3413 4038 6250 6678
699 286 1221 690 746 1146 1404 1089 533 986 764
32.4186
17.1001

531 575 796 1171 1344 1495 2261 2469 3192 3230 3975 4168 4255 4387 4805 4907 5334 6357 6677 6969
699 286 1052 2 934 666 483 734 690 1146 82 2374 322 1350 508 2377 1065 2013 720 1247
106.3447
50.9169

26 428 804 836 1014 1341 1505 1592 2012 3347 3356 3478 4855 5128 6013 6956
699 286 1052 2 546 656 1221 773 690 959 934 194 734 2374 230 936
70.6287
34.1511

455 559 760 1253 1366 1721 2360 2996 3462 4791 5171 5281 6046 6534 6638
699 286 1052 483 690 666 1146 734 517 2374 439 959 322 538 534
88.4309
41.1303

592 658 800 942 1115 1601 5151 5635 6047 7067
286 699 1221 2 1052 1018 1350 877 1289 1146
41.4242
22.2441

55 211 231 483 561 2228 2340 2427 2503 2539 2581 2619 2732 2751 3178 3346 3794 3813 4458 4466 5352 5578 5631 5672 5806 6153 6250 6358 6894 7049
286 699 1052 934 1221 2 666 220 902 690 1146 1018 322 517 734 534 1404 533 1065 1247 430 410 546 2374 959 1021 3714 1405 693 579
127.9399
61.2787

226 286 531 1050 1059 2503 2934 3375 3875 4158 6310 6738
699 1052 690 483 2 517 934 666 734 902 959 546
91.1461
47.3621

55 755 986 1029 1321 1327 1592 2231 2276 2482 2543 3741 4157 4775 5683 6311
699 1052 286 690 2 322 902 934 508 483 82 2374 1274 2013 1247 1404
63.8923
32.0691

694 1089 1735 1776 3581 3611 4145 4658 5353 6311 6578
699 286 1052 734 934 2 666 1277 508 1402 2377
56.0117
27.2101

179 252 394 471 493 507 634 788 851 1062 1173 1423 1656 1717 1923 2662 2972 3045 4247 4280 4871 5171 5278 5337 5389 5505 5930 5983 6390 6484 6715 6969 7067
286 699 1052 2 934 690 220 666 902 190 194 322 959 2374 350 746 656 483 1183 82 773 255 1247 1195 796 60 236 775 1277 534 409 1374 905
106.3147
53.2943

52 66 84 214 435 490 566 1161 1875 2035 2430 3653 3848 4381 4440 4856 4907 4916 4920 5832 6146 6766
699 286 959 1052 546 775 734 190 350 1018 1183 886 508 773 236 747 255 1806 902 495 207 905
57.8148
31.8653

128 446 523 804 1527 2116 2658 2702 3800 3895 4040 4806 5151 5217 5470 5578 6077
286 699 1052 190 1221 2013 60 430 2374 1200 220 905 902 1347 1677 1374 1404
55.0931
31.259900000000002

130 247 1247 1290 2035 2418 3871 4703 4775 5145 5460 5734
1052 699 286 734 322 773 1274 690 1055 331 1544 682
44.9046
24.2426

397 429 1025 1458 1495 1539 2786 4907 5256 6016 6070
699 286 934 1052 322 1065 220 1146 1221 1018 1385
46.9651
26.5487

486 790 847 1160 1183 1236 1287 1291 1510 1579 1698 1977 3387 3405 4168 4381 5754 5846 5904 6160 6418
699 286 1052 1221 666 775 1146 2 2377 1018 934 734 902 546 322 1200 1404 439 82 959 785
110.4275
55.3538

196 394 427 432 479 493 942 1056 1125 1219 1628 1735 1870 2418 2791 3278 3729 3945 4791 5330 5520 5703 6442
699 286 1052 483 517 322 220 1221 902 690 533 934 2374 1183 1274 1018 666 534 190 905 1021 877 1543
97.8561
47.579499999999996

226 790 1405 1513 2465 2501 2631 3935 5747 6557
699 286 1052 2 666 1221 690 1146 934 877
60.384100000000004
30.6971

743 1117 1224 1910 2304 3753 3945 5481 5764 6439 6572 6707 7092
699 286 1052 690 190 2 934 746 220 1146 734 992 1072
53.7372
26.8531

3 11 232 363 783 1612 1959 2268 2469 3040 3898 3992 4061 5535 6160 6288 6394 6432 6474
699 286 734 2 666 656 71 160 1052 1183 936 1402 1259 144 787 2090 60 1072 533
46.3401
27.0722

3 518 586 654 967 1072 1209 1287 1342 1643 1752 1936 3311 3351 3911 4152 4264 4451 5312 5875 6047
699 286 1052 1221 934 517 1146 2377 2 331 1350 194 1018 666 1067 2374 902 905 936 1404 533
108.8696
55.5691

47 684 841 912 1005 1516 2826 3192 3469 3622 3741 3978 4672 5330 5458 5758 5812 6151
286 699 2 934 1052 690 483 517 1274 190 1146 734 2377 220 666 1104 7 533
67.4318
33.1836

53 190 211 878 1018 1287 1341 1396 1505 1759 1848 1942 2619 3230 3741 3823 3855 3885 4373 4442 4473 4938 4982 5065 5148 5611 6382 6418
699 286 1052 2 1221 690 934 666 508 773 517 322 656 483 1146 410 902 1405 2377 1200 1350 1021 2374 1643 734 1011 1277 747
144.364
67.8072

416 446 1280 1409 3186 3211 3922 5481 5937 6047 6186 6196 6508
699 286 190 1221 1146 1052 1018 144 350 331 1289 887 1021
38.9787
21.8961

454 1128 1848 2125 2599 2996 5012 6408 6599 6643 6792 6836 6893
699 286 2 508 934 483 1146 410 666 690 1806 773 1404
54.947
26.729300000000002

79 140 531 545 907 1039 1160 1279 1883 1896 1929 2012 2114 3911 4476 4805 4955 5229 5345 5832 6929
699 286 1052 483 1221 734 775 746 934 1018 220 656 508 1404 1055 682 2377 1065 534 459 787
60.352
31.6232

115 638 836 1209 1628 1665 2078 2414 2501 2521 2888 2920 3173 3905 4262 4431 4442 4809 4916 5127 6707 6766 6891
699 286 734 1052 690 775 220 1806 1274 401 236 255 902 991 656 746 984 2377 720 247 877 693 7
47.3776
28.562

1699 2962 3247 3375 3462 3777 3783 3905 4338 6169
1052 699 286 656 2377 1055 2 1146 508 4
24.615
14.0546

374 427 796 1534 1921 5470 5930 6073 6077 7002
699 286 2 1052 934 734 666 190 1065 508
51.3832
27.5367

660 760 804 922 949 1025 1050 2247 2729 4011 4145 4320 4410 5525 5635 5896 6836
286 699 1052 734 190 934 690 546 322 483 773 508 959 1018 534 220 746
72.2308
36.3151

196 273 366 641 1385 1791 2116 2319 2348 2501 2532 2590 3126 3346 3389 3887 4273 4472 5289 5326 5542 5565 5671 5846 5851 6438 6549
699 286 1052 666 483 690 1221 656 934 2 734 517 902 775 322 1146 220 773 796 1274 1018 508 785 236 1374 1806 247
128.5035
56.9138

81 185 191 536 566 760 796 825 1376 1947 1967 2819 2934 3121 3321 3340 3712 3721 4061 4338 4476 4535 4958 5210 5774 5848 5880 6621 7002
699 286 1052 734 483 2 690 666 1221 934 220 902 1018 656 2377 322 1146 508 517 773 410 1806 1247 1089 546 991 1065 785 533
134.0231
59.2644

109 494 994 1592 1839 1862 2476 2532 2920 2952 3100 3625 3871 4052 4062 4568 4920 5458 5493 6702
699 286 1052 690 656 934 322 666 902 734 483 773 1247 1274 775 2 546 1402 785 1374
96.0337
41.922200000000004

109 196 422 584 808 1082 1124 1927 2729 2984 3885 3972 4716 4788 4793 5217 5470 5698 5930
699 286 1052 322 656 483 773 517 934 690 508 220 902 1274 1183 666 785 82 1374
88.2316
43.238

11 228 592 614 716 808 915 1012 1067 1274 1383 1404 1559 1792 2320 2953 3132 3419 3819 4583 4673 4848 4982 5145 5578 5758 6014 6638
699 286 1052 1221 690 2 934 666 1018 220 331 902 322 517 546 1146 1350 533 1072 785 2377 1247 877 1277 508 1200 410 1065
144.9218
69.8235

8 63 1059 1160 1456 1579 2333 2795 2953 4068 4142 4145 4453 4972 5690 5811 6070 6088 6146 6276 6758
699 286 690 1052 1404 1018 775 546 322 666 902 1072 656 533 934 2377 82 1146 145 439 1216
63.2551
34.5857

20 66 195 428 514 813 1056 3117 3214 3895 4211 4442 4605 4686 4851 5450 5529 6276 6504
699 286 1052 2 934 690 902 1643 546 656 190 666 775 734 483 1089 1247 1021 230
97.9833
45.485

130 145 644 1290 1357 1811 3176 4793 4871 5330 5520 5952 6394
699 286 1052 322 934 690 959 902 666 1018 194 796 546
64.392
32.3016

187 490 1664 1921 2482 3054 3222 3347 4111 5190 5716 6929 7049
699 286 483 230 546 936 220 902 1052 579 409 455 1215
29.9552
18.6747

8 314 472 594 707 716 847 1057 1482 2937 3269 3714 4036 6715
699 286 1052 2 656 666 1221 934 690 734 1018 322 775 773
108.8236
52.5103

308 425 573 594 981 1054 1124 1125 1555 1653 2310 2702 2993 3563 3625 3635 4621 4675 4735 4788 4848 5458 5613 6126 6542 6758
699 286 1052 666 934 690 220 322 2 902 483 785 656 1677 2377 1274 1146 1072 1374 546 773 1065 534 796 247 1347
97.2278
45.6456

64 348 1004 1133 1610 3126 4734 4955 5147 5335 6126 6613
699 286 1052 483 2 934 517 220 775 546 1404 538
49.318599999999996
25.4272

20 54 1210 2374 3247 3819 5250 5675 5771 6311
699 286 1052 2 934 1146 690 190 546 902
110.8312
57.7864

216 643 1050 1241 1730 2695 3007 3462 4507 5104 6357 6812
699 286 1052 656 959 690 517 666 1404 322 565 934
40.466300000000004
21.8475

12 52 163 345 421 728 760 1003 1304 1550 1833 1945 2125 2139 3245 3351 3712 4387 4420 4656 4809 4857 5240 5846 6196 6547 6678 6906
699 286 1052 666 934 734 690 1146 322 1221 991 439 2 220 2377 1054 534 82 768 1200 656 1055 1065 1862 508 1072 902 1247
93.8499
43.7678

140 446 518 531 545 654 696 956 1011 1054 1405 2048 2065 2076 2152 5299 6151 6785
699 286 1052 1146 483 2377 1221 934 2 690 220 517 1677 877 734 1402 331 508
99.2657
47.8545

81 270 373 743 940 1022 1054 1220 1534 1862 2107 2532 2631 3164 3222 4621 5638 6115 6186 6311 6467
699 286 1052 690 934 2 483 1146 902 666 322 220 775 190 734 1247 1643 1221 1374 796 2377
95.7175
45.8078

211 453 825 851 1183 1628 1632 1857 1896 2171 2333 2572 2888 3278 3574 3727 3777 3903 4266 4440 4804 5004 6014 6050 6314 6447
699 286 1052 690 2 775 934 666 902 773 322 1221 517 734 1404 2377 1055 331 644 785 1862 747 483 1247 409 1072
106.7888
50.2161

127 483 740 1012 1029 1054 1072 1128 1228 1517 1676 1745 1852 1856 1992 2125 2820 3075 3387 3413 3712 3750 3968 4062 4068 4145 4353 4433 4587 4972 5496 5697 6083 6900 7055
699 286 1052 934 690 1221 2 322 1146 1018 546 517 902 1065 656 2377 666 1404 220 734 410 1677 2374 1247 936 1374 533 773 1274 2384 991 796 1021 1405 984
165.8306
76.5523

190 258 334 515 878 1544 1611 1664 1687 1883 2041 2306 2320 2513 2520 2540 2590 2626 2871 3377 3391 3493 4350 4420 4568 4578 4583 4791 5312 5467 5761 6196 6357
286 699 1052 483 934 666 690 517 1221 2 656 220 322 902 734 2374 773 194 1146 534 796 1350 236 1018 247 2377 546 682 410 775 959 439 1287
173.3353
80.3471

4 53 54 658 1016 1157 1359 1386 1425 1711 2752 2815 2831 3022 3830 4420 4661 4775 4995 5209 5210 6220 6439 6589
699 286 1052 1018 2 934 1146 483 666 2377 1221 902 546 773 1350 190 194 1404 768 1862 1072 59 1347 508
99.9269
48.7431

3 179 194 427 482 515 550 816 892 915 1118 1125 1432 2107 2120 2152 2333 2535 2567 2682 2776 3007 3312 3366 3848 4158 4324 4848 5209 5256 5407 5672 5703 6439
699 286 1052 517 666 734 483 690 220 2374 2 538 534 934 546 322 656 787 430 190 682 1404 58 2013 71 902 410 255 3714 1643 247 511 929 544
160.7391
73.8224

270 479 543 573 747 1052 1123 1464 1513 1600 1632 1868 2460 2792 2904 3054 3362 3387 3475 3968 4053 4168 4457 4949 5033 5196 5217 5389 5758 5777 5937 7055
699 286 690 934 2 322 483 546 1146 666 734 517 656 1274 2377 331 220 439 2374 1055 1221 508 533 1183 902 410 991 1374 785 1018 1544 1247
150.8285
71.7097

348 478 614 916 1183 1391 1589 1975 2012 2870 3132 3389 3405 3875 4233 4357 5127 5196 5220 5312 5848 6041 6433 6534
699 286 1052 734 1221 2 775 666 483 1677 934 220 656 331 690 538 902 1350 714 773 4 644 984 2374
120.9788
56.3878

156 206 956 1550 2324 2469 4981 5930 5937 6088 6169
699 286 1221 58 934 1195 666 1350 144 1089 1072
32.3729
20.1096

18 126 198 592 638 892 986 1328 1341 1359 1891 1921 2041 2235 2271 2358 2483 2888 3299 3478 3906 4187 4320 4466 4472 4775 4819 5493 6312 6467 6547 6715 6721 6794
699 286 1052 483 690 934 2 517 734 902 220 775 255 1221 656 7 1404 1274 71 2374 1862 959 348 887 58 1018 534 41 714 511 230 1183 409 716
115.0761
56.6997

66 421 545 780 1022 1124 1769 2415 2543 2792 3302 3734 3753 3985 4255 5525 5534
286 699 1052 666 934 220 517 1183 2 991 1405 657 1277 508 656 967 905
46.0767
25.6528

401 728 979 1210 1587 1927 2194 3819 4015 4461 4793 5246 5779 6196
699 1052 2 286 220 773 934 734 666 1018 322 1146 430 936
45.1549
22.6084

26 198 416 429 514 747 1295 1510 1535 1766 2241 2300 3321 3419 4995 5151 5520 5542 6358 6531 6707 6766 6894 7041
699 1052 286 2 934 690 322 902 666 220 734 1146 190 991 1221 230 2374 483 439 1274 1404 656 1018 82
122.3736
57.9845

3 972 977 1102 1406 1534 1618 1664 1751 2324 2415 2776 3563 4002 4273 5785 5908 6390
286 699 1052 483 666 1221 690 322 990 348 1146 546 2 1018 1274 1350 230 1055
70.0986
34.1515

156 190 247 253 395 550 634 787 854 959 1610 2114 2333 3192 3709 3887 4015 4246 4457 4505 4518 4578 4921 5148 5313 5690 6432 6900
699 286 1052 2 934 734 483 690 517 773 2374 322 220 656 1404 666 775 1221 644 534 1277 714 886 1274 1806 439 785 1055
182.9978
82.44

179 765 958 1051 1241 1973 2400 2539 3581 3750 3942 5293 5481 5748 6432 6558 6906
699 286 1052 934 2 1221 959 734 666 517 483 773 2374 538 430 220 747
87.5428
43.5905

20 38 258 287 825 1141 1611 1642 1862 2626 3269 3734 3833 4145 4375 4871 4939 4982 5161 5487 6613
286 699 2 1052 934 902 534 194 483 220 773 410 775 666 190 734 1643 247 1089 255 776
89.5412
42.6928

235 435 721 862 949 982 2406 2729 3462 3703 3781 4082 4819 5407 5683 6078 6534 6758
286 699 1052 2 934 1221 322 666 517 773 690 190 1350 1277 734 82 656 160
75.5712
35.2366

156 643 982 1039 3010 3318 3895 5308 5727 5854
699 286 666 934 1221 1052 2 902 656 58
40.4906
19.4033

190 584 1221 1322 1735 1796 3288 3833 4424 5645
699 286 1052 483 690 2 934 1018 517 1146
94.3199
50.6321

190 515 639 783 797 981 1113 1280 1344 1459 1597 1636 1833 1848 2241 2543 2662 2732 2791 3075 3356 4049 4055 4427 4473 4634 4847 5041 5194 6467 6589 6665 6707 6755
699 286 1052 666 2 483 934 734 1221 690 517 656 322 902 2374 220 1277 236 82 1065 439 787 1350 194 255 747 410 773 247 796 508 1146 7 959
143.0209
66.0909

8 134 461 658 766 1030 1069 1173 1656 1862 1975 2114 2182 2427 3741 3898 3968 4107 4492 4537 4591 4621 4860 5151 5556 5761 6153 6439 6794
699 286 1052 2 1018 734 934 1221 959 656 331 666 902 220 322 775 145 82 1183 1214 1065 1404 1677 60 2377 7 4 1247 1067
101.5231
51.0327

307 1157 1161 1459 1858 1868 2269 2725 3230 3945 5153 6327
699 286 934 190 1018 1052 1404 508 60 1146 2377 1200
49.2506
26.912300000000002

110 133 185 427 1174 1219 1577 1975 2271 2275 2313 2427 2906 3161 3432 3704 3800 4440 4734 4855 5535 5645 5887 5943 6484 6638 6665
699 286 690 1052 2 483 959 1018 546 1221 58 7 902 331 746 220 1350 747 145 4 734 247 936 495 796 1247 144
81.5858
41.969500000000004

395 481 685 788 958 1281 1462 2116 3431 3575 3635 3975 5033 5407 5806 6538 6677 6900
699 286 1052 666 934 2 959 734 322 410 538 2374 546 656 773 220 886 785
89.8854
42.0424

518 523 767 1034 1975 2856 3168 3269 3789 4053 4187 4525 4981 5240 5318 6833 6929 7067
699 286 1052 2 934 775 902 690 220 734 1146 546 1221 666 1277 483 2374 432
77.2738
36.7933

12 467 608 1266 1798 2235 3288 4273 4578 6484
699 220 690 666 286 190 82 714 586 905
25.2959
14.7848

46 177 190 428 486 531 625 829 893 1160 1174 1210 1694 1743 1812 1917 1930 2324 2483 3100 3156 3405 3625 3713 3814 4068 4353 4587 4860 4864 5223 5350 5779 6484
699 286 1052 483 322 934 517 690 220 546 1221 734 666 2 773 534 2374 247 656 538 959 430 1018 410 1055 1274 1287 886 71 682 1544 1404 511 41
168.4141
75.5207

198 747 1145 1209 1232 1385 1577 1579 1592 1868 2139 2268 3318 3431 3490 3813 4262 4537 4578 5153 5326 5703 5738 5777 5983 6631 7041
699 286 1052 934 690 1018 2 734 1221 331 902 322 666 1065 991 1146 1247 4 430 1200 508 1350 720 1072 644 230 410
107.8766
52.4707

126 681 763 777 1404 1516 2521 2644 2871 2882 2953 3269 3411 3813 4472 5695 5723 6591
699 286 1052 775 517 2 483 1221 546 902 690 533 1146 1018 734 656 410 682
96.5688
43.5394

226 467 654 990 1141 1601 2183 2801 2811 3060 3282 4632 5481 6707 6908
699 286 690 1052 934 2 220 734 1018 666 517 430 775 439 1643
75.4572
36.6954

694 699 847 1423 2125 2716 3022 4440 5435 5675 5943 6016 6074 6521
286 1052 2374 666 934 690 1018 734 1146 517 902 2377 1221 2
99.5121
55.0867

47 115 126 227 534 774 983 1328 1451 1730 2050 2634 2682 3186 3575 3851 3903 4427 4472 4938 5148 5389 6046 6300 6302 6394 7067
699 286 1052 483 2 775 517 934 734 1065 430 1221 220 656 1350 546 1146 773 1274 902 2377 666 1018 322 690 190 1067
131.9645
59.903999999999996

565 1146 1843 1875 2276 3469 3832 3975 4017 4052 4168 4847 5493 6325 6433 6806 6906
699 286 1052 934 734 483 2377 1643 690 902 1221 534 2 1067 322 331 656
76.7896
39.2924

168 286 494 1878 2269 3340 3473 4136 4734 4791 5307 6250 6578
699 1052 690 2 483 517 734 666 2374 546 656 934 322
86.2504
45.5741

53 922 1187 1539 2125 2897 2952 2993 3904 6250
286 699 220 483 534 194 1052 546 511 255
41.8787
22.6281

432 518 694 766 825 1551 1559 1662 3856 4466 5065
286 699 1052 934 666 508 902 2 2377 734 220
53.8917
24.7211

373 479 514 809 997 1359 1857 2122 2431 3385 3387 3707 4338 4350 4538 4839 5505 5689 6573
699 286 1052 322 190 546 934 2 1274 902 977 1374 1677 656 984 220 508 690 533
55.0248
28.7936

226 558 573 579 640 914 1362 1811 1967 2284 2460 2751 3784 4373 4824 5312 5765 6046
286 699 1052 2 666 517 656 220 690 483 734 1065 534 1221 1146 902 796 331
83.662
40.9688

273 306 1050 1124 1136 1145 1247 1370 1567 1891 2180 3269 4350 4854 4916 5470 6153 6738 6956
699 286 1052 734 2 2374 959 775 322 1374 236 1195 877 905 1021 644 690 247 1350
63.2136
34.0172

26 519 733 763 808 1051 1170 1304 1945 2163 2310 2626 2634 3168 3178 4587 5493 6621 6673
699 286 1052 690 775 934 1146 546 2377 483 902 2 220 322 331 666 1274 785 1221
97.441
45.9869

467 660 728 907 986 1104 1145 1448 1615 2540 2693 3156 4997 5077 5229
699 286 1052 934 2 690 902 773 1146 734 666 1643 656 746 190
71.1823
32.074600000000004

353 699 1052 1279 1383 1423 1875 2489 3269 3493 3887 4040 4428 5316 6151 6239
286 934 690 2 734 666 902 1146 508 483 322 775 1221 656 517 1350
164.3962
93.3262

243 432 453 594 664 1405 1807 1921 2156 2300 3278 4656 4687 5774 5826 5917 6534 6614
286 699 1052 2 1221 734 690 934 775 877 666 902 322 1643 1350 220 1277 773
71.8884
36.0493

12 55 307 862 1290 1597 1601 1709 2065 3004 4391 4394 4703
286 699 1052 1221 1146 2377 220 2374 1018 690 4 82 1404
64.3056
32.3884

156 949 1228 1341 2271 3040 3789 4251 4535 5631 6557
286 699 1052 734 58 190 2 690 145 1620 666
42.3821
22.2209

126 353 521 939 1067 1141 1277 1456 1587 1653 1900 1967 3356 3575 3653 3819 3833 4142 4292 4848 5289 5299 5317 5565 5754 5848 6317 6433 6614
699 286 1052 2 1221 2377 322 483 1065 517 902 934 1405 1183 508 666 1072 410 1350 690 877 1018 991 1347 409 1111 1274 1721 773
108.78020000000001
53.1022

40 168 419 746 764 790 998 1050 1118 1227 1458 1462 1766 2304 2333 2774 2819 2882 3126 3854 3945 4052 4285 4424 4605 4817 4920 5190 5707 5774 5978 6394 6418
699 286 1052 666 2 690 934 517 322 959 483 734 2374 220 902 534 1221 1018 439 190 236 775 1404 714 977 410 247 1643 942 991 511 1021 656
145.8794
65.771

126 1067 1341 1513 1945 2050 2325 5220 6046 6764 6792
699 286 2377 1146 483 1221 508 2 1404 1065 517
43.6864
24.1921

1482 1664 3490 3581 4785 4864 5326 5607 6047 6702
699 286 1221 934 690 773 1018 2377 734 331
45.7183
22.9082

34 639 922 1565 3309 3391 3398 4062 4178 5289 5313 5481 5699
699 286 1052 666 546 656 322 773 690 190 220 534 902
64.2887
32.5631

0 226 531 1274 1843 1987 3010 3110 4136 4848 5104 6621
699 286 483 2 322 1052 934 517 656 796 220 666
65.8215
31.121

8 654 685 914 1005 1975 2094 3713 4107 4487 5004 5007 5153 5494 5578 5695 5764 5908 6621
699 286 1052 322 1221 2374 517 4 1055 1018 682 1200 410 331 546 1065 991 508 1350
63.7579
33.5875

25 46 446 559 907 979 1018 1025 1145 1304 1461 1618 2532 3110 3356 3741 4442 4809 5887
699 286 1052 2 483 1221 934 690 1146 220 1065 2377 2374 936 1643 4 1072 773 656
84.88850000000001
42.2961

127 156 245 308 592 644 685 841 1125 1161 1425 1534 1636 1852 1857 1959 2100 2752 2983 3222 3610 3819 3856 3982 4011 4017 4136 4705 4806 5233 5281 5389 5505 6113 6521
699 286 1052 934 322 1146 483 796 546 1277 902 220 2377 58 666 734 773 60 71 2090 331 508 1195 788 1111 1055 1350 2374 31 1259 785 145 905 984 1258
96.999
52.204299999999996

55 163 412 461 632 755 1012 2114 2182 2513 2757 3168 3581 3789 4139 4152 4381 5615 5983 6016 6358 6806 7083
286 699 690 483 322 902 2 1052 775 517 546 959 1067 220 666 1247 886 1277 1018 1163 410 710 534
68.3455
34.0233

53 177 295 461 541 685 1098 1171 1965 2139 2149 2240 2427 2465 2521 2831 3217 3951 4472 4631 5128 5481 5578 6534
699 286 1052 2 656 220 690 902 1221 959 775 534 508 410 1200 682 331 322 1350 483 934 517 1247 71
85.1357
41.5058

66 87 128 216 258 306 427 438 761 907 1183 1451 1833 1936 2322 2400 2541 3004 3411 3473 3516 3707 3970 4011 4264 4288 5496 5611 5695 5723 6262 6749 6908
699 286 1052 2 656 517 1221 934 220 666 734 331 194 190 775 322 690 1018 230 508 1054 534 902 1072 785 483 144 439 247 1350 644 1374 207
129.0926
61.5877

472 862 921 1171 1550 1579 1975 2860 4002 4387 4532 5930 6531 6785
699 286 1146 1052 734 1221 720 666 1018 2377 1677 4 1862 1287
51.2017
25.9557

3 39 211 348 482 601 1082 1371 1409 1592 1643 1664 1805 1942 2114 2192 2271 2430 2501 2540 2613 2820 3377 4053 4082 5317 5812 5904 5908 6799 7049
286 699 1052 2 934 690 1221 483 517 1146 666 1018 220 322 546 2377 902 656 410 82 1065 2374 58 746 1089 409 331 682 1021 1277 194
126.9017
61.8079

380 1228 1380 2226 2310 2532 2937 3516 3712 3729 4182 5077 6160 6573 6721
699 1052 286 690 934 322 991 410 194 1247 2377 1054 58 666 145
50.5292
25.5773

126 367 1862 1868 2325 3985 4420 5010 5758 6358 6439 6522
699 286 1052 483 775 517 60 773 1350 734 2 1247
43.1742
23.1292

625 1117 1610 1805 2117 2183 2378 2402 4053 4658 5538 5584 5613 5764 5983 6016 6310 6442
699 1052 286 2 934 410 666 220 690 430 734 1350 1404 483 322 190 1146 538
90.7187
43.5332

60 190 453 658 758 813 915 1014 1034 1069 1102 1187 1403 1615 2335 2431 2513 2521 2540 2541 2785 2801 4251 4255 4262 4655 5314 5520 5535 5607 5851 6016 6432 6542
699 286 1052 690 2 483 934 1221 220 517 773 1146 666 734 1018 902 656 959 194 2374 236 746 1021 350 929 82 747 144 2377 247 2013 682 1200 429
159.1431
73.6241

498 685 878 1711 3945 3958 5779 5848 5904 6014 6077
699 286 1018 1543 1052 2377 1221 690 1405 1054 1274
29.61
17.9559

37 44 195 457 490 531 594 640 1322 1463 1527 1664 1665 2306 2319 2835 2888 3024 3176 3351 3516 3794 4052 4357 5256 5312 6016 6314
699 286 1052 483 690 2 1146 1018 322 60 775 534 902 190 666 656 220 1067 58 2374 734 34 517 1200 1544 7 430 495
99.4049
50.9946

198 641 696 1082 1160 2815 3245 3387 4388 4507 6276 6442 6591
286 699 1052 690 483 666 322 546 656 2 959 1350 220
52.1728
25.7217

47 144 345 421 482 1287 2856 3906 4247 4431 5128 5575 6967
286 699 1052 483 517 666 220 656 194 190 1221 690 2
96.0405
49.0741

133 243 308 664 740 1072 1102 1145 1405 1685 1743 1870 2107 2358 2613 3614 4244 4262 4791 4939 5245 5299 5535 5937 6041 6196 6288 6758
286 699 1052 1146 1221 2 517 934 546 220 690 1404 877 2374 1677 1643 534 4 60 331 656 410 533 7 936 693 1111 1065
107.0857
53.4257

128 755 1290 1385 2795 2871 4211 4320 4995 6558
286 699 690 2 322 1052 546 902 934 1065
43.2468
21.6082

559 579 851 1145 1290 2820 4152 4649 6169 6317
699 286 2 1052 773 517 1221 2377 1350 1072
48.4867
25.0555

144 253 364 395 763 765 942 1174 2182 3614 3779 3830 4006 4211 4391 4453 4861 5033 5611 6357 6714 6802
699 286 1052 690 1146 190 959 1221 322 220 1018 877 886 656 1021 534 194 682 196 2374 734 775
84.8839
41.739399999999996

54 160 601 638 763 997 1075 1451 1687 1992 2114 2528 2535 2589 4038 4507 4705 4793 4871 5299 5496 6390 6749 6814
699 286 1052 690 483 546 220 190 656 194 666 934 2374 734 1018 2 959 82 2013 508 746 1072 144 902
116.6777
54.0511

519 878 922 1274 1544 1876 2261 2590 2662 2906 3078 3769 4003 4658 4806 4817 5004 5313 5611 6613 6719
699 286 1052 666 934 2 690 546 517 796 220 322 768 483 734 2374 656 773 990 746 733
111.0519
53.0195

115 247 1342 1975 2117 2125 3818 4424 4686 6394
699 286 1052 775 690 2 666 734 934 1221
47.0088
24.2901

345 412 435 479 634 808 892 977 1128 1170 1215 1359 1425 1858 4111 4379 4451 4656 4981 5234 5496 5716 5770 6089 6573 6677
699 286 1052 934 2 483 666 690 220 1018 322 534 546 1146 190 656 902 785 331 1089 2377 1247 7 533 714 430
103.4996
50.2465

746 949 1082 1136 1253 1327 1361 1456 1477 2535 2662 2993 4634 4817 5045 5299 5771 6132 6262
699 286 1052 690 1146 483 666 220 934 322 190 902 734 194 410 714 942 255 1347
99.1147
47.706

939 990 1474 1620 1848 2435 2791 3789 4002 4451 4568 4661 4907 5573 5615 6707 6802
699 286 1052 1221 2 787 666 877 690 934 508 768 902 1146 1183 1277 1347
75.3817
35.7552

20 206 374 429 716 755 816 916 929 1171 1215 1653 1947 2149 2241 2378 2719 3110 3405 3779 3781 3912 4532 4782 4824 4949 4997 5315 5345 5950 6591 6802
699 286 1052 934 2 690 483 666 773 322 734 410 1221 902 1247 190 220 1350 1055 82 71 1146 656 41 160 785 644 1089 991 1200 247 877
138.9311
60.623

55 130 314 641 915 997 1051 1115 1215 1396 1665 1793 1973 2116 2276 2374 3955 4417 4476 4785 4847 5689 6177 6276 6310 6700
699 286 1052 2 934 690 1146 734 656 1221 483 902 220 666 775 1274 517 1287 430 714 1350 533 82 773 942 322
153.2284
74.1326

179 343 949 1170 1213 1687 1987 2018 2122 2904 3340 3953 4568 4824 5337 5481 5556 5689 5804 5952 6714
286 699 1052 934 483 666 190 220 656 322 194 690 1146 82 1018 2 1677 517 959 229 902
97.6136
48.2082

128 198 733 747 760 797 1936 2360 2379 2581 2828 2856 2984 3346 3848 5233 6013 6390
699 286 1052 690 483 666 734 322 959 934 546 656 220 785 439 2374 2 196
111.8973
52.6566

523 728 958 1056 1097 1601 1793 2313 3898 4157 4587 4886 5779 6432 6908
699 286 1052 734 666 2374 959 934 1018 656 220 902 991 190 538
80.9265
37.3205

579 795 1102 1929 2751 3490 4233 4288 4510 6014 6679
699 286 1052 734 690 746 517 775 483 934 220
58.894800000000004
27.2644

306 364 1069 1074 1891 2228 2732 3278 3309 3813 4442 5152 5234 5723 5812 6547 7002
699 286 1052 2377 1018 959 690 1065 331 322 1021 144 656 1072 773 1214 746
47.0381
26.159399999999998

454 559 788 809 959 972 1025 1596 1740 1828 2831 3186 3387 4695 5223 6908 7092
699 286 1052 934 483 690 666 2 517 1221 546 322 1018 2374 1274 1072 220
113.5198
53.5029

438 696 847 1021 1170 1171 1812 2415 2489 2631 3794 3958 4853 6327 6471 6799
699 286 1052 2 483 734 1146 656 666 508 538 517 1350 775 439 934
83.6299
39.7929

46 87 90 125 306 454 1025 1253 1673 2774 3075 3729 3922 4947 5783 6591 6622 6906
286 699 1052 934 483 1146 220 1018 690 30 1404 2 1350 534 4 991 7 1011
53.2944
29.7008

36 190 1550 1805 2048 2520 3288 4338 4472 4578 4649 4907 5505 5690 6526
699 286 1052 2 483 656 934 517 666 902 410 775 773 959 1221
75.3972
36.3537

196 245 307 471 638 699 746 764 816 1014 1365 1366 1385 1551 2094 2338 3164 3721 3741 4052 4324 4375 4949 5607 5758 5903 6474 6557
286 1052 666 2 690 934 517 902 734 322 1221 656 1146 220 483 773 2377 1018 1089 2374 1274 1183 1072 1247 991 1350 348 508
182.5274
93.2497

53 408 515 1535 1848 1971 2819 3447 3813 4049 6589 7067
699 286 1052 2 666 690 517 934 220 734 322 483
123.1094
61.848

374 829 1067 1101 1132 1146 1213 2100 2300 2735 3704 4379 4625 5289 5315 5450 5683 6077 6088 6466 6887
699 286 1052 934 2 1221 902 517 508 877 1643 666 2374 546 773 2377 1021 322 331 410 1405
117.7112
55.5034

197 584 639 740 766 918 983 1214 1551 1875 2235 2243 3192 3302 3419 4442 4686 4861 5635 5645 5678 5698
286 699 1052 934 2 690 1221 666 1018 775 517 734 322 546 2374 746 656 1277 1200 1404 1055 1183
96.7322
45.1482

429 471 543 783 1643 3346 3365 5012 5220 5421 5494 5638 6044
699 286 1052 934 1221 322 1018 2 508 331 517 690 1146
80.6653
39.8123

998 1513 1936 2041 2142 2149 4280 5239 5528 5613 5806 5887 6113 6599 6900
699 690 286 2 1146 2377 1052 1111 936 929 71 1067 31 1289 990
33.9505
20.6802

130 185 343 461 515 800 836 1021 1059 1115 1807 2406 2478 2719 3168 3851 4003 4040 4379 4451 5196 5239 5978 6900
699 286 1052 775 690 2 483 902 959 1221 734 934 1643 644 82 220 1277 886 905 1350 1163 1274 4 247
78.1959
38.9955

518 694 1145 1620 1642 2319 2503 2996 4286 4424 4734 5190 5217
699 286 2 1221 1052 1146 690 734 877 1643 2377 410 788
52.952600000000004
26.8799

190 246 748 979 1029 1796 1930 2276 2338 2805 3347 3574 4785 5436 5450 5487 5846 6929
699 286 1052 934 690 483 1221 517 773 322 546 666 2 1643 220 936 656 902
103.215
47.3279

52 246 472 534 1025 1510 1611 2270 2271 3178 3356 3622 4417 4552 4824 4907 5007 5127 5210 5875 6030 6438 6463 6643 6802 7041 7067
699 286 1052 483 934 1018 2 734 1221 666 220 1065 2374 1146 2377 1274 902 430 58 348 1404 533 690 432 1200 1011 796
100.3138
50.6325

1409 2228 2572 3635 4040 4472 5147 5256 5807 6908
699 286 656 1221 775 517 1018 1404 410 785
32.8288
17.4192

37 514 844 854 1843 2489 3282 3493 3714 4476 6016 6414
699 286 1052 734 2 690 934 666 902 1221 508 775
111.1461
54.5201

32 163 226 308 478 862 1089 1930 2271 2324 2732 3462 3852 4473 4698 4972 5217 5250 5313 5350 5353 5613 5698 5832 5848 5880 6288 6439 6471 6802
699 286 1052 2 1221 690 934 666 1018 734 2374 220 1350 322 508 775 483 58 331 984 1277 1200 2377 959 902 796 439 1021 410 1402
111.5268
53.6662

88 139 493 1025 1458 2320 3110 4111 4350 4535 4537 4853 4939 5529
699 286 483 1221 734 1052 934 1018 220 1350 4 1065 902 1089
53.5775
27.5565

273 380 397 800 2626 3431 4851 5209 6050 6318 6484
286 699 2 1052 220 1404 644 194 439 236 1055
33.2422
18.1443

212 797 1383 1418 1709 2076 4525 5631 6504 6665
286 699 1221 2 934 331 1146 902 775 666
43.3816
21.808

42 44 228 286 506 916 1011 1101 1136 1359 1517 2107 2482 2888 3783 3823 3904 4947 5045 5312 5613 5771 6467 6719 6760
699 1052 690 1146 483 934 734 517 322 2 546 331 656 1221 220 1018 666 902 190 1072 2377 2374 2013 430 747
131.0693
66.6799

60 494 518 1021 1118 1743 1858 2856 3516 4285 4391 4428 4587 4949 5245 5701
699 286 1052 220 934 666 546 690 517 534 190 2 533 483 1221 194
104.1796
48.2216

54 293 334 408 473 514 802 975 1012 1075 1587 1711 1793 2322 2389 2469 2482 3186 3581 3895 4286 4487 4649 4788 4972 5011 5556 5611 5811 6547 6578 6613
699 286 1052 2 934 734 483 517 546 775 690 2374 666 190 220 508 1018 322 902 2013 959 331 534 1146 796 410 82 746 1277 71 1350 144
159.6879
76.3998

82 542 562 956 1534 1601 1636 1663 2952 3041 3110 4286
699 286 1052 483 690 220 517 959 1221 666 71 991
60.3211
29.7761

194 918 1161 1281 1776 2786 3411 3823 3832 4107 4379 4938 5318 5930 6358 6721
699 286 1052 2 517 546 690 322 666 533 734 430 538 220 787 991
76.7544
34.9911

505 660 685 1171 1420 2152 2243 2521 4661 4854 5053 5761 6343
699 286 734 1052 2 508 690 410 1018 666 4 220 439
35.6536
19.9614

12 506 1386 1456 1463 1662 2300 2631 2953 2993 3729 3777 3780 3781 3875 4053 4061 4578 4804 4871 5233 5318 5538 5858 6471 6614 6702 6893
699 286 1052 934 220 2 483 1018 322 1146 2377 1402 546 775 690 1221 734 902 534 538 533 773 977 905 1065 82 1055 1677
105.3546
51.3811

356 862 1710 2460 4089 4793 5353 6070 6573 6900
699 286 1052 1014 182 1214 1385 71 1347 1971
17.9127
13.0262

253 1171 2048 3078 3387 4145 4625 4656 4861 5588 5738 5895 6046 6547
699 286 666 1052 2 546 322 902 714 934 1065 508 734 534
49.2934
23.8543

37 98 118 195 795 959 1673 2919 2972 3885
286 699 1052 690 934 666 483 734 190 517
76.6764
36.5363

47 212 467 788 1059 1266 1579 1586 1818 1914 2805 3230 5209 5326 5875
699 286 1052 690 934 666 1018 2 902 483 746 1221 785 190 322
77.2531
33.564

809 1220 1404 1927 2284 3299 4068 4958 5496 5903 6542
699 286 1052 1221 1018 656 1405 1146 331 1065 534
51.1155
28.3566

608 634 644 684 1565 1628 1664 1811 1812 1921 2094 2100 3385 3750 3989 4285 4847 5240 5854 5903 6643
699 1052 286 734 934 220 322 517 902 666 796 656 1055 546 1146 1274 690 1277 2090 1216 1065
68.5531
34.0905

345 1052 1383 1432 1462 1839 2149 2333 2501 2577 3110 3186 4136 4410 4428 4886 5256 5505 5699 6196 6631
699 286 483 2 934 322 690 1146 666 517 1404 508 220 1277 2377 1183 902 1221 734 1021 656
102.5238
49.6118

163 561 1021 1075 1665 1987 2268 2378 2826 3346 4101
699 286 1052 690 1350 322 934 1643 2 877 1544
40.91
21.971799999999998

918 1214 1463 2240 3245 3871 4089 4357 5190 5487 6030 6893
286 699 1052 1018 690 775 2 1065 934 656 1072 1021
56.814
29.2365

273 308 398 559 575 787 847 904 1056 1612 2543 2920 4136 4568 5731 6614
699 286 1052 666 734 775 2 517 322 656 483 934 902 247 690 236
90.8192
40.7547

190 345 684 983 1409 1793 3040 3391 4052 4760 6300 6665 7055
699 286 1052 483 517 2 322 1221 934 734 690 666 2374
79.8289
39.0616

44 421 1082 1241 1366 1546 1811 1914 2048 2163 2389 2983 2984 3431 3968 4286 4428 5217 5315 5727 5779 6014 6132 6152 6314 6715 6833
699 286 1052 2 934 1018 734 517 1183 2013 220 666 1146 538 1200 1274 60 508 1402 533 1277 1347 58 644 990 430 1021
90.2237
45.8973

52 565 586 747 1118 1128 1141 1498 1663 1685 1848 1875 2152 2271 2374 3769 3851 3941 4538 4819 5245 5615 5789 6276 6327 6474 6522 6523 6894 6908
699 286 1052 934 2 690 666 1146 517 734 1221 534 902 1274 483 1404 2013 775 220 1018 322 1065 2377 533 1183 990 991 410 1350 1055
180.5901
84.3803

246 345 783 1371 1381 2226 2476 2820 3110 3411 3417 3475 4049 4211 4247 4353 4934 5104 5978 6702
699 286 483 2 1052 656 690 220 666 934 534 902 538 657 714 746 409 1146 787 1054
63.5213
31.5574

160 177 461 521 654 915 1141 1227 1458 1527 1642 1900 1923 2035 2076 2820 3132 3311 3833 4399 4476 5004 5223 5289 5389 5520 5779 5919 6107 7083
699 286 1052 934 690 220 190 959 517 60 902 546 1146 430 773 350 1221 2 1643 538 734 682 1018 1183 1065 322 82 936 229 508
112.6541
54.2277

506 767 1072 1224 1776 1793 2065 4472 4687 5573 6714
699 286 1052 934 2 775 734 902 656 4 1221
59.515299999999996
29.098

1104 2581 3814 4306 4399 4518 4631 5919 6526 6823
699 286 2 934 666 714 959 1146 902 508
41.0397
21.4358

432 461 608 854 982 1102 1347 1597 1878 2577 2972 3413 3982 4189 4428 4453 4605 4673 4949 5435 5493 5748 5777 5848 6083 6089 6357 6493 6614 6638 7041
286 699 1052 1221 934 220 666 2377 1643 2374 2 1146 959 1072 1277 1404 2384 322 4 886 1402 775 877 1111 902 190 2090 1498 1247 1089 747
108.7741
54.7309

40 139 592 1117 1973 2374 3895 5611 5875 6806 6877
699 286 1052 690 190 934 2 734 483 1146 220
111.7746
58.1676

4 145 1136 1215 1266 1365 1752 1883 2076 2503 2572 2589 3078 4158 4649 4998 5723 5727 6414 6621
699 286 1052 934 2 1018 2374 1146 2377 194 483 331 902 656 1221 517 190 1089 959 1200
90.9741
45.3461

39 118 258 959 1102 1395 1678 1743 2695 4712 6504
699 286 1052 517 666 534 2 483 546 220 190
90.7363
42.2344

118 453 454 579 1118 1160 1662 1719 1721 1930 2261 2535 2801 3712 4334 4847 4995 5119 5937 6542 6591 6963
699 286 1052 690 483 666 934 322 734 517 220 656 534 2 1018 902 2374 508 1404 990 984 439
125.2667
55.02

380 558 643 983 1448 1694 1862 2418 3575 3625 3734 5191 5353 5529 5594 5631 5727 5806 5950 6311 6572 6887 7092
699 286 1052 934 773 666 902 1221 2 775 1089 734 2377 1643 1247 905 1274 690 1350 656 409 2090 194
88.3649
43.5157

55 121 179 393 414 601 767 977 983 1005 1215 1516 1798 1858 1883 1971 2402 2431 2996 3610 3641 4791 5041 5119 5153 5240 5470 6357 6719 6812 6866
699 286 1052 934 2 734 483 690 666 1404 656 220 1350 322 190 2377 410 508 1146 1065 1018 546 1200 1221 1055 430 2374 1137 1247 902 1643
115.8808
56.1576

127 226 521 592 3887 4101 4139 5723 6243 6414 6836
699 286 1052 2 690 656 934 666 322 775 734
70.5043
32.1722

166 307 438 2270 2513 3951 4806 5145 5534 6107 6467 6799 6891
286 699 1052 959 2 60 1146 517 1018 194 190 1405 538
52.9947
27.1036

461 1409 1423 1971 2125 4533 4687 4817 5374 5520 6220 6969
699 286 2 1221 959 734 902 775 666 934 220 1018
44.5222
24.1376

1005 1058 2567 3575 3823 4326 4410 4535 4907 5246 5887 6088 6557
286 699 2 190 734 1052 1350 322 936 785 1709 739 787
35.9842
19.842100000000002

11 81 710 793 1567 2501 3060 3168 3653 4357 4638 4716 5584 5631 6641
286 699 690 1052 775 666 439 934 1195 2 1146 1274 967 1347 787
49.8118
25.2532

84 270 363 561 564 959 1665 1752 2695 2860 3169 3729 4049 4068 5171 5233 5678 5807 6538 6877 6967 7041
699 286 1052 483 934 220 546 656 517 690 190 511 666 1247 1221 734 534 322 1404 1183 247 350
105.158
49.0902

26 286 1282 1321 1535 1544 1628 1676 1701 1917 2379 3355 3545 3575 3951 4062 4379 4627 4886 5191 5584 5669 5747 5779 5895 5943 6089 6721
699 1052 2 690 934 666 517 2374 902 656 322 483 1018 734 546 1221 773 1146 508 1350 787 220 439 1643 991 1274 747 1089
155.5373
76.7464

36 52 115 374 519 758 975 1025 1132 1342 1717 1843 2279 2702 3040 3641 4295 4638 4915 5607
699 1052 286 734 2 690 934 666 190 322 1018 959 194 247 71 2374 942 483 785 82
84.6568
41.3937

11 438 467 521 914 1216 1843 2142 2231 2269 2389 2577 2589 2732 2952 4052 4461 4621 5128 5220 5240 5496 5528 6151 6908
699 286 1052 2 934 734 190 1065 1072 656 1221 517 902 690 546 1643 194 1277 220 331 1806 1018 984 508 483
101.5298
49.5173

18 81 398 429 482 893 1709 1798 4211 4440 4855 4921 5607 5678 6558 6891
286 699 1052 690 1221 517 934 666 190 322 1146 1018 734 1404 255 1065
83.7265
39.8999

435 518 640 893 922 949 2152 2240 2465 2471 3516 3953 3958 4118 4571 5233 5703 6169 6643 6866
286 699 1052 322 190 690 2 220 546 534 511 682 1054 517 666 746 247 2377 410 714
77.5028
38.0578

109 216 535 542 573 664 841 982 1069 1089 1597 1620 2035 3078 3375 3982 4591 4655 5234 5411 5896 6447 6679
699 286 2 1052 690 1221 934 666 331 656 1146 2377 734 220 1018 773 877 1277 517 902 508 194 1021
93.9543
44.0121

46 307 740 1005 1228 1456 3060 3375 3851 3887 5127 5313 5337 6963 7041
699 286 1052 934 690 775 656 734 1018 2 1146 902 666 773 2377
76.6109
35.8583

421 1219 1405 2183 2539 2581 2897 3953 4428 4583 5041 5764
286 699 1052 1221 934 194 2 666 1643 877 430 959
64.449
32.8313

197 273 521 1642 1807 1936 2142 2934 3432 3830 3833 4857 5194 6185 6589 6887
699 286 2 1052 734 1643 690 775 1146 247 666 1065 644 2377 771 31
47.1504
27.5594

145 234 514 994 1003 2107 2693 2888 4006 4381 5057 5689 5758 5978
699 286 1052 2 483 656 194 959 666 1065 190 690 439 2013
65.6852
32.2523

87 461 640 660 721 747 795 809 862 902 915 1018 1113 1282 1527 1539 2139 2828 3010 3169 4015 4101 4107 4472 4817 5308 6318 6474 6591
699 286 1052 934 690 483 2 322 656 1221 220 734 666 1404 331 2374 785 190 746 1146 1065 959 60 1350 517 410 877 775 430
160.7166
76.2897

84 422 998 1157 1710 1719 3222 4139 5703 5777 5783 6547 6745
699 286 483 322 350 1052 959 690 546 2 902 984 220
48.7045
25.0223

37 253 1123 2183 3951 4246 4353 4431 4571 4649 4921 5194 5289
699 1052 286 2 439 430 220 534 322 82 970 787 690
43.233200000000004
23.4661

234 949 1404 1534 1642 1820 1917 3156 4053 4338 6814
699 286 1052 190 1221 1643 2374 1018 877 656 1146
48.7
26.5231

252 467 1477 1820 1977 2011 2269 2460 2543 3024 3132 3178 4101 4133 4871 4970 5233 5671 5774 5832 6802
699 286 1052 690 190 1018 2 1163 1544 60 922 247 773 71 666 517 942 682 1055 1589 1350
51.6416
29.1923

320 1097 1620 1745 2241 2323 2377 2413 2528 3511 3581 4062 4285 4320 4672 5345 5854 7083
699 286 1052 690 1221 934 666 2 959 410 877 483 773 1089 942 546 430 1806
93.8294
46.4942

496 904 1011 2358 2735 2785 3545 3992 5065 6442
699 286 1052 656 517 2 934 1221 546 1146
75.5474
38.8444

211 507 586 1137 1396 1513 2100 3346 3405 3413 4082 4440 4591 5988 6573
699 286 1052 517 747 322 934 690 2 746 1055 1146 533 1021 2377
57.2467
28.323900000000002

179 307 320 432 438 467 496 515 518 854 1216 1290 1612 1807 1921 1930 2076 2115 2279 2735 2791 2888 2952 3493 3941 3958 5315 5896
699 286 1052 934 517 2 690 902 220 322 190 1221 546 1146 734 1055 656 666 1018 959 483 1643 1374 1274 410 2374 331 348
143.4384
66.1632

40 177 346 374 496 654 854 981 1034 1075 1219 1241 1370 1694 1740 2183 2469 3887 3905 3958 4525 5010 5012 5330 5334 5534 5707 6317 6484 6522 6526
699 286 1052 2 934 666 734 1221 690 190 775 517 773 220 322 508 656 82 1146 1806 1277 1374 902 2377 959 1543 483 1862 1072 1350 41
138.301
63.6564

64 956 1219 1537 1987 2819 4038 4118 5234 5481 6836
286 699 1052 220 666 734 690 71 255 2 544
41.3169
20.5541

110 133 144 166 356 408 427 641 696 748 758 1082 1215 1279 1395 1420 1596 1811 2012 2483 3132 3362 4061 4658 4920 4982 5219 5289 5520 5672 6622 6714
699 286 1052 690 2 220 666 734 517 934 959 902 483 746 1018 656 60 190 775 194 410 546 785 196 877 644 82 747 534 508 350 230
174.7836
79.0623

767 907 1818 1971 2076 2122 4571 4847 5774 5789
699 656 286 734 666 1052 934 439 331 746
35.4141
19.9815

91 190 774 800 862 1183 1464 1550 1663 1750 1914 2076 2194 2313 2540 2599 2937 3302 3904 3985 4002 4338 4379 4394 4951 5045 5127 5335 5493 5611 5761 6089 6929
699 286 1052 2 934 517 483 656 1221 734 666 775 773 322 902 508 886 1018 959 331 1277 2374 1021 220 690 82 71 644 967 4 1677 247 1216
153.1192
70.5044

228 231 790 836 904 1170 1586 1955 2013 2261 2581 2906 2952 3121 3230 3275 3713 3734 3905 4306 4847 4864 5411 5542 5738 5875 6004 6833
699 286 1052 734 666 483 2374 690 1221 2 322 934 959 656 1146 220 902 785 190 546 439 877 746 517 3714 1350 991 682
167.26839999999999
76.3848

40 47 396 414 429 521 541 755 981 1113 1405 1618 1739 1807 2304 2324 2416 2577 2904 2920 3117 3340 3375 3895 3951 4673 4695 4793 4982 5070 5148 5378 5689 5747 6764
699 286 1052 483 734 934 1221 322 666 2 190 690 773 220 2374 877 1643 902 959 247 1350 1677 517 1277 984 229 1065 71 1543 255 936 495 775 962 1072
132.3638
63.8742

12 18 66 425 658 1051 1280 1405 2065 2572 2897 3478 3992 4145 4568 4676 5077 5435 5631 5854 5988 6908
286 699 1052 1221 194 934 517 2374 656 1643 877 220 2377 1404 82 666 4 1258 905 190 1402 1347
84.4126
41.8447

0 192 197 373 395 457 564 579 743 841 878 1062 1216 1510 1706 2041 2120 2791 2920 3178 3391 3741 3769 3871 4673 4907 4995 5638 5895 6317 6318 6411 6534
699 286 1052 2 483 1221 666 1146 322 934 190 690 517 902 1350 220 1072 734 656 2377 682 1404 1274 1287 534 2374 2384 1806 787 746 1405 929 247
144.5597
67.1667

780 3022 4189 4839 4847 4851 5738 5919 6077 6411
699 286 1146 991 1018 734 656 666 1510 2384
31.8713
18.2773

523 1075 1141 1290 1600 1900 2405 2972 3727 5774 6154
699 322 1183 546 286 934 1544 902 82 1709 994
26.1216
15.379

47 166 346 496 639 640 733 914 1456 1459 2405 3318 3478 3610 3823 3854 4040 4280 5104 5250 5314 5804 6522
699 286 690 1052 483 666 2 220 656 190 1221 734 959 247 775 644 410 230 1374 60 785 322 59
74.711
37.1152

84 115 133 740 956 1097 1141 1295 1740 2013 4861 5229 5353 5930
699 286 1052 934 483 2 959 1221 734 190 2374 902 666 877
101.5798
52.0484

195 542 639 1050 3810 4002 4857 5229 5278 5529 6433 6631
286 699 690 959 656 666 220 194 934 902 1089 410
36.7824
19.8985

343 566 1459 1477 2015 2276 3169 3704 4791 5930 6311 6408
699 286 331 1350 1159 1347 4 160 2384 942 564 1258
28.5902
17.0932

11 37 84 295 755 760 1034 1274 1321 1559 1730 1745 2048 2702 3231 3321 4082 4532 5209 5806 6016 6758
699 286 1052 2 690 322 1146 220 546 734 517 934 508 1221 959 1183 410 666 534 1277 990 350
99.0585
47.2537

467 1403 1476 1878 2835 5246 5584 5731 6493 6702 6866
699 286 2377 1018 190 1402 1216 160 1404 60 307
25.4956
16.1674

586 790 1396 1600 1619 2818 2904 2906 3156 3473 4181 4632 4907 5233 5460 5978 6349
699 286 1052 934 546 517 734 1018 666 2 1643 439 1055 714 775 533 902
63.0475
30.264

374 1030 1391 1544 1546 3625 4391 5707 5734 6521 6641 7055
1052 699 286 666 2 734 322 1183 690 1018 1274 733
63.934400000000004
29.92

98 1221 1241 1868 2389 2702 2801 3704 3823 3905 4142 4473 4853 5240 5615 6030 6758
699 286 1052 2 934 666 1146 734 877 1018 2374 322 2377 1065 508 1677 1350
86.6582
44.0797

346 767 1362 1601 1805 2268 2338 2757 3972 4505 4951 5315 5950 6738
699 286 2 1052 666 656 517 410 934 1221 734 1277 348 1146
63.1503
29.8562

39 109 793 914 921 1104 1451 1776 1856 2247 2306 2377 2870 3040 3075 3169 3622 4357 4379 5496 5785 6250 6573
699 286 1052 2 666 934 902 690 82 1018 734 1146 410 1221 720 190 775 196 787 1806 1072 508 1350
92.601
45.5113

53 196 346 638 737 748 949 1133 1173 1183 1361 1420 1766 1914 1923 1967 2235 2882 3126 3309 3340 3347 4320 4324 4466 4621 4856 4860 4982 5307 5337 6679
699 286 1052 666 690 2 934 517 734 775 322 190 483 1221 410 902 220 1247 644 331 656 546 1018 785 959 534 2374 247 746 967 1089 2013
163.6581
76.2857

163 1612 2323 2431 2478 3575 4695 5299 5318 6466
699 286 59 410 936 752 704 7 144 1289
16.9222
12.5

763 967 1210 1290 1366 1759 3040 3854 3970 4038 4861 5698 7067
699 286 1052 2 666 517 690 734 220 538 533 194 1274
60.722
28.2115

0 293 346 395 453 638 668 907 975 983 1357 1474 1534 3222 3247 3413 3635 3848 3989 4288 4939 5278 5573 5697 6177 6343 6389 6523 6638
699 286 1052 690 322 483 1146 2 1221 220 656 877 666 2377 410 1677 1200 71 1402 1055 682 409 796 1214 886 776 3 1643 1215
81.3014
43.0559

0 247 564 994 1039 1053 1058 1947 1983 2122 2194 2876 4392 4492 4782 5638 6963
699 286 1052 666 2 1221 656 220 773 690 1146 483 1247 546 934 1274 905
74.5164
33.9362

34 432 541 956 1589 2776 2904 3162 4916 5161 5481
699 286 1052 190 220 666 322 775 82 71 936
47.7481
24.0827

1236 1928 1966 2269 2325 3309 3707 4049 4410 4686 4793 5607 5777
286 699 1052 190 60 775 322 934 82 959 2 1350 734
46.7908
23.8752

34 42 156 414 478 594 1214 1241 1287 1516 1971 3906 4381 4886 5233 5411 5421 6041 6702 6823 6900
699 286 1052 1221 934 2377 1018 483 2 1146 190 734 220 656 2374 7 1404 1402 1195 773 58
103.6192
50.4123

380 559 694 844 915 1699 1971 2115 2300 2406 3398 3800 3819 3912 5127 5161 6310 6578
699 286 1052 934 2013 2377 773 220 666 82 58 682 734 1146 60 517 984 1072
63.7766
34.8509

118 244 1459 1766 1856 1917 2041 2156 2324 3635 5145 6070 6343 6466 6673 6956
699 286 666 1052 1221 1350 1118 1146 1586 247 1385 1404 2013 41 991 2065
38.1718
23.3406

483 1111 1159 1171 1220 1359 1381 1818 2363 3231 3377 3734 4286 4381 4433 4597 5764 6673 6758 7041
699 286 1052 666 934 2 1018 690 1146 220 1350 734 517 1221 3714 533 1405 1072 322 902
114.5297
55.0802

26 118 558 1039 1213 1577 1653 1694 1752 3362 4247 4334 4391 4535 4625 5245 5804
699 286 2 666 1221 934 1052 734 1018 902 508 60 1146 2374 942 409 1643
60.3538
30.6826

737 977 1395 1818 1929 2469 3132 3192 3309 3851 3887 6439
286 699 1052 2 666 934 690 322 775 734 746 644
109.5704
49.0258

438 766 1253 1818 2107 2811 3417 4052 4145 4854 5171 5804
699 286 1052 934 517 734 666 538 1146 656 439 194
51.3501
25.4514

36 190 427 494 1018 1236 1241 1539 1592 1798 3132 3211 3282 3800 4158 4162 4292 4631 5008 5316 6243 6276
699 286 1052 483 934 690 1221 2 517 508 2374 71 2013 773 410 1287 959 82 1011 1806 1200 4
112.1492
55.5944

18 84 134 287 396 728 986 1019 1359 1425 1555 1601 1676 1709 1751 1793 1805 2093 2152 2702 2957 3132 3818 3848 3908 3922 4442 4856 5065 5233 5624 6300
699 286 1052 690 2 1221 483 734 934 666 959 1146 1183 194 1350 534 902 1677 508 220 746 247 2090 942 1072 59 546 1274 1643 350 410 1862
124.7743
59.5082

380 564 1516 1843 3431 3833 4247 4394 4847 4995 6105 6521 6755
286 699 656 2 734 1052 934 508 666 1067 1247 220 1643
44.9308
22.7594

18 37 190 425 438 467 543 545 1510 1597 1706 1833 1875 1923 2015 2078 2476 2532 2860 2920 3318 3366 3713 4158 4189 4649 4676 4886 5011 5917 5919 6969
699 286 1052 934 483 2 517 322 220 690 1146 734 959 666 1055 538 1274 1221 236 773 991 1072 656 247 902 194 887 2377 546 984 1544 1287
141.5306
66.74040000000001

44 668 763 1279 1567 1589 1699 4998 5520 5716 5930 6549
699 286 1052 934 902 666 60 936 644 58 1195 322
36.8607
21.2694

133 164 245 461 1157 1474 1862 2358 2937 2957 3214 3511 3781 3875 4003 4015 4542 4861 5194 5210 5528 5774 6070 6317 6484 6814
699 286 1221 1052 2 773 959 934 902 1018 734 775 1350 1247 220 877 2377 1089 1287 1072 656 7 1200 1289 430 1163
79.9915
42.4443

53 125 956 972 986 1019 1058 1102 1513 1577 1706 1955 2539 2876 3299 3346 3653 3975 4157 4266 4492 4847 5145 5153 5542 5698 5774 6665
699 286 1052 690 322 1221 934 666 1350 734 1274 1146 902 2 483 1018 30 656 1011 990 430 1067 1247 190 1709 348 508 1402
108.7673
53.3391

793 995 1016 1171 1464 2340 2405 2539 3848 4015 5312 5389 5678 5764 6484 6677
286 699 2 934 1146 1221 666 1404 1018 2377 787 439 776 1089 82 1200
38.728
22.1962

541 774 783 836 958 1341 3906 4703 5281 5345 5850 6016
699 286 1052 734 666 934 220 2 1221 959 656 773
76.028
36.9212

243 247 397 797 902 1365 1482 1516 1592 1876 1891 2319 2413 2532 2801 2952 3214 3819 4068 4457 4634 5070 5293 5532 5575 5588 5703 6196 6523 6614 6700
699 1052 286 2 1146 2374 690 220 1221 959 877 666 785 1089 1404 1247 2377 483 1274 936 656 942 546 410 1018 216 1200 1111 1055 693 788
111.625
56.5755

90 190 644 844 1451 1559 2116 2414 2521 2983 3126 5374 5436 5525 5832 5952 6665
699 286 1052 483 934 734 517 1018 666 902 322 2 773 546 1221 796 410
79.1918
38.2615

115 211 780 808 1082 1219 1555 1921 2528 3178 4162 4915 5104 5229
286 699 1052 934 2 734 902 331 991 785 656 1247 2389 1018
38.8815
23.0726

3 12 922 2319 2461 2785 2882 3405 3545 4036 4375 4972 5538 5671 5754 5806 6665
699 1052 286 2 517 220 1146 534 775 546 1350 511 934 644 82 410 905
60.1607
30.9858

258 346 854 1039 1559 1586 1828 2183 3387 3581 4061 4286 4387 5057 5171 5334 5903 6439
699 286 1052 934 690 1221 2 546 322 220 666 517 1862 991 439 1643 720 410
94.0865
44.0492

110 163 179 414 419 515 565 640 767 979 1058 1173 1374 1945 2180 2489 3375 3391 3707 3741 3813 4420 4457 4793 4949 5345 5352 6004 6310 6621 6641 6677
699 286 1052 483 690 220 934 734 2 322 2374 666 1146 746 1350 508 959 682 902 967 1274 1018 439 768 656 534 82 1183 348 247 1089 7
131.059
58.5905

307 506 977 994 1052 1914 1927 2078 2142 2503 3121 3753 4168 4716 4839 5487 5771 5858 6493
286 699 2 934 690 1146 322 734 483 666 902 517 410 1183 1221 508 656 1402 220
128.7765
61.759299999999996

34 54 125 156 454 685 696 780 795 1124 1183 1739 1876 2820 3222 3958 5234 5299 5460 5520 6050 6802 6823
699 286 1052 483 690 934 2 190 734 1221 546 775 902 194 666 220 1195 30 331 746 58 410 656
109.8783
51.9142

18 20 82 561 975 1069 1247 1347 1366 1406 1498 1535 1555 1597 1620 1719 1992 2192 2231 2320 3217 3275 3777 4211 4279 4306 4544 4981 5161 5220 5250 5312 5565 6078
699 286 1052 1221 2 483 517 934 690 877 666 734 902 331 322 1018 220 1146 1274 773 991 430 2374 1089 1350 546 410 775 350 247 942 190 2377 905
173.0012
80.4208

64 127 160 788 825 868 958 1120 1214 1663 2275 2613 2904 3275 3347 3490 3912 4581 4915 4947 5754 5807 5903 6044 6572
286 699 1052 2 666 690 220 773 546 959 934 734 1018 656 902 430 483 538 984 350 410 229 517 409 1277
137.6227
61.2041

64 536 793 1710 2035 2774 3217 3813 3953 4861 4995 4997 5697
699 286 1052 483 666 690 934 220 773 2 746 322 517
70.5492
32.0386

91 130 942 1120 1210 1565 1698 1798 1927 2171 2182 2489 3162 3432 4357 4392 4487 5171 5220 5350 5353 5436 5525 5529 5535 6044 6349 6521 6578 6766 6794 6969
286 699 2 1052 934 483 1221 734 902 1018 82 666 1146 508 1350 534 517 690 331 773 410 220 1402 656 1089 1404 429 4 747 409 348 1258
104.3416
51.4074

110 320 446 634 641 921 1004 1342 1653 2279 2613 2682 2871 2897 3176 3269 3299 3703 3810 3982 4157 5145 5335 5407 5875 6638 6641 6792
286 699 1052 220 194 934 517 690 959 902 190 322 546 1018 775 1011 666 2 1146 986 483 905 247 1259 967 746 796 1404
99.066
45.7487

314 483 699 728 746 767 1101 1157 1187 1290 2100 2152 2402 2581 3366 3912 4597 5041 5239 5274 6163 6243 6329 6792
286 1052 934 666 690 734 517 1221 2 322 1146 902 2374 1404 656 991 1350 533 1018 220 508 1721 775 747
162.5672
86.356

38 733 1146 2528 3269 3288 3972 4324 6151 6310
699 286 690 1052 934 2 2013 656 1221 2374
66.4784
34.557

109 140 231 519 1050 1054 1057 1241 1642 1930 2695 2871 3192 3813 3871 3885 4136 4178 4492 4625 4955 5119 5128 5289 5435 5611 5689 6030 6677 6836
699 286 1052 2 934 690 666 322 775 508 902 220 656 483 546 2374 682 1643 2377 1274 734 746 990 959 1374 1277 517 796 1677 1146
145.009
60.9771

38 198 429 664 819 1012 1374 2180 2320 2729 2818 3318 4324 4544 4571 4819 4970 5234 5952 6578 6755 6758
699 286 1052 2 690 934 322 1221 773 230 483 734 1163 2374 959 1277 350 902 1072 196 746 887
95.4329
46.5792

348 774 1266 1282 1385 1687 2012 2065 3007 3819 4295 4454 4916 5278 5575 5588 5713
699 286 1052 934 483 666 2 775 690 902 734 220 656 538 517 2374 322
111.0697
51.7285

523 639 737 1395 1498 2030 4466 5062 6288 6877
699 286 1052 934 1146 666 322 1018 690 775
58.9292
30.6063

3 140 196 429 559 760 1019 1395 1752 1776 1862 2599 2619 2906 3753 3848 3941 4532 4775 5289 6013 6185 6522 6700
699 286 1052 734 934 483 322 775 690 2 517 666 508 1274 410 773 546 1221 220 534 1543 1146 2374 1247
118.1191
54.5576

98 307 766 967 1159 1281 1391 2078 2163 3078 6276 6508 7049
699 286 1052 734 666 934 1146 483 1018 1350 656 220 2374
64.8712
32.237500000000004

1719 2120 2142 2156 2492 2993 3855 6153 6300 6325
483 286 699 220 1052 350 2374 934 1065 31
44.2496
23.9488

684 1232 2358 2581 3866 4995 5008 5217 5307 6219 6573
699 286 1052 508 517 773 959 666 734 1274 752
35.4453
19.962

53 160 374 421 429 764 1279 1404 1642 1839 2732 2856 3852 4542 4793 5812 6382 6389
699 286 1052 2 690 546 666 322 1221 220 734 2374 934 1146 483 1018 1806 2377
116.4335
54.7899

295 353 394 416 467 534 573 841 959 997 1161 1209 1280 1344 1883 1947 2231 2406 2658 2785 2805 3186 4621 5151 5246 5695 5783
699 286 1052 483 734 190 690 220 934 902 517 666 1274 82 2 1146 1350 511 1065 656 144 430 546 2377 533 1374 1018
124.6774
57.0411

42 482 921 1174 2167 2567 2577 3833 4457 4461 4734 5675 5903 6557
286 699 1052 517 190 1221 2 666 656 483 690 1065 194 962
67.0411
33.533699999999996

270 1241 1357 2279 2856 3117 3162 3302 3311 3703 4676 5245 5246
699 286 1052 517 220 666 546 483 322 690 247 959 990
64.7236
32.5175

232 743 763 1137 1936 1975 3777 3854 3912 4101 4387 4518 6894
699 1052 286 690 1055 2 666 746 747 1221 768 714 992
69.9485
29.8358

829 975 1059 1118 1328 1592 1601 3054 3365 3903 4062 5334 5785 5875 6312 6609 6613 6622
699 286 1052 690 934 773 666 534 656 1011 1247 902 220 1221 71 1067 1018 410
69.8087
33.5433

55 227 614 761 956 1133 1264 1745 1875 1929 1975 2360 2416 2631 2695 3045 3192 3217 3366 3469 3885 4233 4571 4998 5411 5698 5713 6089 6557 6613 6806
699 286 1052 934 2 734 1221 690 775 322 666 220 2374 4 1374 483 656 746 1018 533 644 1677 787 410 1277 902 508 682 936 517 538
124.9735
58.5977

245 363 366 428 575 816 918 1221 1495 1632 2152 2377 2406 2431 2520 2626 2792 2906 3110 3230 3275 3321 3340 3906 4255 4286 4387 4424 4507 4552 5734 5748 6044 6433 6900
699 286 1052 483 690 1146 2 546 734 1018 666 220 934 656 877 2374 2384 322 1404 959 1287 71 1350 714 1089 775 410 194 331 534 247 1709 1806 1247 2090
155.6435
76.1018

187 245 320 386 422 482 868 1123 1224 1325 1592 1615 2257 3311 3866 3951 4038 4145 4244 4785 4855 5217 5374 5421 5761 6046
699 286 690 1052 773 517 734 1018 666 934 1065 714 220 1146 1221 322 247 255 1404 787 2377 1347 1862 483 785 194
91.6623
42.74

121 196 575 994 1701 2520 5353 5690 5713 5943 6891
699 286 1052 483 734 934 517 322 666 656 690
69.3746
33.5896

25 1052 1159 1371 1505 1930 2078 2228 2476 3060 3417 3750 4568 5057 5846 6185 6474 6557 6599 6677 6833 6956
699 286 690 934 1221 2 1146 483 322 508 2374 517 902 2377 656 1183 1350 746 1402 734 666 1072
126.3195
60.6942

1219 1992 2261 2786 3823 4716 5411 5699 6070 6157
699 286 1052 934 331 1350 322 4 2 1221
40.9007
23.2838

177 252 496 507 915 1253 1876 3173 3832 4118 4431 4472 4627 4997 5943 6239
699 286 1052 934 220 2 1146 656 483 773 775 517 682 902 82 230
65.9579
33.3136

380 809 916 1111 1425 2122 2644 2732 2786 3247 4631 4809 5326 5765 6014 6314 6542 6613 6665
699 286 1052 1146 1018 934 1221 508 2374 714 331 2377 194 1065 1350 2 1072 746 455
61.9429
35.0327

37 185 194 844 912 1170 1495 1501 1665 1870 1992 2469 2719 4187 4533 4934 5244 5289 5317 5345 5635 5678 5777 5880 6132 6349 6578
699 286 1052 517 666 483 1146 690 2 1221 734 220 546 1402 538 2374 656 7 1055 902 942 190 430 1200 1405 60 1018
99.5929
47.3063

64 467 490 685 1555 1577 1597 1807 2377 2413 3318 3951 3992 4981 5209 5244 5689 6433
699 286 1052 2 734 690 934 775 410 959 508 322 773 902 220 1247 1806 1350
89.5942
45.4579

40 432 460 878 1791 2243 3288 4280 4387 4473 5804 6047
699 286 1052 190 483 322 666 690 439 934 82 656
59.061
29.0811

198 446 453 566 1219 1385 1585 1589 1745 2269 2535 2716 3351 3375 3432 3856 4101 4492 4806 4819 4864 5289 5435 5535 5588 5811
699 286 1052 2 690 934 666 734 4 190 483 1221 902 905 959 747 682 1806 1065 60 1018 758 1146 1350 196 230
95.9833
47.869

26 281 455 592 940 975 1029 1062 1322 1396 1513 1699 1701 1971 2268 2647 3045 3230 3794 3866 4055 4152 4871 4970 5499 5738 6408 6432 6673 6891
699 286 1052 483 690 2 1146 934 534 773 2377 1350 959 247 322 511 1404 656 1405 60 255 666 71 439 538 970 1054 1065 1402 734
99.2721
50.4115

109 145 216 912 1029 1075 1328 1418 1432 1891 1910 2235 2324 2785 2805 3714 4145 4533 5250 5353 5487 5624 5848 6288 6466 7067
699 286 1052 1221 690 934 517 666 2 322 1018 1065 656 734 220 1404 190 773 2374 902 194 1350 508 959 1146 2377
136.8006
66.0933

3 168 187 395 483 490 644 748 1016 1281 1287 1344 1365 1586 1959 2107 2271 2358 2427 2826 3161 3214 3398 3813 4292 4353 4848 5411 6538 6792
699 286 1052 934 690 2 1146 734 666 1221 902 322 517 546 2374 2377 1018 991 220 1404 533 1350 410 796 1089 682 1055 58 1072 785
154.7641
71.9107

494 746 1347 1376 1798 1833 1891 1945 2478 4324 4433 4458 6113
286 699 1052 934 666 690 322 734 902 1643 483 2 877
57.6344
29.802

42 343 2152 2192 2427 2435 3413 3493 5587 5683 6679 6738
699 286 656 190 902 1643 1052 934 410 1862 7 2384
29.4733
19.608

145 245 515 534 541 745 774 1069 1111 1214 1539 1550 1642 1740 1805 2015 2182 2261 2482 2613 2644 2702 2801 2937 3247 4246 4279 4510 4676 5274 5695 5848 6113 6157
699 286 1052 934 483 666 1018 220 734 2 1146 690 1065 331 2377 1221 775 2374 322 1350 194 959 902 247 1404 190 508 1643 1089 255 1274 773 991 430
162.7043
75.759

139 1005 1476 1936 2018 2149 2192 2226 2319 2482 2489 3186 3848 4505 5307 6088 6089 6327 6474 6589
699 286 1052 2 1146 656 483 2377 734 666 508 1350 746 1018 934 1404 58 1072 902 160
69.5536
34.7868

3 216 514 575 1089 1219 1322 1685 3245 3362 4181 4864 5415 5565 5588 5716 6157 6836
699 286 1052 2 690 734 666 331 1146 322 1350 517 934 1277 220 1221 1055 656
87.428
42.7431

386 432 536 997 1264 1328 1370 1517 1618 1876 2018 2065 2322 4542 4853 5542
699 286 1052 483 934 220 322 666 331 4 690 2377 902 517 1146 1274
67.2705
32.6072

1054 1059 1145 1600 1701 2013 2478 2682 4855 5460 5950 6016 6542 6812
699 286 1052 2 934 690 1221 483 902 322 734 666 1404 190
120.5634
58.8719

98 427 608 660 721 918 982 1921 2167 2478 3024 3156 3346 3399 3405 3942 3972 3975 4288 4703 4939 5895 6418 6521 6638
699 286 1052 690 934 322 2 666 483 220 1221 1065 1277 1586 746 534 144 1247 656 430 1274 1350 1721 579 1055
91.124
42.123

1150 1344 1391 1597 1610 2041 2163 2360 5250 5671 6088 6314
699 734 286 1404 1221 82 2377 1018 1350 905 1072 58
35.5315
20.5838

66 98 145 542 734 746 829 920 1022 1161 1170 1209 1589 2093 2300 2757 3278 3516 3942 3958 4326 4687 4712 4785 4958 5127 5496 5575 5695 6132 6589 7092
699 286 1052 2 934 690 666 902 1146 656 190 322 194 1018 773 220 785 410 2374 986 644 483 1065 776 1543 60 331 1274 714 1055 774 348
150.2249
69.8327

54 538 783 1366 1839 2035 2041 2192 2876 4391 4476 4525 4621 5151 5245 5330 5675 5697 5761 5777 6132 6549
699 286 1052 546 934 2 1018 1146 517 734 902 190 775 220 4 1221 690 483 905 1350 430 746
98.2106
46.9604

66 346 983 1030 1146 1698 1923 1929 2247 2492 2634 2871 3833 3906 4379 4782 5152 5779 6196 6678 6812
699 286 1052 934 2013 546 1018 190 2 1221 2374 1067 902 322 959 1065 220 2377 508 746 1643
123.1062
59.2206

565 584 1699 1936 2310 2535 2682 2774 3351 3941 4178 4334 5449 5749
699 286 1052 483 666 1274 220 534 902 322 1643 690 1089 682
55.7822
29.782600000000002

126 397 2228 2310 2904 3288 3318 4101 4381 5493 6154 6327 6578 6599
699 286 1052 483 517 690 666 220 934 902 1709 2377 1404 1544
40.7702
22.3179

243 343 461 521 632 829 1089 1157 1183 1187 1274 1735 1914 2590 2693 2835 2920 3347 3713 3741 3800 3968 4017 4178 4982 5196 5308 5494 5671 6078 6438
699 286 1052 2 734 934 666 902 322 1221 517 656 546 773 690 682 1195 331 959 775 796 508 410 2377 2374 220 936 644 1350 483 816
148.96
69.8843

419 505 920 1253 1719 1793 2414 2729 2795 2831 3045 3321 3478 3493 3942 4049 4809 5807 5950 6447 6542
699 286 483 1052 734 220 1146 508 773 190 690 410 902 322 1067 1862 1274 942 1643 350 774
66.24419999999999
33.4724

54 177 286 428 506 538 660 721 813 902 918 998 1014 1029 1534 1740 1910 1927 2324 2414 2501 2634 2647 3707 4136 4334 4703 5481 6074 6250 6766
699 1052 690 934 546 2 322 1221 483 517 734 666 1146 220 1018 746 1350 430 331 656 2377 1404 534 2374 2013 190 533 194 785 877 1287
194.399
95.9141

4 87 206 234 281 472 482 643 1459 1516 1636 1739 1766 1776 1856 2719 2919 3169 3366 3753 4139 4583 4675 4853 5415 5695 5903 5988 6262 6300 6438 6466
286 699 1052 666 934 690 902 517 322 2 1146 2377 1018 247 656 255 1350 1277 1221 734 1586 194 160 959 905 1054 331 1067 787 483 2090 546
98.3676
49.1112

91 425 461 638 743 787 836 1050 1341 1585 2076 2235 3126 3214 3279 3347 3365 3908 4695 4698 5147 5707 5875 6631 6643
699 286 1052 2 959 220 690 934 734 666 775 82 746 546 720 247 517 1806 886 936 439 331 991 785 579
94.4977
46.2003

130 427 432 454 780 1947 2114 2619 3022 3351 3355 3789 3848 3875 4194 4661 5148 5244 5289 5525 5738 5812 6508
286 699 1052 483 666 902 773 1018 322 220 690 2377 190 2 1277 82 1374 955 768 1214 230 787 991
62.192
34.1902

46 128 235 1264 1719 1798 2539 2541 2871 2953 3024 4381 5450 5578 5904 6471
286 699 1052 934 483 1221 546 902 190 775 236 656 1018 533 905 348
64.5127
31.3552

295 774 1170 1601 1923 2483 3545 6016 6622 6714
699 286 1052 934 2 959 534 60 1146 734
47.9864
25.4777

121 287 394 446 507 514 716 728 982 1104 1710 1848 2317 2489 2513 2818 4247 4440 5318 5334 5496 5535 5701 5904 6044 6408 6833 7049
699 286 2 1052 934 666 734 483 194 902 508 1018 690 1146 656 1055 785 1350 534 409 714 768 1247 773 1347 970 1089 1828
116.2062
52.3058

18 190 393 793 990 1425 1596 1791 1868 2171 3432 3625 5293 5770 6132 6542 7083
699 286 1052 483 2 934 690 517 666 1274 1221 2374 773 220 322 787 1146
113.5272
54.5648

82 460 542 745 761 979 1219 1456 1966 2152 2269 2324 2378 2577 3040 3100 4440 4473 4915 5007 5307 5671 6622 6760 6866
699 286 1052 666 690 1221 322 934 2 517 734 220 1146 991 1350 190 682 60 902 410 785 656 4 1404 1374
115.9249
52.9403

11 12 39 130 929 1115 1344 1620 2171 2572 3269 3741 4357 5411 5747 6498 6643 6760
699 286 1052 82 690 934 1221 1146 2 734 517 877 220 1350 1055 410 7 666
74.3155
36.9679

37 179 190 231 414 438 486 496 694 1016 1462 1505 1663 1818 1852 2171 3222 3493 3516 3721 4011 4036 4687 4981 5565 5994 6169 6433 6498 6760 7092
699 286 1052 483 2 734 934 517 220 1146 666 902 690 1221 2377 959 2374 1072 194 656 1089 247 410 773 322 886 538 775 2013 788 236
152.4149
68.0278

681 1636 1923 2323 2405 2471 3279 4133 5152 5675
699 286 1052 322 1018 959 350 1146 190 934
43.3344
21.5662

126 179 373 716 788 918 1365 1585 1587 1685 2125 2182 2521 2567 3214 3299 3780 3945 4133 4375 4525 4735 5244 6169 6466 7083
699 286 1052 2 190 934 483 690 517 666 775 902 1277 322 1806 1089 546 247 796 1067 733 534 977 746 60 1274
86.5946
42.3685

498 632 660 745 979 1014 1295 1828 1875 2358 2374 2402 2483 3282 3356 4247 4320 4442 4972 5573 6030 6318 6327
699 286 1052 2 690 934 1146 666 775 902 1221 220 656 1404 773 746 1018 1274 483 1643 734 1350 1183
146.0988
70.3958

110 121 281 394 454 640 1021 1102 1663 1678 1975 2241 2644 3279 3775 4392 5695 6157 6163 6169 6357 6836
699 286 1052 690 483 1221 734 220 1350 959 2 1018 666 902 4 1146 746 331 1214 1287 60 1643
102.1053
49.7085

84 87 816 923 1133 1406 1495 1796 1852 2702 2897 2919 4851 4916 5063 5707 5749 6390 6414 6558
699 286 1052 2 1183 1146 959 194 775 734 546 1018 2384 410 1247 350 1089 1806 1011 984
66.8155
35.736200000000004

482 796 878 1565 2613 2801 3041 3121 4410 4487 4712 5496 5631 6390
286 699 1052 734 517 934 666 220 1065 690 1018 2 775 714
76.1184
35.415

192 550 743 760 1171 1462 1656 2048 2415 3490 4006 4247 4655 4915 5770
699 286 1052 690 2 991 734 439 508 746 538 1072 682 929 1930
56.7254
26.5777

164 226 253 566 982 997 1011 1062 1104 1160 1380 1618 1947 2528 3362 3972 4089 4145 4324 4375 4698 4785 4851 5011 5229 5534 6074 6591
699 286 2 934 1052 690 1146 666 902 773 1221 2377 322 1404 714 220 1350 1021 534 785 1274 1405 796 1374 959 1018 508 348
98.3133
48.106899999999996

177 1072 1418 1537 1792 1910 1923 2414 2435 2828 3217 3288 3904 4017 4053 5153 5316 6311
286 699 1052 483 734 666 220 190 690 1643 1404 546 4 959 331 2377 236 936
78.1828
39.885400000000004

20 438 746 813 851 1174 1376 1711 1870 2658 3493 4145 4532 4568 5077 5234 5299 5575 5588 5747 6014 6526 6558
699 286 1052 934 2 734 902 410 666 190 690 1221 517 322 439 1247 773 1146 220 1643 656 644 1089
103.6549
49.0215

308 634 766 914 1290 1928 3022 3110 3704 3738 3887 4507 4920 4939 5026 5411 5538 5807 6107 6343 6802 6806
699 286 1052 934 483 656 666 773 734 1018 220 690 2 775 1806 902 439 1277 1146 1347 59 776
81.6206
38.3868

39 53 55 91 235 243 252 314 1128 2093 2348 2662 3653 3709 3800 3851 3975 4002 4379 4621 4712 4716 4958 4995 5312 5494 5565 5573 5851
699 286 1052 2 483 517 734 82 1221 236 934 1277 220 714 2374 331 194 190 534 1350 1347 247 656 905 533 255 538 1247 495
94.212
49.0441

412 429 454 763 967 1053 1381 1418 1567 2719 2972 3222 3750 4145 4571 4676 5233 5334 5789 6621 6677
286 1052 699 483 666 690 546 934 220 322 902 534 1011 2377 255 511 1195 1586 230 194 2
83.2644
40.1307

975 1099 2521 4373 4760 4805 4955 5307 5895 7067
699 690 775 666 2 286 656 902 71 2090
25.908
15.5241

126 586 829 1295 1374 1510 1600 1848 2076 2247 2317 2416 3355 3490 3781 3819 4068 4320 4473 4676 4809 5041 5436 5496 5638 5683 6177
699 286 1052 2 690 934 517 666 1221 483 410 902 1018 546 656 1146 331 508 787 190 746 1247 409 936 1072 439 1350
102.2107
49.6579

32 63 64 1601 1710 2275 3161 3985 4793 4861 5449 6357 6493
699 286 1052 690 322 220 991 2374 30 455 978 350 401
37.4373
22.8416

44 216 531 535 644 746 813 1405 1406 1600 1601 1812 2194 2405 2435 3411 3574 3713 3818 3871 3922 4055 4264 5153 5635 6177
699 286 1052 690 934 322 1221 483 546 734 1018 902 666 517 656 1643 682 877 1054 2 1146 534 978 1055 1274 796
126.65990000000001
58.2396

54 829 1213 1221 1290 1807 2919 3214 4537 4848 5041 5190 5317 5690 5723 5812 6126 6276
699 286 1052 934 546 1146 2377 190 1018 734 1405 773 877 1277 775 1067 194 1350
76.9707
40.8391

3 128 194 356 813 1396 1474 1735 1927 2247 2756 2996 3231 3794 3911 4082 4775 4817 5057 5127 5556 5754 5848 6390 6447
699 286 1052 690 517 2 1221 2374 220 322 666 934 546 190 1200 734 1021 483 877 1277 82 430 538 1195 230
112.6077
52.7158

226 258 286 421 523 536 790 929 976 1053 1227 1750 3302 3405 3432 3574 3713 4273 4492 4542 4760 4861 5672 5858 5887 6013 6599 6714 6836
699 1052 690 666 483 2 517 934 322 220 1146 546 734 1055 902 1221 534 1183 714 1274 656 785 1287 990 331 533 430 992 773
153.1643
71.4011

227 246 287 334 397 579 644 774 783 851 1160 1482 1567 1597 1848 1927 2076 2435 2904 2952 3282 3741 4568 4627 4672 5556 5812 6157 6314 6638 6721 7055
699 286 1052 666 2 483 2377 734 1221 934 517 902 220 1350 1146 534 508 1018 546 322 775 331 1021 1277 796 773 690 255 1404 787 693 194
137.4242
64.5915

39 374 1117 1383 1798 1928 2015 2418 2695 2871 3222 3288 4168 4187 4285 4538 5007 5161 5256 5758 5779 6243
699 286 1052 483 190 666 734 220 2 322 82 546 775 690 1018 7 1118 348 1385 934 71 511
74.6687
36.9988

367 425 1409 1418 1505 1662 1848 2094 2335 2521 2619 2729 2870 3040 3709 3753 3832 4417 4472 4855 4949 5210 5345 5764 6300 6317 6614 6758
699 286 1052 1221 734 2 934 902 666 1350 773 508 1018 656 1146 322 2377 410 196 2090 775 1072 714 1025 1200 690 82 1277
106.8106
49.766

128 523 747 904 1342 1878 2149 2599 3217 3955 4712 5337 5435 6325 6542
699 286 1052 934 2 690 656 322 734 1018 666 483 331 785 220
79.7934
37.7352

614 893 942 1159 1482 2503 3173 4015 4410 6329
286 699 1221 1052 1018 1350 220 190 1146 1287
51.547399999999996
25.4775

343 902 1361 1685 1917 2117 2122 2163 2418 4938 5525 5584 6185 7055
699 286 1052 690 877 666 1404 746 785 1350 1214 905 929 1021
45.3745
26.967299999999998

2752 2805 2888 3299 5196 5274 5528 5770 5937 6523
699 286 255 1289 5332 1200 207 619 1385 1080
16.759
12.2603

8 320 473 780 1420 2820 3347 3780 4247 5256 5896
699 286 1052 2 546 936 991 959 511 145 977
33.5508
19.640900000000002

25 562 654 1213 1798 3231 3653 3777 3885 4804 4853 5191 5534 5594 5615 6463
699 1052 286 934 1221 322 2 517 656 773 1643 2377 2374 1021 734 546
69.5196
34.9273

1052 1227 2465 2476 3222 4856 5698 5758 6329 6414
699 286 483 2 690 1146 734 1183 517 220
84.58800000000001
44.0725

98 435 1034 1058 1567 1930 2465 2818 3905 4017 4453 4473 4507 4568 5716 6785
699 286 1052 690 1146 666 934 2 2377 322 1247 1350 439 775 720 656
64.3239
30.6455

234 386 535 542 1111 1146 2122 2535 3110 3162 3777 4538 4649 4955 5145 5171 5307 5697
699 286 1052 483 934 775 690 1221 2 220 1350 666 1677 1018 902 194 1643 1067
78.9498
39.0732

88 490 536 643 1021 1052 1476 3299 3377 3490 4334 4886 5063 5669 5698 6157 6358 6408
699 286 483 690 666 934 902 1146 2 1350 322 1018 517 1221 734 508 220 2374
126.74589999999999
62.9938

214 293 507 2241 2716 5334 5542 6300 6343 6471 6969
699 1052 286 483 959 666 190 194 746 160 429
37.5608
21.6784

545 601 1075 1124 1451 1615 1857 3312 4958 5026 6578
286 699 734 1402 220 331 1347 1643 2 902 1052
26.5188
16.761400000000002

710 733 758 793 929 1405 1539 2076 2269 2402 3161 3473 3780 3975 4695 5699 5777
699 286 690 1052 2 934 1221 666 734 1146 785 656 877 787 439 1643 331
99.2863
45.8386

190 808 1612 1868 2030 2416 3156 4864 5033 6004
286 699 1052 934 483 517 1018 734 2 902
71.1295
37.3367

258 654 1357 1418 1425 1592 2015 2050 2415 2465 2719 2795 3040 3346 4182 4334 4391 4995 5415 5983 6358 6665 6677
699 1052 286 690 2 734 666 517 322 1018 534 2377 194 1214 902 682 2090 546 1643 410 220 991 1111
71.7872
35.3156

473 728 736 809 1054 1173 1287 1513 1730 3192 3275 3351 5811 6132 7002
699 286 1052 2 934 690 1146 666 2377 1183 1221 902 1274 1018 322
106.6462
52.2296

39 393 558 1618 3040 3385 3447 3866 4510 4542 4819 4951 5436 5707 5789 6132
699 2 286 734 666 773 82 4 977 1221 220 1052 1011 1055 1146 410
51.2695
26.3843

306 699 743 765 1290 1537 1544 1701 2030 2115 2363 2957 3707 3985 4168 4388 4399 4544 5190 5217 5528 5538 5556 5713 6196 6438 6766 6833
286 1052 934 2 690 666 1146 902 734 1018 322 1221 2374 517 1643 775 967 656 1721 796 1247 483 1350 746 747 1072 508 905
149.2958
76.1441

179 421 493 1673 2826 3462 3490 3769 3898 6177
699 286 1052 1183 690 350 270 534 1118 747
26.588
15.738199999999999

8 716 736 1052 1425 1505 1685 1752 1818 1975 2011 2313 2520 3311 3951 4251 4793 6169 6547
699 286 690 666 1146 2 1221 322 934 1183 517 483 1350 734 439 1274 247 2374 508
119.03059999999999
58.9027

44 214 893 914 1132 1174 1730 2011 2117 2795 2805 2860 3288 3738 3852 3885 3982 4518 4597 4625 4958 5678 6014 6089 6418 6643
699 286 1052 2 190 666 959 1018 322 508 656 1221 60 495 1404 7 984 483 902 59 439 934 886 1200 714 58
90.7119
43.8566

363 592 601 939 972 976 1057 1539 3126 3156 4295 6105 6132
286 699 1052 666 1065 1274 1146 71 990 348 746 1402 160
39.513
21.514

398 995 1056 1856 2015 2235 2348 2725 3611 4806 5007 6521
286 699 1052 517 991 666 902 929 693 714 469 644
39.6148
19.5606

134 216 435 929 949 1059 1362 1586 1711 2993 3490 3493 4145 4433 4627 4632 4915 5219 5220 5307 5378 6146
699 286 1052 690 934 902 2 1018 483 517 734 666 220 1643 410 656 331 322 1221 1055 785 682
139.0918
64.1067

293 397 565 790 956 1120 1380 1385 1423 1862 1928 2012 2139 4036 4417 6146 6589 6707
699 286 1052 2 690 534 775 902 220 734 666 1146 714 483 1089 773 934 682
72.3554
36.0106

196 844 1157 1224 1380 1420 2324 3780 3848 4036 4605 4934 4951 5194 5244 5417 5525 5575 5812 6077 6538 6814
699 286 1052 2 1221 690 483 517 1247 1146 902 322 2377 934 220 1350 1183 1643 666 1072 656 534
89.2691
46.8844

295 868 1656 2180 2871 2972 3935 4658 4675 5011 5223 5669
286 699 1052 934 666 534 690 546 1089 775 905 1374
53.7181
26.3647

177 245 246 293 494 561 745 1097 1115 1183 1216 1281 1295 1448 1710 1730 1743 1759 1930 2335 2888 2934 2972 3022 3942 3955 4334 4387 4427 4824 5449 6665 6866
699 286 1052 934 690 1221 2 666 902 1018 517 734 546 775 1146 322 439 1643 331 220 2374 656 1274 190 508 1347 1065 714 409 1677 1247 991 773
147.7629
68.4632

38 195 535 541 854 1011 1054 1592 1719 1750 1975 2192 2389 2693 3176 4785 5011 5411 5748 5952 6073
699 286 1052 934 2 483 690 1221 322 2377 1146 1677 220 734 902 773 508 1089 656 350 666
109.0907
51.16

121 412 594 614 816 997 1642 2427 3362 3411 3574 3945 4552 5690 6411
699 286 1052 734 483 1274 1146 546 690 2 902 220 1643 796 533
69.4917
33.2883

192 634 1069 1592 1663 1921 2335 3398 3955 4002 4782 4851 4972 5678 5683 5804 6343 6702 6738 6749
699 286 1052 1018 773 2377 1221 690 220 1146 959 331 775 1402 682 229 1200 1404 785 886
56.3785
29.6491

1706 2416 2427 2819 3478 4375 4907 5313 5727 7092
699 286 2 190 936 1052 544 502 1350 220
27.7295
16.1465

11 32 573 747 841 949 1228 1451 1544 1730 2050 3164 3178 3951 4510 4518 4578 4672 4687 4855 5220 5326 5542 5731 5988 6542 6866
699 1052 286 734 934 690 2 1221 666 1018 902 656 331 190 2377 322 1146 746 768 439 796 991 1055 7 776 1274 483
105.5606
49.9099

356 446 764 800 1125 1418 1425 1665 1711 2180 2241 5152 5318 5532 6538
699 1052 286 2 666 190 991 1806 439 902 82 2090 160 1089 483
53.9621
28.201

40 133 422 819 949 1537 2322 3399 3413 3779 4157 4431 5063 5470 5611 6050 6745
286 699 1052 190 734 666 959 331 220 902 483 644 7 430 145 2 517
61.4953
32.3827

145 177 398 425 681 788 940 1018 1025 2182 2379 2478 3161 3511 3922 4262 5012 5493 5534 6312 6877
699 286 1052 934 2 1221 1146 690 902 666 517 1065 656 410 194 2374 959 1287 1011 508 991
110.1845
53.0121

98 191 293 414 478 640 774 914 1266 1605 1620 1685 1721 1966 2078 2430 2795 3010 3041 3769 3830 4082 4162 4247 4320 5588 5747 5765 5771 5777 5850 5983 6673 6956
699 286 1052 1221 2 734 220 656 1146 666 483 902 322 934 877 690 508 1277 247 775 1018 331 796 625 409 410 714 1089 2374 1543 59 432 1065 682
124.0553
57.3626

728 760 1050 1187 1214 1325 1406 1928 2934 3004 5350
699 286 934 1052 734 1018 690 959 991 1146 1065
47.2321
23.1435

55 179 536 644 764 1396 1610 1751 1929 2430 3100 3462 3714 3734 4178 4649 4656 4675 4886 5053 5151 5240 5532 5556 5716 5903 6521 6547 6908 6956
699 286 1052 666 2 690 483 322 902 934 734 1221 773 1404 746 546 775 1055 796 1021 682 656 220 1018 1277 508 331 1806 2374 714
156.644
68.2106

287 1089 1423 1930 2695 3789 4089 4703 5234 5624 6050
699 286 1052 690 934 2 534 194 734 322 902
58.8025
27.8801

91 446 453 473 668 1011 1097 2183 2270 2478 2572 3712 4634 5499 5765 5832 6310 6498
699 286 1052 190 690 934 517 1146 322 220 82 1018 666 959 430 2377 1221 511
86.9361
42.3095

37 196 494 761 878 959 972 1120 1174 1535 1870 2261 2360 2752 3186 3581 4036 4133 4295 4338 4451 4518 4676 4698 4955 4997 5638 6126
699 286 1052 483 2 517 934 690 322 666 775 220 1221 734 534 656 190 902 1374 1274 2374 991 533 247 1404 546 1183 746
152.1439
66.0196

52 536 982 1069 1820 2613 3432 3769 3810 4454 6041
699 1052 286 483 666 2 934 690 220 1018 2377
59.7607
26.4576

87 156 559 990 1862 2268 2279 3417 5607 5738 6715
699 286 1052 690 775 734 2 773 508 190 666
66.0372
33.7184

211 246 427 519 1347 1517 1527 1596 1676 2076 2271 2418 3614 3945 4145 4357 4461 4542 4703 5145 5209 5233 5698 5994 6678 6745
699 286 1146 1052 58 483 2 190 430 877 144 1543 773 1274 693 533 1072 60 1643 331 432 690 207 905 145 1401
74.9692
40.8582

128 2163 2192 2257 3545 4255 5152 5217 5635 5779 6105 6908
286 699 1052 1350 1018 666 1404 508 230 1146 886 905
33.4864
20.0096

46 644 787 990 994 1551 1857 2735 3405 3982 4089 4286 5496 6190 6220 6382 6833
699 286 1052 690 934 666 517 734 2 546 439 1055 775 322 1221 656 902
112.4679
49.4961

25 601 929 1014 1133 1171 1362 2658 3288 4139 5493 6050
699 286 1052 2 690 934 656 773 517 322 902 666
81.8335
38.0753

18 115 133 632 685 766 902 982 1146 1304 1632 1891 1965 1971 1977 2719 3211 3230 3399 3622 3779 3833 4587 4649 4712 4947 5194 5337 5697 5908 6641 7067
699 286 934 1052 2 1221 877 2374 666 2377 331 1643 1404 1677 1247 1018 656 1021 430 1065 690 942 1216 1350 785 410 1195 1347 533 905 1510 1386
116.2382
61.0405

253 412 1327 1600 1730 2235 2333 2937 2996 3911 6126 6196
483 699 546 286 1404 1146 2377 410 1287 534 255 586
27.7176
16.1958

34 348 614 1019 1039 1120 1685 1706 1910 1965 2094 2257 2415 2418 2774 3405 3875 3948 4055 4107 4264 5065 5127 6013 6677 7083
699 286 1052 483 2 220 690 190 322 1221 534 656 682 666 546 508 2013 517 502 538 247 1054 71 1146 140 544
101.0438
48.1399

192 408 586 696 1051 2897 3769 4168 4819 5307 5499 5613
699 286 1052 2 517 690 483 734 666 194 2374 220
102.5023
50.8284

395 401 550 641 643 893 942 1219 1232 1927 1936 2402 2416 2476 3398 3951 4939 4998 5065
286 699 1052 666 2 1221 190 322 1146 220 508 936 902 1018 773 1350 776 538 4
76.2741
37.3561

26 214 438 506 518 654 743 942 1117 1209 1403 1432 1796 2030 2405 2751 2953 3279 3989 4251 4458 4605 4920 5244 5316 5556 5727 5930 6041 6044
699 286 1052 690 934 190 2 734 1018 546 517 1221 220 439 902 322 1146 1072 483 410 1247 194 1055 877 1643 959 682 1021 720 905
139.7252
64.8633

34 541 841 862 975 1137 1282 1828 2952 4285 4420 4949 5611 5695 6186
699 286 1052 934 690 483 747 1146 1221 220 768 902 666 1643 190
65.6454
33.2981

334 414 1150 1281 1464 1605 1615 1685 1796 1947 2340 3217 3707 4139 4793 5308
699 286 322 690 1052 934 483 2 902 734 656 1643 2377 984 1183 546
61.9054
30.9926

79 258 425 816 829 892 958 995 1150 1160 1341 1418 1743 1875 2271 2406 2413 2581 3338 3948 4915 5578 5584 6484 6721
699 286 1052 546 959 2 734 220 666 517 1221 656 534 902 410 934 82 1018 533 773 60 194 1404 58 538
136.4034
62.6473

144 166 644 685 825 922 1034 1425 1551 1559 1812 1921 2427 2476 2984 3117 3473 3707 4068 4649 4686 4949 5210 5584 5749 6154 6262 6408 6745 6758 6806 6887
699 286 1052 2 666 1146 220 902 773 959 322 1221 546 934 690 190 194 775 734 1277 1018 534 796 1072 1055 483 656 410 877 984 196 2090
132.8159
61.6784

187 252 364 446 545 982 1050 1053 1418 1535 1628 1717 2276 2378 2379 2406 2539 2904 3398 3511 3905 4006 4133 5337 5411 5534 5615 5645 6177 6474
699 286 1052 934 666 902 2 959 322 656 220 690 775 546 190 682 1350 984 1021 991 517 2374 439 877 905 2033 986 565 992 410
114.5756
52.1719

82 212 398 558 658 721 1074 1089 1173 1295 1719 2156 2284 2310 2801 3007 3712 3941 4391 4453 4552 4951 5147 5161 5904 5988
699 286 1052 690 483 2 517 934 322 666 1277 1221 734 656 1247 220 1274 1183 350 430 902 1643 410 714 775 991
120.59479999999999
54.4646

36 115 733 1236 1341 4791 5217 5219 5330 6522 6526 6547
699 286 690 1052 1018 190 656 82 902 959 666 734
49.333600000000004
26.354499999999998

4 206 212 286 534 586 959 967 1011 1059 1157 1923 2268 2521 2719 2888 3222 3275 3282 3366 3431 3610 3819 3851 4181 4255 4424 4949 5128 5389 5470 5496 6014 6074
699 1052 690 483 934 517 666 2 1018 734 220 1146 902 546 1221 322 2377 1065 190 656 430 533 1287 1055 1274 511 990 991 1072 255 331 2374 984 746
191.4981
91.5911

412 561 564 940 2389 2819 3712 4233 4458 4587 4638 6557
699 286 934 734 2 483 1052 1146 666 775 1277 220
61.9869
29.3053

196 227 234 438 536 743 836 1016 1136 1210 1241 1495 1596 1620 1947 2167 2482 2735 2820 2831 3247 3346 3819 3948 4062 4264 4538 4809 6107 6310 6389
699 286 1052 483 2 517 1221 690 934 1146 322 220 546 656 1055 666 1072 682 579 902 1374 533 877 991 459 1089 1350 1543 190 247 1183
157.9707
69.7094

216 967 1858 1870 2483 3545 4262 4532 5190 5326 6538
699 286 1052 934 1221 1146 734 511 220 517 666
55.203
27.9967

84 164 194 227 244 245 790 1395 1544 2180 3794 4661 4687 5026 5731 5880 6157 6250 6738
699 286 1052 2 666 690 517 734 934 546 775 902 220 483 787 1221 322 959 439
122.09819999999999
56.0304

166 212 231 334 397 696 2240 2581 3060 3419 4182 4338 4427 5127 5152 5256 5594 5645 5811 6219 6438 6749 6794
699 1052 286 690 1221 959 220 656 666 1146 934 508 410 1404 533 902 2 2377 1065 60 991 1402 1018
80.90090000000001
39.5428

736 1423 1868 3168 3753 4998 5250 5731 6534 6599 6806
286 699 690 775 934 1274 1183 1221 1052 1350 1054
35.2765
18.3994

353 425 765 915 1098 1117 2774 2934 3288 3769 3968 4388 4661 5250 5293 5335 5352 5777 6526 6542
699 286 1052 690 220 934 2 190 734 1146 666 682 483 1221 82 902 534 58 517 247
90.8083
46.0687

997 1102 3478 3781 4334 4544 5239 5334 5854 5875 6522
699 286 1052 1018 902 1643 1221 934 1274 1247 1011
35.8304
21.5454

3 38 160 414 707 1069 1380 1381 1383 1404 1710 1740 2882 4695 4806 4854 5196 5256 5293 5587 5749 6411
699 286 1052 2 690 934 1146 734 483 1221 666 656 1018 517 877 350 2374 331 2377 546 322 773
126.7434
60.476

306 916 977 1137 1224 1366 2389 2785 3245 3721 3968 4061 4458 4817 5378 5573 6146 6677
699 286 1052 690 2 666 734 517 322 934 220 2377 1055 747 538 656 1146 546
99.6575
43.6782

1146 2041 2142 2732 3318 3972 4625 5145 5607 5749
699 286 1052 2 934 902 1221 1067 1643 666
57.3886
29.0963

258 446 1022 1039 1089 1279 1325 2035 3299 3347 3819 4806 5314 5467 6908
699 286 1052 1221 734 2 546 534 190 1277 773 936 331 220 1146
54.7141
28.1505

521 1291 1395 1615 1818 2268 2776 4632 5119 5749 5875 6665
699 286 934 1052 775 734 1018 1643 774 439 1065 666
54.4362
26.6235

0 862 1082 1370 1546 1601 1807 2284 2492 2599 3004 3075 3704 3783 4391 4871 5542 5588 5930 6665 6836
699 286 1052 2 1183 1146 734 322 934 775 690 331 534 1709 255 773 1277 990 902 1374 1350
65.3481
34.6062

1656 1792 1947 2590 2732 3351 3398 4655 4995 5161
699 286 734 773 1052 666 796 656 1195 1065
24.8126
14.955

214 246 412 523 654 929 1362 1597 1996 2317 3447 3968 3975 4537 6073 6107 6220 6493
699 286 1052 483 690 2 934 517 666 959 1221 546 734 1247 1146 682 656 348
85.5393
41.0744

40 743 748 1115 1221 1395 1662 1711 1858 1947 1971 1975 2115 2243 2400 2634 2716 2957 3078 3813 3908 4055 4705 5033 5147 5250 5669 5848 6621 6833
699 286 1052 690 934 2377 1146 190 2 546 1018 2013 1350 746 1067 902 1709 483 775 1054 322 877 959 1287 666 656 331 220 1677 1072
144.7228
69.4939

1362 1551 2503 2634 2702 2835 2919 3162 3574 4061 4510 4535 4703 4972 6631
699 286 1052 690 666 1146 734 2 517 656 1221 546 2374 348 2377
94.5988
44.1721

1513 1793 1876 2065 2171 2271 2785 3040 3230 3903 4851 5411 5699 5703 6758 6929
699 286 2377 734 1072 2 1146 666 58 2320 145 1258 934 4 1402 1259
49.7391
26.2739

295 429 455 763 793 1215 1464 2400 2418 2577 2619 3126 4587 4864 5436 6312 6358
699 286 1052 934 483 534 2 734 959 255 322 230 666 656 787 247 502
70.4188
34.136

281 694 795 797 802 825 940 1236 1247 1665 1792 2050 2482 3469 3887 3992 4507 4631 4638 5008 5314 5529 5587 5904 6146 6382 6673
699 286 1052 734 690 934 2 656 508 666 902 775 1146 773 1806 1277 190 785 322 2374 1347 82 410 746 2377 1374 788
126.7897
56.4332

87 91 164 227 345 396 766 914 1102 1366 1476 1555 1927 2171 2194 2323 2348 2818 3419 3563 3852 4006 4262 4591 5053 5850 6044 6573
699 286 1052 2 517 934 220 1221 546 82 534 538 690 533 656 625 1018 682 984 1216 409 1054 430 348 991 190 825 247
89.3249
45.5956

353 395 498 802 813 1003 1014 1099 1274 1432 1527 1544 1987 2317 2647 3269 3288 4518 4856 4939 4955 5065 5161 5315 5352 5727 5903 6185 6408 6493 6504 6806
699 286 1052 2 934 666 322 775 690 1146 517 734 508 902 190 773 796 746 439 1374 1021 656 546 1018 60 533 714 1350 430 2090 220 769
119.6424
57.9581

1643 1752 1828 1923 2626 2725 3004 3992 4568 5785 5930 6721
286 699 934 1221 1052 1018 1146 190 1247 959 2 1011
63.3313
33.760600000000004

32 507 1612 3431 4168 4273 4451 5638 5703 6433 6836
286 699 666 690 1146 746 1052 936 194 43 1067
30.0939
17.4187

163 1021 1029 1183 1409 1751 1828 1868 1947 2306 2541 2815 3611 3713 4233 4264 4410 5327 5777 6169 6390 6433 6549
699 286 1052 934 1221 2 734 483 775 1643 902 666 1018 322 690 4 1067 656 2374 410 1200 1247 517
124.042
58.3615

90 486 515 1067 1075 1585 1610 2100 2120 2270 2306 2577 2870 3078 3545 3975 4006 4686 4972 5575 5807 6325 6411 6591
699 286 1052 2 1146 775 1221 483 508 1350 1404 666 902 773 934 2377 1405 905 220 1200 690 734 877 962
98.4715
48.0409

252 270 427 1074 1342 1535 1600 1620 1662 1698 1929 1959 2139 2149 2757 2937 3475 3622 3734 3871 4525 4675 4676 4997 5421 5671 6288 6700 7092
699 286 1052 2 934 1221 322 690 902 546 775 666 2374 877 773 194 483 746 787 71 1544 1018 682 517 429 644 1287 1404 1055
117.2667
54.3922

128 367 398 421 959 981 1137 1359 1482 1567 1610 1818 2483 3398 3734 3945 4251 4350 4399 4427 5190 5337 5697 6329 6665
699 286 1052 934 690 666 517 483 1221 220 2 322 190 1404 2374 439 746 1065 534 902 734 511 1146 41 886
139.5227
61.9348

144 166 214 234 295 483 490 809 1053 1253 1721 2476 2535 2626 2937 3121 3673 3818 4162 4357 4532 4686 4947 5077 5313 5481 5678 6073 6126 6169 6504
286 699 1052 666 734 1146 2 1221 517 934 690 220 775 959 902 190 534 1018 322 546 773 2374 714 194 644 533 410 439 2013 247 1405
167.6241
76.7765

11 46 55 308 446 483 716 929 1383 1456 1482 1619 1694 1766 1811 1848 1977 3951 5278 5283 6004 6484 6589
699 286 1052 690 934 666 2 1221 322 517 1146 2374 220 1018 734 902 546 1055 534 508 190 1247 247
120.4426
57.1661

228 235 531 561 640 990 1029 1304 1420 1461 1743 2319 2340 2460 2539 2801 3721 3753 3885 4089 4387 4556 4785 5436 5487 5573 5615 5701 5713 5850 6013 6105 6631 6721
699 286 1052 690 934 483 517 220 666 1146 2 1221 439 508 734 2377 534 656 546 773 1404 720 768 322 1072 60 1274 4 1216 409 714 247 733 764
116.477
54.9763

87 373 2702 3704 3895 4338 4853 5127 5417 5421 5917 5952 6132 6866
699 286 1052 2377 190 1221 656 1404 1677 1018 1347 1287 1258 734
44.9389
22.7344

660 1098 1174 1209 1220 1365 1539 1698 2543 3387 3738 4052 4247 4492 4556 4851 5152 5196 5335 5450 5826 5952 6046 6700
286 699 1052 934 690 322 2 1405 1643 546 508 666 439 902 1374 1065 704 656 483 1274 429 746 977 905
72.9758
36.9181

410 454 490 543 1386 1462 1534 1977 2279 2377 2478 2795 3173 3958 3992 4855 4857 4886 5171 5494 5565 5671 6013 6262 6572 6589 6673
699 286 1052 2 690 934 483 190 1146 734 656 1374 1350 546 1018 220 1055 775 517 959 1221 508 902 1806 348 432 1072
118.0969
55.9962

273 427 819 1099 1157 1281 1663 1673 1678 1750 1870 1923 2094 2114 2142 2340 2492 4052 4535 4634 4847 5004 5220 5337 5352 5449 5532 5880 5937 6115 6719
699 286 1052 2 734 666 959 934 2374 902 1146 190 690 2090 1643 322 1065 656 60 1404 483 230 4 331 236 787 31 1989 350 439 1374
103.62819999999999
51.431200000000004

523 1232 1936 1996 2156 4394 4686 4716 5353 6327 6463 6542 7055
286 699 1052 775 2377 2 1404 734 934 1405 483 666 1259
41.2961
23.7377

191 1685 2094 2116 2241 2317 3279 3819 4350 4532 5007 6126
1052 699 286 1146 666 734 1221 962 410 160 2090 991
33.8382
20.1815

197 1266 1555 2261 2430 2492 2503 2751 2791 2805 2815 3784 4538 4625 6755
699 286 483 2 1052 666 934 508 902 796 714 787 1021 768 1065
54.0713
28.1905

166 232 515 1102 2306 3192 3970 4292 4338 4583 4806 4861 5053 5908
286 699 1052 2 934 959 656 747 991 2374 1274 401 60 1200
59.8394
30.6127

134 192 380 393 494 998 1014 1053 1565 1750 1875 1927 2142 2304 2333 3162 3279 3714 3823 4017 4145 4306 4457 4861 4981 5671 5774 6394 6643 7049
699 286 1052 2 934 690 773 666 734 1221 322 2374 1404 656 2377 220 546 1018 902 746 82 714 331 992 1195 1543 439 775 145 1021
143.6911
67.2447

26 212 235 343 561 566 601 654 681 958 1005 1014 1051 1132 1228 1322 1374 1385 1420 1632 1811 1852 2152 2261 2405 3387 3419 3818 4133 5229 5594 5804 6549 6900
699 286 1052 2 690 934 546 1221 666 220 902 773 959 322 517 82 1146 1018 734 60 656 682 746 533 2377 483 1065 2374 247 929 774 967 1011 430
137.8265
63.0798

187 734 808 972 1146 1341 1921 1936 2142 2156 2241 2795 3898 4542 4970 4995 5026 6700
699 286 1052 934 690 2 902 666 2374 1221 322 1018 1274 785 331 1195 410 1067
99.8508
50.6769

187 334 573 1136 1618 2540 3712 3904 5937 6014
699 286 934 1052 656 322 2377 1018 1350 1385
35.1946
19.9531

37 472 486 939 1004 1161 1791 2149 2358 2476 3750 4107 4510 4864 5908 6151
699 286 483 2 1052 734 322 666 1146 714 220 1065 959 190 994 1011
50.5965
25.5628

334 356 467 561 608 939 1277 1791 2634 3355 4686 4860 4886 5389 5415 5520 5534 5671 5699 6013 6078 6327 6677 6766
699 286 1052 2377 483 2 1146 666 775 1350 220 734 1221 1274 331 190 934 546 322 1214 1404 1287 1405 2090
120.82419999999999
57.0811

592 733 1374 1537 2269 3769 4334 5335 5611 6074 6433 6745
699 286 1052 690 2 734 934 666 1643 439 220 902
66.6796
32.5939

594 634 1089 1241 1342 1395 1611 2389 2818 3475 4136 4286 4387 4687 4716 4734 5858 6169 6219 6463 6760 7041
699 286 2 734 1052 1146 1277 775 934 666 902 508 1402 644 776 1195 220 1200 322 331 690 816
83.2675
39.079

63 130 253 531 716 767 780 1136 1357 1366 1385 1405 1420 1559 1769 1818 1914 1928 1996 2275 2835 3385 3473 4251 4673 5538 5858
699 286 1052 690 934 1221 2 483 517 1146 666 534 902 247 538 322 220 439 877 1643 1065 785 2374 1402 430 3714 1072
110.51350000000001
53.4798

166 592 1118 1477 1619 1875 2011 3741 3958 4158 4675 4705 4947 5127 6239 6317
699 286 1052 666 1221 959 1350 690 534 517 60 220 656 1347 71 2377
57.5731
29.4379

134 281 514 535 684 949 972 998 1011 1539 1600 1678 1751 1798 1959 2180 2406 2535 2613 2716 2870 3007 3192 3214 3302 3462 4052 4089 4871 5450 5811 5880 5917 6220
699 286 1052 2 690 934 483 517 322 1146 666 546 1643 190 1274 220 401 990 1221 734 2377 82 747 902 71 656 977 1277 348 1183 7 1374 145 1018
135.0891
63.687

536 541 716 967 994 1370 1386 1458 1534 2340 2541 2819 2835 3516 4280 4350 4760 5077 5698 6314 6329 6438 6542
286 699 1052 666 690 483 2 934 220 1221 1055 2013 1018 517 656 1374 534 1350 190 544 2377 194 322
100.6345
46.5252

38 231 1030 1550 3610 4571 5223 5289 5293 5701 6673 6877
286 699 1052 220 1018 2013 1065 902 350 71 1989 877
39.5111
23.4865

110 125 127 197 422 550 737 921 1187 1735 1828 1833 2192 2528 3854 3912 3972 4675 5246 5450 5826 6074
699 286 934 1052 690 902 1643 666 959 1018 220 2 1221 322 30 1011 538 746 60 796 720 2374
77.1392
37.8453

26 190 212 363 364 519 559 795 1232 1327 1601 1656 1673 1959 2257 2572 2920 3610 3848 3955 3975 4162 4264 4324 4350 4525 5153 5171 5758 6276 6390 6411 6700
699 286 1052 934 483 734 517 2 690 773 902 959 666 1287 71 1146 656 508 1221 1277 236 1021 1072 322 4 775 1274 144 1137 1018 247 1806 2384
120.3215
58.3272

47 373 374 394 397 566 994 1062 1067 1150 1247 1280 1395 1423 1875 1977 2320 2541 2658 3169 4194 5011 5063 5077 5350 5378 5415 5532 5713 5832 6113 6467 6622 6707
699 286 1052 2 190 1221 934 322 1018 690 877 508 666 775 483 220 1404 734 2377 1021 656 1146 1374 1350 905 1065 1289 409 942 1200 71 1405 967 773
121.5135
59.4498

12 990 1132 2831 3075 3132 3389 5389 5525 6794
699 286 1052 690 220 682 1404 508 905 82
42.7353
23.442

144 394 432 446 907 1210 1391 1395 1610 1710 1796 1878 1983 2284 2503 3309 3575 3911 3955 4036 4111 4157 4189 4233 4306 4634 4848 4939 5738 6749
699 286 1052 734 190 2 775 666 220 1404 886 322 194 656 517 2013 959 902 991 1221 534 776 196 644 1011 682 160 887 877 1183
108.5239
52.7768

393 531 743 1610 1615 1620 1807 2811 3176 3366 3405 3614 4145 4295 4949 5887 6614
699 286 1052 483 1146 690 1221 322 2 734 877 746 1404 666 220 1643 775
82.9114
37.7829

140 545 808 998 1420 1495 1628 1828 1843 2226 2306 3110 3783 3885 4262 4472 4538 4998 5713 5738 5804 5806 6073 6239 6613 6887
699 286 1052 934 483 656 902 734 220 322 1221 508 1643 775 785 2374 1247 1018 410 733 1146 666 644 1374 4 1405
105.1513
50.6458

197 253 660 737 1290 1495 2018 2194 2811 2856 3054 3278 3411 3581 4082 5407 5496 5811 5952 6219 6679 7055
699 286 1052 690 666 322 517 1146 546 1018 934 534 533 992 220 644 990 2374 902 1374 787 1277
85.8455
41.856

507 1420 2171 2324 2801 3903 4211 4472 4597 5578
699 286 1221 690 656 902 666 1404 775 410
41.239
22.0179

39 53 493 1146 1628 1967 2120 2276 2374 2751 4036 4158 4168 4848 4982 5171 5594 5771 6643 6749 6893
699 286 1052 2 934 1221 690 483 902 775 82 1643 546 1018 534 331 430 3714 517 1183 1350
133.2691
66.66329999999999

3 66 90 139 156 308 1210 1463 1632 2860 3851 4673 5887 5994 6327 6599
699 286 1052 1018 2 2377 775 773 936 1404 58 785 1221 508 905 1195
53.901199999999996
30.3085

414 1089 1210 1214 1327 1495 1517 1643 1752 5671 6243 6823
286 699 934 2 1146 1221 734 1018 483 331 1052 1350
75.424
37.4584

140 196 386 421 625 802 1227 1266 1462 1914 2241 2418 3432 4038 4255 4656 4861 4939 6126 6613
699 286 1052 690 666 734 517 483 2 322 220 430 775 459 533 2374 534 508 746 1374
93.9991
43.8916

84 345 844 893 902 907 967 1282 1432 1820 2018 2041 2310 2413 2860 2870 3222 3563 3707 3912 4053 4162 4753 4851 5313 5316 5467 5535 5887 6083 6196 6707
699 286 1052 483 1146 959 1404 546 534 1221 656 322 190 942 666 877 220 1183 936 2374 984 788 4 785 1510 350 196 1350 194 544 331 409
110.9504
56.8816

42 63 227 393 780 1021 1173 1210 1213 1266 1544 1694 1870 2243 2389 2471 2658 2702 2811 3278 4038 4136 4391 4453 4535 5007 5672 6471
699 286 1052 2 322 690 934 734 2374 666 82 1221 220 2013 1277 190 682 902 1643 656 7 991 1183 1374 796 1350 410 644
123.02080000000001
58.1032

414 1160 1325 1370 1706 2984 4306 4871 5008 5315 5542 6314 6408
699 286 483 1052 934 734 508 1404 190 682 1072 1806 1350
47.586999999999996
23.405

4 66 273 366 460 561 736 765 990 1120 1551 1587 1605 1745 2192 2325 2631 2786 3904 3985 4038 4782 4806 5978 6154 6276 6288 6591 6679 6967
699 286 1052 690 322 934 666 1350 656 508 1183 1018 1274 773 1721 902 1709 2377 1055 746 1146 682 483 1221 247 1374 785 538 787 1543
109.5768
49.9456

18 90 747 836 1016 1159 1241 1546 1565 1745 1900 1910 2152 2186 2323 2335 2400 2856 2937 3574 3581 3794 3852 4472 4583 4947 5407 5449 5556 5624 6738
699 286 1052 2 934 690 1183 322 1146 666 656 1274 734 220 1018 775 517 1350 990 410 902 1065 994 785 720 331 1055 546 533 1072 1287
128.0692
59.4981

44 140 160 334 346 802 841 862 914 1018 1039 1115 1132 1183 1327 1463 1498 1687 1900 2078 2503 4142 4338 4712 4856 5065 5783 6311 6357 6447
699 286 1052 734 2 1221 934 690 775 508 483 1146 666 220 656 2374 902 322 1402 1065 194 773 546 959 331 60 2090 410 538 1200
182.72
88.6541

11 34 144 398 482 809 1030 1034 1067 1101 1321 1371 1546 1914 2041 2284 2323 2811 3309 3707 3780 4244 4417 4542 5148 5194 5234 5588 5749 5812 5983 5994 6447 6760 6764
699 286 1052 2 517 1146 483 690 194 1221 190 773 508 2377 1065 220 322 902 59 877 666 1183 82 255 656 7 714 977 1018 1111 544 409 160 934 1021
138.9223
65.0063

25 88 270 1039 1101 1820 1977 2413 3164 3475 3610 3641 3727 3832 3916 4162 4535 4804 5070 5487 5716 5851 5917 6157 6678 6887 6908 7067 7092
699 286 1052 1221 2 322 734 959 483 942 1544 1350 1146 408 1709 1183 2374 1404 511 203 41 410 331 71 255 1247 1055 936 230
87.98349999999999
46.9152

134 191 196 721 808 904 1361 1462 1535 1565 1811 1870 2182 2786 2996 3121 3852 3904 4525 4785 5594 5672 6083 6177
699 286 1052 690 2 934 666 1221 656 322 902 483 517 775 785 746 773 1146 734 220 1721 1374 2374 1054
145.0
63.8822

88 308 660 816 1005 1120 1160 1322 1385 1973 2358 2543 2626 3214 3269 3309 3338 3385 3916 4634 4661 5053 5316 5436 6077 6613
699 286 2 1052 690 666 734 902 546 934 410 877 768 1404 787 2374 534 1089 656 1247 1287 1277 579 1402 1721 511
89.5933
44.3429

235 543 545 767 1209 2757 3318 4473 4583 5244 5389 6276 6442 6679 6802
699 286 1052 666 220 1055 546 439 517 538 1544 236 1274 991 483
46.1695
23.1992

118 343 521 740 1097 1386 3156 3366 3713 4015 4958 6891
699 286 1052 934 2 322 2377 666 1350 1018 1065 190
47.9706
25.0953

11 1458 1585 2270 2478 3982 4675 4788 4934 4955 5148 6089 6538 6614
286 1052 699 775 666 902 1221 773 1806 1677 60 59 1065 733
37.8173
22.5

191 800 1056 2012 2489 3405 3895 4410 4785 5245 6893
699 1052 286 2 483 773 734 666 902 508 439
53.4134
24.5128

115 363 559 796 819 990 2276 2333 2379 3117 3186 5334 6132
699 286 1052 690 934 2 734 1221 508 1072 666 773 1709
78.87819999999999
39.9174

26 79 91 206 765 1003 1058 1236 1279 1615 1685 1875 1942 2317 2540 3007 3041 3075 3784 3912 4107 4133 4350 4775 4782 4861 5234 5318 5978 6311 6622
699 286 1052 82 690 190 322 773 220 666 1350 1643 71 517 959 984 2374 60 1195 439 625 902 1163 720 1543 942 1862 38 4 247 734
79.7861
41.4735

281 320 493 795 1221 1361 1461 4655 4848 5312 6078 6715 6894
699 286 1052 690 934 1146 746 1018 1350 734 2 1709 877
70.4795
37.49

98 246 478 632 699 1051 1075 1097 1687 2167 2791 3121 3911 4631 5542 5594 6115 6160 6792
286 1052 666 2374 1221 934 690 483 2 734 1146 656 517 220 1404 775 322 1350 508
154.6024
82.4646

32 98 457 493 654 707 829 847 904 1370 1420 1513 2194 2320 2379 2431 2831 3178 3431 3516 3625 3750 4107 4734 4997 5010 5063 5314 5350 5411 5678 6447 6794
699 286 1052 934 2 656 666 1221 322 517 1404 773 1374 1146 682 483 1274 1350 1018 644 410 1072 690 816 768 247 220 1277 785 546 331 2377 534
121.4337
57.8433

1896 1945 1955 2320 2431 2460 3447 4295 4326 4391 4431 4788 5283 5470
699 286 1052 1221 2 1350 331 1067 666 942 785 1402 962 1709
44.7557
22.9896

514 977 1075 1287 1396 2011 2469 2528 2719 3309 3516 4856 5487 5789 6463
286 699 2 1052 1221 690 1146 2377 734 666 322 970 773 934 1011
65.518
34.577

25 98 247 306 625 733 743 1157 1589 1597 1843 2194 2268 2631 3192 3780 3912 5033 5053 5128 5151 5407 5713 5919 6088
699 1052 286 2 690 934 666 656 734 483 644 322 2374 1055 430 1221 984 746 977 1072 4 1247 220 682 538
125.0595
56.7771

144 187 429 972 979 1385 1425 1620 1643 1743 1833 1910 2284 2322 2418 3721 3813 3978 4006 4182 4916 5196 5233 6077 6438 6442 6613 6794
699 286 1052 934 2 220 690 1221 517 734 331 666 877 483 322 1350 534 190 1146 546 902 775 1018 194 905 2374 886 255
147.3762
68.4663

54 232 421 432 562 733 787 809 1022 1374 1517 1662 1676 1833 2149 2725 2882 3126 3132 3854 3905 3953 4587 5104 5210 5244 5594 6083 6132 6314 6467
699 286 1052 2 690 1221 934 775 1146 734 190 546 656 746 517 322 1018 483 644 666 439 220 720 1072 785 773 247 1247 71 902 544
130.7639
60.1529

46 55 395 664 829 1291 1386 1403 1550 1791 1891 2114 2120 2416 3417 3581 3611 3819 3875 3905 3953 4162 4211 4687 4848 5053 5727 6311 6414 6678
286 699 1052 2 483 934 322 690 902 929 1018 656 190 644 734 967 517 410 936 1350 746 71 1374 886 773 538 986 2377 693 7
97.7016
48.2875

226 747 907 967 1029 1282 1341 1555 1735 1751 1798 2183 2870 2920 2993 3041 3214 3478 3784 3854 4017 4040 4182 4247 4712 4734 4855 5353 5635 5713 5770 6542 6794
699 1052 286 2 483 734 220 690 666 934 1404 656 1274 991 1018 2374 322 902 534 1055 331 511 1374 236 2377 430 410 196 82 1247 787 7 796
131.0816
62.1899

334 550 1395 1643 2820 3169 3912 4505 5703 5747 5994
699 286 934 1146 1221 775 1018 1052 1350 2377 538
56.3631
30.3149

11 457 1052 1662 2269 2335 2348 2413 2460 3885 3945 4062 4473 4621 6956 7055
286 699 690 483 1146 656 322 508 934 666 517 2 959 439 1183 1221
111.7957
57.1748

0 81 394 800 2115 2993 4939 5314 5587 5896 6070
286 699 2 483 220 1052 534 439 776 1089 255
37.9514
22.02

91 534 538 558 1022 1678 1868 2182 2378 2402 2478 3045 3391 5063 5337 5738 6493
699 286 1052 934 666 734 483 2374 2 220 1221 322 1350 1274 517 1146 1018
110.618
52.0431

4 320 393 432 523 608 808 959 1113 1370 1534 1930 1955 2186 2226 2243 2535 2876 2962 3078 3635 3916 4101 4247 4542 4655 5128 5415 5635 6070 6177 6466 7067
699 286 1052 690 934 220 483 2 1221 322 190 2374 902 1146 1089 656 534 517 331 508 2377 1018 666 82 511 1544 991 1402 990 886 1067 546 1709
150.3122
67.3013

543 745 1391 1403 1685 2363 2626 4142 4280 4492 5012 6276
699 1052 286 690 666 734 2 1018 546 322 508 331
53.2778
24.233

460 972 1089 1253 1678 1701 1710 1828 1955 2856 3511 3905 4053 4189 4381 4556 4955 6196 6631 6893
699 286 1052 934 2 1146 666 1221 734 322 546 902 775 1277 220 990 1643 1350 656 331
105.5586
49.808099999999996

26 481 716 907 995 1018 1342 1395 1643 1896 2317 3780 3852 3887 4279 4427 4542 6185 6812
699 286 1052 934 1221 690 775 2 666 1146 656 1404 734 331 773 1350 1065 1089 194
124.1195
58.1125

36 252 457 531 1005 1019 1798 1868 2647 2795 3387 3462 4597 5307 5435 6044 6073 6250 6484 6719 6891
699 286 1052 483 322 546 534 2 666 247 1463 538 410 2377 1274 2013 1374 682 1402 236 977
56.3459
32.5301

160 373 1074 1082 1448 2180 2335 2431 3178 3192 3419 3614 3729 4461 4703 4806 5587
699 286 1052 690 2 1146 190 934 734 546 977 483 746 773 194 350 1274
84.6248
40.6472

273 486 825 1098 1141 1505 1534 3516 3813 4817 5104 5335 6799
699 286 934 1052 666 902 1221 220 1146 1806 773 690 768
53.2641
25.821

115 432 435 472 745 997 1612 2192 2194 2414 3024 3385 4638 4760 4998 5161 5337 5771 5908 6016 6074 7092
286 699 1052 934 690 902 322 331 959 220 1146 82 1274 905 977 714 1067 644 190 1054 704 936
62.5979
33.327600000000004

12 25 133 455 922 1357 1448 1914 2957 3935 4806 5191 5587 5771 6132
699 286 1052 483 220 1146 534 1643 546 934 690 2377 902 959 322
81.7892
41.7581

115 121 163 166 252 644 763 809 949 1287 1664 1721 1896 2114 2503 2957 4011 4187 6219 6220 6700 6929
699 1052 286 734 666 2 902 1146 690 1221 796 190 1643 322 2377 959 1055 1018 546 60 483 230
103.48
49.2017

133 346 374 419 658 892 1721 2532 2774 2856 3818 3852 4089 4392 4417 4433 4871 5283 5542 5587 5678 5765 6678
699 286 1052 666 2 690 220 934 322 1221 534 714 546 2374 190 517 483 733 902 990 1018 247 796
109.1239
51.961

18 246 809 1074 1075 1406 2270 2276 2335 2791 3078 3222 4052 6014 6318
699 286 1052 1146 483 690 1404 768 220 796 322 787 1018 1111 734
48.6616
26.4555

307 1409 2180 2194 2719 3007 3186 3405 3462 3794 3895 4233 5190 6719 6802
699 286 734 1052 2 1221 690 322 775 1018 1146 746 902 548 1806
58.8665
29.6923

232 245 564 601 1347 1678 1966 2116 3245 4152 4353 5316 6163 6466
699 286 1052 2 666 690 656 934 220 877 773 322 1643 1287
64.11280000000001
30.6747

2139 2826 3100 3162 4535 5764 6504 6547 6589 6967
286 699 734 1146 401 322 1374 739 2303 41
19.7553
12.8257

38 168 921 983 1605 1751 2275 2427 2431 2528 3356 3975 4111 4871 5239 5458 5573 5738 5848 6408 6411 6474 6785
699 286 1146 483 2 1052 1221 2377 1072 934 2384 348 1510 1287 350 720 7 1111 71 962 1848 2090 1259
66.3356
37.5268

109 334 685 758 1137 1174 1618 2065 2094 2122 2300 2313 2374 2402 2682 2732 3041 3211 3391 3741 3777 3800 4133 4804 4907 5026 5244 5256 5895 6311 6963
699 286 1052 690 2 934 1146 2013 483 734 775 1055 2377 1221 666 322 1350 220 1274 1721 902 1287 747 410 2090 430 1183 348 1544 746 1065
161.0844
75.6257

140 156 523 990 1678 1739 1942 2243 3279 3895 4687 4847 4854 5783 6538
699 286 1052 734 2 690 508 666 439 656 775 58 902 1374 776
69.0732
31.7651

133 191 246 258 467 765 922 1516 1620 1676 1820 2015 2360 2418 2644 3775 3906 4118 4295 4417 4916 4995 5289 5337 6557
699 1052 286 934 220 534 1221 546 775 877 247 666 1146 190 1806 511 746 2374 194 902 7 544 2033 1289 483
78.284
41.1234

625 760 912 1266 1743 2035 2461 4381 4687 5896 6262
699 1052 286 517 734 220 546 690 2 533 430
57.8668
27.9824

144 518 1052 1067 1187 1209 1796 1996 2171 2882 3975 4915 4995 5147 5535 6542 6609
699 286 2 483 517 508 1221 690 934 1146 2377 220 1183 2374 322 877 734
123.9721
62.3642

63 559 868 939 1132 1274 1357 1477 1685 1807 2078 2231 2279 2658 2820 3610 3769 3908 4251 4753 5223 5587 5635 5777 5846 7041
699 286 1052 2 934 690 1221 322 190 773 517 734 666 959 546 990 1065 1277 1183 746 1072 775 247 508 877 60
96.2875
48.2791

531 914 1215 1820 2125 2240 3132 3178 3784 3992 4417
699 1052 286 656 934 483 2 714 534 733 59
37.1498
19.998

63 216 638 795 977 998 1171 1565 1862 2120 2729 3186 3192 3955 4656 4695 4955 5191 5219 5317 6030 6474
699 286 1052 2 934 690 483 773 322 775 517 902 666 734 410 1018 1247 220 746 747 1643 1089
121.33879999999999
56.6851

20 1012 1098 3004 3192 3375 3941 4753 4864 5538 5631 5638 6107 6802
286 699 2 934 1052 734 410 902 690 1274 190 1277 1221 2374
70.6654
33.6286

787 959 1029 1125 1128 1132 1141 1711 2013 2492 2532 2835 3365 3575 4334 4848 4864 6508 6673
699 286 1052 483 934 734 666 2374 1221 2 190 690 902 1643 220 322 1404 517 534
152.8153
73.3858

809 1357 1517 1618 1928 2647 2735 4017 4552 5148 5460 5481 5826 6877
699 286 1052 517 934 546 1146 773 2377 1221 533 1055 902 1374
56.5429
28.6761

258 467 507 1396 1537 1730 1876 2313 2805 3230 3614 4392 4583 5738 5807 6498 6758
286 699 1052 194 734 220 1146 666 2 1405 746 1510 190 534 517 1643 1072
56.5461
27.987000000000002

88 308 841 976 1069 1579 1678 2120 3230 3417 3729 4280 4597 4806 5220 6893
699 286 1052 666 1018 2 483 331 690 929 1146 2377 1374 538 1067 902
55.345
26.9536

561 1030 1328 1415 1796 2094 2835 3126 3312 4062 4391 4428 4791 5220 5494 5499 5573 5635 5919 6471
699 286 734 1052 773 1018 656 1247 331 2374 1065 690 409 902 1111 970 1067 1183 2090 984
49.7815
28.8517

46 84 231 246 373 543 1082 1464 1544 1798 1917 2801 3121 3942 4002 4181 4255 4410 4583 5053 5529 5556 5631 5846 6327 6638
286 699 1052 2 690 190 666 1055 1221 959 546 734 902 220 517 746 991 775 1274 1404 1183 2377 350 495 439 533
106.0441
46.6887

4 1171 1735 1992 3126 3411 3417 4947 5250 6013
699 286 1221 2377 1146 1018 546 934 902 538
36.7428
20.8932

47 308 471 493 523 543 614 644 994 1117 1322 1423 1928 1947 2078 2163 2828 3040 3575 4244 4388 4453 4535 5053 5811 5896 6044 6074 6107 6357 7049
699 286 1052 483 734 666 2 220 690 546 190 534 1146 322 517 656 511 1055 796 2013 7 533 902 1277 984 1018 1543 775 905 538 2374
133.71620000000001
58.8345

53 79 346 454 481 825 1219 1282 1371 1423 1656 2078 2503 2811 3230 3704 4264 4379 4457 4458 4535 4672 4805 5152 5190 5337 6186 6250 6411 6474 6609 6785 7092
699 286 2 1052 934 1146 902 666 483 690 768 1072 410 734 773 1287 656 785 2090 331 1402 1277 1021 508 2384 1258 2377 1089 1247 746 2033 1259 1806
96.624
49.4999

81 1123 2149 3269 3545 4244 4886 6153 6311 6394 6493 6534 6621
699 2 286 1350 439 1146 1463 71 787 1052 1405 942 785
30.2995
18.8801

91 192 286 494 979 990 1618 2402 5307 5353 5754 6239 6310 6467
699 1052 690 517 483 2374 734 666 220 322 934 1146 2 546
105.1133
55.2645

54 956 1342 1612 2247 2276 2756 3511 3703 3819 4003 4244 5223 5256 5764 5783 6447
286 699 190 546 194 517 1052 71 544 1287 59 230 483 82 936 144 1543
42.004
24.0017

293 868 918 1118 1281 1325 1432 1567 2275 2539 2590 3126 3581 3911 4533 5026 5191 6609 6963
699 286 1052 666 773 656 1195 534 796 734 2377 517 787 1643 934 546 2374 533 1072
76.3655
37.2699

915 918 977 1461 1477 3117 3462 6004 6157 6806
699 286 1052 690 934 2 546 2374 1350 430
69.5753
35.2059

52 228 472 694 1099 1706 1917 2271 2306 2693 2934 3413 3431 3750 4537 4638 4675 4819 6163 6599 6745 6836 6893
699 286 1052 2 734 2377 2374 4 959 1221 1065 1146 190 58 902 410 934 586 1402 1677 962 145 1287
69.6527
37.2108

427 816 921 1321 1328 1464 1513 1601 1611 1750 1791 1942 2100 2247 2483 3126 3211 3217 3398 3767 3916 4392 4804 5062 5233 6325 6327 6679
699 286 1052 483 2 190 734 82 2377 508 1146 1404 410 220 902 1247 656 71 1089 59 773 255 720 230 144 776 511 1183
86.7486
46.0396

416 639 668 699 740 747 774 797 1128 1527 1597 1678 1745 1766 2115 2235 2363 2374 2732 2818 3117 3164 3741 4507 4542 4556 4997 5326 5734 5764 6126 6558 6785
286 1052 934 690 2 1146 666 1018 734 775 1221 322 190 656 902 331 517 2377 508 773 1274 483 877 439 2013 1350 1643 1065 533 644 1183 1374 430
205.2033
104.5365

247 293 716 777 959 976 983 1034 1050 1056 1102 1381 1476 2543 2613 2906 2953 2957 3214 3447 4266 4431 4442 4451 4538 4735 4806 5104 5496 5713 6760
1052 699 286 690 546 483 902 934 734 220 1146 1018 517 666 190 773 533 1065 1055 534 1274 409 2374 1072 348 1067 1247 1277 746 1385 430
135.8755
62.97

52 490 515 728 1132 1213 1807 3830 6088 6163 6325 6534
699 286 934 734 1052 902 666 1350 60 1287 1021 775
41.2024
23.3794

356 562 1173 1811 2228 2313 2435 2888 3635 3800 3832 3833 4040 4392 4458 4632 4735 5765 5943 6317
699 286 934 734 1221 1052 1018 1183 773 1643 1065 2377 82 1350 775 2 255 410 936 774
64.9377
33.9302

345 373 396 518 601 638 808 1034 1516 1535 1796 1936 2156 2427 2695 2996 3340 3389 3635 4139 4145 4233 4357 5389 5417 5470 5587 5765 5770 5851 6599
699 286 1052 690 775 2 902 734 934 1146 190 322 1221 656 220 534 517 785 331 1287 991 1247 410 511 1545 439 409 1183 1806 1089 714
112.6029
52.198100000000004

55 245 640 740 1464 1862 2389 2626 3447 4326 4535 5678 5806 5917 6077 6621
699 286 2 734 934 1052 1221 775 220 1018 902 1089 644 773 508 1200
59.9564
30.9286

55 246 766 1005 1118 2984 3493 4288 5335 6418 6665
699 286 1052 934 666 534 902 690 220 1643 656
46.7796
24.0298

228 247 972 1050 1128 1664 1694 1698 2125 2228 2543 2937 2962 3040 3469 3516 3611 3813 4703 4995 5217 5374 6432
699 286 1052 2 666 734 959 483 1274 533 2374 429 1055 984 644 230 236 2013 690 565 348 929 990
76.9795
38.6055

586 1403 1415 1534 2156 2400 3832 5573 5594 5635
699 286 517 1052 934 2 1221 991 1183 533
28.4042
17.2617

37 164 228 1170 1361 1376 1735 1828 1959 2015 2460 3356 4157 4375 4440 4492 4972 4982 5765 6190 6969
699 286 2 1052 690 934 666 902 1146 775 1055 1011 483 1018 71 1221 746 348 7 1643 986
75.9452
39.0901

82 486 566 1857 1930 2897 3054 4518 4753 4775 4791 4855 4998 5151 5283 5449 5675 5771 6792
699 286 1052 666 517 934 690 1146 734 1221 194 322 902 220 508 430 991 1018 2
79.6574
37.6137

8 26 164 190 1214 1236 1295 1701 1811 1878 1896 1992 2116 2306 2476 2662 2756 3169 3375 3707 3783 4285 4552 4571 4851 4972 5635 5689 6070 6877 6893 7083
699 286 1052 934 483 2 322 517 2374 194 1221 959 82 690 1018 775 71 1277 902 236 1065 60 1146 220 666 1247 255 31 905 773 984 1200
124.0037
60.1776

191 212 515 643 664 836 1380 1579 1698 1752 3230 4451 4638 5529 5978 6408
699 286 1052 690 934 666 1146 2 902 1018 255 714 962 905 7 776
50.9661
27.1395

243 694 766 4292 4981 5411 5578 5875 6721 7092
286 699 934 1221 1052 734 1404 2377 991 1065
36.6575
19.5596

54 196 460 608 639 836 976 1171 2139 3721 3819 3948 4286 4583 5337 5535
699 286 1052 934 483 322 546 2 517 220 656 690 902 1247 190 734
76.8459
35.8165

130 270 286 783 956 1025 1381 1612 2323 2644 3318 3903 4921 5223 5326 5487 5493 5529 5588 5930 6163 6589
699 1052 690 934 517 666 1221 322 483 2 902 1018 546 1146 734 1287 220 331 787 3714 430 746
116.35640000000001
58.5052

63 244 976 982 997 1266 1341 1396 1929 2015 2469 2482 3169 3302 3622 3703 3704 3707 3916 4053 4145 4334 4338 4473 5234 5697 5754 5765 6833 6877
699 286 1052 666 517 322 2 934 902 1146 1183 746 690 1018 2013 984 331 1677 455 656 1274 905 1643 432 787 439 1405 401 7 1374
97.2322
48.8117

144 356 380 446 748 755 841 1287 1415 1559 1852 1858 2048 2050 2413 2590 2792 3230 4136 4152 4542 4817 5774 6077 6302 6792
699 1052 286 934 1146 190 666 1221 959 322 194 690 483 773 2377 220 656 877 734 1404 796 886 2374 1350 1195 2013
108.6642
52.8433

47 179 191 308 428 1005 2142 2581 3347 3985 5151 5505
699 286 1052 546 483 194 959 934 666 190 220 534
54.1325
28.1229

314 804 1030 1432 1875 2577 2826 3951 5127 5904 6522
699 286 1052 656 902 1018 1543 538 1065 322 962
28.9025
17.3995

515 844 1050 1395 1878 2414 2513 4052 4817 5220 5758 6327 6609 6707
699 286 1052 775 959 1404 934 690 322 2377 644 331 236 60
37.5928
22.3941

121 373 395 472 634 761 914 1133 1266 1852 2041 2149 2268 2835 2904 3222 3269 3431 3906 4544 5318 5671 5875 6070 6504 6534 6641 6707
286 699 1052 2 483 734 190 666 220 1221 322 1350 71 410 1259 785 959 1374 2374 787 307 229 1111 697 776 886 38 905
77.5567
39.9648

307 472 565 685 1074 1236 1551 1971 2870 3299 3852 4853 5008 5011 5611 6077 6538 6677
286 699 1052 934 483 508 666 1146 959 190 1018 734 348 902 196 1089 82 682
82.2285
39.3578

64 584 654 765 942 959 1341 1596 1698 1709 1745 1876 1910 1927 2011 2013 2120 2333 2904 3078 3161 3169 3222 3814 3903 3905 3978 4133 4391 5415 5683 5738 6471 6534
699 286 1052 483 690 1221 934 220 734 666 517 1404 190 1146 322 2 877 2374 534 1350 546 773 4 656 1072 229 430 1374 1021 1405 410 247 1018 255
190.2818
88.0679

640 1555 2310 2826 2920 2937 3117 3245 3278 3611 3734 4675 5229 5283 5308 5407 5716 5917 6442
286 699 1052 690 666 734 934 2 902 483 1274 220 991 1021 656 1055 1200 401 967
60.0486
29.8363

145 386 975 1415 1425 1678 3707 3775 4533 4675 5315 5588 5716 6113
699 286 1052 2 666 322 220 934 656 1018 194 959 796 196
64.3215
32.984

634 788 816 1034 1290 1818 2167 3389 3871 4152 4178 4379 4454 4860
699 286 2 1052 666 734 1221 902 934 746 1146 690 796 682
81.9282
38.8103

128 348 916 1124 1236 2261 2348 2983 3783 4015 5669 5727
286 699 483 1052 959 82 190 538 776 546 71 517
49.6484
26.3047

25 270 295 959 1537 1619 1687 2400 4970 7092
699 286 1052 483 734 220 666 934 190 534
105.9556
52.788

36 564 632 746 747 787 868 916 1074 1232 1495 1534 1673 1793 1805 1828 2415 3311 3321 3982 4391 4535 4631 5077 5209 5234 5350 5417 5449 5587 5613 5850 6390 6538 6758
699 286 1052 934 734 666 690 2 1221 410 656 1146 220 902 322 1018 1247 775 785 331 644 720 439 1200 1643 1862 714 1347 991 247 508 1072 2374 733 1011
142.9781
67.7912

145 498 1019 1187 1698 3186 3784 3885 4442 5229 5701 5758 6573
699 286 1052 690 322 656 194 2 190 220 1018 746 1065
60.1533
32.0333

84 195 416 486 783 981 1341 1812 1947 1955 2360 2489 2882 2953 3156 4162 4189 4246 4537 5239 5313 5334 5875
699 286 1052 2 666 483 517 656 546 734 190 775 959 350 1221 533 934 508 1350 322 220 1089 1183
103.9743
46.9444

363 550 594 788 816 1059 1458 1709 1945 2240 2460 2535 2801 2957 3162 4089 5240 6016 6312 6707
286 699 1052 2 1221 902 934 690 734 1146 666 1065 71 220 1277 1072 1643 2374 410 656
85.9246
42.5712

11 461 1917 2243 3176 3398 3856 4181 4537 4915 5812 6498 7055
286 699 1052 959 1055 2377 220 322 693 1163 886 508 992
37.1354
21.0487

128 166 179 386 481 893 1097 1362 1793 2323 2378 2465 2996 3475 3854 4111 4280 4458 4856 5190 5407 5584 5731 6382 6521
286 699 1052 2 690 934 190 517 734 1221 410 682 959 1146 666 656 877 2374 1350 60 776 785 270 1374 1021
96.7591
46.393

986 1021 1462 1551 1743 2431 2492 3813 3885 4805 4949 5008 5353 6343 6760
699 286 1052 690 517 322 666 508 934 546 1643 1146 220 1221 902
81.1529
38.6279

185 412 1021 1381 1587 1711 2030 2167 2513 2619 2870 5033 5128 6906
699 286 483 1052 1221 934 1350 322 1018 1146 666 656 2374 1065
60.4397
30.9629

345 356 416 644 1089 1104 1125 1409 1955 2241 2489 2818 2856 2906 3469 3622 3972 4440 4817 4949 5316 5611 5804 5811 5832 5950 6318
699 286 1052 2 666 934 734 1221 546 902 483 1146 1018 508 1350 190 322 690 220 409 656 533 1055 1277 775 534 1200
141.2654
63.6

98 334 763 1174 1601 2413 3161 3432 3810 3935 4631 4857 6078 6163 6836
699 1052 286 690 2 2013 1146 1247 734 1350 959 1287 247 1221 714
78.3771
39.78

82 130 197 216 541 564 640 787 972 1082 1097 1161 1174 1236 1615 1750 1751 1812 1839 2270 2501 2725 2826 3362 3916 4587 4753 4955 5010 5171 5209 5307 5556 6836 7092
286 699 1052 666 517 483 934 220 775 734 1221 2 190 1274 656 959 348 785 247 977 430 1277 1247 71 984 60 2374 902 1643 7 990 720 1072 905 714
119.045
58.182900000000004

118 494 1406 1620 2093 2532 2786 3493 5065 5535 5734
699 286 1221 2 1146 508 666 902 1643 877 410
38.4959
20.7039

819 958 1136 3398 3985 4107 4133 4233 5698 6471
699 286 1052 734 2 666 959 220 538 775
71.5874
34.0389

66 410 1662 1685 2363 3100 4178 4656 4791 5007 6484 6557 6760 7002
286 699 1052 666 1146 2 190 2374 322 220 902 508 1072 82
53.1649
26.5486

460 538 545 942 1051 1290 1380 1451 1510 2313 3365 5147 5196 5534 5904 5994 6614
699 286 1052 1221 934 1146 690 1018 322 1350 546 2377 734 331 220 656 1021
81.4091
41.5465

643 819 920 1004 1102 1150 1266 1281 1366 1432 1505 1805 1896 1945 2317 2543 2599 2870 2882 3045 3413 3734 4306 4861 5012 5033 5062 5210 5274 5578 5584 6318 6589 6738
699 286 1052 2 1221 517 2374 666 1018 508 902 322 773 483 1404 1806 410 1200 934 220 905 1350 538 190 656 1274 1146 196 714 977 816 775 331 1330
126.7114
58.6701

42 145 306 472 1014 1099 1137 1559 1618 1619 2835 3075 3288 3493 3625 3753 4003 4525 4658 4673 4847 4939 5153 5245 5289 5313 5806 5978 6151 6969
699 286 1052 934 2 666 690 656 902 190 1018 1065 322 959 1643 734 1200 220 773 1274 410 768 1277 775 483 1055 4 746 785 196
131.415
59.5674

4 1361 2276 2541 4306 5148 5190 5896 5994 6349
699 286 690 1052 1146 190 2377 666 1018 773
39.5702
20.9144

81 308 346 579 1104 2035 3493 3511 4388 4544 5672
699 286 1052 934 2 902 517 666 410 483 220
51.8658
26.4338

90 187 343 427 514 558 561 1386 1739 2171 2427 2543 3075 3800 3830 4082 4809 5353 5417 5435 5770 5904 5917 6531 6665 6758
286 699 2 1052 934 2377 1146 1018 230 1350 1055 322 2090 144 207 970 1287 1374 483 1510 1709 774 1277 905 409 902
59.7775
36.2378

976 1137 2897 3168 3399 3767 3823 4457 4735 5234 5312 5669 5671 6046 6078
699 286 1052 690 775 666 1065 194 747 1055 773 768 1221 1054 714
63.3301
30.2826

286 428 432 575 640 923 1279 1527 1559 1577 1929 2972 3024 3299 3563 3575 3622 3813 4038 4817 5063 5196 5210 5337 5556 5697 5699 5701 6073 6573
699 1052 690 934 483 546 517 322 220 1221 734 1018 430 2 1146 746 902 190 1247 666 534 2374 533 331 656 1806 194 1287 959 787
155.2114
76.161

11 32 42 109 127 235 393 521 844 1137 1146 1264 1282 1370 1380 1395 1396 1420 1498 2406 3346 3641 3783 3823 3830 3945 4587 4861 5421 6414 6418 6521
699 286 1052 934 690 1221 1018 656 775 322 2 82 666 2377 1405 190 1643 734 220 331 1287 747 7 1404 1021 236 1065 984 1067 1055 2384 1402
127.3402
64.7841

428 514 634 639 747 981 995 1021 1104 1115 1227 1341 1719 1776 1812 2094 2114 3117 3635 3819 3854 3887 3916 4107 4621 4981 4982 5314 6014 6239 6439
699 286 1052 2 934 483 322 690 666 734 902 1018 1146 656 1274 773 220 785 1055 775 1247 1643 439 546 1221 7 1089 1200 714 1543 194
139.4871
64.0502

32 53 496 536 1132 1370 1462 1798 1910 2107 2247 2476 2482 2785 3040 3278 3908 4288 4552 4857 4951 4997 5153 5315 6250
699 1052 286 483 2 666 934 690 220 734 517 773 190 984 2374 546 1643 495 1055 1018 714 60 533 1277 1146
90.5669
43.2789

134 196 414 435 498 639 1004 2776 2972 3854 4353 5145 5807
699 286 1052 483 517 734 2 220 690 1274 322 534 247
64.3982
31.2942

109 127 428 461 550 559 644 740 986 1004 1034 1089 1117 1362 1415 1456 1701 1796 2310 3704 4420 4775 4806 5065 5565 5678 5701 6963
699 286 1052 2 690 934 1221 734 220 1146 666 517 546 508 331 959 322 190 1018 1277 656 902 1247 2374 538 773 483 1404
164.0416
74.2482

128 287 531 643 716 904 1012 1057 1101 1232 1347 1403 1636 1857 2048 2358 2406 2415 2897 3302 4139 4473 4507 4535 4793 5584 6764
286 699 1052 666 690 194 656 483 2 902 534 322 1277 517 934 1018 734 2374 220 877 410 1183 7 247 1643 82 1721
107.3292
50.2281

472 564 819 918 1004 1050 1117 1174 1291 1396 2358 2801 3041 3673 3912 4244 4251 4649 5754 5811 6300 6521 6792
699 286 1052 220 690 2 959 934 517 666 1146 190 734 656 247 1405 546 534 1404 533 1018 1118 439
78.1396
38.3061

234 446 787 3389 3673 3727 4457 4705 4861 5435 6418 7092
699 286 1052 734 2 322 775 517 934 768 666 656
44.4213
22.2305

550 641 654 745 902 1003 1052 1062 2048 2322 2416 2735 3041 3162 3355 3789 3970 4760 4907 4981 5293 5494 5611 6070 6325 6702
699 286 690 934 517 2374 1221 220 322 331 2 483 2377 877 666 1146 734 546 1404 1089 1183 1350 533 508 1055 936
143.5856
71.0894

227 334 790 995 1685 3007 3908 4017 4244 4638 4760 5917 6887
699 1052 286 690 2377 666 934 322 1643 439 788 656 902
45.6914
25.186

47 54 486 494 904 1117 1170 1589 1656 1740 2183 2461 3399 3922 4136 4466 4472 4634 4658 4675 4995 5337 5494 5731 6004 6558
699 286 1052 666 934 220 190 2 483 656 690 902 546 734 430 410 322 1221 775 2374 82 1247 1146 905 7 1018
130.1342
60.0514

47 82 356 542 584 638 1405 1555 2270 2413 2735 4052 4487 4676 5153 5727 6812
699 286 1052 517 934 1221 666 220 690 322 959 2374 430 1643 877 546 483
120.2149
57.2197

755 819 1011 3413 4133 4655 5850 5896 6016 6523
699 286 1221 2377 1146 690 1052 1067 322 942
36.5002
19.5935

40 145 348 471 558 808 1003 1567 1745 2142 2243 2478 3004 3247 3635 3704 3942 3955 3968 4295 4649 5532 5690 5707 5812 5978 6151 6243 6547
699 286 1052 483 934 2 190 1018 682 2377 666 959 331 82 220 902 194 31 1146 785 538 734 1065 196 1195 644 656 71 1067
107.5693
52.2663

88 177 258 386 396 514 579 747 813 1391 1477 1592 1600 1711 1776 3641 3703 3905 3942 3972 4101 4387 4839 5256 5635 5783 5811 5919 6312 6526 6573 6814
699 1052 286 690 517 734 2 483 1018 220 439 322 934 546 534 2374 1274 720 1146 714 666 409 1247 1067 331 194 1055 986 785 1544 746 1159
114.3492
53.4491

52 168 481 535 566 854 922 979 1050 1146 1611 1751 2405 2818 3347 3398 3641 3789 3905 3968 3972 4375 4433 4625 4686 4947 5317 6631
699 286 1052 2 934 483 546 902 666 773 1405 220 2374 775 959 936 776 1221 348 1643 734 690 1018 785 1011 534 1021 644
110.3424
52.1168

397 743 1050 1325 1930 1983 2374 2572 2953 3288 3321 4233 4542 5026 5244 5738
699 286 1052 690 934 2 734 220 775 1221 546 322 1146 517 902 533
140.0315
66.1481

232 1805 2116 2882 3302 3709 3903 5435 5858 6262 6327
699 1052 286 2 517 666 734 1146 1404 410 714
55.1781
26.9761

12 348 435 694 1477 1587 1628 1769 1910 2333 2541 3432 3653 3709 3830 3975 4292 4295 4525 5008 5033 5057 5062 5435 5460 5683 5807 5937 6070 6073
699 286 1052 2 483 934 666 734 508 2377 2374 1806 902 220 1404 322 991 190 1277 644 517 775 538 1385 746 1221 1347 690 546 82
105.928
51.1047

614 641 912 1025 1247 1290 2478 2937 3126 3814 3905 4049 4280 5765 5896 6578
286 1052 699 220 690 934 666 322 1018 734 877 1374 929 517 942 1930
59.4822
30.1641

40 195 307 868 1322 1620 1710 2243 3126 3214 3299 4040 4457 5234 5770 6151 6508
699 286 1052 690 2 1221 190 1146 656 1018 877 959 666 902 145 511 82
61.4062
31.2412

118 920 959 1701 1987 2540 3852 4951 5234 5607 6327
699 286 1052 190 934 483 2 690 517 1277 534
78.9645
35.5858

366 584 1232 1291 1418 1425 3365 4703 4809 5033 5858
699 286 1146 1052 2374 1111 902 2090 821 322 1258
27.9594
18.1869

921 1053 1101 1458 1565 1596 2413 2719 3340 3413 3712 4805
699 1052 286 2374 322 959 1146 666 1221 220 934 546
59.5949
30.5851

478 1075 1117 1136 1510 1743 1833 1858 2732 3126 3192 4055 4181 4379 4510 4698 4951 5171
699 286 2 1052 690 934 220 517 1221 190 546 734 656 2374 747 410 534 1054
97.4926
46.6534

127 234 320 429 685 765 893 1171 1295 1395 1875 2156 2335 2716 2984 3010 3054 3411 3810 4142 4466 4819 4860 4951 4995 6311
699 286 1052 2 934 322 734 190 775 666 1146 656 902 483 230 1018 2374 247 1221 533 331 546 439 905 508 1709
90.8404
45.8774

1159 1505 1510 1717 3887 4068 4649 5104 5450 5749 5854
699 286 1052 2 934 656 734 1221 1146 690 773
74.5497
36.8689

542 878 1012 1030 1039 1327 1848 2048 2719 3490 4399 5191 5672 6050 6578
699 286 1052 690 934 1221 2 902 1018 194 1643 666 2377 773 508
70.5986
34.9574

46 185 216 401 446 1022 1058 1534 1730 1751 1878 2276 2501 2735 3275 3302 3729 3972 4002 4136 4353 4381 4939 5219 5345 5727 6030 6151 6196 6484 6678
699 286 1052 483 517 2 220 934 902 690 546 322 666 1146 1018 430 348 410 773 1350 1277 1221 682 1183 7 533 991 1055 190 579 657
108.366
51.4649

98 206 216 398 535 854 912 1381 1510 1513 1987 2152 2163 2413 2856 3750 3833 4262 4353 4424 4947 5337 6531 6877 6967
699 286 1052 666 517 934 1146 690 220 2374 483 2377 2013 546 959 1221 905 533 190 902 1018 657 1072 1247 720
111.6818
55.1693

133 446 561 1216 3856 3922 4793 5556 5908 6349 6572 6622
699 286 1052 934 2 1221 1806 902 331 190 774 7
34.2327
19.7963

214 320 788 929 2776 3168 3375 3431 6088 6411
286 699 1052 690 934 2 775 666 1146 959
70.2492
34.5424

367 639 1550 2226 2482 3707 4255 5848 6046 6154
286 699 666 1221 322 2377 60 145 58 1065
25.8441
16.3092

414 758 878 923 939 1921 2360 2818 3288 4391 5494 5575 6432
699 286 1052 734 690 2 483 934 902 1405 991 1247 747
54.9343
25.0514

634 1074 1409 1743 1965 2695 3653 4394 4451 4507 4583 4687 5994
286 699 220 517 2 546 1221 1052 734 533 902 656 666
50.5873
25.2136

307 401 565 788 1120 1141 1220 1228 1432 1464 1664 1839 1923 2243 2335 2427 2528 2695 2820 3898 4101 4505 4510 4806 4853 4861 5499 5806
286 699 1052 2 666 483 934 1146 690 220 902 534 190 746 959 1018 734 1405 682 773 410 656 430 1643 230 905 2377 796
106.5167
51.623599999999996

505 1820 2405 2626 3302 3614 3992 4848 6327 6418 6812
699 286 1052 1404 734 1146 690 517 656 508 220
46.0328
23.1993

84 156 493 681 893 1030 1266 1596 1856 1975 2503 2634 3040 3413 3832 3854 3856 4583 4809 4854 4915 5534 5716 5771 6077 6414 6609
699 286 1052 1146 2 1221 546 734 959 533 1018 190 331 902 666 2377 1183 220 1350 322 934 430 1067 58 517 1677 534
110.9757
53.3686

46 461 558 1005 1011 1022 1247 1396 1632 1662 1694 1891 2414 2427 2521 2577 2732 2752 3186 3478 4338 4399 4568 4847 4938 4972 5217 5240 6004 6523 6785 6866
699 286 1052 734 1146 2377 934 656 959 1221 2374 220 1065 322 1200 1072 2 1405 1021 942 508 1347 886 905 902 775 71 1287 752 682 821 1111
101.0547
53.1406

140 295 1141 1170 1220 1291 1432 1586 1878 1959 2492 2774 3110 3278 3490 3922 4101 4379 5063 5578 6074 6318 6621 6745
699 286 1052 690 483 934 1221 2 902 220 734 1404 534 682 322 1643 1065 247 508 1146 331 666 1405 60
103.1455
47.3926

737 956 979 1005 1150 1605 1719 1793 2279 4049 4357 5148 5671 5848 6300
699 286 483 1052 666 690 773 322 959 1221 220 2377 190 734 350
57.1509
28.8445

386 777 1174 1209 1220 2752 3898 3985 4133 4279 5334 6276
699 286 934 690 773 734 775 1052 902 666 1405 720
51.8155
25.1885

32 87 109 644 763 797 1247 1279 1366 1510 1577 1750 1828 2319 2957 3161 3885 4353 4705 5145 5683 6679
699 286 1052 690 1146 322 934 902 517 734 666 1221 2374 1643 430 546 796 220 656 538 508 2
116.5194
57.2473

63 356 373 461 523 813 982 1328 1567 1585 1665 1740 1820 1878 3635 3848 4211 5353 6196
699 286 1052 190 690 959 2 1146 220 1195 666 322 934 455 1806 886 409 1163 517
64.4462
32.2784

634 664 760 912 1385 1883 1910 2993 3121 3413 4320 6467 7049
699 286 1052 220 734 2 690 483 902 775 746 517 1402
59.1277
30.0475

25 536 765 1456 1476 2786 4809 5234 5239 5417 5565 5896 6665 6894
1052 699 483 286 666 1543 690 1018 220 1055 546 1404 1216 517
42.795
22.9549

64 550 788 1585 3173 3214 3908 4006 4061 4246 4958 5196 5407 5638 6050 6707 6833
286 699 1052 2 934 666 746 1221 1806 796 331 991 538 220 690 1195 1277
60.8059
31.9594

140 232 245 306 386 1113 1136 1321 1396 1710 1791 1858 2012 2018 2520 2819 3419 3473 3855 4431 4556 5678 5689 5875 6132 6153 6531 6678 6785
699 286 483 1052 934 1146 508 734 1221 190 220 247 2 2374 1404 1405 82 2377 1402 410 1287 1347 71 1677 459 682 59 1159 1157
87.0471
45.9704

66 79 90 140 373 1183 2317 2430 3769 4247 4375 4855 5148 5487 5538 5937 6014 6382 6836
699 286 2 1052 734 508 934 775 656 1221 190 773 666 1146 1072 331 902 1677 1018
76.2605
37.4042

32 66 160 550 644 1376 1476 1876 2183 2228 2269 2279 2322 2503 2757 2805 4052 4251 5077 5308 5407 5806 6442
699 286 1052 690 546 734 190 2 430 538 508 322 220 934 60 666 331 959 1018 902 796 194 71
109.0582
51.9003

198 760 949 1101 1123 1213 1462 1546 1656 1719 1843 2310 2792 2906 3269 3399 3904 4621 4848 4857 4915 5747 5880 6463
699 286 1052 734 483 2 690 190 546 1183 439 934 350 787 984 196 430 959 1586 994 1405 977 1247 410
85.2654
43.3214

11 446 460 483 543 940 1052 1072 1074 1213 1656 1663 2247 2735 2819 3054 3721 3727 3968 4145 4262 4306 4417 5062 5699 5846 5895 6196 6390 6643 6702 6719
699 286 934 690 517 2 1146 322 1221 666 734 220 546 656 902 533 991 190 2377 1055 508 1404 1544 1089 2374 410 1018 1183 1021 348 1721 1405
193.20080000000002
92.2435

90 198 425 534 902 922 1054 1137 1415 1423 2163 3231 3516 3614 3948 4053 4262 4510 4518 4535 4544 4972 5033 5190 5672 5707 6310 6327 6894
699 286 1052 483 934 690 2 734 1404 666 1146 220 2374 517 2377 1274 1018 877 644 2013 322 511 1055 785 331 775 348 990 1065
139.0908
66.442

109 211 1072 1709 1921 2013 2122 2735 2774 2818 3075 3231 3413 3703 3819 4111 4461 4805 4958 5233 5450 5846 5858 6013 6707 6766 6833
699 286 1052 1221 517 934 483 2 1146 734 220 902 331 1404 666 190 1643 322 690 546 773 959 1402 656 1065 877 533
164.7977
79.1964

538 1403 2535 3169 3356 4233 4391 5534 6538 6766 6836
699 286 734 1052 934 2 1221 1146 546 775 1018
63.714
31.682299999999998

37 197 419 745 907 1361 2983 3110 3942 4003 4015 4187 5283 5350 5713 6707
699 286 1052 690 483 714 666 656 1067 734 331 1055 902 409 746 1274
50.3787
25.102899999999998

130 212 214 514 761 766 847 956 1057 1124 1277 2335 2532 4194 4326 4392 4537 4655 4760 5233 5578 5806 6382 6547 6836
699 1052 286 2 1221 934 322 1146 734 666 959 776 331 1374 785 1274 1072 190 902 690 787 886 2374 1806 905
89.1101
44.1517

18 55 81 195 541 1592 1673 1857 2460 3164 3625 3800 3855 4632 4824 5233 5950 5988 6621
699 286 1052 690 934 734 1018 656 220 1643 775 1274 2 1053 773 733 495 1065 936
67.3012
32.7323

66 121 584 1018 1053 1710 1730 2163 2402 2811 3040 4427 4634 4851 5194 5246 5316 5785 6357 6418 6573
699 286 1052 1221 666 734 934 2 1146 1065 902 1350 546 1643 322 1287 690 936 2090 410 1011
90.0024
43.8641

144 197 293 373 514 559 640 1567 1965 2015 2152 3610 4955 5538 5675 6906
699 286 190 1052 220 194 934 2 775 959 196 773 666 1195 877 483
56.4925
28.7546

87 550 1016 1281 1632 1805 2319 3110 3419 3581 3703 4388 5499 6013 6046 6665 6969
699 286 483 517 2 1146 666 934 1065 538 1052 1089 220 1404 410 787 1072
47.3417
24.8017

471 643 939 1264 1344 1592 1710 2460 2478 2984 3462 3574 3982 4118 4532 5062 5312 5460 5770 6153 6157 6504 6531 6591
699 286 1052 734 1146 690 1350 934 1221 666 656 1018 410 1347 82 1065 2377 902 1274 331 905 4 1989 1011
84.96600000000001
41.4719

429 660 914 1030 1210 1224 1370 1371 1477 1505 2567 3351 3385 3800 4687 5312 5525 5631 6083 6105 6504
699 286 2 1052 1221 902 934 190 1146 734 1350 322 1018 230 656 942 746 1065 1214 334 483
85.7362
41.071200000000005

228 419 438 536 1101 1290 1474 1792 2183 2192 2876 2983 3610 3958 4152 4292 4921 4970 5007 5151 5171 5481 5783 6047 6088 6678
699 1052 286 483 690 2 220 666 517 538 1072 1221 2374 194 190 656 430 82 877 1543 962 546 439 1055 1350 1054
93.625
45.6509

84 245 395 975 1051 1391 1403 1618 1870 1945 2012 2469 2888 3230 3635 4187 4233 4839 5153 5317
699 286 734 1052 959 322 546 775 1018 2 350 934 483 1183 886 902 255 508 1643 247
70.5602
35.7186

34 130 211 401 793 1022 1059 1266 1366 1501 2094 2695 2882 2957 3417 4002 4003 4760 5334 5903 6014 6700 6806
699 286 1052 517 690 2 220 666 902 934 430 538 483 773 682 511 775 534 190 1247 2090 247 625
98.00619999999999
46.0743

20 54 197 216 345 454 518 562 763 1019 1050 1221 1409 1955 2231 3178 3279 3922 3941 3975 4052 4062 5299 5731 6154 6276
699 286 1052 483 2 190 1146 934 690 546 1018 1709 1350 959 322 877 410 1274 902 534 1067 517 656 1287 1089 194
116.106
57.6278

8 429 461 694 777 829 878 1128 1161 2120 2725 2756 3321 3713 3856 5315 5499 5505 5631 5758 5761 5908 6521 6534
286 699 1052 934 322 483 220 734 690 902 773 2374 959 230 2377 1018 644 1350 410 517 666 508 1405 886
92.8389
44.6048

20 38 245 258 393 1104 1227 1418 1505 1798 2116 2247 2340 2377 2471 2528 2919 3117 3750 3922 4011 4273 4350 4760 4824 4972 5313 6196 6638 6715
699 286 1052 934 690 2 190 220 1146 902 666 410 322 1221 775 82 483 1089 714 534 1350 247 1806 194 41 1111 768 2090 7 2374
127.15429999999999
59.9413

428 541 1615 2820 3045 4145 4391 4605 4785 4861 5411 5716 6523
699 286 1052 2 1643 220 934 546 773 959 230 194 1247
54.74
28.849899999999998

460 498 684 746 748 1039 1241 1327 1404 1709 1721 2115 2325 2756 2828 2882 3611 3767 3851 3871 4107 4264 4391 4518 4871 5374 5538 5638 5701 5747 5783 5994 6792
699 286 1052 1221 2 934 322 517 690 1146 666 483 656 902 734 534 1350 439 331 785 929 410 644 1018 1274 2013 682 942 1072 511 991 495 1021
154.6212
71.0016

134 348 397 976 1051 1221 1253 1418 1516 1745 2035 2048 2469 3054 3413 3478 3611 3707 3830 4535 4621 5565 5851 6833
699 286 1052 1146 483 2374 734 2377 220 322 1018 877 517 690 773 2384 546 1287 1402 693 59 1709 1111 538
95.3376
50.1025

664 1321 1685 2904 3217 3852 4864 5532 5994 6349 6755
699 286 1052 734 666 2 508 82 410 71 934
37.3264
18.8618

46 212 258 432 486 506 921 1029 1098 1328 1917 1928 2041 2757 3192 3230 3833 4544 5525 5699 6390 6715
286 699 1052 2 934 220 322 666 534 690 902 1404 720 190 194 410 644 1067 747 483 439 994
84.0439
41.389

163 929 1029 1227 1385 2041 2270 2577 4676 5008 5675 5811 6799
699 286 1052 690 934 1146 2 902 1065 666 1018 1404 768
56.41
29.2042

145 187 594 748 797 847 1030 1701 2050 2577 2828 3887 3898 3903 4003 4476 5703 6219 6591 6738 6749
699 286 1052 934 483 2 734 666 775 690 656 1018 194 773 196 1065 190 785 1277 220 902
106.8737
50.6396

1075 1328 1820 2476 2820 3100 3362 3777 4280 4373 4387 4451 4698 4703 4860 4958 5811
699 286 1052 690 1146 2 666 331 714 929 734 409 1018 1347 656 720 1055
69.2598
32.8284

115 226 408 410 644 707 1029 1074 1117 1170 1341 1381 1513 1619 1818 2257 2304 2374 2406 2567 2693 3222 3419 3941 5148 5565 5575 5611 6044
699 286 1052 2 666 483 690 934 190 220 1146 734 517 902 322 1221 546 796 82 656 775 533 773 534 1350 7 430 1274 2013
218.5038
104.7265

47 166 1059 1287 1495 2953 4320 4476 5613 6050 6638
699 286 690 1052 1146 546 1221 934 959 2377 483
52.0095
28.0429

91 211 640 716 1183 1241 1376 1878 1928 2050 2231 2983 3222 3511 3906 4442 4492 4568 5307 5584 6105
699 286 1052 690 2 483 934 666 220 1221 734 1247 902 517 775 331 2374 348 190 322 82
92.32690000000001
45.4489

190 212 306 521 796 1115 1673 1750 1868 2048 2120 2313 2469 2801 3338 3704 3750 3972 4139 4753 5063 5699 5727 6557
699 286 1052 483 934 2 690 517 656 902 322 1221 410 546 1065 734 1806 1021 773 666 1072 220 816 1146
113.1974
52.6761

453 1052 1183 2139 2300 3192 3823 4427 5703 6074 6113 6702
699 286 2 934 690 1221 322 483 1146 666 734 508
132.2302
68.1371

343 410 586 1586 1776 1927 2882 4189 4357 4655 5520
699 286 1052 2 517 690 934 991 190 682 82
71.68849999999999
32.5879

4 252 564 639 733 760 802 1160 1232 1322 1325 1361 1381 1596 1876 2471 2589 2644 2819 3100 3941 3989 4142 4476 4571 4998 5283 5556 5671 6157 6169 6573
699 286 1052 690 666 934 322 2 1221 656 734 1146 1055 331 775 511 902 439 1350 1277 220 1018 2377 1404 644 1274 1374 2374 1709 746 771 745
135.0364
61.5204

977 1676 2416 4487 5057 5698 5783 6522 6799 6823
286 699 1052 2 690 322 666 1055 546 1146
39.648
20.656

380 538 1125 1282 1476 1959 2035 2693 2751 4003 4472 4997 5594 6894
699 286 1052 934 1221 734 773 546 656 1018 746 902 1146 409
70.1398
33.6421

287 538 542 654 1615 1914 1971 2461 3819 4525 4853 5152 5190 5565 6589
699 286 1052 934 546 2 1221 194 902 734 1146 220 1018 534 746
76.6008
38.3364

707 764 816 892 1214 1632 1807 2171 2338 2888 3010 3431 3852 4002 4145 4458 4492 4920 5077 5244 5683 5747 5904 6163 6522
699 286 1052 2 666 656 934 734 902 1018 1089 534 1806 1277 2377 1021 1287 322 409 1011 714 787 483 773 775
100.0894
47.8005

140 681 1125 1365 1876 2018 2619 2732 3885 3955 4394 4634 5194 5299 6325
699 286 1052 734 666 508 1146 656 1221 1374 533 934 322 682 902
57.2944
28.448900000000002

98 198 393 496 1117 1858 3431 4187 5151 5307 5353 6154 6745 6866
699 286 220 734 190 934 690 1052 230 483 348 2 1709 959
58.3784
29.2347

163 367 483 1321 1342 1798 1812 1862 2078 2626 2962 3709 5196 5274 6157 6169 6522
699 286 1052 734 2 2374 934 1221 666 517 690 775 220 902 1018 508 410
112.1977
54.9326

126 231 252 851 907 979 1022 1074 1157 1983 2876 3176 3217 3473 3958 4082 4392 4581 4632 4806 4853 5761 6004 6749
699 286 1052 734 483 1018 220 2374 934 322 517 775 1643 776 690 773 656 902 1277 410 1146 666 348 1200
91.7721
46.1424

53 55 191 295 425 483 1281 1365 1513 1730 2125 3230 3318 3734 3775 3810 3854 4246 5538 5789 5880
286 1052 699 690 2 517 534 666 1146 934 734 1221 220 533 2377 322 1018 546 430 1089 2013
100.09530000000001
48.6319

26 47 295 536 579 632 787 809 940 967 1132 1357 1451 1550 1676 1987 2338 2521 3302 3563 3781 3972 4487 5407 5587 5669 6766 6956
286 699 1052 483 666 517 690 934 220 534 1221 2 775 546 1146 734 190 194 2374 544 1183 60 322 502 7 785 769 1055
111.8827
52.0943

226 286 366 414 707 764 802 841 868 983 998 1160 1171 1743 1759 1959 2030 2319 2831 4011 4440 4473 4538 4848 5065 5449 5754 6041 6160 6799 6836 6887 7002
699 1052 934 666 2 517 690 734 1146 483 546 220 656 902 534 1018 322 775 533 747 410 2013 508 1011 1806 682 796 1021 1221 967 746 71 990
150.9875
72.0783

11 25 126 483 758 774 780 819 851 1766 2313 2405 2996 3245 3398 3779 4002 4139 4461 4625 4839 5219 5245 5671 6077 6219 7092
699 286 1052 690 2 666 902 734 517 1018 656 934 322 410 991 1221 546 773 533 508 775 220 1065 1021 1247 644 1721
141.6798
61.8875

187 397 438 594 614 1018 1117 1341 1587 1642 1643 2279 2430 3004 3318 4139 4695 4856 4921 5070 5937 6004 6474 6484 6547 6621 6700 6745 6785
699 286 1052 2 934 220 1221 322 190 690 1146 734 1072 902 331 517 656 483 959 1350 410 247 666 1067 2090 194 7 2374 936
131.2639
63.223

82 244 412 438 455 802 904 981 1039 1425 1458 1461 1843 2065 2114 2325 2805 2897 3162 4068 4101 4107 4417 4817 5119 5334 5917 5919 6414 6471 6493 6522 7092
699 286 1052 483 1221 666 517 656 690 322 2 194 734 2374 220 775 959 2377 1247 1146 1350 534 546 1072 533 934 247 1405 190 439 1054 255 1055
150.6284
68.4513

232 252 308 494 641 783 976 1133 1219 1605 1807 1843 2048 2065 2322 2492 2906 3516 3794 3978 4068 4255 4621 4661 4712 4782 5053 5217 5532 5832 6239 6493
699 286 1052 666 934 2 734 773 690 1018 2374 2377 1277 546 4 410 331 787 984 1643 220 902 1221 656 994 775 1955 785 1350 1989 455 1347
101.4639
50.9144

164 542 1057 1124 1145 1418 1546 1839 1973 2322 2540 3800 3848 3906 5631 5747 5761 6433
699 286 690 2 1052 1183 1018 194 1350 4 331 220 666 1347 1620 1385 1287 1146
57.5702
30.2826

514 1004 1432 1653 1710 1743 1930 2338 2831 4856 4916 5988 6314 6542
699 286 1052 546 2 934 517 690 734 220 775 322 60 534
61.8142
27.7564

453 1505 3447 3780 4006 4453 5487 5493 5771 6050 6262
699 690 286 1221 775 1146 682 747 2090 1072 934
32.2262
18.1318

227 429 796 797 1025 1120 1219 1510 1610 1921 2194 2465 2644 2756 3022 3054 3365 3783 4279 4280 4417 4537 4806 4817 5065 5148 5315 5327 6154 6312 6534
699 286 1052 934 2 1018 690 666 773 1146 1404 508 734 902 1065 4 322 1350 534 1709 483 1643 230 1072 2374 1089 905 682 409 1221 775
131.5239
62.7388

127 163 244 307 425 479 490 829 1097 1274 1498 1539 1586 2107 2271 2333 2828 3164 3269 3355 3712 3832 3895 3975 4958 5171 5274 5289 5695 6070 6190 6243 6549 6578
699 286 1052 934 2 690 483 1146 322 666 517 902 1018 220 2374 1404 410 546 1402 190 534 656 682 2377 644 1221 331 247 625 58 1183 1200 1374 905
143.1955
69.2887

115 472 1264 2284 2647 2819 3168 3490 3721 4017 5148 6887
699 286 690 1052 2 775 2377 666 734 1018 773 220
51.6151
24.3714

232 481 707 959 1019 1030 1050 1057 1219 1510 1567 1585 1719 1900 2171 2695 3462 3734 4373 4420 4578 5147 5256 5487 5850 6262 6523 6638 6673
286 699 1052 483 690 2 934 666 1221 656 1404 220 190 517 2374 1072 734 511 1146 534 322 902 1018 410 1011 1806 34 1183 247
128.5216
60.5543

363 767 1014 1171 2984 2993 3389 3417 3992 4306 4457 4998 5026 5450 5538 5785 6050 6349
286 699 1052 934 220 656 483 773 902 1221 2 1643 666 534 768 160 746 538
60.2412
31.1056

334 380 521 658 977 1039 1157 2240 2972 3041 4686
699 286 1052 2 1221 690 666 934 775 220 1146
68.9556
34.0079

37 227 535 761 774 990 1406 1983 2427 2774 3813 4211 4273 4454 5010 5148 5278 5698 5887 6196 6318 6439
699 286 1052 690 666 934 734 1146 2 1221 508 773 1018 720 220 2374 775 682 1404 1374 656 534
95.7707
44.5308

231 1101 1232 1415 1587 1923 2631 3905 4695 4716 5699 6760
699 286 1052 190 959 1146 350 220 322 538 331 60
37.3729
21.0033

401 1099 1448 1643 2261 2333 3269 3351 3377 3574 3783 3814 3819 4861 5004 5127 5378 5587 6152 6621 6866 6877
286 699 1052 934 1221 2 690 1146 1018 2377 1404 2374 331 220 439 1350 430 1072 773 410 734 1274
86.7516
44.2567

479 644 710 940 990 1280 1462 2325 2431 3356 4921 5004 5807 5952 6219 6707
699 286 1052 690 1146 2 666 734 1350 934 546 902 322 1183 220 796
76.33879999999999
36.088300000000004

11 39 640 1371 2528 4442 4631 4656 5703 5919
699 286 690 2 934 746 82 656 902 666
37.2032
20.8825

185 293 454 721 793 1113 1965 2871 3004 4631 4995 5703 5738 5950 6508 6969
699 286 483 666 690 934 1052 2 508 656 546 775 322 1721 714 1247
67.5571
30.483999999999998

47 190 1124 1966 3475 4676 5011 5318 5747 5943 6531 6677
699 286 483 934 1052 2 517 1287 2377 1221 1089 2374
64.0183
32.8593

1539 1636 1740 2324 2756 3389 4525 4804 5191 5307 5611 5761 6105 7055
699 286 934 2 1277 1221 1052 2377 1350 775 902 1018 1643 230
54.8897
30.5266

11 427 740 836 977 981 1118 1219 1371 1618 1632 1701 2078 2107 2186 2427 2469 2521 2662 2776 3769 3777 3985 4583 4791 4920 5244 5374 5785 6573 6641
699 286 1052 666 2 322 934 220 483 690 1221 1055 533 546 534 990 255 1247 144 902 1183 236 194 2374 1277 2377 967 207 430 656 410
110.7138
51.2715

87 164 273 343 482 496 746 780 1124 1328 1709 1719 1752 1791 1876 1878 2313 2465 2539 2577 3709 3781 3953 4142 4392 4949 5774 5789 6078 6318 6394 6622 6738 6823
286 699 1052 483 2 690 1221 934 666 322 517 734 1404 220 1146 991 656 714 2374 902 190 1072 439 7 747 247 1065 682 410 546 992 1021 929 644
138.9771
65.0143

177 473 482 536 643 654 851 1136 1236 1510 1589 1807 1843 1848 2276 2501 2719 2993 3288 3311 3398 3985 4040 4855 5026 5152 5283 5542 6749
699 286 1052 483 666 690 517 734 934 220 2 773 959 2374 775 546 508 902 1277 544 714 1146 190 534 1055 511 787 82 1247
135.3109
62.4892

40 140 234 472 639 707 716 977 1039 1072 1213 1277 1501 1759 2041 2094 2323 2389 2751 2920 3635 3830 3832 4211 4625 4817 5487 5520 5631 5771 5983 6077 6107 6433 6498
699 286 1052 2 934 690 734 1221 902 666 322 959 331 1274 508 1146 190 656 483 1247 1055 1404 247 2374 1183 432 4 546 1258 936 533 1021 430 942 682
148.5951
68.4515

258 401 1146 1322 1620 2503 2513 3738 4052 5761 6887 7092
699 286 1052 1221 2 690 934 220 1018 666 877 1643
73.7634
36.0394

54 139 363 802 1405 1643 1983 4634 5811 6438 6638
699 286 1221 1052 934 546 1146 1018 877 775 190
78.1808
40.5132

81 523 542 743 1371 1534 1735 2182 2751 4017 4136 4320 4587 5713 6523 6719 7002
699 286 1052 690 2 746 934 220 656 2377 322 1072 666 902 194 1021 992
60.3917
29.7534

1082 2379 2716 2904 3614 3800 4262 4454 4552 5057 5449 5771 6389 6755
699 286 1052 1146 666 2374 690 682 495 796 2 1347 693 229
42.3454
22.2519

38 668 1183 1291 1495 1673 1967 2035 2192 2320 2482 2631 2658 3413 3431 3789 4306 4824 4886 5233 5994 6151 6573
699 286 1052 1221 2 934 1146 331 734 902 775 322 773 666 2374 942 350 1350 508 538 656 785 1287
94.3063
48.4328

194 228 374 534 878 1586 1930 2235 3709 4649 4847 5281 5695 6115 6665
699 286 1052 690 483 2 734 666 517 934 322 991 220 1055 439
125.03829999999999
53.4403

25 133 231 307 733 1685 2018 2163 2662 3278 4324 4871 5070 5240 5318
699 286 1052 2 690 934 220 1146 656 902 666 348 1018 322 410
65.5874
32.5374

592 1615 1868 2117 3222 4002 4264 4703 6467 6508
483 699 220 1643 902 929 549 71 1989 7
17.943
12.6364

523 660 921 1050 1418 1676 1805 1852 4375 4655 5104 5293 6447
699 286 2 1052 959 666 720 902 1089 746 220 936 1259
41.6165
22.8982

164 197 401 1029 1099 1160 1220 1287 1676 1751 2317 2415 2735 3004 3641 3852 3905 3992 4107 4581 5494 5758 6678 6714
699 286 1052 483 934 1221 2 517 1404 322 773 430 2377 546 1146 682 220 1405 967 1643 656 348 1055 1350
106.6368
50.7278

748 902 1089 1213 1232 1396 1482 1698 1896 2094 2120 2702 2774 2811 2860 3347 3431 3906 4052 4162 4399 4734 4839 4857 5151 5317 5542 5587 5695 5895 6046 6358 6418 6792 6929
699 286 1052 2 734 1221 483 934 1146 1404 690 877 1405 546 2377 331 1277 220 1021 322 1065 508 942 534 936 785 1350 579 666 1200 429 2090 1214 4 1195
112.6371
59.4128

536 542 668 747 1462 1537 2269 2460 2581 3060 4982 5007 5716
1052 699 286 690 666 734 483 322 220 934 1018 2 1055
84.0683
37.888

54 60 81 728 844 1118 1132 1277 2116 2906 3823 3898 5738 6219 6542
286 1052 699 666 2 546 190 194 690 483 322 220 1055 934 534
97.9345
45.2596

428 740 795 915 1527 3398 3789 3992 5727 6357
699 286 1052 934 690 483 60 546 430 959
64.1455
33.9506

126 166 422 664 694 958 1111 1215 1357 1415 1862 2116 2756 3347 3704 3814 3912 4089 4387 4442 5330 5631 6250 6677 6877
699 286 1052 2 959 483 734 934 690 656 546 2377 1146 666 60 517 773 775 331 2374 220 1018 1350 936 3714
126.3827
57.46

32 130 228 1016 1264 1870 2018 2030 2100 2116 2461 2626 2934 3673 3713 3989 4136 4334 5008 5210 5239 5584
699 286 934 1052 1018 322 2 1146 1221 902 690 1055 1247 517 905 1404 508 962 773 1806 1643 682
77.5971
38.5787

110 270 453 498 538 1124 1141 1448 1945 2142 2471 2996 3169 3214 3302 3375 3469 3610 3769 3800 4038 4118 4280 4381 4431 4703 4785 4860 5129 5219 5421 5520 5578 5774
699 286 1052 690 1018 934 902 1221 322 410 546 483 746 331 517 220 734 682 773 511 2377 1404 1183 1287 959 1146 656 1200 247 2374 1374 255 1350 1216
141.2263
62.5724

432 454 816 1089 1137 1213 3279 3945 4320 4698 6074
699 286 1052 734 2 483 690 934 902 322 220
61.5968
30.695

800 1359 1386 1474 1751 1878 2270 3635 4982 5065 5307 5330
699 286 2 934 508 483 1221 60 2377 1018 877 1089
45.4089
23.1458

197 228 247 427 454 467 483 505 893 916 939 1101 1141 1464 1513 1565 1567 1706 1875 1878 1910 2093 2644 2819 3222 3779 3810 3951 4686 5171 5411 5754 5764 6432
699 286 1052 690 934 220 190 734 666 1221 2 1146 517 775 902 322 533 546 1247 1065 508 1195 1350 410 644 544 1018 430 1405 1274 1011 502 2377 1721
145.3118
68.3767

82 130 187 685 1072 1281 1776 2120 3117 3462 4246 4442 4805 4920 5919 6078 6969 7083
286 699 1052 1221 483 517 690 2 430 4 410 1404 666 1258 787 936 1274 1247
71.9296
37.411500000000004

523 685 748 1012 1111 1577 1876 1973 2513 3729 5389 5505 6074 6471
699 286 1052 934 1146 1287 902 410 666 656 1247 1072 1018 2
53.6563
29.6078

18 160 245 625 1145 1146 1600 2589 4605 4753 4847 5327 6557
699 286 1052 2 934 690 546 1643 734 1221 430 2013 902
106.5527
53.6687

192 737 939 1221 1295 1405 1678 1896 1947 2152 2465 2658 3727 3911 4473 5353 5389 5505 5832
699 286 1052 2 690 934 666 1146 1018 877 322 1065 747 1011 776 439 1709 1067 1677
101.0981
49.1451

0 287 498 594 614 699 733 1209 1409 1423 1812 1971 2567 3164 4392 4473 4871 5219 5854 6047 6969
286 1052 690 2 666 1221 934 902 517 322 1146 1350 734 220 656 1018 194 775 483 331 1404
132.5781
70.6808

0 20 25 353 507 1706 2030 2035 2268 2340 2993 3162 3385 4061 4181 6508
699 286 934 1052 2 483 902 190 220 410 690 534 1146 1055 60 1018
74.07560000000001
37.1489

54 166 393 453 625 664 710 745 758 790 997 1030 1220 1420 1687 1752 2378 2540 3156 3161 3366 3419 3912 4003 4251 4292 4581 5460 5615 6089 6522 6557 7055
1052 699 286 690 483 666 934 2 220 322 902 190 734 656 959 546 991 439 194 82 1018 247 430 1146 410 785 1405 1274 1374 1350 236 538 984
148.4307
67.4901

34 235 247 293 467 536 736 780 829 907 915 1056 1287 1432 1818 1856 1959 2501 2729 2828 3041 3431 4002 4139 4649 4698 4857 5450 5496 5505 5754 5937 6154 6325
699 286 1052 483 690 934 2 666 902 322 220 517 773 656 1221 1274 1643 534 546 190 2374 1146 1183 1018 2377 682 71 1055 236 746 82 544 2013 625
164.6438
75.38889999999999

212 575 608 893 1117 1632 2167 2482 2577 2716 2791 3168 3230 3469 5190 5436 5494 5699 6046 6153 6447 6547 6764
699 286 1052 690 190 734 775 220 1221 322 483 2 1065 1350 666 247 410 3714 533 796 1055 1021 2374
88.8537
44.1238

52 481 550 601 939 1014 1021 1059 1113 1380 1544 1628 1856 1987 2241 3168 3511 4181 4279 4507 4972 5011 5057 5145 5219 5334 5525 6622
699 286 1052 690 934 666 775 902 2 773 1018 656 517 2374 714 1011 322 1643 538 1055 1065 746 2013 220 991 1089 410 1221
120.8131
55.2945

575 736 2310 3641 4036 4453 4938 5063 5436 5846 6621 6906 6969
699 286 1052 690 1221 666 747 1183 775 1274 322 1200 785
37.2693
20.4684

281 373 394 410 438 479 498 608 976 990 1050 1057 1463 1793 2192 2489 2993 3178 3941 4440 4939 5499 5594 5952 6447
699 286 1052 483 2 220 690 190 517 734 1221 775 666 656 508 1018 959 934 1146 1274 439 1065 1089 194 768
134.7409
62.165

185 983 1210 1227 1559 1820 2107 2235 4157 4211 4638 4712 5234 5315 5707 5937
1052 699 286 483 934 2 991 1011 690 902 905 1018 1055 5332 1214 1072
36.8958
21.6481

496 804 949 1115 1141 1277 1596 1706 2030 2235 2489 2695 2729 2882 3398 3417 3848 3972 3989 4040 4255 4492 4621 4676 4788 4871 5010 5191 5678 5770 5846 6239 6358 6414 6572
699 286 1052 2 934 666 1221 483 773 322 902 517 690 190 1018 508 734 775 1350 410 1146 656 1214 1200 682 2377 220 1247 247 1055 785 1274 1643 207 1089
146.1074
68.1679

0 98 380 421 685 755 797 997 1021 1030 1115 1137 1213 1534 1601 1719 1792 2427 3162 3247 3405 3447 3851 3852 3948 4082 4391 4535 5317 5505 5631 6557 6707
699 286 1052 934 690 483 322 2 902 1018 1221 734 1643 2374 747 1146 682 666 984 2377 350 495 1405 1274 1620 746 1055 410 1350 1247 1065 785 34
101.9306
50.4062

211 455 841 967 976 1132 1220 1396 3419 3625 3712 3750 3885 3922 4111 4544 4734 5631 6311
699 286 1052 483 322 2374 934 534 2 1405 690 959 1274 533 1146 656 194 255 247
91.8986
41.917500000000004

398 608 758 829 862 1039 1089 1380 1665 1673 2856 2860 3161 3885 3903 3942 4535 4638 4673 5289 5307 5313 5487 5615 5624 5713 6041 6906
699 286 1052 690 734 2 934 666 656 220 1221 517 508 322 2374 773 714 1072 1277 785 546 991 1146 746 1067 1274 410 720
116.2829
52.8906

187 374 545 699 728 816 920 940 1098 1102 1325 1341 1539 1643 2192 2240 2413 2786 3391 3405 4089 4142 4157 5223 5450 6358 6526
286 1052 934 2 666 1146 1221 734 902 322 2374 517 690 190 1018 656 1247 1350 220 508 331 410 439 775 1072 1055 483
164.7024
86.2295

79 295 334 632 668 766 893 1052 1132 1477 1586 1685 2065 2076 2152 2774 3117 4251 4292 4381 4916 4982 5450 5487 5638 5952 6105 6621 6641 6802 6893
699 286 690 934 2 322 1221 483 2377 1146 666 902 534 2374 517 991 1350 508 439 331 220 775 734 1643 656 247 1183 1072 190 1402 1055
148.912
70.77459999999999

281 736 767 816 1003 1034 1274 1965 2831 3767 3922 4735 5317 5505 6044 6329 7049
286 699 1052 2 934 1146 666 734 1183 517 690 322 902 682 656 2374 773
74.3937
37.3789

32 190 795 998 1058 1459 1694 2231 2304 2461 2482 2996 3951 4015 4142 5345 5875 6088 6107 7092
286 699 1052 483 934 322 690 517 734 666 1287 773 410 247 656 1221 959 2 1350 746
82.7969
41.0948

121 197 227 790 1118 1359 1385 1698 4492 6046 6836
286 699 1052 666 2 902 1065 734 534 1146 220
55.1577
27.6184

42 191 408 460 1917 2247 2906 2996 4038 4949 5053 5229 5703
699 286 1052 690 2 517 483 656 546 190 934 220 734
115.6461
55.8228

252 1054 1325 1589 1876 2735 2937 3750 4552 4851 6105
699 286 1052 934 2 517 666 902 690 322 546
79.4493
36.7882

542 1099 1290 1878 2934 3078 3734 4457 4920 4934 6766 6891
286 699 690 666 1052 194 768 220 714 2377 60 1677
38.0549
19.6862

519 1216 1459 2093 2400 2751 2786 3075 3738 4107 4782 4970 5747 6638 6900
699 286 1052 773 322 1221 2 934 1806 1643 774 1072 1586 1350 207
38.640699999999995
23.0474

166 253 538 694 728 893 975 995 1056 1097 1101 1183 1277 1719 1914 1971 3413 3916 4002 4152 4189 4247 4998 5062 5229 6013 6078 6276 6614 6702
699 286 1052 934 2 483 1221 734 902 190 666 322 331 2377 1018 546 690 1146 775 508 1402 959 1350 1806 984 409 644 656 1247 1200
145.6397
67.7138

8 164 179 366 398 765 819 1183 1253 1304 1395 1798 1929 2340 2644 2856 3493 3511 3781 3958 4246 5063 5239 5520 5678 5695 6070 6153 6442 6806
699 286 1052 2 1221 934 1146 666 902 775 690 734 546 517 2374 322 1018 220 656 644 1200 746 1643 483 1216 432 2377 720 331 1543
136.4974
63.7544

243 253 592 916 1120 1376 1596 2015 2333 2405 2469 2818 2826 3161 4233 5493 5895 6152
699 286 1052 734 690 534 775 1404 483 82 934 902 247 1806 2377 1721 348 144
55.5653
29.5382

366 743 918 1099 1322 1362 1365 1459 1769 2478 2567 3351 4052 4142 4476 4535 4848 4860 4947 4972 5057 5345 5450 5747 6050 6220 6665 6755
699 286 1052 2 690 734 934 666 1146 322 517 1221 656 902 331 439 190 2090 1065 1643 775 929 546 1072 1089 746 59 534
110.4005
50.7641

156 228 353 829 958 1052 1067 1102 1241 1555 1605 1632 1793 1992 2406 2904 3060 3511 3625 3989 4049 4381 4392 4583 4855 5063 5223 5330 5470 5631 6014 6089 6239 6609
286 699 690 2 934 734 1221 666 508 517 902 656 1146 220 322 773 2377 959 483 410 2374 1018 1274 82 430 1404 546 877 247 538 768 1183 1021 58
169.4927
80.4723

18 367 561 681 819 916 1183 1341 1643 1698 1955 2471 2716 3060 3941 4006 4295 4387 4410 4556 4861 4951 5171 5467 5587 6300 6312 6504 6614 6738 7083
699 286 1052 934 1221 2 690 1146 666 1018 734 331 902 322 1350 775 483 1247 1089 1709 439 1274 1067 1200 409 1677 533 410 1277 41 942
137.8885
66.1402

38 53 88 394 414 506 743 902 1132 1295 1456 1517 1662 1745 2107 2276 2414 2599 3126 3405 3753 4187 5045 5152 5171 5326 5880 5994 6157 6438 6526 6547 6591 6714
699 286 1052 934 734 1221 2 1350 483 1146 322 1018 690 331 877 746 942 788 887 60 1072 41 1404 682 508 2013 409 334 1054 905 7 1846 1163 1152
125.1971
61.4969

63 429 1420 1474 1615 1852 2725 3851 3903 4038 4394 4453 4686 4712 4871 4907 5033 5807 6613 6714
286 699 1052 775 934 322 690 1221 666 2 877 2374 483 1643 734 1259 534 902 682 255
73.626
38.1194

211 247 586 736 1054 1380 1498 2870 3100 3823 5209 5615
699 286 1052 690 934 2 517 666 322 1274 902 714
86.549
41.0097

414 419 736 760 929 967 1004 1215 1264 1432 2183 2658 3545 3734 3830 4101 4431 4661 4698 5161 5467 5496 5875 6132 6196 6700 6738
699 286 1052 690 934 666 734 483 2 1146 1018 714 220 656 2374 1183 1274 771 1055 787 430 1221 682 1350 508 785 511
126.4588
56.4163

39 373 638 684 918 1365 1559 1673 1967 2658 2876 4326 4955 5713 6153 6220 6719
699 1052 286 190 517 2 775 546 1089 82 533 1274 220 1072 1374 428 4
48.9247
26.8621

25 177 343 394 397 515 660 699 788 1210 1527 1910 1966 2503 3054 3164 3192 3948 4189 4288 4410 4673 4805 5250 5278 5449 5467 5481 6177 6288 6357 6432 6785
286 1052 2 934 666 1146 690 1221 2374 322 517 734 902 220 508 2377 656 682 1404 190 1277 746 1350 60 1643 1374 796 877 747 774 1072 1274 483
151.6834
77.6902

393 471 531 949 990 1074 1171 1818 2379 2532 2535 2599 2757 2811 2888 3299 3855 4591 4712 5229 5233 5234 5481 5917 6186 6572
699 286 1052 483 690 666 190 322 3714 534 439 934 220 773 656 1146 733 247 720 768 761 796 746 1072 255 508
88.9418
45.5472

195 740 982 1710 1839 2011 2719 3447 4338 4525 6349 6504
286 699 1052 934 2 656 666 775 902 508 1277 657
36.0791
18.0911

55 140 156 212 902 923 1052 1328 1461 1618 1862 1875 3614 3905 3975 3992 5353 6126 7041
699 286 690 1146 734 2 934 2374 656 508 1221 517 1404 322 483 877 666 1183 2377
123.4903
63.2497

743 1099 2406 2418 3024 3282 3432 4255 4458 6414
699 286 1052 2 666 690 747 746 1054 4
41.9413
20.7945

128 496 519 545 783 1003 1383 1463 1535 1544 1567 1579 1735 1818 2785 3121 3399 3611 3653 3904 4655 4907 4916 5350 5587 5594 5988 6050 6107 6738 6766 6893
699 286 1052 775 690 2 666 934 734 902 439 322 220 1018 1221 787 746 2374 1277 1021 929 796 773 991 1089 644 1374 1065 230 1806 656 733
139.0388
63.1985

579 634 1132 1936 4111 4246 4568 4819 5374 6185 6196
286 1052 699 517 2 220 483 734 1221 534 1146
40.7399
21.8633

243 541 737 788 975 1359 2818 3903 3948 4211 5754
699 286 690 666 2 1052 934 220 796 322 785
52.1414
24.9402

247 380 745 774 1751 2360 2483 2957 3475 4760 5671 5994
699 1052 286 690 483 734 902 934 2 666 331 1274
58.1285
28.7337

232 538 1004 1418 1752 2142 2482 4388 4427 4658 4915 5011 5326 5487 5887 6542
699 286 934 1221 1052 2 1018 546 734 1146 902 666 331 2377 690 1065
84.1645
39.4647

457 1069 1374 1611 1632 2279 2348 3563 3948 4621 5171
699 286 1052 690 2 1018 959 190 2377 682 546
48.6866
25.3438

373 538 922 1247 1290 1347 1406 1517 1643 1843 2363 2513 2572 2757 2791 2984 3581 3833 3904 3989 4535 4782 4871 5127 5219 5317 5449 5534 5754 6288 6887
699 286 1052 734 1018 934 1146 1221 546 2374 190 322 517 773 877 690 902 331 410 1405 1350 511 2 220 656 1989 1072 1200 2377 534 409
134.9228
65.8669

42 127 286 287 308 398 506 788 939 940 942 956 1145 1277 1577 1656 1706 1805 2117 2695 3473 3753 3813 4454 4673 5151 6154 6288 6312 6493 6758
699 1052 2 934 690 517 322 1221 666 483 734 1146 220 902 1018 656 546 190 2374 1065 746 1350 534 331 1274 511 682 410 1806 430 7
165.9192
82.3053

3 408 584 995 1034 1120 1125 1550 1653 2313 2374 2993 3727 4139 4264 4538 4632 4753 4805 4916 5315 5701 5937 6073 6714
699 286 1052 690 2 934 483 775 322 666 1146 220 734 517 902 534 1018 546 2013 430 1221 656 410 3714 82
197.6186
94.878

521 994 1011 1228 1601 1610 2192 2241 2729 2871 2952 5256 6153 6239 6678
699 286 1052 666 773 2377 2374 546 1146 775 483 1221 160 322 1065
82.0268
40.1453

486 493 1062 1328 1418 2476 2541 3173 3473 3478 3833 3989 4388 4424 4453 4634 6250 6538 7067
699 286 1052 666 690 220 714 190 322 775 1018 902 734 409 1146 534 1055 1067 905
53.453
28.1969

110 195 367 425 446 721 912 940 983 1004 1051 1123 1516 1643 1839 2065 2094 2115 2835 3347 3473 3575 4139 4424 4605 5278 5308 5389 5631 5731 6250 6438 6969
699 286 1052 690 934 2 1146 1221 656 322 902 1018 666 190 220 959 2377 1247 4 714 1350 936 439 2090 409 1989 331 746 1258 60 546 1065 785
138.1008
64.1573

130 163 334 1014 1113 1145 1161 1589 2167 2567 3347 3469 3794 4353 4824 4851 5234 5245 5318 5436 6044 6389
699 286 1052 2 1221 666 773 934 1350 936 690 190 546 1055 483 714 1021 4 579 2374 2377 432
89.03490000000001
44.1024

82 1030 1321 1423 1474 1535 1673 1917 2644 2785 3912 4011 4053 4544 5012 5190 5293 5435 6394 6609
699 286 1052 2 517 1221 508 902 690 934 666 656 877 322 1018 483 1065 1274 991 775
100.8665
48.4703

308 363 483 498 844 1099 2125 2626 4211 4695 5334 6498
286 699 1052 690 934 517 666 2 1221 220 1065 734
77.8781
39.8724

281 401 1418 1605 1983 2378 2662 3007 3356 3362 4038 4712 6599
286 699 1052 690 2 220 666 934 322 773 483 682 430
64.8548
30.6761

493 892 1220 3186 3282 3478 4451 4753 5350 5812 5880 6411 6578
699 286 1052 1146 534 2377 1405 1287 2384 746 1643 714 1214
44.0689
25.7209

245 990 1281 1385 2695 2962 3312 3413 3856 4002 4587 4605 4698 5374 6186
699 286 1052 934 2 734 690 439 508 787 902 1643 331 666 1072
69.3243
35.5113

134 774 1385 1395 2503 2805 3245 3278 3574 5520 6508 6521
699 1052 286 2 690 775 902 934 666 734 1065 656
64.824
30.0111

82 211 295 967 1016 1975 2310 4017 4466 5209 5417 5611 5683 5698 6442
286 699 1052 2 934 517 1221 666 534 1146 1247 483 2377 1018 959
78.5768
39.2652

8 88 109 793 1054 1072 1513 1612 1701 1798 2358 2828 3214 3545 3935 3968 4003 4410 5671 6004 6250 6755
699 286 1052 483 934 2 690 1146 2377 666 322 1221 2374 220 902 534 1350 785 1404 1374 936 1277
104.1427
49.573299999999996

211 505 531 564 1232 1404 1459 1673 1730 1852 2400 3575 3635 3922 4394 5011 5151 5330 5695 7092
699 286 934 1052 508 734 1221 483 666 1146 220 656 877 1989 690 905 1018 1247 1350 409
77.6183
37.8737

482 1025 1539 1796 2065 3622 3982 4168 4856 5209 5917
286 699 1052 517 734 666 934 2377 690 4 1018
55.7166
27.7109

1600 1828 1875 3060 4157 4634 4705 4947 5460 5556
699 286 690 1052 934 546 902 1221 1011 796
41.3677
21.996

395 743 851 1612 2414 2476 2528 3321 3727 3832 4017 4061 4273 5450 5880 6314
699 286 1052 690 322 666 220 714 934 902 1643 773 2377 991 929 775
63.6631
30.2482

125 177 482 745 1034 1146 1253 1759 3908 4698 6276
699 286 1052 690 934 517 331 666 942 2 30
69.7405
36.2566

410 419 907 1366 1706 1717 1858 2139 2501 4040 4453 4775 5145 5317 5467
699 286 1052 190 934 220 2 517 538 656 1146 430 533 1221 690
70.6341
33.9201

755 1304 1527 1550 1619 1698 1766 2115 2120 3563 4266 4279 4357 4627 4938 5713 5988 6219
699 286 1052 483 1146 190 934 2 773 690 322 775 60 2377 430 34 1072 666
55.3339
29.1493

87 115 1381 1694 3245 3941 4631 4958 5460 5573 6160 6631
699 286 1052 666 690 2 1054 656 1274 331 2374 508
48.2552
25.1686

226 228 562 1415 1807 1921 2805 2831 3391 4605 5245 6073 6152
699 286 1052 2 934 666 734 1643 322 773 682 1021 796
60.0239
32.1809

412 601 841 1082 1996 2805 3040 3574 3704 5153 5904
699 286 1052 483 690 2 734 1018 1643 1146 666
45.389
23.2953

40 227 234 295 366 425 515 696 743 1213 2012 3110 3164 3417 3575 3734 3978 4011 4510 4627 4676 5858 6153 6715
286 699 1052 690 934 483 2 190 1146 534 746 82 538 220 1463 666 1402 959 991 247 821 145 1709 929
78.697
38.3116

3 110 364 374 746 1022 1030 1462 1967 2152 2186 2243 2427 2819 3399 3473 4158 4427 4661 5747 5754 6276 6432 6447
699 286 1052 2 690 959 322 902 1221 666 1018 934 734 220 656 1065 190 1089 533 787 986 1021 409 796
95.0896
45.1191

232 541 743 1391 1739 2035 2427 3563 3777 3818 5450 5460 6677
1052 286 699 734 690 934 220 1055 1643 746 546 2377 902
45.9303
22.4813

212 306 758 916 1118 1395 1420 1539 1759 1796 1910 2379 3156 3162 3703 3775 3854 3985 4324 4353 4442 4793 4853 4982 5460 5738 6288 6643 7002
699 286 1052 690 2 666 517 734 775 483 220 2374 322 1721 534 747 1183 693 967 1067 746 977 787 929 792 986 991 644 533
91.1785
44.6953

410 584 740 1074 1213 1546 1551 1678 1839 2317 2405 2581 2791 2882 3278 3431 3942 4381 5217 5307 5458 5758 6050 6311 6745
286 699 1052 2 666 934 517 1183 690 1146 483 190 322 534 959 1221 1374 2374 977 787 82 796 1347 775 1274
102.5536
47.465

11 44 64 422 486 829 1019 1228 1852 1856 2120 3362 4417 4853
699 286 220 483 1052 934 734 410 2 666 656 58 1018 60
44.753
24.9174

356 422 454 564 734 1021 1927 1959 2078 2377 2430 2540 3405 3419 3906 4581 4673 4705 5565 6070 6276 6638
699 286 1052 690 934 666 2 322 483 902 410 656 1350 1221 775 682 1643 1055 2374 1806 508 220
111.3883
54.8261

558 634 664 1751 2414 2835 4187 4458 5695 5988
699 483 2 734 348 220 307 785 1586 7
22.3024
13.0135

3 244 343 625 774 893 1665 2275 2324 2729 2919 2952 3186 3478 3738 3887 4631 5312 5493 6153 6160
699 286 1052 734 934 666 773 508 2 656 1221 322 902 690 775 430 220 2374 2013 410 1247
117.4509
53.7203

228 397 457 976 977 2811 3545 4855 5312 5458 5671 5978 6154 6678
699 286 1052 220 690 2 666 934 322 942 1146 734 1350 483
53.691900000000004
26.2985

179 211 395 427 939 977 1021 1228 1833 3340 3813 3895 4053 5041 5190
286 699 1052 2 322 690 483 2374 666 220 1643 1055 1221 430 546
67.3631
34.4574

39 82 160 234 245 561 755 878 942 1396 2142 2662 2693 3321 3475 3614 3982 4187 4211 4587 4686 4886 4907 5191 5417 5613 5804 6411 6534 6891 6963
699 286 1052 690 2 1146 220 734 1221 934 517 773 194 1247 1405 1350 666 2377 430 1018 322 775 546 1021 350 1274 255 902 348 31 432
149.7279
69.6273

79 542 1059 1209 1241 1396 1567 1687 1739 1766 1857 2241 2414 2492 2729 3356 4187 4537 4634 4970 5152 5194 5315 5460 5565 5812 6327 6493 6522
699 286 1052 666 934 690 483 2 220 2377 902 773 322 194 734 160 82 2374 656 1018 508 977 1404 190 1021 247 959 1405 207
126.1627
58.2081

346 386 496 639 1642 1685 1739 2065 2682 3045 3211 3703 3794 3903 4233 4735 5615 6463 6638 6802 6806
699 286 1052 734 517 2374 2 1402 775 1643 2377 666 220 410 247 1221 758 230 4 432 1806
68.3434
35.6529

395 419 787 942 1123 1555 1592 1812 4735 4855 5190 6262
699 286 1052 690 1221 734 775 1018 322 2 773 785
59.936
29.1897

608 1464 1585 1878 2270 2333 4394 4507 4638 5007 5458 5505 5528 6030 6077 6382 6394
699 934 1052 286 60 1404 666 220 1806 656 2377 902 877 1374 733 1545 1846
41.3524
24.1211

53 84 231 353 396 461 1097 1227 1752 2835 3045 3462 4353 4631 4695 4760 4886 5008 5578
699 286 1052 959 220 902 1221 2 508 934 546 1183 905 886 190 1200 350 3714 690
74.6598
37.6156

90 235 904 1111 1227 1848 1966 2122 2732 3222 4782 5417 5421 5937 5943
699 286 1052 2 483 934 1146 666 773 1404 656 220 1287 1018 2377
66.9775
33.9216

134 681 1051 2581 3784 3887 4285 5930 6169 6578
699 286 1052 934 666 2 734 656 959 1221
63.3326
30.9308

668 748 1059 1232 1709 1947 2478 2818 2882 2934 4089 4410 4472 5191 6126 6557
699 286 1052 2 1221 775 690 517 934 902 656 1146 1643 2377 410 666
85.44969999999999
40.8405

710 1141 2599 2735 3447 3830 4433 4860 4939 5256 5505 6467 6621
699 286 1052 934 690 517 902 322 546 666 1221 734 331
67.5317
32.4405

81 685 844 1067 1987 2335 2934 3575 3673 4266 5378 5675 7049
699 286 1221 1052 517 508 1146 2377 1018 2 1405 773 877
41.6662
23.6875

270 367 696 734 958 1420 1550 1807 2363 3214 3898 4716
699 286 1052 690 2 666 773 959 322 934 483 1018
98.5035
49.6099

410 435 538 625 854 1295 1539 1996 2270 2402 3164 4420 5613 6343 6758
699 286 1052 934 2 1146 430 1221 220 546 734 1350 483 322 348
86.2311
41.9746

4 198 1004 1102 1173 1965 2078 2093 2167 3247 3321 3447 3875 5607 5807 6508
699 286 1052 1146 2 1221 220 2377 934 1350 1018 690 483 1183 1055 959
77.577
38.9119

258 550 777 1074 1113 1170 1280 1615 1628 1740 1820 1878 2149 3469 3516 4061 4233 4587 4853 4995 5062 5151 5407 6196 6318 6549 6591
699 286 734 1052 1146 775 2 902 690 220 508 934 534 60 1806 1404 194 773 1643 538 1350 746 71 409 1011 533 1021
80.2999
41.5557

348 467 472 575 1022 1104 1145 1266 1559 1678 1701 2120 2182 2662 3222 4703 5033 5293 5421 5701 5875
699 286 1052 483 2 934 666 1146 220 1247 690 1221 322 538 902 194 1018 877 1277 190 2377
99.9085
46.5688

38 53 356 398 745 982 1067 1115 1117 1125 1136 1209 1535 1751 1996 2142 2476 2962 3060 4089 4107 4262 4661 4817 5129 5690 5701 6185
699 286 1052 690 2 483 934 322 1221 991 666 517 190 734 775 902 220 714 1146 2377 508 247 656 331 7 1065 348 877
128.8927
58.0447

66 235 270 565 654 777 808 912 982 1325 1567 1876 1967 2149 2348 2619 2658 3614 4453 4625 5012 5804 5919 6046 6310 6318 6418 6677
699 286 1052 2 690 934 773 508 517 666 1146 734 483 902 656 682 546 322 220 1404 534 1089 785 2377 1274 775 190 331
122.8286
54.9754

813 1029 1282 1287 1673 1987 2030 2418 2589 2647 3010 3912 3948 4182 5875 6004 6115 6721
699 1052 286 1146 1221 934 656 1018 2 902 2377 410 1065 905 1404 1247 1067 690
76.6387
38.7235

20 386 515 854 868 878 982 1136 1157 1295 1615 1701 1818 2427 3245 3810 3905 4279 4505 4649 4958 5012 5411 5525 5534 5588 5675 5774 6115 6442
699 286 2 1052 934 666 690 902 656 773 331 1404 775 1405 190 508 322 1643 2374 1862 82 1089 746 1021 905 483 1402 1258 409 1018
114.257
54.0625

192 410 1247 1505 2402 2729 3045 3299 4427 5917
699 286 1052 2 1221 322 734 1146 934 773
72.703
36.343

166 394 506 543 641 658 1295 1495 1752 2792 3473 3951 4454 5128 5754
699 286 1052 934 322 959 2 546 60 517 1146 734 220 656 902
56.487
27.7906

395 471 808 1025 1219 1662 1740 4015 6302 6329 6719 7041
286 699 934 1052 1018 776 4 322 1350 785 331 1065
41.3998
22.4132

1277 1977 3186 4280 4542 4788 5057 5070 5244 6678
286 1052 2 699 690 322 682 902 1274 929
39.2549
19.665300000000002

145 737 765 914 1030 1104 1381 1678 1793 1852 2163 2461 2469 2695 2993 3279 3432 3985 4038 4162 4292 4324 4375 4658 4809 4839 5161 5467 5854
699 286 2 1052 666 934 690 483 220 322 902 1018 1065 785 959 1146 747 768 1200 194 734 2374 1259 787 190 511 82 714 991
128.497
58.0188

18 1386 1539 1610 1721 2599 2729 2776 2835 2876 3004 3282 3299 3635 3885 4017 4461 4920 5854 5994
699 286 1052 322 934 690 2 2377 666 508 1018 773 439 1404 2374 1374 656 796 768 1350
89.4322
41.4727

216 490 747 994 1752 2340 2435 2801 3278 3309 3563 3783 4466 5026 5219 5244 5283 5487 6186
699 286 1052 934 1018 690 902 2 439 734 517 410 666 322 220 331 546 1247 720
84.2161
39.8616

47 760 1104 1403 1759 2482 2882 3387 3972 4394 4476 4537 4735 5070 5293 5738 6074 7049
699 286 2 1052 934 690 483 517 734 1146 546 322 902 775 773 682 977 877
79.3074
37.4234

34 246 733 983 1102 1321 1341 1482 1698 1942 2489 2634 2993 3721 4273 5119 5147 5727 6152 6157 6310 6466
699 286 1052 690 666 483 2 734 1350 220 656 1221 508 1146 2377 2374 546 331 934 322 82 902
150.1214
68.8969

11 134 408 558 841 1005 1016 1059 1371 1585 1977 2180 2358 2662 4357 4431 4473 4581 5010 5337 6113 6418 6542 6558
699 286 1052 690 2 934 517 666 902 220 734 1146 483 656 60 82 746 2374 322 546 1221 145 682 247
144.0801
68.7234

245 486 748 1619 1776 2269 2415 2662 2776 3178 4111 4295 4687 6312 6498 6508
699 1052 286 666 734 220 2 934 247 60 902 255 775 194 190 1247
53.3162
27.1224

36 42 558 956 1059 1136 2363 2776 3275 3399 3432 4061 4605 5289 6578 6893
699 286 690 1052 2 934 656 902 190 2013 666 1018 247 714 1643 1247
63.6849
33.9174

26 156 482 777 783 912 959 977 1517 1752 2271 2335 2427 2619 2815 3282 3951 4068 4420 4427 4982 5223 5460 5528 5613 5812 5875 6070 6613 6745 6967
286 699 1052 690 483 517 2 734 190 666 934 1146 220 546 1221 58 322 1065 534 773 902 2377 247 410 787 1289 145 430 533 746 1089
146.5692
65.6249

428 819 929 1551 1996 2269 3278 4182 4788 6050 6866
286 1052 699 690 1055 666 483 190 546 934 194
67.0918
31.4372

168 345 760 862 1380 2513 2539 2860 3789 4006 4907 4938 5053 5161 5220 5334 5458 5607 5713 5896 6013 6115 6219 6721
699 286 690 934 1052 2 734 902 534 331 991 4 773 682 1247 409 1011 714 704 508 1014 1828 769 1200
58.018
33.240899999999996

0 374 386 766 809 959 979 994 1014 1022 1030 1322 1459 1605 1769 1930 2194 2405 2682 3007 3610 3906 4273 4338 4568 4673 5450 5903 6115 6382
699 286 1052 690 934 2 666 656 322 220 517 1643 902 483 190 773 534 2374 508 2013 905 746 82 511 1018 1065 1543 714 546 734
145.3123
61.3858

36 258 374 394 986 1014 1171 1341 1374 1381 1739 2257 2626 2658 2805 2835 2860 2906 3211 3417 3713 3851 4334 5250 5707 5747 5748 5783 5903 5988 6349 6521 6589
699 1052 286 690 2 1221 666 322 934 1018 483 773 746 220 682 1055 546 1146 1274 1089 656 1643 534 902 1247 194 190 1183 1021 71 247 409 1989
116.0887
56.498599999999996

253 286 1381 1858 3230 3581 4040 4793 5811 6115 6643
699 1052 690 517 934 483 666 734 2 546 1221
83.1405
43.8913

273 592 915 1371 2120 2284 2320 2363 2953 3625 4145 4661 4981 5196 5317 5584 5758 6151 6677 6760 6814
699 286 1052 483 934 2 1221 546 322 690 1072 2374 666 1146 682 220 2377 1274 902 331 534
93.014
45.252

46 82 457 481 536 608 734 1034 1618 1759 2142 2348 2819 3887 3978 4002 4255 4433 4658 4856 5148
699 286 1052 666 690 934 483 2 517 773 220 322 1055 1221 656 410 1274 902 1146 785 1543
133.7283
60.4857

455 685 851 907 1220 2644 3230 3288 4152 4350 4473 4916 6047 6523 6715
699 286 1052 483 775 534 656 959 666 1643 1405 773 644 1806 533
57.9889
29.6498

320 868 1183 1366 1376 1527 1534 1586 1601 1676 2167 2186 2358 2460 2792 3475 4338 4676 5777 6088 6484 6714
699 286 1052 2 1221 690 934 517 666 775 483 656 2374 538 785 322 430 331 220 1055 1065 682
119.012
55.9141

110 156 535 639 816 914 1857 1959 2662 2795 2856 3574 3622 3741 3823 3875 4410 5314 5565 5615 5764 5774 5789 6113 6196 6219 6357 6432 6760 6792
699 286 1052 690 220 1146 734 666 902 2 1018 483 1247 746 959 1274 546 2013 194 656 60 145 255 322 2384 990 1011 1404 986 71
116.0034
55.1753

38 212 228 429 972 1082 1111 1236 1279 1459 1461 1587 1900 1942 1975 2427 2613 2957 3703 3741 3814 3818 3851 4417 6185 6408 6531
699 286 1052 322 934 517 1146 190 1221 959 220 1183 1350 483 1274 82 71 1163 902 1287 690 2377 4 962 230 350 538
93.713
48.1418

12 47 53 179 366 482 519 949 1295 1304 1565 1833 2489 3346 3614 4244 4605 5062 5240 6160 6969
699 286 1052 666 517 2 483 734 1146 934 190 690 220 902 508 322 656 1643 1350 410 160
110.7894
51.3816

66 306 734 862 1101 1361 1380 1735 1812 1870 2324 2599 3022 3231 3833 4118 4712 4716 5487 5520 6146
699 286 1052 690 934 2 902 666 322 1018 746 2374 1221 1055 656 1072 508 714 986 1543 773
94.614
45.0982

198 601 1125 1277 1642 1678 1917 1987 2156 2306 2461 2535 2820 3351 3848 4062 4542 4916 5318 5727 5765
699 286 1052 2 666 1643 322 775 1274 483 773 690 1806 1247 902 196 959 656 1374 331 230
76.08409999999999
37.484300000000005

212 505 566 1264 1274 1796 2323 3278 4015 4145 5283 5337
699 286 934 1052 2 690 322 517 734 1018 656 220
59.8576
30.7277

118 190 196 273 397 519 668 796 1051 1117 1279 2590 2919 3117 3673 3769 3958 4661 5707 6522 6549 7092
286 699 1052 517 483 666 734 934 2 690 220 656 322 773 1221 2374 1806 410 236 1183 247 2013
136.10739999999998
63.8548

32 34 1089 1537 3854 4581 5532 5607 5848 6408
699 286 1052 2 734 666 1221 220 1402 2377
63.9401
33.3678

0 412 427 681 998 2572 3775 4320 4375 4451 4552 5063 5318 5460 5624 6185 6621 6766
699 286 2 483 1052 1146 1221 546 934 517 533 1018 207 144 902 796 230 565
45.5376
24.3715

144 373 429 543 1361 2319 2752 3176 4428 4947 5234 5908
286 699 1052 190 690 322 220 934 666 1055 546 255
75.9781
35.5241

380 777 800 1034 1698 1798 2030 2078 2186 2320 3673 4417 4461 5239 5556 6073
699 286 1052 1146 734 1221 690 2 934 902 517 1402 746 773 1350 1018
65.9605
33.5115

79 187 438 808 914 940 1418 2415 3211 4353 4391 4394 5299 5645 5731
286 699 1052 934 2 1146 690 902 220 517 190 194 439 538 410
53.5252
28.6465

185 398 912 1383 2030 3703 4182 5607 5779 6785
699 286 1052 517 1146 1018 483 991 934 666
49.0434
21.9529

64 110 127 228 421 625 736 916 920 1325 1406 1721 2078 2313 2405 2469 2962 3173 3738 3975 4068 4375 4853 5535 5846 5896 6078 6493 6665
699 1052 286 690 666 220 2 1221 483 322 959 1018 902 746 190 796 430 714 1200 1146 734 1183 1274 656 991 785 60 962 682
107.5848
49.562799999999996

211 246 293 364 432 519 523 641 959 1228 1535 2333 2957 3653 4055 4182 4381 4583 5245 5716 5919 6621
699 286 1052 690 483 2 220 934 902 190 322 517 666 1404 656 991 1277 2377 439 886 2374 534
121.1539
52.1631

190 395 694 795 797 923 1157 1232 1370 1406 1664 1875 1973 2186 2226 2324 2414 2693 2695 2815 3814 3832 4089 5578 5846 5848 6288 6433 6715 6814
699 286 1052 1221 483 934 690 734 2374 2377 517 1200 1146 2 1287 1404 886 322 511 773 746 230 1072 1402 656 220 902 1065 58 1350
125.5252
61.1932

959 1281 1551 1751 1796 1848 2257 2322 2695 2757 3741 5250 6312 6929
699 286 1052 483 934 666 517 2 190 690 220 1221 534 734
90.9156
41.0589

998 1673 2171 3875 3895 3972 4687 5470 5716 6089 6394 6411
699 286 1052 1146 2 1287 902 734 1677 2384 775 990
39.0465
21.4419

191 247 422 496 1451 1701 1706 2011 2048 2115 2171 2818 2882 3022 3830 3911 3968 4440 4587
699 1052 286 934 2 517 1018 666 644 682 190 483 1146 1274 902 236 1247 962 775
75.7906
37.2643

25 163 214 428 467 795 1124 1236 1798 1928 1967 2041 2996 3078 3871 4006 4472 5045 5070 5411 5675 5806 5908 6589
699 286 1052 2 190 959 934 546 690 656 483 82 734 775 410 534 230 194 1146 71 886 902 255 746
93.9987
44.2174

187 397 427 506 745 797 958 967 1220 1290 1322 1510 1527 1751 1928 1959 2693 2732 3010 3211 4472 4982 5171 5690 6169 6186 6343 6521
699 286 1052 666 690 483 656 2 220 934 902 959 322 1146 734 190 538 430 511 773 410 331 60 71 1018 990 1405 144
135.27100000000002
63.1507

60 134 519 545 774 1214 1304 1766 1793 1914 2631 2983 3045 3563 3709 3814 3833 4440 5695 5703 5734 5789 5807 6046 6050
699 286 1052 2 734 220 934 690 1065 1018 194 190 1146 483 775 747 666 2374 2377 656 538 1021 350 236 2013
106.453
50.533500000000004

12 127 252 634 710 1104 1160 1247 1456 1752 1792 2142 2300 2323 2626 2860 2871 2937 3275 3312 3405 3830 3852 4178 4507 5119 5161 5337 5378 5832 6760 6792 7041
286 699 1052 934 690 1146 666 734 220 902 2 682 656 1018 546 1404 322 967 984 2374 714 348 775 1347 905 82 1183 877 483 439 247 31 990
119.8011
56.3464

145 156 258 1018 1482 1740 2235 3312 3431 3673 4817 5779 5919
286 699 1052 1221 194 934 220 1065 734 517 936 58 1200
75.9061
40.4587

273 293 394 765 1917 2279 2528 4286 5045 5937 6157 6557 6785
699 286 1052 1146 959 190 1350 2374 331 247 2377 236 1072
45.8428
26.1703

287 367 429 467 565 573 614 641 995 1074 1228 1232 1432 2115 3169 3721 4068 4142 4255 4264 4338 4353 4631 5573 5727 6046 6302 6467 6794 6877
699 286 1052 666 483 690 534 656 220 934 322 194 734 1146 2 2377 508 247 190 1350 1404 1089 1065 255 1274 1247 71 230 1072 1544
111.5731
52.277300000000004

115 461 959 1150 2333 2719 2792 2835 5026 5209 6785
286 699 1052 483 220 2374 517 1404 190 690 534
72.2437
35.7153

160 761 878 1403 1730 1796 1965 2116 2183 2693 3365 3447 4038 4089 4189 4381 4951 5460 5765
699 286 1052 2 690 220 734 430 1221 546 746 350 1277 773 1374 194 538 666 82
82.872
38.7759

1498 1665 2520 3493 4915 5450 5848 5952 6041 6447
699 286 934 1643 902 1677 2377 1221 1146 1052
39.5389
22.4041

767 1498 2065 2377 3704 3942 3978 4326 4453 4571 4703 5345 5672 6310
699 286 1052 690 2 1146 1350 775 934 734 1806 331 508 776
77.8888
38.3935

20 39 534 800 990 1125 1425 1868 2125 2693 3473 3635 3641 3800 3866 3985 4793 4817 4920 5250 5281 5672 5804
699 286 1052 483 2 734 934 690 1221 1274 82 220 439 902 666 773 190 644 2374 255 1089 720 967
109.0719
51.1758

519 586 1740 1833 2035 2335 3245 3635 4101 4440
699 690 1052 286 2 517 934 991 666 747
46.8675
21.7143

743 748 1213 1870 1977 1983 2015 2325 2405 2752 3162 3222 3575 3641 3885 4133 4262 4552 4672 5070 5671 5698 6764 6893
699 286 1052 2 690 934 483 656 666 322 2374 1350 1374 768 796 508 991 746 1021 220 439 1072 775 1089
80.3394
37.916199999999996

461 1159 1482 1559 1811 2528 4055 4451 4686 4951 5698 5765
699 286 1052 2 1221 959 775 690 934 220 2377 1072
55.7341
27.932199999999998

25 364 685 942 1586 1597 2011 2013 2182 3351 3362 3575 3673 3848 3911 4676 4947 5378 5565 6609
699 286 1052 690 1221 2 483 322 517 734 959 773 2374 877 656 1018 1146 666 190 785
127.7626
60.2784

235 1371 1975 2015 2414 3781 4089 4552 4753 5008 5307 5308 5450 5594 5919 6414
699 286 2 934 1221 656 902 508 1806 1643 1677 4 1052 236 746 752
48.2475
25.6402

1019 1664 1711 2279 2313 2658 4381 5274 5624 5765 6493 6638 6758 6764
286 699 1052 959 190 230 2 410 1065 483 777 1247 428 207
34.6281
21.5816

140 478 975 1021 1160 1279 1328 1464 2577 2662 3819 3830 4038 4538 4734 5004 5407 5449 5494 5573 5748 5850 6523 6766 6802
699 286 1052 1221 2 690 220 934 734 1404 194 1643 483 2374 508 4 1350 409 1277 236 1018 255 1247 410 1111
88.8225
44.8829

60 494 634 1125 1586 3405 3781 4136 6177 6523 6894
286 699 1052 690 220 2 322 190 1221 194 1055
66.4248
29.6861

163 232 486 793 1124 1383 1550 1709 1717 1739 3362 4233 6310 6614
699 286 666 1146 1052 1221 734 775 220 2 1404 322 1402 1072
56.226
28.7209

8 253 505 523 538 780 972 977 997 1058 1476 1600 1798 2035 2093 2167 2520 2647 3282 3346 3814 3978 4326 5219 5669 5777 6262 6408 6547
699 286 1052 2 690 934 546 1018 1350 734 322 1221 220 902 410 1274 483 1055 331 666 579 1146 1374 508 746 990 1216 430 409
128.3853
59.4449

634 972 1034 1039 1342 2317 2340 2471 2577 3611 3673 4111 4139 4442 5672 5747 6030 6439 6643 6894 7055
699 286 690 322 1052 1221 2 1146 517 902 220 1274 194 656 1404 1089 644 942 348 1055 990
71.2722
33.5537

81 564 795 1150 1685 2461 2820 3168 3545 3753 4178 4410 6047 6113 6329
286 699 1052 934 690 666 1350 775 746 734 1277 220 902 656 1146
62.8865
29.1606

366 493 564 765 793 836 918 1224 1287 1304 1462 3275 3714 3794 3823 3992 4003 4410 4605 5053 5128 5350 5532 5738 5804 5826 5851 5887 5943 6105 6314
699 286 1052 2 1221 656 934 690 666 1146 734 322 773 2377 1018 439 1247 902 1643 1072 1543 331 714 483 775 1404 534 785 1021 508 1216
155.5333
72.7369

486 1673 2013 2030 2241 2937 3192 4379 4433 5450 5638 5707 6169 6702 6738 6745
699 286 1052 934 2 483 666 1221 734 902 690 220 322 1643 773 1018
128.8669
62.8424

2492 3022 3132 3641 4157 4255 4394 4454 4621 4655 5308 6504
699 286 666 1018 902 1052 905 1011 773 934 4 991
38.8295
21.101

429 643 802 1170 1458 1597 1642 1945 1965 1996 3738 4656 4703 4785 5240 5327 5952
699 286 1052 934 666 1643 322 902 483 775 773 1221 230 1065 962 60 1862
65.6453
34.2262

37 115 126 253 314 374 608 949 1381 1409 1461 1544 2310 2324 2476 2482 3309 3399 3431 3545 4591 4753 4861 5127 5308 5731 6288 6538
286 699 1052 666 483 2 1221 190 690 517 656 1146 714 1350 220 322 533 2374 768 796 534 41 82 1018 734 1721 761 1404
102.2727
50.8791

144 535 1370 2482 2539 2791 3126 3375 3968 3978 4424 4533 4627 4848 5194 5245 6474 6707 6823 6963
699 286 1052 690 934 666 220 796 190 2 194 656 1072 196 877 785 1018 959 886 734
62.8305
33.0454

20 395 396 514 774 797 1371 1385 1415 1818 2122 2275 2876 2937 3132 4178 4233 4292 4306 4535 4605 4958 5903
699 286 1052 2 934 734 902 666 775 690 2374 656 1065 322 1021 190 331 746 1018 1089 714 508 785
119.6399
55.1817

11 81 1075 1120 1342 2416 2461 3230 3312 3794 4324 4518 4621 5012 5244 5534 6432
699 286 2 1052 734 508 656 936 534 773 194 1721 1137 1405 1806 1021 1402
47.2596
26.6011

550 767 862 1117 1376 1544 2275 2413 3054 3581 3818 4107 4661 5010 5565 5994 6785
699 1052 286 690 2 666 322 959 1146 734 190 1277 410 517 768 538 942
83.9566
41.4823

0 273 425 521 787 1221 1282 1383 1550 1565 2030 2313 2435 2729 2756 3614 3709 3856 4854 5318 5350 5421 5496 5613 6738 7002
699 286 1052 2 1018 934 1146 734 2374 666 322 1065 2377 1072 773 775 508 877 1287 714 1404 1247 690 1011 483 905
124.5306
59.7718

412 479 523 760 1098 1347 1917 1945 4472 4686 6471 6504
286 699 1052 483 775 734 2 690 934 439 773 666
60.2635
29.0883

559 1476 1745 2340 3355 3800 4533 4695 5812 6302 6758
699 286 666 773 1052 2377 1072 1350 2 656 1018
35.2655
19.7076

253 393 584 632 1150 1828 2528 2541 3641 3912 4168 4387 6219 6439 6707
699 286 1052 934 666 190 1018 1221 322 1643 220 439 534 1289 1347
54.1425
29.7224

907 1290 1322 1587 1971 2406 2521 2791 3132 3173 3948 4472 4847 4855 4951 5417 5671 6679 6719
699 286 656 2 690 1052 734 775 796 666 322 1221 511 902 82 1277 1137 768 1709
55.196
28.378

467 767 1062 1141 1173 1280 1451 1792 2015 2114 3010 3161 3355 3945 4454 4537 4857 4907 4921 5415 5520
699 286 690 322 902 934 1052 1183 483 190 656 536 905 7 1274 432 1089 682 82 768 625
54.7255
29.6157

3 197 393 710 747 797 923 1418 2962 3970 4011 4804 5318 5771 6185 6327 6521 6573 6578
699 286 1052 690 734 1146 439 331 2 666 1404 785 322 1018 220 2377 934 776 410
64.7161
33.7002

20 197 493 1111 1221 1418 1550 1592 1977 2752 3948 3972 4997
699 286 1052 934 1146 2 1018 190 902 1350 690 1287 644
77.2605
40.8531

12 128 214 235 565 2015 2275 2310 2478 2599 2732 2996 3885 4542 5119 5220 5289 5337 5374 5678 5713 5880 6318
699 286 1052 483 2374 220 656 934 322 1221 959 1404 534 190 2 1018 905 236 230 255 410 773 331
96.9276
46.8236

398 977 1676 1983 4295 4518 4856 5308 5611 6314 6613 6719
286 699 1052 322 666 2 690 517 734 1055 546 430
48.1742
22.7145

195 573 1058 1159 2377 2406 2835 2962 3318 4981 5053 5239 5283 5487 5496 6013 6014 6411 6833
699 286 1052 656 1146 1350 690 2 1287 1072 934 1018 775 410 1089 1111 1806 2384 657
80.9239
40.5479

47 401 575 774 959 1220 1381 1589 1596 2599 2647 3854 4410 4658 5556 5747 5875 6408 6673
699 286 1052 666 934 483 2 690 517 190 322 734 220 773 2374 430 1643 534 1277
124.0416
54.7188

82 121 160 780 994 1019 1534 1745 2776 4431 4533 4848 5374 5534 5675 5774 6262
699 286 1052 690 2 666 517 734 1221 656 430 546 410 934 350 773 959
90.8348
42.3616

195 286 314 1005 1082 1406 1425 1458 2416 2786 3007 3164 3391 3635 3848 3905 4157 5244 5919 6442 6531
699 1052 690 483 322 934 517 656 666 1146 1221 2 533 902 734 546 1018 1274 1065 1287 1721
120.7245
61.3052

386 579 1018 1228 1386 1687 2228 2231 2920 3712 3922 4233 4649 4861 5244 5846
699 286 1052 934 483 734 1221 2 2374 517 2377 220 666 902 322 775
115.8854
56.9492

26 435 534 634 1451 1662 1805 3753 3769 3800 4194 4233 4518 5217 5378 5699 6758
699 286 1052 734 483 666 934 220 2 775 1018 690 1274 1065 1806 430 905
75.5
35.9401

163 780 1170 1213 1224 1228 2094 2152 4525 4661 4982 5312 5352 5374
699 286 2 1146 934 1277 666 1052 775 2320 60 902 2377 942
43.7864
23.5741

44 194 206 293 608 1282 1322 2888 3490 3832 3848 4145 4552 4703 4785 4788 5493
699 286 1052 690 666 2 517 220 902 546 734 934 430 1018 796 538 773
84.7278
37.5024

273 398 461 710 1914 2231 2811 2871 3767 4038 4353 4698 4809 5008 5313 6327
286 699 1052 690 517 666 959 775 546 1146 1183 220 236 986 1404 714
71.5084
31.3139

11 26 536 790 844 975 1132 1221 1739 1971 2012 2156 2231 2471 3132 3288 4324 4981 5520 5565 5611 5812 5832 6439
699 286 1052 483 934 666 2377 1018 1146 690 902 220 322 877 517 1089 1709 2374 2013 60 1055 546 439 1350
105.0982
52.5167

139 197 573 808 912 940 975 1075 1161 1277 1347 1418 1495 1766 1936 1987 2065 2751 3475 3832 3851 4002 4326 4451 4687 4970 5532 5701 5765 5777 5848 5952 6411 6755 6802
699 286 1052 2 1146 2377 734 902 666 1221 656 331 322 934 1287 1214 785 220 2384 776 877 517 690 1111 1274 773 1806 1402 644 190 1072 787 1510 1643 1721
117.3573
58.5983

198 408 422 644 694 795 907 1219 1227 1370 1386 2241 2835 3211 3625 3814 4981 6239 6484 6715
699 286 1052 690 934 2 666 734 483 322 517 546 2374 2377 220 796 656 82 902 682
145.8957
68.8345

110 144 428 804 829 972 1420 1474 1551 1642 2319 2572 2693 2819 3783 3830 4454 4675 4981 5672 5749 5804 5917 6074 6163 6250 7055
699 286 1052 220 690 190 934 666 959 194 1221 1146 517 877 546 746 1089 902 1643 247 886 196 962 1018 1274 348 1287
112.0476
52.3383

53 145 348 1807 2317 2400 2567 2957 3832 4292 4306 5190 5631 6070 6154
699 286 1052 483 190 734 194 775 1018 1065 902 220 991 1277 1183
68.4018
35.7582

20 79 446 515 902 1034 1415 1587 1632 1656 1717 1719 1730 1812 1876 1936 2018 2306 2340 2402 2541 2590 2693 2792 3462 4049 4428 4492 4638 4782 4857 5278 5919 6325 6673
699 286 1052 483 934 773 190 666 1146 2 877 734 322 331 2377 942 410 82 1350 656 796 247 144 1404 785 495 41 350 818 1216 34 1018 1374 886 1846
107.8439
56.7189

42 53 281 579 847 904 1636 1833 1959 2107 2247 2300 3673 4625 4805 6044 6154 6474
699 286 1052 2 517 656 190 483 666 902 220 785 534 1709 7 1277 82 690
78.3313
39.2263

60 87 144 543 579 1057 1075 1344 1807 2094 2469 2729 2786 3075 3356 3462 3473 3641 3707 4006 4273 4847 4972 5171 5678 5880 6146 6177 6802
699 286 1052 690 2 517 734 220 322 1221 483 773 190 194 666 775 82 534 160 1018 1055 2374 1544 236 656 959 877 1200 546
137.9219
61.9384

109 144 160 334 507 1291 2377 3100 3941 4145 4273 4476 4687
699 286 1052 690 2 194 775 220 734 190 666 508 483
100.7842
49.0386

54 844 868 1029 1056 1059 1565 1577 2471 2476 2589 3377 3431 3887 4292 4295 4453 4734 5615 5811 6414
699 286 1052 690 2 934 775 546 322 902 190 666 1146 247 734 773 1277 439 1247 483 991
114.1563
51.2575

40 231 398 479 1327 1579 1698 2065 2125 2167 2243 2876 3288 3311 3469 3516 3779 3955 3982 4062 4510 4824 4951 5153 5274 5411 5487 5611 5783 5904 6004 6077 6083 6542 6702
699 286 1052 1221 2 483 2374 220 2377 190 517 1018 1350 533 4 656 959 1065 1402 322 1200 1072 508 579 682 934 991 773 1247 1277 690 1146 544 1643 495
121.8651
58.9018

755 956 1097 1170 1366 1612 1876 2116 2358 2406 2972 3156 3989 4661 5880 6317 6641
699 286 1052 690 1221 220 322 190 517 666 538 2377 787 430 936 1350 1055
57.3174
29.9362

473 760 1516 1701 1983 2460 3247 3318 4451 4632 5481
699 286 1052 734 934 690 1018 1643 2 959 1146
52.4643
26.0969

320 428 592 747 777 1120 1371 1418 1517 1699 1936 2322 2539 5723 5896
699 286 1052 934 734 690 2 902 746 331 1018 546 534 656 773
82.0509
40.106700000000004

829 1495 1706 2167 2532 2752 2811 5239 5353 6089
699 286 1052 1221 934 190 1350 656 1146 2
47.6878
25.5258

195 920 1709 1833 1929 2310 3214 4687 5148 6196
286 699 1052 1146 1221 2 190 773 734 656
48.1041
24.2879

573 1159 1282 1341 1805 4107 4525 4649 4712 5209 5672 5832 5858 5880 5952
699 2 286 934 1146 656 666 1287 1018 775 1806 1350 322 902 1277
49.7552
25.419

177 287 486 608 733 1241 1577 1610 1870 1910 2065 2962 3121 3727 3945 4017 4280 4288 4453 4775 4806 4995 5033 5535 5611 5789 5832 6521
699 286 1052 690 734 775 666 220 2377 1018 322 656 2 194 1404 1011 439 534 1402 1274 747 758 247 934 1374 2013 1277 2320
100.8953
48.955

467 534 699 841 847 1030 1160 1451 1555 1618 1709 1751 1818 2116 2156 2634 3511 3906 5147 5219 5854 6089 6312 6382
286 1052 483 2 1146 1221 734 666 902 1018 690 934 322 2377 1404 220 1274 2374 1350 430 546 775 517 1065
164.9901
85.0169

126 139 232 660 1585 1615 1769 1891 2993 4247 5145 5352 6074
286 699 483 1052 220 1146 2 517 1806 534 656 71 508
51.1492
26.8373

538 594 1959 2018 3475 3575 3781 4017 4568 4621 5239 5316 6325 6738 6823
699 286 1221 934 1052 546 2377 734 1018 746 331 1374 1350 1146 71
54.367599999999996
28.5556

398 453 660 737 1403 1792 2171 2920 4587 5525 5950 6107 6276 6749
699 286 690 1052 734 666 902 322 517 439 2 483 1274 401
55.3519
24.7937

998 1656 2389 2716 3007 4492 4804 4809 4853 5070 5147 5330 5858 6250 6414 6467 6758
699 286 2 734 666 1146 690 322 934 656 1643 1277 644 207 508 1072 720
50.5647
26.8664

40 212 1290 1325 1740 1751 1820 1955 2876 3575 3622 3851 4003 4244 4676 4934 4982 5153 5191 5832 5858 6078 6547 6557
699 286 1052 1146 1221 483 1018 2377 190 1643 1350 773 959 2374 1214 1089 1067 666 1200 905 82 934 1072 145
80.8825
42.374

34 216 428 446 641 707 907 1054 1534 1709 1735 1858 2100 2114 2142 2152 2167 2333 3024 3779 3800 4107 4350 4440 4934 5481 5703 5832 6190 6411 6643 6758
699 286 1052 934 2 1221 690 190 220 1146 322 666 656 517 1404 2377 1018 546 902 959 1072 1402 230 247 1065 1677 31 1350 483 977 144 1021
145.291
68.3099

190 195 841 1062 1740 2631 2774 2882 3279 5152 5754 6041 6300
286 699 1052 517 2 483 934 656 322 220 538 773 534
77.1163
37.7035

130 401 422 432 614 1124 1287 1415 2041 2377 2581 2757 2835 2876 3192 3391 3432 3703 3780 4211 4907 5041 5245 5534 5575 5713 5904 6013 6177 6357 6493 6547 6785
699 286 1052 2 690 517 934 220 1146 666 322 1221 2374 773 682 902 483 1072 508 747 410 1018 959 1930 1216 775 967 1111 190 2090 1200 1806 430
148.9073
71.0245

408 764 1281 1959 2180 2577 3288 4011 4391 5494 5749
699 286 1052 2 666 517 690 220 483 734 508
97.5728
50.374

52 997 1425 1476 1642 1870 1891 1945 5352 6433 6589
699 286 1146 962 1052 1643 1274 1018 2090 1374 902
36.0166
21.6229

125 438 681 940 1739 2323 2460 4472 5774 6030 6389 6538
699 286 1146 1052 656 517 902 220 1221 2 934 775
45.4841
23.5106

270 483 902 1227 1551 1921 2513 3126 3391 3833 3968 4578 5191 5334 5703 5880 6317 6638
699 286 1052 666 1221 517 2 934 2377 322 2374 877 690 1247 220 1350 1018 773
127.2687
64.3711

334 601 912 1945 1966 2540 3156 3231 3709 3970 4631
699 286 1052 2 734 714 2374 220 508 1221 517
56.1641
28.3502

232 270 471 761 851 868 972 1016 1395 1505 2011 2483 2572 2920 3563 4264 4399 4410 4472 4955 5148 5245 5350 5556 5779 5789 6467 6673 6679 7041
699 286 1052 775 2 1221 734 934 656 517 773 511 1146 1274 666 902 690 1018 644 483 546 255 785 322 1067 776 1404 220 247 1200
109.2691
50.8699

3419 3469 3780 3992 4038 4251 4399 4583 4676 5669 6013 6107 6522
286 699 690 1052 533 656 439 977 992 746 666 536 986
36.6504
18.178

4 42 118 232 707 728 793 1050 1280 1462 1852 1966 2257 3302 3709 4334 5435 5556 5631 5707
699 286 1052 934 666 2 656 1018 517 734 902 959 1146 2377 787 1221 60 991 1011 1183
88.8692
42.1635

0 421 472 478 486 534 575 634 747 2192 2476 2483 3391 3875 3989 5327 5481 5520 6046 6318 6891
699 286 1052 2 734 483 220 322 934 1221 690 666 1065 1274 902 1018 1055 714 1146 967 439
116.918
52.7332

39 140 160 716 921 1210 1228 1495 1921 1955 2631 3511 4391 5312 5318 5535 5594 5846
699 286 1052 690 1221 2 734 538 546 430 508 1146 82 220 2377 350 1089 1287
76.9143
38.0456

25 198 410 808 922 1406 1477 1955 1966 1983 2120 2379 2430 2435 3895 5350 5378 5415 5698 5806 6887 6906 7055
699 286 1052 483 2 1221 934 220 1146 190 534 230 546 1018 785 1350 511 331 942 2374 959 1089 902
95.0329
47.0583

428 699 736 1565 2120 2270 2406 3362 3511 3709 4507 4578 4824 4907 5250 5578 5669 5701 6077 6439
286 1052 666 934 2 1221 734 483 690 517 656 902 1146 1404 1274 1183 322 546 2374 877
126.0959
65.647

87 844 1266 1699 3045 3110 3789 3904 4510 4851 5065 5624 5638 6074 6288
483 699 508 2 220 286 902 746 1054 331 2389 1221 1065 1111 1067
29.4603
18.5575

39 214 1539 1699 1921 2048 2541 3169 3318 3462 4152 4410 4442 4466 5062 5421 5699 6132 6812
699 286 1052 1018 190 690 1404 959 934 82 1221 2377 1806 1021 905 1287 508 236 564
63.7858
33.5277

198 819 1227 1739 1992 2378 3110 3781 3935 3970 4518 4658 4698 4998 5278 5607 5761 5919 6792 6823
699 286 1052 483 934 2 690 1146 666 410 1221 991 220 1350 322 1018 230 877 196 714
66.1421
33.414

55 197 235 479 586 664 1069 1141 1928 1973 2012 3100 3321 3511 4055 4775 5350 5611 5672 5761 5779 6190 6463 7049
699 286 1052 1018 934 220 517 690 1287 2 533 656 2377 322 902 1067 331 546 1402 1054 236 439 1055 942
79.4779
40.0583

191 206 592 929 1929 2389 2732 2835 3475 3904 4492 4847 5449 6325
699 286 1052 666 734 934 2 690 1055 1146 656 508 773 746
63.1223
30.7083

134 740 942 1656 1807 2785 5011 5318 5417 6041
286 699 934 1221 1052 1018 734 145 1277 775
44.6526
24.334

395 519 728 1097 1210 1214 1653 2348 3245 3712 3775 3989 4847 4864 5045 5699 5716 6432
699 286 1052 934 690 734 2 322 666 656 1018 190 1055 1021 991 1065 1054 1247
72.5201
32.4396

81 367 531 575 1030 1133 1236 1420 1891 1921 2171 2774 2984 3010 3156 3161 3978 4568 4695 4753 4793 5317 5525 5683 5854 6089 6493 6542 6969
699 286 1052 483 690 934 322 656 190 902 220 534 247 1018 82 905 1065 959 1247 255 1405 71 60 41 410 1214 734 625 477
88.1169
45.379599999999996

133 366 394 542 1050 1145 1160 2572 2589 4627 5789 6329 6538 6967
699 286 2 666 690 959 517 194 1052 4 220 1404 190 1350
44.6886
24.2446

1053 1082 1161 1221 1477 1996 2015 2228 2335 2348 2577 3469 3753 3905 4062 4324 4793 5811 6153 6243 6542 6621
699 286 1052 1146 1018 934 2374 656 773 877 483 2377 666 1350 1405 533 1709 1216 1287 1586 546 942
89.9266
46.1793

643 788 923 1612 3810 3856 4306 4605 5026 5532 6113 6300 6714
699 286 666 2 934 1052 902 2374 1643 714 410 508 4
50.5561
26.2095

307 395 414 481 498 755 916 1232 1290 1535 1752 2183 2320 2406 3162 3916 4068 4453 4627 5832 6411 6542 6549 6799
699 286 1052 322 690 1146 2 483 934 1221 734 1018 902 220 775 82 656 1072 666 430 682 331 7 1287
115.5386
53.6671

506 643 681 1034 1376 1432 2276 3054 3516 5703 5747 6542
699 286 934 1146 322 902 666 1221 1018 533 734 2
39.4248
20.9353

40 125 134 145 979 1030 1474 2030 2241 2276 2541 3041 3362 4388 4819 4951
699 286 1052 190 2 220 1065 959 1018 934 82 1221 194 734 1146 902
84.9925
41.9864

234 394 432 486 977 981 998 1383 1642 1678 1687 1828 1910 1927 2163 2541 2776 3611 3729 3769 3958 4476 4673 5535 5635 5671 5698 6126 6300 6764
286 699 1052 666 934 690 322 483 220 190 2 1643 1221 82 2374 656 1018 902 533 546 1055 194 990 1247 1089 1543 410 644 1374 1011
133.1179
60.5238

608 995 1136 1213 1875 2269 2279 2358 2416 3490 4571 4861 5161 5738 5903 5904 6126 6177 6302 6442 6785
699 286 1052 190 690 1146 220 959 934 1350 936 247 734 682 1277 60 409 428 942 1510 984
56.3231
31.9192

84 244 531 575 579 747 914 1224 1420 2247 2261 2325 2460 2983 3211 3217 3355 3832 4182 4262 4264 4433 4712 5011 5012 5496 5520 5765 5952 6262 6814
699 1052 286 483 934 2 690 517 666 322 1018 734 508 534 902 1183 656 546 959 331 991 1247 350 190 247 1065 410 220 773 71 929
125.2908
59.0573

211 478 486 793 1011 1792 1975 2333 2374 2984 3321 4011 4082 4133 4187 4189 4357 5012 5104 5196 5229 5281 5607 5812 5988 6432 6665 6894 6908
699 286 1052 2 1221 934 690 1146 2377 220 734 666 1404 902 322 1350 508 656 410 773 1018 430 775 1065 483 1072 546 1258 1677
155.9526
72.6136

493 543 1870 1959 2100 2152 2231 3389 3830 3887 4949 5421
699 286 1052 2 734 934 656 773 1055 1274 1018 666
70.3437
32.4743

39 558 774 1183 1752 2483 3431 3516 3703 3955 4049 5171 5638 6498
699 286 1052 2 934 775 734 1221 666 517 656 902 508 82
81.8031
39.6677

373 393 579 747 774 1072 1209 1287 1796 1977 2048 3279 3385 3922 6343 6382
699 286 1052 934 734 517 1221 2 1018 690 1146 220 666 2374 656 1065
105.79390000000001
52.71

0 198 868 1403 1759 2310 2482 3054 3563 4379 4782 5057 5374 5689 5754 6665
699 2 286 773 959 230 1163 1677 546 196 887 1347 1287 455 348 1214
34.1121
21.0371

44 493 575 721 736 1141 1711 1796 1930 2117 2920 3302 4492 5289 5535 5678 7002
699 286 1052 690 666 934 322 517 1183 2 1221 1274 1247 483 902 734 1018
93.4651
41.7676

868 1146 1517 2304 2732 3653 4427 4581 4658 4805 4886 6325 6621
699 286 934 1052 1221 2 1065 666 1643 902 905 2374 942
68.3861
34.8699

18 235 479 534 594 761 763 766 915 1004 1266 1295 1365 1396 1752 1843 2243 2306 3866 4006 4036 4381 4518 4673 5904 6572 6622
699 286 1052 734 483 666 934 220 2 1221 690 1274 773 785 430 1405 533 2374 236 682 1021 517 905 977 2013 409 991
119.9661
56.0449

53 550 802 922 942 1241 1418 1432 1459 1628 2078 2317 2333 2492 3490 3818 4672 4675 4916 5219 5314 6220 6531
699 286 1052 1018 1221 690 775 1146 902 666 546 1350 1404 2013 2377 1402 220 1846 1021 410 511 877 1806
84.6873
42.5661

515 1241 1585 2416 2795 2805 3411 3475 4805 4947 5011 5220 5334 6154
699 286 1052 934 773 2 2374 1247 936 1806 1089 1054 1709 533
47.1096
27.0489

694 699 774 793 956 1423 1876 2107 2163 4211 4338 5278 6534 6665 7002
286 1052 2 734 934 690 1221 666 656 1146 508 902 2377 775 1350
108.3844
59.193

185 246 252 1067 1409 2306 2317 2400 4442 5011 5534
699 286 1221 2 508 934 2377 483 1018 690 1405
51.3989
26.8789

353 975 995 1056 1125 1253 1361 1396 1551 1719 1796 2011 2231 2335 2567 2647 2906 3734 4017 4082 4839 4861 5337 5556 5707 5785 5994 6547 6622
286 1052 699 690 934 483 902 666 1146 322 190 1374 1221 546 1055 1247 2377 905 1018 1183 984 929 2374 7 350 1989 1586 82 746
96.9419
46.5013

164 190 507 1157 1228 1253 1359 1395 1534 2122 3432 3783 4686 5638 5703 6169 6877 7092
286 699 2 1052 934 483 775 1146 666 1221 517 690 773 1287 194 644 2013 774
91.2066
45.0443

787 1003 1405 1577 1848 2572 4804 5858 5943 6760
699 286 2 934 1052 1221 1146 775 734 666
74.5949
36.907

185 743 914 1396 1458 1551 1699 2275 2756 3117 3704 5041 5779 5875 6389 6508 6578
699 286 1052 483 690 1221 1018 666 1055 2 1405 746 992 1072 1374 1021 1258
63.9919
31.1854

55 227 270 334 410 920 1280 1291 1601 1653 1833 2719 3078 3340 4211 4251 4782 5104 5978 6311 6906
699 286 1052 690 2 190 483 773 322 2374 511 1146 220 1221 534 656 666 1350 82 439 247
86.528
42.3161

36 66 416 559 819 907 915 1282 1852 2261 2276 2322 3581 3738 3955 4062 4655 5161 5191 5239 6418 6613
699 286 1052 773 656 190 934 517 2374 483 682 1643 350 1350 508 331 220 2377 2 82 1072 1247
93.743
47.6246

26 139 179 308 746 797 851 904 923 975 998 1811 2320 3375 3707 4036 5041 5943 6177 6329 6343 6467 6621
699 286 1052 934 666 322 656 1221 734 690 220 785 773 747 2374 902 2 1350 986 776 644 410 1137
87.487
42.6391

115 446 518 763 1282 1565 1605 1685 2826 3156 3164 3431 4068 4152 4247 4279 5749 6013 6044 6599
699 286 656 2 1052 934 775 773 666 1089 190 1404 331 409 508 144 1709 1021 1053 768
44.6177
25.8329

3 66 306 478 734 809 1058 1224 1327 1474 1611 1662 1687 1910 2716 3004 3351 3709 3721 4168 4886 4982 5010 5335 5785 5950 6050 6177 6498 6531 6887
699 286 1052 2 1221 934 690 483 666 220 656 1146 2374 902 322 410 517 2377 1544 247 190 1089 1350 714 160 207 1018 1277 959 1055 538
139.6243
66.2659

356 561 829 1232 1396 1589 1618 2306 3411 3610 5411
699 286 1052 934 666 410 656 902 690 1405 546
39.1553
22.014499999999998

916 1277 1653 1947 3311 3887 4285 4454 4556 4735 4791 5389 5764 6169 6300
699 286 1052 2 934 690 773 734 1274 775 1806 656 322 666 331
78.1065
35.637299999999996

12 435 699 1642 2235 2358 3387 3673 3955 4388 4649 4871 5316 5389 5494 6030 6300 6719
286 1052 2 690 934 322 517 1643 1221 666 2374 1350 546 775 734 220 1146 902
105.9113
57.1824

40 232 246 486 1362 1391 1461 1709 2567 2572 3475 3935 3953 4068 4998 5148 5411 5689 6077
699 286 1052 734 190 1221 2 1146 517 666 656 934 322 959 690 1404 1247 746 331
99.3751
46.7471

206 293 386 1054 1128 1362 2226 2532 2919 2962 4507 4568 4605 4695 4995 5389 5529 6041 6078 6089 6311 6719 6764 6929
699 286 1052 2 934 666 690 1221 656 517 1146 1247 902 1677 734 1072 322 1402 2377 439 220 1643 796 942
105.249
49.7733

4 227 638 990 1054 1069 1224 1277 1610 1653 2284 3024 4454 4871 5004 5496 5734 6013 6196
699 286 1052 2 690 1146 1018 2377 331 934 322 902 1274 1221 220 682 666 508 1065
107.356
49.5373

228 736 747 1003 1034 1611 1665 1673 1878 1910 2013 3161 3365 3953 4581 5289 5335 5481 5943 5950 6132 6169 6714 6836
699 286 1052 690 2 1146 734 483 934 1221 322 666 776 959 746 773 331 190 656 1018 1274 877 785 1643
143.1849
67.0015

39 643 748 1210 1517 2405 3968 4410 4695 4734 6414
286 699 2 82 666 934 1146 787 682 902 1277
31.323800000000002
17.1649

542 1118 1432 1619 2435 2719 3173 3614 5318 5631 5783 6463 6799
286 699 1052 666 1146 220 690 534 194 483 977 787 986
55.4785
26.0981

904 1016 1366 1965 2100 2363 2972 4427 4958 4970 5481 5689 5779 7041
699 286 1052 2 934 1221 517 1018 666 656 1404 1677 220 1146
68.297
34.0272

975 1034 1146 1347 2192 2693 3309 3779 3784 3813 4420 5010 5104 5153 5804 6047 6177 6442 6714 6721
699 286 934 1643 1052 1018 877 1221 1065 2 902 331 2374 1067 656 1277 1289 508 1195 1200
76.8864
39.9625

44 47 244 394 479 558 755 939 1053 1054 1241 1281 1766 1891 2416 3299 5194 5417 6016 6113
699 286 1052 690 2 483 322 934 220 666 902 1018 190 1065 1247 644 2377 936 546 1677
86.6784
41.6625

12 126 235 314 429 634 765 819 868 1264 1344 1385 2100 2268 2430 2581 2634 3168 3753 4251 4605 4712 5070
699 286 1052 934 2 483 690 220 322 1350 517 775 2374 734 546 1146 82 666 1221 959 902 656 533
132.0109
61.0269

130 573 640 1113 1115 1973 2540 3780 4295 6749
699 1052 656 286 1385 1287 220 977 942 746
25.7698
14.3993

681 1291 1942 3321 3462 4392 4591 5062 5703 6906
699 286 1146 220 934 1018 1806 1221 533 902
27.5156
15.8268

42 91 163 216 286 363 1120 1253 1385 2120 2702 2751 2801 3398 4350 4492 4631 5436 5538 5811 6504
699 1052 483 690 517 934 666 2 734 220 1146 902 656 546 1221 322 534 1018 190 508 71
131.10060000000001
66.7796

844 1852 3982 4101 4591 4676 4806 4871 5161 5588 6463 6542
286 699 690 1052 666 1259 1544 1402 2 714 761 922
29.3492
17.8703

98 232 348 745 765 921 994 995 1018 1215 1914 2379 2644 2819 3653 3750 3848 4089 4286 4334 4379 4453 4805 5008 5129 5299 5505 5607 5734 5826 6004 6153 6220
699 286 1052 934 690 2 1221 483 656 666 1643 902 331 410 322 517 2374 508 1146 1405 714 1277 1289 1806 546 682 936 220 1200 1543 991 1067 775
123.8494
60.5797

8 52 446 777 892 1365 1386 1513 1709 1759 2065 2182 2662 3078 3214 3399 3641 3775 4168 5008 5062 5611 5758 5930 6196
699 286 1052 934 1146 2377 690 1221 734 2 508 1018 220 1072 1350 190 902 194 1806 1402 534 1089 255 773 430
112.9095
55.2592

0 156 187 396 414 425 467 915 1160 1535 1592 1676 1730 1805 1811 1936 2577 3282 3340 3375 3895 3922 3951 3958 4142 4621 4632 5244 5307 5353 5675 6719 6758
699 286 1052 2 934 483 734 690 666 775 322 1018 517 439 902 58 682 220 1543 410 1277 247 1065 82 190 348 1643 1054 936 929 60 656 1404
135.3887
61.9483

422 795 1069 1115 1432 1947 2152 2489 2540 2567 3110 3299 3905 4306 4661 5528 5575 5749 6070 6132 6471
699 286 483 1052 734 666 934 690 2 902 1018 508 1146 768 220 331 190 656 2377 746 1021
79.3995
36.2489

42 195 196 306 478 505 559 721 844 902 1022 1053 1221 1281 1463 1709 1858 2413 3614 4187 4280 4424 4716 4809 4824 4851 5499 6463
699 286 1052 690 934 2 1146 483 666 734 1018 656 220 877 322 517 2374 1404 410 1072 508 942 190 1247 1065 773 1277 546
181.0857
89.5893

295 1012 1357 2338 2535 3173 3366 3866 4273 5908 5994 6146 6558
699 286 666 1052 773 534 690 734 1018 902 410 1014 1277
34.0119
19.6012

109 192 428 1133 1280 1415 1555 2152 3898 4427 4686 4734 5538 5701 5761
286 699 2 1052 934 734 1221 546 775 959 1018 194 2374 230 1065
64.7328
33.2698

53 128 397 412 427 472 493 1102 1264 1362 1409 1501 1600 1792 1839 2261 3399 3622 3777 4487 4492 5012 5119 5407 5594 5697 5713 5738 5777 5779 5994 6050 6196 6329 6589
286 699 1052 1146 2 483 1221 656 934 1018 666 517 546 734 4 2374 220 508 773 331 690 409 348 455 1247 1055 1200 230 270 942 936 144 902 1677 1214
132.739
62.8795

79 128 133 140 190 396 592 707 1325 1463 1585 1662 1740 2139 3288 3413 3818 3916 4958 5223 5436 5529 5611 5789 6239 6311 6418 6534
699 286 1052 934 483 2 734 1018 775 517 656 1221 666 773 690 1350 2374 1011 410 247 1806 1072 1287 886 508 902 1021 71
125.00189999999999
61.2971

307 1462 1927 2183 2276 2313 2658 3800 3848 3904 4266 4556 4675 7041
286 699 1052 82 2 1018 430 220 1146 902 160 1374 970 348
46.9596
26.3372

18 1699 1843 2325 2567 2757 3916 3948 4152 4760 4949 5239 5908 6105 6160
286 699 1052 190 734 1067 1350 984 1643 1247 194 994 1405 977 1053
34.4601
21.2913

191 457 514 519 541 920 1170 1740 2906 3781 5148 5535 5689 6157 6891
699 286 1052 1146 546 190 2 1221 773 220 1350 483 331 887 1846
53.5253
29.996199999999998

584 640 1115 1183 1357 1495 1513 1843 1928 2093 3168 3493 3871 4533 4658 4782 5062 5065 5077 5411 6013 6113 6262 6408 6745 7055
699 286 1052 934 2 666 775 1146 734 508 902 1221 773 410 785 1643 2374 690 656 1350 322 2377 1247 331 432 2384
116.0915
54.8189

187 397 977 1115 1740 1896 3854 4817 5695 6152 6504 6908
286 699 2 1052 220 690 666 322 934 546 1055 430
41.0142
21.1585

634 763 940 1673 1839 1929 2186 2271 3729 3753
1052 699 286 746 1146 58 934 220 1021 787
28.973
16.1083

