0 130 9 7 0.049989961909002595
0 533 9 7 0.13732298930486614
0 597 10 10 0.1808812130654728
0 1233 2 6 0.16478460993041136
0 1405 3 4 0.3415810203707744
1 553 3 7 0.0045671978755065235
1 662 7 10 0.22016553064708155
1 844 1 2 0.3782971597323216
1 1123 10 9 0.26940629503947533
1 1206 4 4 0.31510676739574545
1 1483 7 5 0.18999306466245106
2 14 9 6 0.176226206961488
2 27 8 10 0.1823822569994204
2 53 1 1 0.05873983666228361
2 91 1 2 0.14161653733920154
2 771 4 1 0.03680597103228114
2 792 3 3 0.33630008203946393
3 580 5 7 0.13614701157449638
3 865 9 2 0.14503929459057016
3 1343 1 3 0.2148585846362167
3 1407 5 3 0.13660799790370148
3 1434 4 9 0.18072599454546084
4 831 5 10 0.23903335637946724
4 888 9 10 0.1470729435199843
4 946 10 10 0.04371638109604514
4 1020 8 2 0.0755211255070677
4 1067 8 2 0.21269349173772129
4 1129 5 9 0.31033352961118715
5 120 7 10 0.1809773181994439
5 577 5 10 0.35689068980894817
5 805 5 5 0.13502325798055634
5 843 2 4 0.3536524795871133
5 1358 9 8 0.26282309748212007
6 250 8 9 0.37574476796824186
6 285 6 2 0.33726280157082245
6 465 7 5 0.17261239884348178
6 1111 1 7 0.10188082832399248
6 1341 6 5 0.28448556002014147
6 1451 2 7 0.32855825030485175
7 328 6 10 0.03921237808429753
7 508 5 7 0.13502602726192425
7 671 2 2 0.35414478663277826
7 803 6 10 0.18648286540927136
7 1296 4 7 0.1621165730007301
8 330 5 10 0.016464477154967738
8 661 5 1 0.30254433818663573
8 679 5 3 0.21556871726101243
8 777 8 7 0.214860501161903
8 1232 6 1 0.15077297793314548
8 1411 2 1 0.3980822631151036
9 31 4 6 0.3595392424928384
9 76 7 6 0.3595439087710961
9 561 1 5 0.11309045581688358
9 590 2 2 0.23862458595854383
9 771 7 2 0.06835532067256708
9 860 6 6 0.3674360075456359
9 913 2 4 0.12379476875057661
9 1451 3 8 0.17585647814080116
9 1454 5 8 0.25758486421001014
10 20 9 2 0.22744044315793738
10 216 5 9 0.07571895913445813
10 786 2 9 0.13904005053287832
10 1033 8 3 0.06375898140049169
11 1090 5 1 0.2112696632763097
12 81 2 4 0.26712741421559544
12 347 9 6 0.09665520322515161
12 710 4 2 0.06313450519261374
12 985 2 9 0.202396362264548
12 1016 1 10 0.11627253305888449
13 1346 2 5 0.3113305603359729
13 1460 8 1 0.08848917645200945
14 26 10 4 0.252648609188701
14 39 7 3 0.2594392247255144
14 92 9 10 0.04654803158815499
14 311 6 7 0.1738356669196414
14 1264 3 7 0.10385004936277
14 1406 3 4 0.09055505937600106
15 119 10 6 0.14713509615247208
15 365 9 8 0.27700031165079
15 560 4 6 0.08060729301893632
15 742 6 5 0.0569008579402516
15 969 9 8 0.23441613867958247
15 1122 7 2 0.36524073503351484
15 1371 2 9 0.05531504568722698
15 1495 10 1 0.20751900615896132
16 100 2 1 0.11019139142564417
16 450 1 7 0.23251157008699763
16 634 4 5 0.19004114527514598
16 788 6 5 0.17150851132068876
16 988 10 7 0.367791627747308
16 1220 10 8 0.2386638132936892
16 1225 8 8 0.07295844375519783
17 708 8 8 0.2806260699266345
17 709 8 7 0.3815867720633265
17 1291 6 2 0.22013476772348337
17 1332 7 1 0.03147780831258709
18 552 6 4 0.08951098971915519
18 976 6 2 0.3576966583120442
18 995 8 6 0.16971713611246386
18 1015 7 7 0.02226102648419981
18 1104 4 3 0.26341838854818406
19 239 6 9 0.24779623974134593
19 264 3 5 0.08515834840023626
19 320 7 3 0.16010347496856878
19 1063 3 3 0.08643939815978259
19 1292 3 6 0.039133993950162954
19 1361 10 5 0.1285813767495591
20 21 3 10 0.2039853512615355
20 410 7 1 0.2000475737671541
20 1071 5 10 0.3404223402318339
21 885 5 8 0.23906860585449677
21 1101 5 1 0.21177053544197286
21 1273 7 9 0.3220471075571253
22 483 9 4 0.11826805016188104
22 554 5 10 0.22551714991420418
22 881 10 1 0.24419099545374184
22 1110 10 2 0.3442485945446728
22 1442 10 2 0.2326810110878643
23 15 4 6 0.3078578258344019
23 444 3 6 0.22615030702046682
23 452 8 5 0.2507962305157444
23 578 5 4 0.18296876649035554
23 581 4 2 0.10119199086199619
23 851 9 6 0.21087783701108406
23 928 10 10 0.21457024921069853
23 1093 4 8 0.08272854628800408
23 1304 10 2 0.2107395706975232
23 1420 6 3 0.11914283826285606
24 293 8 5 0.2658889139791303
24 1191 9 6 0.34625839816311277
25 53 8 5 0.06739765220619376
25 172 3 8 0.27482060126766145
25 697 2 6 0.17981259075553638
26 301 5 6 0.3264287365606861
26 542 7 5 0.06328783325004653
26 650 2 2 0.24141355811153223
26 974 10 8 0.2361918441198023
26 1135 5 6 0.02969282555549277
27 306 7 10 0.1811476647619872
27 310 5 3 0.1335367924230563
27 314 5 8 0.33709241513100874
27 670 7 8 0.3858579968523297
27 693 1 6 0.07369869374964863
27 771 10 2 0.10702455854700126
27 1199 10 8 0.16641813229474794
28 324 10 2 0.38966918731242367
28 332 8 2 0.15902016482968
28 574 8 1 0.2867643504187872
28 1092 6 7 0.27458528420552364
29 105 8 5 0.07973019597916418
29 641 3 4 0.1514097812980458
29 908 4 3 0.3810538439865401
30 19 5 6 0.028302131436205885
30 156 8 10 0.03254201211754598
30 719 2 3 0.23902195324268988
31 185 5 4 0.15564673492768913
31 886 2 8 0.1545922509405165
32 157 9 3 0.004449578174274521
32 168 2 6 0.25438688872009385
32 226 10 4 0.1394002437104493
32 427 5 10 0.2970942541760842
32 561 5 4 0.3601212373239282
32 662 10 3 0.19705621044008664
32 748 8 2 0.03212719361799213
32 858 10 5 0.16020848905815763
33 212 1 5 0.22476236661997723
33 391 10 6 0.31398708563369626
33 644 7 3 0.15908188039792528
33 735 8 5 0.30338889398185864
33 984 4 6 0.35652254463655836
33 1122 8 3 0.18033767558170288
33 1255 3 10 0.14216817423838218
34 630 1 1 0.0904016301043662
34 930 3 7 0.3390949087147766
34 1187 4 6 0.10013957529802667
34 1302 3 2 0.0586135591019839
34 1372 9 10 0.2843197659650678
34 1400 7 10 0.043474686750813174
34 1499 7 3 0.2645042932189575
35 269 9 8 0.17657691997138603
35 841 8 6 0.18209791402248163
35 1136 10 6 0.20616164466227963
35 1142 6 7 0.266888925102294
35 1270 8 7 0.051098647252011825
36 77 3 2 0.2122075489457871
36 503 9 1 0.2597928015251017
36 564 9 7 0.3831591330986755
36 1403 7 6 0.3124381623668563
36 1486 3 4 0.23575359432763093
37 73 6 7 0.3217675751915164
37 427 8 3 0.24739927339933981
37 495 3 8 0.36079264200635697
37 639 7 10 0.18573581437764536
37 1050 4 9 0.32022646582308634
38 391 2 3 0.33501679726730516
38 836 5 9 0.16894334454541793
38 1028 6 2 0.284535022525304
38 1156 8 4 0.3276798416575202
39 152 5 6 0.2706165819989843
39 457 1 9 0.2873494346246179
39 475 3 4 0.13161571630434643
39 663 10 10 0.20860362730038617
39 1054 8 2 0.08031614311087625
39 1339 3 4 0.06314619657619105
40 490 2 7 0.3906036222596243
40 559 9 4 0.3702201655868018
40 619 1 6 0.374546349574711
40 796 2 10 0.24376740507569783
40 1136 2 2 0.2128802026649529
40 1455 7 1 0.32348440783212284
41 260 5 7 0.11628771847119086
41 1439 5 2 0.36351669494005034
42 846 1 7 0.033884899250009815
42 1479 8 3 0.19959055438166226
43 306 10 1 0.22898629261394074
43 469 5 5 0.16728832517552883
43 487 6 1 0.33509707503542374
43 558 7 10 0.24657559740763768
43 694 6 1 0.19813452094253994
43 1242 10 9 0.3625155801169422
43 1325 3 5 0.1693688806696715
44 36 9 9 0.11740552544918778
44 71 9 4 0.1607372030394924
44 164 1 1 0.18580778904335765
44 905 2 6 0.3500162609072995
44 1132 7 8 0.059208701807959896
45 179 7 3 0.01284745962123321
45 317 8 5 0.0016533173019077085
45 397 4 6 0.30579794350262535
45 682 4 9 0.16742493790394064
46 466 3 2 0.17153991926959292
46 559 2 10 0.04320155479521315
46 1040 9 4 0.39147785907060395
46 1252 10 9 0.3760727920168413
47 164 6 6 0.2646998773205037
47 226 10 5 0.149376782861745
47 800 8 8 0.2819195833435447
47 1006 2 3 0.10178441399661825
48 321 5 8 0.20284338326106177
48 544 5 6 0.12465238684878062
48 919 2 5 0.008053425039508039
48 1289 8 1 0.1932298893069893
49 277 3 5 0.3407452264180246
49 439 5 8 0.025049725045592552
49 966 2 5 0.12497094790966222
49 1194 6 4 0.12427792296707549
50 264 7 1 0.3536680708782297
50 816 6 3 0.19021241487658164
50 1481 8 2 0.0639958299135453
51 289 7 6 0.3246710235891799
51 1023 9 2 0.2761228265130633
51 1049 6 8 0.1012602727968105
51 1139 6 3 0.25712043346114466
52 343 7 10 0.2531981227444705
52 964 1 4 0.00152980061645
53 694 6 1 0.1378978200314894
53 1064 2 6 0.3887151676246139
53 1075 9 1 0.24682394942589458
54 569 2 3 0.011520048500409413
54 606 10 5 0.20746202962052265
54 1026 7 10 0.2755565861330059
54 1087 2 6 0.019443748176045716
54 1487 7 4 0.0070955591533382045
55 176 5 8 0.15861089821896088
55 256 7 2 0.05120813337115909
55 1187 6 1 0.2879507821830834
55 1391 4 9 0.2507534133862249
56 42 2 10 0.15927786736341312
56 52 3 5 0.15585819330424147
56 154 3 4 0.25503627884877056
56 194 8 2 0.3861783109119593
56 730 5 7 0.014257190712038764
56 910 7 3 0.15057624375647846
56 1370 4 3 0.2639394281065741
57 839 5 8 0.00816752861220163
57 1331 1 5 0.3632627177198652
57 1402 8 3 0.170313126450388
57 1437 4 1 0.19600641804140512
58 474 9 4 0.26386113550170387
58 676 4 1 0.11817568552909154
58 907 8 6 0.37966395739564995
58 936 10 9 0.3707395002686225
58 1054 6 3 0.27641074871661914
59 28 5 4 0.2643851996581019
59 190 8 6 0.23803260496173778
59 947 10 3 0.06913439427525478
59 1158 9 7 0.05509150854600106
60 655 8 4 0.22746220771746975
60 715 9 10 0.2534754025704773
60 1169 4 9 0.05672484507383818
60 1266 9 9 0.3001595555657465
61 9 7 1 0.3857177627992696
61 457 5 1 0.09453620247560446
61 888 4 5 0.07301884102307699
61 1009 1 6 0.06619447442111523
61 1136 9 3 0.15934956043548637
61 1279 3 6 0.1895159084233881
62 972 4 8 0.1508478212418525
62 1208 4 6 0.22390852005860737
63 289 5 9 0.058400330494376235
63 936 6 3 0.18219260717555993
63 1075 9 9 0.27847438741648933
63 1474 8 5 0.26906869242533693
64 707 7 4 0.12113815658375952
64 731 4 7 0.05208067863165272
64 801 4 8 0.002189197407732102
64 1205 2 6 0.2738749732475645
64 1267 10 5 0.17957945149462637
64 1272 2 9 0.15596929496372094
64 1355 7 2 0.10941445098889886
65 123 2 5 0.004154542579735215
65 156 10 6 0.3098624624817788
65 505 2 1 0.34772449568846686
65 528 5 4 0.16330168636943818
66 844 7 8 0.21123486531253122
66 865 5 1 0.24800566211981043
67 1157 8 3 0.13515450863541115
68 109 1 3 0.315329024242589
68 1014 7 2 0.2103379129485355
68 1350 5 10 0.037167240602444335
69 78 6 6 0.21981314442347263
69 248 10 7 0.12133557476759445
69 320 8 4 0.14667587232368984
69 508 8 4 0.17589156981474902
69 729 5 6 0.07620979079938273
69 780 2 8 0.34804219704344097
69 1155 4 8 0.060067000469017445
71 763 6 4 0.2341490995943005
71 853 5 1 0.16624891839615497
71 1034 9 9 0.05907039866685887
71 1381 2 2 0.3904960353814859
72 182 9 6 0.15324964410086753
72 1194 7 8 0.38552945915329817
72 1200 4 3 0.018871740956267924
72 1235 1 9 0.3066773649280623
73 200 9 10 0.2601674894390364
73 362 9 8 0.1634587552699785
73 632 2 3 0.17604311578355492
73 709 8 9 0.27118963545842556
73 749 4 9 0.12147831988586731
73 776 3 10 0.3155186979353124
73 881 3 2 0.3613249025967574
73 1020 1 7 0.3492255895861137
73 1196 1 2 0.13079026486403522
75 500 5 7 0.38289669074030797
75 1075 5 1 0.31991042044325035
75 1325 4 10 0.31810126881973
76 391 9 10 0.08568055260343839
76 438 7 4 0.16204735390132696
76 584 10 8 0.025760757954952834
76 864 1 8 0.14703206396195795
76 1373 1 1 0.13917068004015992
77 166 9 8 0.3307074932694706
77 340 4 8 0.38533236784735553
77 383 7 5 0.3196692427715496
77 1219 4 4 0.2555275872497359
78 167 8 1 0.2941804697300937
78 436 6 2 0.19578942313484313
78 647 6 1 0.05586608495739781
78 1469 6 8 0.1335117756067373
79 442 3 2 0.046300183531452904
79 514 3 8 0.173627426863672
79 855 7 1 0.085738960993303
79 1328 1 3 0.30652076946098866
80 462 2 9 0.2692176524793478
80 647 5 1 0.22193686232564563
80 903 7 3 0.09088964951901458
80 929 10 7 0.11391884128824331
80 950 2 6 0.02166744317853267
80 1022 1 2 0.09929011653796586
80 1268 9 6 0.19279713751374591
81 246 10 10 0.2272733233805992
81 924 5 6 0.14609235628152623
82 114 6 7 0.238412100569483
82 221 5 10 0.09510528333103273
82 245 1 8 0.03683295518462579
82 810 2 4 0.32474041282477495
82 1244 2 3 0.14610044686601692
83 330 3 2 0.3566989297359525
84 802 3 3 0.1927514921496928
84 995 5 4 0.10224877908516335
85 206 10 8 0.12484430312804097
85 272 8 3 0.12294008101853487
85 406 5 4 0.13717608076462956
85 438 8 6 0.11319749875404321
85 632 3 6 0.2329800610772098
85 726 7 3 0.19680659946146672
85 1112 3 6 0.3460112947159287
85 1194 4 4 0.3666292333514337
85 1265 5 9 0.14683347399332067
86 110 5 9 0.2077654676379112
86 357 10 5 0.23999256781208766
86 739 2 8 0.13038285342379213
87 179 5 5 0.20326287230397058
87 527 7 2 0.1971526599161504
87 603 6 8 0.2844792834228709
87 941 3 3 0.05145599580323196
87 1217 1 1 0.3565028889396158
87 1377 9 9 0.12023413031978744
88 203 4 4 0.37188837750898296
88 480 5 3 0.22217761290178978
88 947 9 8 0.20273500530196628
88 1390 7 1 0.13098998020780256
88 1392 7 5 0.36580275896665304
89 521 1 2 0.08827780273989942
89 732 2 5 0.3569446725915195
89 1499 7 8 0.07609007959531561
90 120 4 2 0.06987296665342144
90 1055 5 10 0.10407440767095433
90 1331 10 9 0.19514891807183726
90 1358 4 10 0.1974453755706887
91 17 9 10 0.38246033891986675
91 52 3 6 0.033137715321759936
91 551 1 7 0.18128401359020052
91 642 6 5 0.14459900175122886
91 826 1 5 0.0031397591671488423
91 988 10 7 0.12012808042223723
91 1369 4 6 0.06846938156737228
91 1482 10 3 0.29521029340929045
92 218 4 10 0.2508285382071289
92 243 1 5 0.35560932547975493
92 420 8 4 0.366275732747416
92 432 1 4 0.27594426112043147
92 649 2 1 0.021214026153677512
92 985 8 7 0.28460657956973207
92 1014 5 7 0.3692193221391632
93 633 7 2 0.38749916118319083
93 987 9 7 0.2126868888565736
93 1050 9 1 0.27534495127992675
93 1218 6 9 0.3071994634614128
93 1390 1 2 0.2642485485094682
94 8 7 9 0.3023028341648424
94 254 4 3 0.1618465107531164
94 474 6 8 0.20745660540913585
94 661 3 10 0.38015537633145513
94 1362 8 4 0.2534145754811532
95 575 3 8 0.12869126360102995
95 839 1 1 0.12297378295480664
95 1261 7 3 0.004383212850602669
95 1328 8 7 0.37114868865110273
96 15 4 2 0.3329641285914432
96 81 8 9 0.06371031181303399
96 823 6 8 0.2582577741462092
96 1085 5 2 0.15288729930791084
97 87 10 5 0.027002678258452095
97 115 1 10 0.3431030754847601
97 251 3 10 0.3862293755101508
97 580 10 8 0.11159988167380888
97 1038 5 8 0.14438027104548112
97 1329 1 5 0.3215797620449559
98 818 10 3 0.22183550303948996
99 89 3 1 0.07248308158677791
99 489 10 6 0.2004598641903176
99 615 2 6 0.05840834225120106
99 714 2 8 0.13617894415994541
99 804 7 4 0.3399190577030734
99 1038 4 7 0.19820915701314504
99 1475 10 4 0.1780671001207961
100 39 2 6 0.12661466728725612
100 207 7 5 0.12423077806890412
100 899 3 6 0.061880389870980074
100 1234 9 10 0.2620804918417443
101 120 9 7 0.014238092819190279
101 158 6 6 0.09154912269015067
101 171 2 10 0.10753563777870694
101 734 4 7 0.3063787765796534
101 985 5 4 0.38833140928502663
101 1142 1 10 0.17295805673465692
101 1206 3 5 0.1932634040432816
101 1249 7 1 0.33004000675179324
101 1336 2 5 0.3386985102414571
102 640 8 8 0.20551503508328733
102 740 1 3 0.18873364648080482
102 1027 9 6 0.344623532301752
102 1181 4 4 0.1732231341376843
103 838 5 5 0.289065665515403
104 670 6 9 0.008075046814449455
105 785 8 7 0.08840990620688444
106 120 3 5 0.25995717560876885
106 849 6 1 0.1102661625905925
106 901 9 7 0.07359853759244653
106 935 9 10 0.1596861369289378
106 1322 1 1 0.24087556669682253
107 54 8 2 0.12694281306429056
107 920 10 2 0.26080853948732846
107 1063 5 5 0.07865113747302839
107 1074 5 5 0.3376395170756283
107 1237 10 1 0.023849309905519867
108 69 9 10 0.09675117825139215
108 463 2 9 0.1855133692806794
108 628 9 7 0.30243380016902977
108 685 9 5 0.20792090646991515
108 883 4 8 0.027274156927428073
108 1064 6 7 0.0990842406898809
108 1101 8 2 0.18500632677060094
108 1353 10 9 0.22000264502000805
109 39 9 4 0.17889798907143645
109 56 1 4 0.3432213419390804
109 577 1 3 0.14136215949997585
109 595 1 9 0.3535278956463142
109 692 6 7 0.15784789117193582
109 984 4 1 0.17873319069712484
109 1151 4 3 0.14147529643159873
110 34 7 1 0.01222557647363412
110 77 7 10 0.2385790028125541
110 304 9 10 0.30476919642586536
110 322 8 7 0.1225143320155447
110 472 10 6 0.1887012622131706
110 739 4 3 0.2204412918470614
110 1419 7 10 0.001477393646723918
111 616 10 2 0.33125880525963786
112 494 3 3 0.15974603067603596
112 823 9 8 0.3178612576157446
112 1101 10 6 0.2480576049567576
112 1227 6 9 0.3535931769566989
113 143 7 3 0.25643648917807654
113 383 5 7 0.03875014525746212
113 503 2 4 0.18138737729099494
113 1211 3 6 0.37574902068897276
114 694 6 10 0.15875735671305305
114 1029 4 7 0.18902285409014177
114 1188 6 4 0.3765555702656856
114 1248 8 8 0.06912232458552625
115 194 7 3 0.0321978853599687
115 287 7 2 0.39511563362103197
115 480 8 9 0.19001427991216677
115 692 2 3 0.351326400284703
115 1202 5 10 0.1504541592455196
115 1456 3 2 0.33451308874673286
115 1459 7 10 0.20035398631570545
116 79 1 5 0.38892776513246974
116 274 7 9 0.001830751518993895
116 512 6 4 0.1108877361835743
116 653 10 9 0.263356701117412
116 991 7 10 0.06099783758942301
117 5 8 7 0.18025943138572448
117 553 6 8 0.2164274663320041
117 712 7 5 0.3764268410007619
117 740 7 3 0.3764529654672275
117 987 7 3 0.24027218810917328
117 1396 10 7 0.1018451188900346
118 136 5 8 0.08918081023832403
118 200 5 3 0.1897891033241819
118 331 8 3 0.24654022092634031
118 438 9 4 0.057743669881352766
118 599 2 4 0.14820644238762096
118 749 5 10 0.13443693981557303
118 1293 9 2 0.06840838445942965
119 1191 6 4 0.31708259234354147
119 1436 6 9 0.29457408979183863
120 418 5 1 0.1342349195005721
120 795 2 2 0.2980130037124705
120 875 7 9 0.30934062824795555
120 1116 6 9 0.30316011867657666
120 1120 2 5 0.030459810359180328
121 29 6 10 0.16157290210715317
121 874 4 8 0.31959270765314474
121 1045 5 7 0.1402980652582174
121 1460 4 5 0.18857677818611465
122 246 9 2 0.1197669207200394
122 654 5 10 0.13589254752783825
122 714 7 4 0.15895950716465862
122 1071 4 3 0.04928323417675093
123 109 8 9 0.2980538252535521
123 474 1 2 0.10205460052525536
123 695 7 1 0.39570122475937997
123 980 9 7 0.3741676660579628
123 1043 4 3 0.3870393336357554
124 206 4 8 0.09452682185697929
124 285 6 9 0.08943971626725539
124 328 6 8 0.18434788915397993
124 343 5 4 0.1296046179158018
124 399 5 9 0.18740981652168762
124 658 9 6 0.2775852923312143
125 325 9 7 0.26312074609569097
125 609 4 7 0.060286766435828976
125 619 6 9 0.13924061578139868
125 657 5 2 0.08869850838724089
125 1321 4 5 0.34650242264705067
126 103 3 9 0.3710554367915395
126 200 5 10 0.23461376263698752
126 729 6 6 0.25257113608923915
126 865 3 4 0.24330357665533725
126 927 6 8 0.05773708815371506
126 1158 10 5 0.15488985927748877
127 441 3 4 0.253333903045655
127 1154 2 9 0.2090740424926317
128 18 5 7 0.20180381601671538
128 420 1 9 0.2142374651871133
128 923 5 8 0.22422395705736167
129 83 7 8 0.27327416533128607
129 101 3 4 0.39958088612758536
129 173 7 10 0.3499344304627462
129 328 1 3 0.18682445494300035
129 787 1 2 0.10020547858049657
129 872 5 4 0.1184618514278256
129 1247 4 7 0.3817747909661653
129 1360 4 2 0.03906321876424007
130 989 9 4 0.004964440045434976
130 1375 8 4 0.056571968133705325
131 421 7 2 0.31534212476067325
131 959 2 7 0.21720125196514395
131 1321 8 6 0.33963051705770597
132 358 9 10 0.3293373297209474
132 1291 4 8 0.2842169704389127
133 92 1 10 0.1369639289391344
133 753 7 5 0.08128679966159831
133 793 6 5 0.302593988259008
133 1241 6 8 0.0008325617986646994
134 265 7 1 0.1898313012287124
134 483 8 9 0.1360414400538897
134 1123 5 1 0.1805636279732512
134 1190 2 9 0.06026491588450969
134 1203 4 6 0.14062993710636096
135 378 9 10 0.08141561905844126
135 768 7 7 0.38005096814623496
135 1449 3 10 0.2355481028528265
135 1466 4 3 0.15316126607687588
136 224 4 4 0.3365920803656902
136 620 9 3 0.032762566080526107
136 917 1 10 0.3745928388816418
136 1051 2 5 0.025328737618299624
136 1465 6 5 0.06065435136991759
137 22 8 8 0.24115694843424076
137 252 1 1 0.24495792028806004
137 444 10 9 0.07107886977162739
137 1341 7 7 0.14533514390619404
138 822 7 1 0.18015959308085977
138 1231 6 1 0.13245600708282684
139 126 7 9 0.24044532660955292
139 354 4 10 0.19306188849086686
139 450 6 9 0.3621753700845941
139 573 5 6 0.31904180043596336
139 582 4 7 0.22238090290663093
139 797 8 1 0.12982134104181026
139 1245 7 3 0.2933231391740087
139 1282 4 4 0.20970138598746343
139 1345 2 5 0.22159753463538168
140 869 9 2 0.02935179088229628
140 889 10 10 0.19146463441037517
140 1060 9 5 0.2007040683410787
140 1211 7 10 0.3872076634019931
141 272 10 6 0.20103945288054487
141 292 2 6 0.3169905020621288
141 561 2 7 0.33837676572975983
141 1008 9 8 0.016714703424478977
142 69 5 7 0.23037903054522577
142 101 5 5 0.3520551773638455
142 1267 6 4 0.05503514377389154
142 1374 7 5 0.31969905557759204
143 126 2 6 0.09844881108388939
143 320 9 2 0.13752180802659378
143 550 3 8 0.23371959624025115
143 722 8 10 0.3486347711149672
143 967 2 2 0.09559129693018252
143 1338 4 1 0.2201738249736601
144 60 7 1 0.09447759595346873
144 321 6 4 0.2423823909919421
144 414 6 9 0.11714587610371459
144 990 8 6 0.10746127087698097
145 10 6 1 0.12957997180308883
145 166 5 3 0.07690104352808551
145 624 10 8 0.3615495869259927
146 179 7 9 0.06161900309064833
146 592 4 8 0.08249927511778087
146 1144 7 2 0.3119375753003055
146 1381 2 8 0.2997517644809574
147 270 1 9 0.10169334783010824
147 523 10 6 0.03002548244789449
147 999 9 6 0.3031865936492942
147 1143 9 10 0.0060272532441077165
147 1347 7 6 0.1657562015669582
147 1416 8 10 0.1360845225146188
148 73 6 8 0.31840569007722413
148 440 6 8 0.27968255483967136
148 471 2 2 0.08680577583566781
148 532 1 10 0.3059920508544353
148 563 1 1 0.28207934036253784
148 579 4 4 0.2276972161208076
148 741 4 6 0.3323020272438916
148 984 7 5 0.06764941321638651
148 1136 10 3 0.2660949470740405
148 1417 8 9 0.32580907689044336
149 164 4 10 0.388134413651839
149 251 6 7 0.13896681222906318
149 830 6 1 0.040497289310709506
149 864 8 10 0.1841693843069686
149 1050 2 2 0.1303274121686243
149 1222 2 7 0.235334482519039
149 1464 1 7 0.057080696133721354
150 203 4 5 0.37306852136119134
150 709 1 5 0.24962561459413246
151 98 5 1 0.2527604892625959
151 324 7 4 0.07975874970042418
151 511 1 3 0.28278131496194303
151 1175 4 4 0.2728455792899203
151 1182 4 1 0.1630340628099266
152 2 7 4 0.10080785513246002
152 136 8 3 0.1681579984508621
152 832 1 4 0.23120626443060496
152 1181 4 9 0.10522519109925596
153 19 9 8 0.07233337930879069
153 303 6 6 0.30427595309152833
153 857 3 7 0.2520909512082268
153 873 2 3 0.2736692552064878
154 854 1 4 0.1363670277962876
155 214 2 7 0.23356540765636685
155 356 9 5 0.24618852821699977
155 494 2 5 0.014007573825545655
155 819 8 9 0.08260991399795915
155 858 4 3 0.159542889430844
155 1005 8 5 0.27258815341076054
156 425 7 6 0.21481816451927357
156 682 3 2 0.11884297133435907
156 888 5 10 0.09056489221372623
156 1127 5 8 0.05969058720164955
157 127 6 2 0.008871716420265935
157 143 9 9 0.2627684907104478
157 254 9 1 0.004990381888548168
157 523 1 3 0.1934987515288069
157 808 6 9 0.26709302633689813
157 952 2 10 0.10315181375493157
157 1047 3 3 0.0610751570960501
157 1122 6 9 0.3929534993485247
157 1185 7 4 0.24551370238317968
157 1371 6 9 0.2431836322385304
158 1156 10 6 0.3454590352534975
158 1272 9 9 0.2966535639571182
159 43 8 2 0.30518279788198155
159 1492 8 7 0.09897167046828458
159 1497 7 8 0.06924655704075866
160 333 2 10 0.2732661182661677
160 364 9 10 0.28490114427832003
160 382 5 8 0.2198954402204499
160 419 8 4 0.3379896627723475
160 986 5 10 0.21295847764734782
160 1455 8 1 0.21161676666800205
161 204 9 10 0.27631264508075
161 1228 8 5 0.15642098862409637
161 1340 6 9 0.11339207191915045
162 837 1 10 0.37123969561130243
162 1283 1 10 0.2745630811653854
162 1460 2 1 0.3500839970972043
163 611 7 8 0.23997430709997253
163 665 1 3 0.16087440220027213
163 1051 2 5 0.16421192164827575
163 1142 10 1 0.1211755862665897
163 1189 7 5 0.20188549477808077
164 294 2 3 0.14249033238626088
164 459 1 2 0.06036286610969199
164 1243 10 10 0.0424001283101757
164 1273 5 10 0.11039313321710172
164 1406 1 6 0.004749283325223536
164 1481 3 4 0.2515887689018155
165 267 3 1 0.2585938448862146
165 408 10 3 0.18675992752704387
165 845 3 8 0.06682664675295669
166 50 7 10 0.10736580554837699
166 334 1 10 0.3003839322281168
166 505 8 7 0.16601719657756514
166 1176 6 10 0.2809018036214987
166 1257 5 5 0.045592902196856716
166 1362 10 4 0.19227456560320533
167 160 1 7 0.16065558730403204
167 663 7 2 0.050672314253593725
167 1155 3 9 0.3999717159910823
167 1207 10 1 0.2602001940375734
167 1209 7 7 0.3430458622201925
167 1390 8 3 0.15411750830733495
167 1403 3 1 0.06994806799514458
168 138 6 6 0.2767177661860914
168 277 4 6 0.17374270087923743
168 385 1 6 0.3226835978451572
168 1160 4 10 0.08953565105677776
168 1343 3 7 0.03771419336619483
168 1482 1 7 0.1939317401701619
169 800 3 1 0.3123617638598541
169 1419 9 4 0.20151641879957838
169 1483 1 4 0.3126534020057975
170 127 5 3 0.3065773870618892
170 404 10 5 0.03508205790610422
170 930 9 10 0.34749298260047523
170 1477 1 6 0.24586553196062075
171 475 1 10 0.014161817653983833
171 856 7 10 0.35683241400759236
171 945 8 10 0.2485683629768424
171 1382 3 4 0.08574117782395622
171 1474 8 6 0.08438033672941275
172 280 5 7 0.08439108852263567
172 492 9 2 0.13242923570764642
172 758 8 9 0.1883150674218676
172 771 3 5 0.08066120753370645
172 1359 8 10 0.2545087216493266
172 1373 3 1 0.3973057528010825
172 1480 1 5 0.2599176031669513
173 86 1 10 0.21228301886519327
173 293 10 9 0.0021993584637031716
173 298 7 4 0.09053603501434677
173 416 1 5 0.12407885211267035
173 708 4 1 0.1684457929908003
173 928 3 7 0.20377176431458008
173 949 1 1 0.31802319569336934
173 969 7 10 0.24412759189496466
173 1055 7 4 0.054264721067082744
173 1355 4 6 0.29187435796296296
174 38 7 1 0.2087995367839574
174 137 5 5 0.2748271285221065
174 976 10 3 0.0983899309942194
175 448 7 3 0.16919124097120763
175 835 9 9 0.10356464263150317
175 922 5 7 0.18345291202576358
176 380 2 5 0.2652256651443164
176 390 10 9 0.25427456128173465
176 584 9 2 0.31628963655121733
176 602 9 8 0.19159907897766035
176 1200 8 3 0.33662928741316395
176 1208 10 2 0.3433932819997595
177 42 8 8 0.10986332290846412
177 938 8 8 0.10437104979005933
177 1136 3 5 0.11658559748351774
177 1322 10 6 0.02450590217797452
178 566 9 7 0.15351059658290367
178 775 7 5 0.072534552419742
178 946 3 6 0.17399443689238792
178 1175 6 1 0.11956393575407188
178 1229 8 10 0.22125195018500118
178 1237 8 2 0.09843870448797669
179 261 7 2 0.1396532002890156
179 386 3 1 0.31624409054036573
179 479 1 2 0.34698149465287553
179 999 2 5 0.3274378052232877
179 1405 8 4 0.22652770376190975
179 1423 6 10 0.271419864618309
180 138 4 9 0.11860164600739462
180 730 3 4 0.1795875065205197
180 779 10 8 0.20166057399238396
180 1037 7 8 0.35605989297018503
180 1152 7 8 0.037430211756237314
181 746 10 2 0.2921458943066264
181 1306 1 4 0.02221830505452438
182 1374 10 6 0.04539284893621004
182 1382 2 1 0.09803693057702338
183 39 9 7 0.14529606497125644
183 624 6 7 0.2795536903252744
183 678 10 3 0.21901824905092665
183 685 10 2 0.0005106840357725628
184 395 7 5 0.14287332830079918
184 755 9 10 0.05774816527458784
184 878 1 5 0.24227029710323175
184 1021 3 10 0.043796010447700345
184 1277 9 5 0.04411265993682506
184 1479 8 3 0.2665902072452097
185 200 9 10 0.12474016863191523
185 219 8 1 0.07648978677425519
185 458 1 5 0.1110004640468884
185 904 7 7 0.2474334590531731
185 1287 3 2 0.01690437272728107
185 1425 1 9 0.1789839912778238
186 157 8 8 0.27894495982807027
186 225 2 5 0.13667858820062778
186 828 10 2 0.2951301941297822
186 1028 5 6 0.15400514389152586
186 1302 4 3 0.3858797789455699
187 102 7 5 0.07748951327781131
187 1027 6 2 0.24377834864968945
187 1168 6 9 0.16662252803045707
188 31 5 4 0.33090306621878074
188 429 6 8 0.39544091089893285
188 541 2 10 0.2218660125428753
188 966 8 5 0.2230787147240802
189 1438 7 5 0.03833474493384639
190 188 8 3 0.16693029287616978
190 341 7 10 0.18650700795097022
190 472 3 7 0.13694547491723405
190 563 1 8 0.08861140185311517
190 651 5 7 0.03942155449706852
190 916 10 4 0.19289814652679732
190 1061 4 6 0.2961882680045165
191 1291 8 6 0.28917501602706125
191 1409 8 6 0.24584703415327852
192 381 7 9 0.27138262362339177
192 393 1 5 0.07872121798531767
192 404 10 1 0.1593204736852913
192 781 8 2 0.22650635049790563
192 1207 9 7 0.1356397665319631
193 189 5 4 0.3952501042119527
193 282 5 10 0.27063192444239526
193 314 2 8 0.16666022846224973
193 1044 6 8 0.07216403634591301
193 1221 9 6 0.21635938717834158
193 1416 4 4 0.008128729802055729
194 157 7 5 0.08659644492392286
194 280 6 9 0.24670665996011631
194 838 2 3 0.21918900141521064
195 211 5 3 0.28376537943758984
195 293 8 7 0.007472661767996908
195 408 9 5 0.22440081622243147
195 789 10 9 0.14325422348515063
195 1231 9 5 0.31243656535873204
195 1314 10 1 0.3015769648860325
196 1006 7 5 0.3598411499391306
196 1182 2 8 0.05283932330889629
196 1327 2 3 0.20504948255116848
196 1375 9 9 0.1459373837946293
197 558 7 7 0.28764413415788553
197 628 2 2 0.20854933141368748
197 769 1 3 0.010042008135628583
197 1022 3 4 0.03657492728335607
197 1114 7 8 0.21541610867250555
198 22 5 10 0.09935433752622577
198 100 3 5 0.21227809428541802
198 273 5 5 0.3282226071974421
198 924 10 4 0.21793093822080742
198 996 2 5 0.06538225014578233
198 1131 9 10 0.24841291238672267
198 1181 4 10 0.12748283923505893
198 1342 2 4 0.23588503781642267
199 266 6 3 0.26738978122147544
199 344 2 7 0.02038710060575799
199 780 1 2 0.23077775113703003
199 826 8 10 0.10655802154993256
199 1203 1 5 0.16220138357649472
201 16 1 5 0.23421426766112535
201 172 7 10 0.24926900206838978
201 903 7 10 0.27071462089011644
201 1024 8 4 0.22776023558153077
201 1247 1 4 0.24806739939562392
201 1364 8 8 0.08838523345033378
201 1474 3 9 0.3197324482476981
202 508 1 8 0.12549189941448669
202 619 2 5 0.31079544645490104
202 910 6 9 0.11358090254608329
202 925 6 4 0.3040238053443998
202 1357 7 5 0.149286582419322
203 511 6 6 0.2551511653484486
203 1259 7 10 0.07880091208521094
203 1412 3 6 0.3570299600328046
204 583 4 3 0.2531642690856818
204 958 7 7 0.2103630315013974
204 1495 8 4 0.020157700739000306
205 290 9 4 0.015479786615185093
205 452 10 9 0.06656729269027578
205 767 6 4 0.1008884168827558
205 1065 1 1 0.2418300639105069
206 98 5 7 0.281464237746241
206 132 1 8 0.15150995470536857
206 319 1 1 0.2080698330303255
206 855 1 8 0.13954429221003783
207 205 7 5 0.24500420588591665
207 289 8 9 0.12569807096174002
207 322 7 10 0.04919732921978892
207 495 4 2 0.30106624359104794
207 730 4 8 0.3296554469623567
207 803 2 10 0.08862362038624098
207 1082 10 8 0.029904179997188557
208 281 7 1 0.07167010124684339
208 600 5 2 0.353026951355377
208 1495 9 5 0.37509426440871513
210 12 1 9 0.17402345384728224
210 430 7 9 0.21211726704270348
210 1100 5 7 0.2778564888192542
211 92 4 5 0.06794473893091679
211 132 2 1 0.015303409147419844
211 151 7 3 0.19566965350625487
211 318 9 5 0.37112536198333856
211 615 9 3 0.20355159993730415
211 1220 6 3 0.34916989568457235
211 1298 4 7 0.14089741152952867
212 535 10 7 0.2653130666903443
212 543 7 5 0.39442879998604863
212 961 9 5 0.11052294689975091
212 1199 3 9 0.17750649152155307
213 48 3 5 0.24113617432511092
213 396 3 10 0.2984397403821309
213 459 8 1 0.11935078337231471
213 697 8 5 0.18767613873984015
213 1272 9 8 0.057217831551874154
214 893 2 6 0.26570315097779457
214 1381 5 1 0.016292073470344365
215 294 10 6 0.2015635560022097
215 1233 8 3 0.11184492406516025
215 1243 1 10 0.1125385926681979
216 506 3 8 0.28066937980171835
216 1471 8 10 0.3885098792076872
217 534 8 1 0.18964914398936772
218 182 7 2 0.09092036201122357
218 310 6 5 0.08016060257907721
218 879 9 1 0.1300629071630155
218 1008 7 3 0.37986722204138473
218 1481 7 8 0.10473053413268742
219 147 5 10 0.39033730887867335
219 226 7 7 0.3036090006324038
219 509 5 10 0.01992561428768702
219 1205 3 9 0.27760460237693707
220 136 5 4 0.28675811704949333
220 807 9 2 0.16203090653882724
220 1265 1 9 0.20618257735587178
221 16 8 6 0.32427157806602236
221 62 10 8 0.16953090462453552
221 109 4 4 0.14769165572117918
221 312 6 10 0.39639635602103096
221 402 1 1 0.13932690724378588
221 941 3 9 0.2788948666417902
221 1099 1 9 0.08848316139255107
221 1331 6 1 0.16168593702968606
222 54 9 2 0.19221279151009746
222 234 5 10 0.22714526294741227
222 737 6 4 0.18676131654700232
222 814 5 9 0.14383067311138664
223 870 5 2 0.30750538220182305
223 1134 2 10 0.17485544515695145
224 90 7 10 0.2023039886441145
224 935 4 8 0.10523350558905142
224 1346 10 3 0.3821541350553239
224 1393 8 6 0.3006038992253508
224 1395 8 9 0.14539968516767907
224 1449 2 6 0.2883396640164291
225 1125 6 1 0.2145830683585573
225 1377 4 7 0.272663674614179
225 1428 9 6 0.2707504612225903
226 216 6 2 0.13469427484375993
226 261 4 10 0.13302515599751147
226 439 8 9 0.312139611746742
226 922 1 6 0.21989571699351465
226 965 1 10 0.2999903658453919
226 1022 3 8 0.3257624536836048
226 1099 3 3 0.3118608897353585
226 1249 1 6 0.18345495696341713
227 38 2 2 0.12309169747235868
227 753 2 8 0.022132994157590846
227 1354 8 7 0.11215832076229838
227 1408 7 5 0.2838843022135916
228 32 10 8 0.17750890755430326
228 79 9 9 0.15150053827678406
228 244 5 9 0.042833169577950914
228 317 6 8 0.12155367825186235
228 764 10 8 0.16235072863981767
228 878 7 5 0.31426043953332106
228 946 1 10 0.2871179072138058
228 1242 1 8 0.06965684349768012
229 485 9 4 0.13167175451928237
229 612 5 8 0.1403960459877402
229 748 6 5 0.249016853715992
229 943 1 10 0.10304785798907708
229 1390 1 9 0.15093498519617563
230 508 3 7 0.25230419955238614
230 710 6 6 0.18315351735327057
230 1131 9 1 0.16049464615217032
230 1214 5 1 0.23555306987059774
230 1247 6 1 0.06747409822262315
231 252 7 4 0.1281986452256622
231 417 7 7 0.3138234332470937
231 692 7 4 0.29493138761710797
232 158 6 2 0.26425926504839864
232 331 2 1 0.20861804712830495
232 494 5 8 0.3113058986049895
232 533 5 5 0.1430120837140329
232 608 7 5 0.020183733789618463
232 871 7 1 0.15550615507898952
232 957 4 6 0.04789660172667137
232 1439 10 6 0.0023911161115588164
233 25 3 10 0.054334400421254314
233 261 4 10 0.11137767798422604
233 523 4 2 0.18134432774607365
233 1090 4 7 0.342490875911697
233 1304 10 3 0.14892902486294568
233 1313 6 3 0.2959737209039648
234 1345 1 9 0.2595849001447491
234 1356 4 9 0.24291714479420864
235 141 8 6 0.13119275646651612
235 650 7 8 0.2846638101055498
235 1191 1 5 0.16895485191159795
236 81 9 9 0.3068671163251117
236 1040 7 5 0.15310856456170774
236 1121 4 1 0.23157124640222523
236 1444 10 3 0.13099946242081434
237 712 6 8 0.3722123402437907
237 1244 3 10 0.24398517123594013
238 140 6 3 0.37176749348682137
238 346 7 6 0.32651739474897284
238 430 10 1 0.12908997283942114
238 670 4 8 0.3009505371861516
238 1116 10 9 0.1794206253412624
238 1422 5 7 0.350771506145502
239 8 1 4 0.16902746539552002
239 1276 10 2 0.27725863552147667
239 1349 8 1 0.30181103895473826
240 283 3 2 0.059248508539806094
240 561 3 8 0.27255293757981314
240 1027 6 6 0.3101661293105679
241 620 6 9 0.10656404692232603
241 777 4 1 0.08181471017542283
241 1098 5 2 0.24817653920360946
242 397 9 3 0.17113195445840296
242 761 3 6 0.22948791403987973
242 772 10 1 0.2873384793608363
242 1249 2 1 0.3270317358333567
243 120 2 5 0.1861400335191532
243 240 6 4 0.16917891061030566
243 516 9 6 0.21270652917209035
243 964 5 10 0.005651580189813765
243 1387 9 1 0.32364539244525453
244 127 9 9 0.30303549938096586
244 181 4 7 0.2470709979338508
244 466 3 2 0.15663637163769684
244 579 9 8 0.19978733854647868
244 1203 2 6 0.3498267497604898
245 659 7 9 0.1336185330424745
245 1028 9 9 0.027913624290564404
246 626 10 3 0.3668553385277603
247 72 4 10 0.07803449521660001
247 540 8 10 0.01673429423278175
247 850 3 9 0.027030251979131115
247 1172 1 10 0.2097500726579357
247 1400 10 4 0.04670142232577368
248 31 9 4 0.15566128170676183
248 313 5 4 0.26221028053880474
248 467 9 3 0.38672146445635125
248 506 2 4 0.09172447185610921
248 828 7 9 0.23437591184323972
248 971 7 6 0.023302101223546146
249 128 4 4 0.29476821856079977
249 1460 2 9 0.20567201491837517
250 547 5 10 0.04619423317577365
250 584 5 5 0.1610914103496042
251 1079 10 4 0.03979824693524983
251 1427 6 2 0.22880683690465095
252 248 9 10 0.16870768680847265
252 401 3 2 0.013912640728540926
252 405 9 3 0.13652442353500616
252 974 4 7 0.18762556766581595
252 1162 5 8 0.25200352471656157
253 74 7 10 0.20490349885009268
253 681 8 8 0.15834292362815172
253 1316 2 8 0.11722285748510296
253 1474 2 10 0.05330038742973933
254 32 9 8 0.10824888909506347
254 411 2 3 0.2005256683725845
254 777 2 3 0.04717417340287142
254 906 10 6 0.04572101958298844
254 1456 2 9 0.31977989077734154
255 85 1 3 0.0605459208593048
255 126 8 3 0.32697213873436937
255 153 9 2 0.11177874606570005
255 156 6 5 0.027609587808540448
255 654 5 4 0.3105806712329176
255 707 4 6 0.20621981538827586
255 790 8 4 0.13652198471576227
255 933 6 4 0.16051101252399824
256 105 8 7 0.14226360437152955
256 224 6 2 0.08553589784931173
256 368 5 4 0.18182660901301034
256 413 8 3 0.051628920663086914
257 79 3 4 0.16564682776242784
257 148 9 1 0.1401590319745628
257 165 7 2 0.07808851114933332
257 486 5 8 0.2211864485111952
257 813 2 1 0.12478011833743144
257 1150 6 5 0.03158526204764281
257 1208 8 10 0.11659581608564562
257 1388 7 6 0.04415428249255396
258 645 4 5 0.1504841489521743
258 1206 5 2 0.21148181314605352
258 1257 4 4 0.028732010434867145
258 1416 7 7 0.11389675448552325
259 356 10 5 0.21730651181583496
259 673 4 5 0.013310894944267515
259 1427 5 6 0.31870702971391474
260 29 8 3 0.23031544412850105
260 215 8 8 0.1392611817383048
260 318 6 1 0.3247783417170449
260 611 1 2 0.035140953282963766
260 775 2 9 0.27565407959923505
260 824 2 5 0.0349626071033772
260 963 1 6 0.34749591256638424
260 1147 1 5 0.19817848699559987
260 1151 4 6 0.09786227771754542
260 1248 1 5 0.2670955103148727
260 1338 10 4 0.07335190683116422
260 1495 10 1 0.1511786241528185
261 646 2 7 0.12013192628343601
261 814 2 6 0.10666071898306413
261 1194 10 2 0.3674897063467124
261 1303 6 10 0.07145325991005874
262 1387 3 7 0.13410521197897574
263 339 7 9 0.32699450212087267
263 1074 2 7 0.346935426894081
263 1405 4 2 0.01976681106880604
263 1410 8 2 0.19581409722770887
264 332 2 1 0.13621812375115092
264 397 10 9 0.0014995747964824946
264 471 1 2 0.15854813729987616
264 652 10 6 0.16901264346670947
264 713 10 4 0.19884271010471993
264 736 7 10 0.1400335166276165
264 921 9 1 0.1288989314680146
264 1028 1 1 0.24962575448106994
264 1209 5 7 0.3680038776172917
264 1300 7 9 0.3569604976578742
265 27 6 10 0.07715793498954923
265 224 9 7 0.14839123346109445
265 271 7 5 0.010493289146569551
265 416 2 7 0.19921969394530992
265 830 6 2 0.14574778895125964
266 470 4 2 0.21292711922147148
266 645 4 6 0.14252025278016014
266 890 10 8 0.023058546337188124
266 945 5 6 0.10001693829812648
266 1274 4 5 0.16729046672290668
267 44 7 8 0.2511590011619426
267 64 5 8 0.29403899479949086
267 264 5 5 0.19125591973176373
267 353 1 10 0.3247694492819175
267 781 5 4 0.07775440596185759
267 1240 6 2 0.04445535754340202
267 1294 5 8 0.14225238736813323
268 616 2 5 0.038138017925809925
268 1438 3 4 0.09649935066836987
269 24 4 3 0.12322942314925224
269 209 3 7 0.25234754205946175
269 1434 10 3 0.07975996960939433
270 111 8 9 0.19784007842984622
270 228 8 7 0.23531302702991141
270 415 9 8 0.11799741861499742
270 426 10 2 0.33083879149199924
270 465 4 10 0.12824728281187164
270 763 1 2 0.08480616960329052
270 801 9 6 0.21377720595670993
270 1132 3 4 0.23968330461352022
270 1311 10 7 0.1887909418914764
271 91 7 7 0.36728922673617326
271 335 3 4 0.21427751649139531
271 472 8 2 0.12663836044496773
271 661 9 6 0.2996715828506791
271 742 1 2 0.23370332370217786
272 45 3 3 0.3848733825270356
272 222 9 2 0.34892106219430924
272 321 5 8 0.23513472189092058
272 618 5 3 0.18660284688609938
273 80 1 5 0.3423675152799871
273 189 3 2 0.2819459674739474
273 191 5 1 0.14731550447346525
273 479 9 8 0.200948715611147
273 1165 2 1 0.28419146800336564
273 1183 4 5 0.08924538771902936
273 1284 6 4 0.32971400177429083
274 1177 2 1 0.0979453324583589
274 1394 2 5 0.09737816009884617
275 301 9 4 0.019772760136826578
275 345 4 10 0.2517697363559514
275 402 4 6 0.021664514995680423
275 490 3 4 0.08441863164101543
275 543 5 3 0.25392930775116895
275 1085 6 9 0.3932607867609992
276 152 1 1 0.2780691386682541
276 981 3 3 0.1909863866877795
277 223 4 7 0.20048892595986376
277 287 3 8 0.10414739050187026
277 664 10 8 0.07375327695798534
277 667 1 2 0.23174550622717827
277 977 2 7 0.24708736743254017
277 1475 2 1 0.33309069302485694
278 273 3 6 0.1419684313854246
278 333 2 10 0.2129285068324406
278 335 2 8 0.22616996080906837
278 466 3 6 0.10686909730782261
278 911 6 5 0.3011036526058642
278 1038 8 9 0.09482411146428091
278 1296 9 7 0.19958971433873135
279 146 9 1 0.0806349486711911
279 586 4 3 0.33418301560193975
279 641 6 1 0.151490174452318
279 735 4 5 0.19575524951677917
279 1090 1 5 0.01721603133118013
279 1272 8 6 0.289962438953991
279 1327 3 8 0.33115110345782106
280 1130 4 4 0.3436385168596663
281 25 4 2 0.31446788919153834
281 286 10 4 0.10911842267965029
281 850 1 9 0.11351815120915508
281 1151 5 8 0.19509430206146822
281 1318 4 6 0.3321485424486487
282 428 4 5 0.2057698467014236
282 751 1 8 0.17341151729254645
283 25 6 6 0.07719480417857785
283 133 1 4 0.15810154793384024
283 329 4 8 0.04053016900496323
283 988 10 2 0.05278224250561456
283 1226 9 5 0.0931527620800897
283 1330 5 10 0.17375381416604796
284 9 9 3 0.3222058685455682
284 251 7 8 0.17670216240266304
284 331 7 6 0.02713489045758924
284 570 10 7 0.34521456604571754
284 1177 8 1 0.2964301408766141
284 1179 9 9 0.1998190910009805
284 1357 5 8 0.029358761104128134
285 190 5 1 0.0006561807946181275
285 350 1 10 0.08776353917852228
285 689 3 3 0.32331878198173636
286 974 1 5 0.18617879697074957
286 1161 7 6 0.26460399977078813
286 1302 9 6 0.06856520373137445
287 13 6 6 0.11042539083902923
287 733 1 1 0.3804818182694415
287 898 8 9 0.18282271871030792
287 1044 3 9 0.271902353568258
287 1094 8 7 0.3919750260501663
288 720 7 5 0.32361876376435267
288 1151 7 4 0.15702974569077538
288 1411 2 5 0.2924849862285779
289 321 7 1 0.18391049572811197
289 553 10 5 0.1463501277297375
289 1079 7 3 0.35361493575572883
289 1129 1 2 0.33518734755418267
289 1260 10 7 0.04323354707328539
290 124 9 4 0.1503913689578713
290 917 10 8 0.08575628091893497
290 986 9 6 0.10352345023236088
291 666 5 5 0.36467459251311163
291 1068 8 1 0.15104987865000777
292 354 6 4 0.22432864934893867
292 800 8 6 0.3302264370399586
292 946 3 5 0.17206563708849484
292 1428 1 3 0.11056180146940342
293 322 10 6 0.18169293187703786
293 473 2 6 0.2040106574157833
293 1338 1 3 0.2668769234866392
293 1497 1 1 0.15603762358542583
294 59 9 9 0.33961508808415647
294 101 4 9 0.18382763586864836
294 292 4 2 0.20222966776398343
294 581 7 9 0.17772155010089344
294 608 2 2 0.15666707188775902
294 661 5 1 0.1900195601592011
294 716 6 5 0.24474106295840717
294 953 1 2 0.13778502133831178
294 1005 4 2 0.3711179556378391
294 1293 7 1 0.21649115082230244
294 1410 3 2 0.29073300623567244
294 1436 8 5 0.3653211556021243
295 335 9 3 0.1923798996267828
295 487 5 6 0.3979041273222972
295 1047 9 2 0.28094253089178267
295 1387 8 7 0.25265547472799094
296 159 9 9 0.23126705692146876
296 1293 2 7 0.22692109627102947
296 1484 2 4 0.17745029600002935
297 519 9 5 0.31328539051019183
298 1031 2 8 0.32716450901588323
299 103 2 1 0.2909922553602784
299 377 2 3 0.19425654367058595
299 763 4 6 0.31743638601800345
299 955 7 5 0.16129561498862677
299 1028 7 4 0.31553991019096594
300 190 6 1 0.20130497406690145
300 869 8 5 0.23532028184687362
300 1362 4 2 0.19905592280026885
300 1413 6 5 0.38045938573121496
300 1460 10 5 0.11460154149745243
301 367 2 10 0.2687639228505389
301 511 10 3 0.30447053972193205
301 957 2 7 0.20026448679201395
302 244 6 4 0.036369780299619237
302 268 1 3 0.2723430889369133
302 1133 4 1 0.1608130220413562
303 658 6 7 0.10795517734884064
303 725 6 2 0.0458263446140231
304 104 1 2 0.21949126114666476
304 149 10 3 0.2902861183366401
304 786 4 3 0.11688560757152655
304 1274 3 7 0.15352206323352585
305 270 5 6 0.3244190895346283
305 411 7 1 0.1340923500496151
305 610 6 1 0.3439650620193652
305 673 7 2 0.04404748655561774
305 771 10 3 0.3599607941120459
306 272 9 8 0.10616798225406288
306 330 6 1 0.1857055258083877
306 438 3 3 0.010720791435140209
306 1022 4 8 0.14070414443543527
306 1227 8 6 0.2244237788576952
307 731 3 5 0.34034758874598775
307 1472 7 3 0.20956791313589426
308 480 5 2 0.3450230478701284
308 1163 9 3 0.2412337832788917
309 76 4 2 0.20367676776406687
309 733 9 10 0.14950284566112257
309 953 3 8 0.1792739017620698
309 1134 7 6 0.232976436043848
309 1307 4 1 0.1942222542073371
309 1419 3 9 0.1619978146387616
310 384 6 4 0.28368491379323707
310 421 6 1 0.27263809040574305
310 1088 5 5 0.08072700973198844
310 1399 3 4 0.1670527952096709
310 1487 2 1 0.16080132821493595
311 195 8 10 0.08228339318813989
311 392 2 1 0.10835326203556203
311 553 2 7 0.2681445322600108
311 635 9 8 0.01207328447126435
312 69 2 10 0.398014749663929
312 219 7 7 0.12206514444366189
312 497 4 9 0.20912670190812765
312 509 9 4 0.10985409387841046
312 716 7 8 0.3312134615808265
312 726 9 3 0.2210668014879455
312 807 4 3 0.27206312636114005
312 1220 7 7 0.2694598853783173
312 1303 1 5 0.08997337485130416
312 1411 10 9 0.24995429963625823
312 1417 1 6 0.18977380621917764
313 131 1 5 0.017647889908614295
313 628 8 7 0.28984183805806785
313 764 6 1 0.13167496895216046
313 1220 2 3 0.11240215796204821
313 1389 9 9 0.3135117860620702
314 284 7 5 0.3301838302978198
314 395 3 3 0.24581140240642058
314 1351 2 6 0.06992391058650024
315 52 4 8 0.19722666668657088
315 432 4 5 0.1862325312612332
315 443 8 9 0.2764644464676857
315 471 9 9 0.27111863740861075
315 528 5 5 0.23801285065965033
315 620 5 3 0.24478118620178319
315 626 3 5 0.02316568029389865
315 656 7 10 0.2243585817400645
315 658 7 7 0.1818302808696407
315 925 7 6 0.3732262182944852
315 1154 8 9 0.22620598445689777
316 178 7 7 0.18921688464871503
316 299 8 4 0.38434756530060693
316 309 10 6 0.12348587427264159
316 418 10 3 0.2957665024280935
316 568 2 3 0.19079705602085897
316 1112 7 5 0.2656141651184937
316 1209 3 5 0.3251700581511436
316 1300 7 8 0.3451255589424129
317 40 9 6 0.17989773885911212
317 132 5 10 0.17208870892557934
317 461 1 2 0.35671340264272855
317 686 4 10 0.318107484588306
317 843 3 4 0.3351451910465397
317 903 7 8 0.10009151222405269
317 1096 1 9 0.12280091808607725
317 1499 8 5 0.3749911994291628
318 71 2 4 0.2910272288248237
318 634 4 6 0.09426328521108716
318 652 5 8 0.17371909963443752
318 893 2 6 0.36823667290559775
319 768 3 2 0.35770302776415064
319 1023 7 3 0.08665852640080605
319 1041 8 5 0.09628301583322192
320 14 2 10 0.3640561489661883
320 486 9 1 0.10750234369107924
320 892 10 7 0.2880770321354148
320 1459 3 4 0.19413434624010747
321 102 9 2 0.14367588481921706
321 120 1 3 0.2186836514721098
321 368 2 5 0.3310941240212516
321 865 6 3 0.05959977729184002
322 3 8 1 0.21471398955431323
322 106 7 4 0.18287888749578196
322 420 7 7 0.13304580991454085
322 884 2 2 0.31822088952816235
322 919 3 3 0.33489740135008267
322 1361 5 10 0.3205210427259565
322 1428 3 9 0.1614651693341853
322 1446 9 5 0.07223877570699375
324 94 8 7 0.11654217348898772
324 762 3 5 0.15984661380824683
324 855 7 10 0.2775783434237675
324 1265 9 1 0.03407033191128922
325 141 6 5 0.3268244296277224
325 1254 8 4 0.31006442512244037
325 1491 9 10 0.2524955331339428
326 125 5 8 0.3195808612463439
326 400 5 1 0.1384900490424038
326 433 1 7 0.10080890656399068
326 652 6 3 0.016836552029935087
326 1355 1 3 0.1652488523171721
327 355 10 5 0.23295709927192348
327 410 1 1 0.1130938497103703
327 515 4 7 0.060978186526270184
327 597 6 7 0.1602609011532201
327 1106 1 3 0.39975237642885975
327 1292 3 9 0.22098125610775735
328 105 6 3 0.312144874986112
328 197 1 8 0.22987693075140575
328 273 7 6 0.24182758083196332
328 655 8 1 0.31771618516312944
329 736 1 1 0.1667119423695036
329 1331 5 4 0.38454367680877105
330 96 8 7 0.3735014043341925
330 129 7 6 0.20276023286743133
330 220 8 4 0.09929159352122469
330 1014 8 1 0.22889920187096638
330 1208 2 2 0.2928234880717144
330 1429 8 8 0.22469198158813802
331 145 5 10 0.23209031953095038
332 370 3 3 0.20122851208986006
332 512 9 9 0.2422799441088635
332 560 5 6 0.11961207953832041
332 563 6 7 0.37459628245006993
332 769 3 5 0.05371660697723263
332 933 7 8 0.20867202147532807
332 1031 10 5 0.02145100426207794
332 1427 1 10 0.061628805662706926
333 419 9 6 0.2034357954687036
333 994 5 2 0.18132309985955236
333 1037 6 5 0.0822871401514282
333 1045 5 2 0.038260459165862765
333 1317 3 9 0.2265004165744944
333 1384 10 6 0.0864851362665714
334 479 2 6 0.01704645866551119
334 655 10 2 0.3695723315781081
334 906 8 7 0.06316420068828024
334 909 2 3 0.14856820752454736
334 1127 2 5 0.08398768319777963
334 1380 10 9 0.38928930063052963
334 1433 5 7 0.3397845539373283
335 53 5 9 0.15263186528238495
335 237 8 2 0.2586051562745597
335 317 5 1 0.213562494007821
335 434 3 5 0.23935364832264158
335 984 8 6 0.2529571365883129
335 985 8 2 0.09311438947308319
335 1232 9 1 0.0029927956774579434
335 1460 3 7 0.36489476116478814
336 81 3 1 0.040647282527241674
336 461 6 6 0.19441290217275167
336 992 7 10 0.18635256717629778
336 1084 6 1 0.15606089323091277
336 1319 1 2 0.2339131309606234
337 45 3 1 0.3299896845140023
337 145 5 6 0.07027066246957361
337 380 7 9 0.027801807999768197
337 1065 10 7 0.006767137946005114
337 1155 5 2 0.1834720680642848
338 64 7 7 0.18095012706556302
338 135 4 6 0.16642959995309647
338 1472 10 1 0.3258455439496899
339 13 5 8 0.30638679991058426
339 266 6 8 0.24862187554676143
339 695 1 7 0.11956529413388782
339 990 5 10 0.08609141179424608
339 1103 7 4 0.06987547705626823
340 236 9 1 0.22988685833765263
340 262 2 5 0.13939544896249415
340 1347 7 1 0.0368483082000107
340 1480 1 9 0.3917946185967922
341 143 10 8 0.36164500750915285
341 463 5 5 0.29799924563139923
341 1002 2 3 0.05457555438593295
342 168 2 6 0.1279424949715787
342 246 9 5 0.1812850622849353
342 320 6 2 0.033089789233018724
342 364 2 5 0.07731530316263908
342 809 1 9 0.2971888559028973
343 101 8 2 0.18784965630349146
343 154 1 5 0.26576679450583074
343 346 7 3 0.14612245888044148
343 349 3 8 0.12676602150444538
343 674 8 5 0.12949491537869778
343 787 5 8 0.22092921975724494
343 1328 2 7 0.2807752871127971
343 1368 1 9 0.285591386443554
344 384 7 9 0.040781925681339454
344 589 2 4 0.08473589737804978
344 1145 8 8 0.13312528320437306
345 171 7 4 0.24003448304921934
345 623 7 10 0.17944988153483743
345 1440 2 8 0.14602798461606223
346 999 3 3 0.28806600018034445
346 1409 4 4 0.1705237629805743
347 95 4 3 0.185803637559225
347 185 1 2 0.11845827198374989
347 265 8 6 0.27735063364971796
347 446 1 2 0.20663657414250464
347 758 1 3 0.3932583911697498
347 1420 4 1 0.005383550081067889
347 1457 6 2 0.30446031049276384
348 795 9 2 0.12122969400301814
348 906 5 9 0.26506338725122636
348 1192 6 5 0.12014908644263995
349 808 8 6 0.2819831308543383
349 1328 10 4 0.11234228137039322
350 713 9 4 0.078015191325455
350 744 6 9 0.3356772191830776
350 870 7 1 0.20118922387323207
350 895 7 8 0.09283644370757087
350 944 3 3 0.10784610781076014
351 322 8 9 0.023431624111893118
351 432 5 10 0.1652678485299598
351 730 5 4 0.14713684265536614
351 1049 4 6 0.1103938894521724
352 811 4 6 0.017076245329043227
352 916 2 8 0.1372029167608831
353 151 7 5 0.25317726376264
353 167 4 7 0.25320264113130786
353 400 5 2 0.31600743324971414
353 420 5 2 0.02394688097571851
353 491 6 4 0.2697470420019556
353 534 4 5 0.3126730681951506
353 755 1 2 0.059936423377421444
353 1487 9 7 0.16521514003132576
354 340 8 2 0.1369458688948747
354 1152 1 1 0.13927406521374983
355 88 7 4 0.04833238491241612
355 328 4 5 0.30407194047921215
355 692 7 4 0.2994418757222791
355 703 3 3 0.1903953636191939
356 244 8 1 0.06647386821440729
356 316 9 2 0.10714322068107461
356 425 8 4 0.15857544170194698
356 452 2 4 0.0362761733393932
356 712 5 3 0.3858386897189806
357 210 2 1 0.21051360430870267
357 250 3 2 0.21043784724357859
357 277 5 4 0.043813175320872144
357 1155 10 6 0.24260396689672803
358 652 6 10 0.18391568483344145
358 947 8 3 0.06914625134417496
358 948 1 9 0.1043297223474616
358 1062 8 10 0.17508999453361287
358 1079 7 5 0.11447204086894182
358 1475 2 10 0.160447233596061
359 95 9 7 0.07992537995839404
359 283 7 6 0.2760156124721991
359 729 1 8 0.23865111208784978
359 1149 5 4 0.24435747737245028
359 1354 3 10 0.3295540380522436
360 188 1 9 0.14480378253731896
360 264 9 10 0.12286438283481925
360 937 2 1 0.16504190622667636
360 972 7 10 0.04046619311323285
360 989 1 1 0.3852306484597551
360 1181 1 4 0.21597265195585186
360 1463 9 3 0.2746921857392297
361 98 2 2 0.1424484690688411
361 259 3 1 0.3391072151119153
361 582 6 8 0.3317509420354517
361 1049 9 4 0.22075740361109752
361 1276 5 9 0.31885969988250423
362 483 4 10 0.031064698937349228
362 560 1 10 0.28745850510646137
362 1175 6 5 0.15264280866011798
362 1455 10 2 0.10248390796002568
363 1338 1 8 0.3154860547384881
363 1357 10 7 0.18359673173721305
363 1437 2 6 0.32441483370549884
363 1480 10 6 0.36691706903229415
364 42 8 8 0.030426710084775155
364 86 10 6 0.05633723252243089
364 183 5 1 0.34974494456092436
364 247 9 10 0.2705214929978862
364 270 7 6 0.1095624025745152
364 555 5 6 0.18040785794203187
364 1283 3 4 0.14235296788975516
365 27 1 8 0.25270874467037324
365 193 9 5 0.2009809822248329
365 829 10 8 0.14329536839912346
365 944 5 1 0.38926914315536476
366 237 2 7 0.30676215703243875
366 354 7 4 0.3415914114128401
366 559 4 10 0.36485728773229503
366 732 2 3 0.22132150956223487
366 803 5 2 0.16011704207772426
366 864 6 7 0.19841091593608004
366 1145 2 4 0.2718026871661613
367 410 10 6 0.21790238369130546
367 443 2 7 0.31304353609788976
367 808 3 2 0.1940251601829533
367 1137 2 1 0.026675331679563763
368 181 3 6 0.2677445204166386
368 1441 4 2 0.14757337137555235
369 881 5 6 0.3801365100905287
369 1087 10 3 0.2587187368281868
370 268 4 10 0.2606127498903294
370 832 6 4 0.07580401533986109
370 1079 1 8 0.09910285225022013
370 1087 3 1 0.17483543684498737
371 238 10 5 0.35158175184864504
371 392 9 5 0.005085674306647248
371 1035 6 6 0.13237816330515484
371 1422 6 9 0.18076030729279516
372 377 1 7 0.27883073565770894
373 184 3 5 0.19113709867238632
373 1083 9 7 0.3651397468595292
373 1144 3 2 0.31388220113133286
373 1437 7 1 0.18078327073912392
374 5 1 7 0.22511570277835757
374 518 10 7 0.20688744592965413
374 879 9 10 0.3471754069579438
374 1158 7 1 0.15427020792583573
375 482 10 9 0.25777210645157816
375 866 3 6 0.21731672765115562
375 903 6 2 0.381973763467529
375 967 4 3 0.2981670441800523
375 1258 9 2 0.2221330915840722
375 1300 10 5 0.2482833004138379
376 2 3 2 0.15534475311340912
376 67 4 1 0.22050077308786722
376 73 9 1 0.06417139535328353
376 250 3 4 0.057386084419475014
376 592 4 2 0.2994964181174498
376 778 9 6 0.26420312280335356
376 1355 9 3 0.055174646365233115
377 215 6 1 0.09096859209070424
377 1169 6 10 0.28590063104375824
377 1352 9 4 0.17773268823059502
378 62 8 10 0.08943720092295042
378 376 2 3 0.1057641561696993
378 677 10 3 0.1715039025600493
378 1025 5 6 0.12780236395116779
378 1193 4 2 0.27463912997710455
379 116 1 4 0.17313880477424767
379 458 7 8 0.24431675607699874
379 1120 9 5 0.31423646301197405
379 1182 6 8 0.35591706606470874
380 168 1 7 0.22704207617295166
380 311 7 9 0.29925080731491766
381 213 3 10 0.2910411773456602
381 524 5 4 0.1723324275483571
381 850 9 3 0.22350147487873714
381 1108 1 9 0.11415396747665207
382 770 5 1 0.007254185558829895
382 811 2 9 0.10463532149607435
382 886 6 7 0.15581309659980497
382 946 7 2 0.1291765651425691
382 1412 9 5 0.2780629489670824
382 1498 8 9 0.21749668436066832
383 446 1 6 0.3038342626148716
383 881 6 5 0.1703777440785324
383 912 6 2 0.3181802552864339
383 1162 4 7 0.08588252629112582
384 307 8 2 0.13499250727860274
384 417 6 8 0.2409334817655184
384 472 9 2 0.33814375201857627
384 1033 8 4 0.3003503110194183
384 1206 9 3 0.30016424514929996
384 1331 8 6 0.30423306895013563
385 815 8 10 0.01689662828187935
385 1122 9 7 0.17135603967583374
385 1298 4 4 0.20567351177096235
385 1431 10 9 0.1173084505228711
386 97 7 3 0.17333726018538348
386 450 9 1 0.001942762257416547
386 761 1 7 0.30654747681561123
387 198 6 9 0.0013628081472231435
387 202 4 1 0.28526970588490785
387 490 10 8 0.12735423515224825
387 664 4 9 0.34075117483143524
387 1066 7 5 0.292656144889988
387 1179 9 1 0.16016611724758203
388 532 6 6 0.3656706720289757
388 569 4 6 0.17760244033986153
388 1087 10 2 0.1467124553806794
388 1243 2 1 0.07760152791183238
388 1471 6 8 0.011302057012325561
389 215 9 9 0.3968002168744622
389 268 2 1 0.2543584874785165
389 1096 8 6 0.11834865319055367
389 1190 10 7 0.07728884324090221
389 1307 9 9 0.19137744002831808
389 1425 7 7 0.13451676623431147
390 347 3 3 0.30402114902996347
390 478 3 10 0.36491933506364393
390 726 3 3 0.060263917843555476
390 1080 4 3 0.12456991763778942
390 1098 1 3 0.2731456282164639
391 170 10 1 0.0644533481405273
391 991 3 1 0.2145819811008033
391 1055 10 2 0.009393925099048017
391 1120 7 7 0.2699252735773467
391 1281 6 9 0.33195363908643916
392 364 2 5 0.11912868581511793
392 554 6 1 0.06654871508290777
392 1013 9 5 0.09700013767627023
392 1370 10 4 0.005620042960710503
393 1336 10 4 0.3180647737525008
393 1357 10 9 0.13001399303492536
394 288 3 1 0.058978071018962464
394 296 7 4 0.16190061603777148
394 494 3 3 0.04857515454752523
395 573 7 2 0.29565092137589655
395 714 4 8 0.240035434256896
396 54 3 7 0.1910633616595467
396 254 10 4 0.20432205800279354
396 288 2 4 0.06870462142965714
396 767 10 5 0.06725921066859142
396 966 1 9 0.18661755850364087
397 120 10 5 0.23048031102225475
397 339 10 9 0.22181910427339294
397 527 5 7 0.35365351976805526
397 626 8 10 0.16313128216325168
397 658 6 8 0.36635803265331285
397 829 7 10 0.3318426575171383
397 981 10 10 0.3843266633464856
397 998 5 5 0.12382624458730358
397 1118 1 6 0.1359406972025231
397 1158 8 9 0.09905897162761187
397 1197 1 2 0.2973947381182084
398 168 7 5 0.0945942137061907
398 363 2 6 0.25090397467470066
398 482 3 1 0.3821750829597629
398 548 1 2 0.23298559208324157
398 1163 10 10 0.27300950386792006
399 460 2 8 0.3181323641813136
400 1026 5 5 0.13108511042944615
400 1444 5 8 0.3259327825413795
401 20 3 8 0.1296804204523193
401 80 4 2 0.23934711509988518
401 184 4 9 0.1074234297816412
401 1093 4 4 0.0183393838784425
402 1075 7 3 0.30504088474906205
402 1081 9 1 0.05501939543432452
403 761 3 7 0.09221703175719045
403 1187 2 6 0.2402866174451019
404 564 10 10 0.2197412415146671
404 751 3 5 0.15283901912064346
404 780 7 1 0.2220048845000153
404 913 4 7 0.0425123329853456
404 1136 6 6 0.23741429104259032
404 1278 7 6 0.28821942301425274
404 1494 3 6 0.22646949215964154
405 190 2 8 0.3906181971250994
405 801 6 7 0.306713769174425
405 1279 1 5 0.12546086543261037
405 1448 1 8 0.34479341343401876
406 389 3 7 0.36492886193010476
406 510 6 10 0.2835750906246515
406 897 1 2 0.06948659419146772
406 1047 1 4 0.17926082753043804
406 1297 1 6 0.1267379854675533
407 18 3 2 0.2279097204069142
407 20 8 6 0.15619586138617544
407 371 10 9 0.17176575870201755
407 1112 1 7 0.07253814873215123
408 194 7 3 0.10895033274755053
408 364 7 3 0.21461554892888815
408 952 10 6 0.1797770684221867
409 803 8 10 0.1225832772941387
409 842 3 1 0.25961053362453923
409 878 5 1 0.2851881431570392
409 940 2 3 0.280779283529603
409 1025 1 7 0.2935361869785994
409 1111 6 10 0.24200092681668955
409 1263 7 4 0.25287781209686255
409 1490 10 1 0.2680923057943108
410 431 10 1 0.289331879820261
410 652 9 7 0.2666693225847247
410 1216 3 5 0.07826374635150306
410 1391 4 2 0.16320576221968033
411 63 2 2 0.3862620981987689
411 912 1 2 0.2260996465533896
411 1416 5 7 0.26294206080656884
411 1473 3 7 0.3197260639876305
413 132 4 4 0.16590471780639487
413 211 10 7 0.03831572297997518
413 663 8 10 0.16811264242934193
413 1270 8 2 0.006697433030817435
414 256 6 7 0.1303328276158603
414 759 6 1 0.18154287699930446
414 1453 5 6 0.2512928855361566
415 592 8 9 0.06045057866938047
415 726 6 4 0.1912712241644827
415 1135 5 6 0.2984304127096983
415 1170 9 1 0.3499568335596697
415 1307 7 4 0.08103991885907144
416 247 10 4 0.2686382436235045
416 319 7 5 0.15299119715822046
416 377 7 10 0.2028977653237812
416 421 6 10 0.28211806126901073
416 485 3 1 0.04441062151893088
416 1036 4 5 0.3423299140177274
416 1207 7 4 0.2738117965116091
416 1472 7 6 0.1548124376214585
417 275 5 8 0.3860797949730641
417 311 2 2 0.3021559097865988
417 607 5 6 0.09967144510200389
417 669 1 2 0.18655427913126815
417 721 9 4 0.17793330171295413
417 729 7 9 0.041641807290503235
417 1154 8 2 0.014842507189777476
417 1362 3 9 0.33705547291770477
418 699 8 9 0.11282428380693225
418 1166 2 5 0.35994361637668215
418 1173 1 9 0.3263120206172979
418 1370 10 6 0.05932225127653376
419 805 2 2 0.25718858402006645
419 974 7 8 0.17118105172296763
419 1087 4 3 0.19119833347438386
419 1110 6 7 0.2940901907306197
419 1313 2 6 0.2263080146775416
420 117 8 4 0.18629391249984445
420 307 7 5 0.03597091739947242
420 1172 9 1 0.3853831205340752
421 474 5 3 0.006136376647836533
421 782 3 4 0.19115580130765064
421 1358 3 8 0.19073005742952487
422 418 4 8 0.18446641715628947
422 1060 10 6 0.30496008645820183
422 1397 2 6 0.2703854136631194
423 197 5 1 0.10955520125467692
423 354 2 5 0.3997631505835283
423 924 10 1 0.01726522948615275
423 985 2 5 0.07539283702507416
424 62 3 9 0.3720947711492558
424 64 6 1 0.3178474891512516
424 240 8 1 0.3083623027308653
424 271 3 2 0.14442532932166444
424 473 6 6 0.3740459426283882
424 1080 5 7 0.15009621753365915
424 1338 5 8 0.3374872958675415
425 187 5 1 0.0624470900958439
425 351 2 10 0.03712748514111966
425 750 4 6 0.06985210630398783
426 641 6 8 0.03793011128969484
426 752 10 9 0.25206516272385426
426 862 6 10 0.058265133455750656
426 1470 4 5 0.24431645525967563
427 31 1 8 0.08077691537503696
427 40 7 5 0.047038170379532174
427 1123 2 4 0.24152748388408732
428 8 10 3 0.2236700566561711
428 38 8 5 0.16815652238239576
428 247 6 2 0.20835101482658472
428 518 9 5 0.16310847159233316
428 608 1 2 0.20627002527090246
428 648 1 8 0.3995412455835135
429 390 6 10 0.09427232431665385
429 635 5 3 0.07551600244325489
429 654 7 5 0.04018154647955699
430 622 6 5 0.008162189519661994
430 705 2 8 0.14885838321364808
430 755 10 1 0.3115227252502374
430 1306 10 9 0.3448943617524932
431 362 7 9 0.08553565036538646
431 893 6 1 0.09128172059444374
431 1023 8 8 0.23261241374591884
431 1388 8 9 0.31479599998675684
432 73 3 7 0.28918377149984453
432 370 6 10 0.020440301535266908
432 465 6 3 0.0801087855592492
432 890 2 9 0.03629908464797596
432 1276 2 9 0.126672231222996
432 1365 7 3 0.015221916499672888
433 251 1 1 0.19095854629531805
433 1145 6 1 0.17104439686001383
434 34 8 3 0.3121537784441404
434 114 10 5 0.2897634699056557
434 690 5 4 0.21854802355766395
434 802 8 4 0.2860950620934048
434 819 3 7 0.004781953108151021
434 982 10 1 0.19564560382937307
435 839 4 7 0.08924413268157216
435 1089 9 3 0.3391621143768293
435 1482 10 8 0.2100998378864594
436 465 9 3 0.1317243336161646
436 548 7 9 0.13353301575731918
436 557 10 2 0.18168796990726988
436 780 10 3 0.36139250868922107
436 859 5 6 0.3082400440113607
436 874 8 7 0.2180812528367031
436 880 5 3 0.3043600438986526
436 1111 3 10 0.20360268949303809
436 1223 5 1 0.08641381926977283
436 1324 5 7 0.11816098591645766
437 84 7 1 0.18080814482353744
437 458 9 9 0.12268668741542954
437 680 6 10 0.2848699477396684
437 894 8 2 0.1730673636395402
437 989 2 7 0.37072021866586413
437 1234 10 7 0.19860267793459055
438 91 6 1 0.34929166529394495
438 246 5 5 0.09766951535981862
438 289 8 8 0.1055355757675137
438 341 5 5 0.3078440792411766
438 422 2 8 0.10954339586869946
439 195 2 2 0.1454209963927266
439 333 3 4 0.12825280733137384
439 395 1 4 0.03465676231477463
439 406 1 3 0.3083384633328206
439 810 8 8 0.3874928862786723
439 1285 5 8 0.1449809579423887
440 13 2 1 0.01485333398164676
440 127 3 7 0.15995366135124717
440 467 6 2 0.18427766394693051
440 480 6 7 0.10445557465351933
440 821 6 8 0.2914248407301431
440 1021 9 2 0.14721021515458024
440 1072 4 3 0.05814551492982223
440 1214 4 10 0.11220868138766225
441 1134 5 2 0.07499076477831318
442 2 2 9 0.14656905150407493
442 319 5 4 0.07754438705744615
442 459 3 10 0.127481784247234
442 1222 5 6 0.18559807724714314
442 1263 3 2 0.23611318527254735
443 167 8 1 0.30203626967850206
443 191 4 1 0.1290015782430429
443 357 2 3 0.3373006827168765
443 459 10 3 0.12977592015109335
443 825 10 7 0.2846577088214851
444 646 8 8 0.22718763000074235
444 1470 4 9 0.2321928524638141
444 1496 2 6 0.013577600952437513
445 44 7 6 0.29369262800188395
445 566 4 10 0.162168669616969
445 658 8 1 0.17220584942556424
445 749 3 4 0.08304116938302478
445 765 7 1 0.366113357387696
445 1012 3 7 0.24929675221331107
445 1021 9 6 0.11123955546998074
445 1336 2 3 0.17327985543528504
446 12 4 2 0.3100108367688562
446 343 5 3 0.10831328385957144
446 946 9 3 0.10479814996047553
446 1303 6 6 0.24473789475116814
447 979 10 7 0.2890592479887918
447 1487 9 1 0.17407465590647375
448 223 8 3 0.12807819235791085
448 335 1 8 0.3325046122634494
448 340 5 6 0.06501355049180038
448 455 4 6 0.021421587232671457
448 895 5 8 0.2986826549422487
449 444 8 1 0.08155844080859262
449 468 2 2 0.36154182053218503
449 530 9 5 0.2988251331783839
449 565 3 9 0.019670153545723962
449 1398 3 3 0.24411497464739484
450 36 8 1 0.14330782383972096
450 128 4 4 0.1459444930004506
450 601 1 5 0.3508903213668254
450 625 3 7 0.23477171385529083
450 805 10 7 0.12124174281268951
450 1046 4 10 0.3288430447948339
450 1161 9 10 0.21724661437073092
451 107 2 2 0.2671095667569399
451 1171 4 9 0.16024270278608427
452 99 2 3 0.15768382226815536
452 198 3 2 0.1639992455764457
452 400 2 5 0.18244260361448236
452 1199 3 1 0.08270850813276279
452 1408 5 9 0.3274983765729688
453 474 5 5 0.28094221243055395
453 881 7 8 0.3308493174682037
453 962 6 3 0.17264973732356612
454 795 9 3 0.13458464259568387
454 841 2 6 0.3913305470728443
454 1136 3 7 0.08840373381730066
454 1146 2 8 0.06965638779470543
454 1211 8 8 0.3891708299514334
454 1353 10 5 0.05173188994222211
455 101 5 1 0.2310913624986574
455 107 6 5 0.060058089287088556
455 224 8 5 0.3964155527073422
455 319 7 3 0.20803760727649553
455 540 1 10 0.20710015854440464
455 627 8 6 0.18513770283513137
455 853 5 6 0.2627385916136641
455 1151 5 4 0.39588904675255027
455 1256 6 6 0.04928484351326726
455 1464 4 5 0.14760496643182305
456 1054 10 1 0.2468892884433037
456 1248 3 10 0.1299181422059324
456 1371 3 7 0.23040234271172172
457 138 6 7 0.3184178431020259
457 616 1 2 0.1574007466989124
457 671 6 7 0.21728146229491474
457 813 7 7 0.06953557914440647
457 1226 1 5 0.17102298923766185
457 1308 3 4 0.2576578195218028
457 1393 1 4 0.3058307726650725
457 1445 3 7 0.17931527591158758
457 1477 5 6 0.30128084093526386
458 172 10 10 0.17124921738511986
458 215 3 5 0.13752120466761367
458 363 7 8 0.06522463487259175
458 1000 7 5 0.29646091597214713
458 1055 5 1 0.1037131670322616
458 1063 1 10 0.39979252689298106
459 8 7 6 0.3297037909364368
459 42 1 7 0.11425002087947866
459 269 3 1 0.03733731297323059
459 377 4 1 0.17343554937258837
459 530 8 6 0.11606760176812905
459 632 8 6 0.0936489831160073
459 1107 4 7 0.2821073876960033
460 228 7 6 0.07143377860341737
460 331 6 5 0.18888574286411147
460 343 1 5 0.325296818279461
460 772 9 2 0.06842751103164929
460 1498 7 2 0.21313319552617818
461 32 6 4 0.17250339954062982
461 164 3 5 0.007820934202263485
461 354 7 7 0.21266169595035406
461 843 6 7 0.3129151054202774
461 1124 4 5 0.12974133311533154
461 1333 3 8 0.2623365627964528
461 1387 5 1 0.2503913252558077
462 98 5 9 0.3045965172912611
462 304 1 9 0.1456769041256309
462 1404 6 7 0.1498132506067893
463 280 6 8 0.026039883053189022
463 962 9 8 0.3579485397679465
463 983 1 9 0.141520024528104
463 1198 7 5 0.13772789905424834
463 1337 7 9 0.13987076795814324
464 189 7 2 0.21065152124888198
464 296 8 2 0.23466258700523135
464 519 1 2 0.10463787921693254
464 581 1 10 0.3251324675790834
464 607 1 1 0.24955904824266933
464 898 8 10 0.3433668506786769
464 937 9 9 0.17330809228048719
465 30 9 10 0.19096465595101836
465 1225 4 9 0.37552075094164516
465 1403 8 10 0.1388271870751266
466 173 9 4 0.24102858330496843
466 229 8 4 0.2379229198442887
466 340 2 1 0.18746937236141292
466 549 7 4 0.1093385621869423
466 1039 9 5 0.37049174321149764
466 1091 9 3 0.19414260231711297
467 125 7 7 0.02600339191285264
467 793 8 1 0.2570567163762764
467 1093 8 1 0.29911998742680174
467 1180 1 7 0.26901095266051683
467 1228 6 10 0.07804320708888435
469 499 8 5 0.33132617599420894
469 549 8 5 0.24670622166391487
469 784 8 10 0.2115564029571747
469 789 3 2 0.1780932411071054
470 26 8 6 0.36914727550846516
470 267 8 7 0.02430532318646053
471 507 2 3 0.17063463815997126
471 618 2 6 0.37263725112542123
471 1269 3 9 0.37018193472034655
472 118 8 1 0.08199061208233889
472 479 8 5 0.20222344282562038
472 743 10 3 0.07242947767340324
473 1011 5 10 0.2265807544251383
474 724 6 5 0.1508910311083496
474 903 7 8 0.10468957553875925
474 1049 8 8 0.12319375790867865
475 492 8 10 0.019588681311854234
475 955 6 9 0.1172575045258979
475 1047 3 1 0.19711163147567953
475 1119 3 9 0.102431634115923
475 1217 1 3 0.03244711278760806
475 1399 8 10 0.23479899607745205
475 1444 3 10 0.023433745580149462
476 174 4 8 0.16336587321351903
477 403 9 2 0.12673732355500078
477 661 10 9 0.2113208572602313
478 239 10 8 0.1416702538910083
478 443 7 6 0.11637901221642505
478 557 2 6 0.05992700536046541
478 1437 2 3 0.08674458701126157
479 495 1 10 0.20252539741673642
479 641 4 5 0.1889214919918972
479 778 6 4 0.12972197022773418
479 1444 9 2 0.06695282209322609
480 615 6 10 0.2023780004087797
480 1375 9 9 0.3329770483299869
482 399 8 10 0.2500928781096708
482 572 3 7 0.10088663909075156
482 734 7 4 0.3873841458960855
482 888 9 10 0.2582636658819361
482 1294 1 2 0.26858992218074773
482 1464 4 5 0.11135429841346718
483 890 1 4 0.14599873235440033
483 1258 9 8 0.08161684059825947
484 411 4 7 0.025669546863160975
484 721 8 10 0.32108162265207685
484 857 6 8 0.29550135951117157
485 489 2 8 0.18690605665386986
485 748 1 7 0.3466073271367027
485 1194 9 10 0.014854057951547123
485 1314 9 6 0.09217160935235504
485 1363 5 10 0.0836142915157258
485 1478 10 9 0.07980275669200784
486 238 4 1 0.2295142221945693
486 254 2 6 0.1694452615938823
486 480 8 5 0.2291709677209507
486 623 6 10 0.17792708486531406
486 650 3 1 0.32436732427384557
486 832 10 1 0.35724429718513107
486 902 10 6 0.24293834244587878
486 999 7 3 0.23205479702348136
486 1178 5 10 0.1928983484181873
486 1249 3 2 0.2680465807852926
486 1335 3 10 0.37437604800530405
487 159 2 1 0.3084784312048182
487 344 8 2 0.11698565896032355
487 352 10 7 0.07776509648023186
487 791 7 8 0.12223201078954496
487 858 5 2 0.07614846775879086
487 1222 8 9 0.34511783165431065
488 324 2 1 0.2726544109384296
488 406 3 7 0.14125163466681434
488 664 6 9 0.228495895206892
488 690 6 6 0.01713874215707148
488 736 7 5 0.3241287844788502
488 908 3 3 0.3759344443797277
488 1061 1 6 0.206364972010379
488 1170 9 1 0.35153917002888435
488 1270 8 4 0.3400420526377208
489 510 6 9 0.10006752339947052
489 942 5 5 0.027942427048522733
490 8 5 1 0.07120963267036848
490 87 4 5 0.1178926978499066
490 465 4 2 0.2837121370047996
490 557 2 4 0.17748522200986297
490 689 5 4 0.21283438742457153
490 899 10 1 0.13327968892967568
491 324 6 8 0.09003692545865842
491 1114 1 2 0.3401626736788819
491 1133 9 1 0.14544697699078318
491 1242 2 3 0.154627215128051
492 65 4 9 0.11494440075616406
492 118 5 3 0.25584156001344927
492 173 10 8 0.21286670444330597
492 1065 4 6 0.23334178609643882
492 1068 1 3 0.34149494999576396
493 97 5 7 0.2536002680631673
493 400 7 10 0.34407391586768366
493 566 8 6 0.20024929753150597
493 659 1 3 0.19765857797289507
493 870 7 2 0.20036370135501294
493 1051 8 8 0.244169089329205
494 154 2 8 0.036710172855448114
494 305 1 10 0.1508813417853948
494 690 1 1 0.2509367223570904
494 692 2 2 0.24914569421986668
494 1288 6 1 0.2565293072799918
494 1428 2 4 0.12189231518700851
494 1444 7 6 0.16702295658891914
495 61 5 10 0.21858742710434736
495 670 9 2 0.3933718923905768
495 935 3 1 0.06993346018029095
495 995 3 1 0.20179415773961032
495 1155 9 7 0.11002978694165046
495 1247 2 7 0.23990600036810322
496 132 1 1 0.11463188641391511
496 261 8 5 0.23346836154339418
496 742 1 8 0.031431636507844696
496 825 9 5 0.3060807535065082
496 844 5 2 0.16709302608159743
497 477 1 10 0.1560008975390082
497 630 2 3 0.07278736866446012
497 1048 1 6 0.07271900510771873
497 1146 10 8 0.2906155520099151
498 59 7 6 0.24726964593453088
499 17 8 1 0.12192311058155376
499 20 6 4 0.26995140639804727
499 656 1 1 0.3498601793591156
500 754 2 4 0.09281386555280771
500 1011 8 4 0.21279617395259273
501 68 5 4 0.2133896142162158
501 313 5 9 0.18255511149945045
501 327 4 3 0.24477857024508454
501 782 10 6 0.2786725480562247
501 1280 1 1 0.1812562148899046
502 350 4 2 0.21447980454099067
502 392 4 1 0.3045041843194898
502 970 5 4 0.04499780030991443
502 1182 6 5 0.24423451745825953
502 1471 2 2 0.1830941119620541
503 290 4 10 0.08023353693356315
503 451 7 6 0.13076394770296523
503 1126 10 7 0.22084858454694778
504 49 3 1 0.24076064802433284
504 1233 7 3 0.21031827391980285
505 628 9 5 0.25140040510039285
505 1125 1 3 0.08861889189099127
505 1468 1 8 0.0751023057414531
506 257 5 4 0.1260993295871186
506 515 7 7 0.02090055851047562
506 681 2 10 0.1888294150467343
506 1479 6 6 0.2095522365873933
507 16 2 8 0.17747803274344207
507 116 8 5 0.16527390881129916
507 1140 4 1 0.053697796214869836
507 1162 1 9 0.20709158595114177
508 68 5 9 0.18988706957642287
508 97 5 8 0.23895941161373863
508 433 6 5 0.27607217998221456
508 712 9 8 0.29897709786349286
508 778 5 1 0.27045164304843317
508 957 3 6 0.0671503838864613
508 963 3 7 0.3128475914544312
508 1199 1 7 0.09765349114597999
509 445 5 9 0.29753548398806395
509 649 2 8 0.1962034427206322
509 695 10 4 0.3785622302639078
509 1165 6 8 0.3079459875056227
509 1312 3 9 0.2287687692614306
510 174 8 6 0.05171958882916128
510 987 5 2 0.28447088687008015
510 1223 3 5 0.18207637249051659
511 1156 4 8 0.08908747244620176
511 1206 8 2 0.3163418796329319
512 267 4 10 0.16062209808275224
512 268 6 9 0.23000721791663395
512 907 1 3 0.0975498635811863
512 1091 3 1 0.20752493141615364
512 1322 4 9 0.14207034386541895
513 94 5 8 0.253377538360164
513 614 10 3 0.22580726361185213
513 728 1 9 0.2498055563457452
514 231 8 9 0.25308065397104257
514 1319 7 1 0.1114837159538505
514 1494 1 7 0.2427775143098865
515 618 3 4 0.3224386780832247
515 674 10 6 0.0349092837033603
515 1381 9 6 0.3244844837511122
516 30 6 3 0.23228486623008904
516 177 5 1 0.08112063995855587
516 378 8 6 0.11366373510323531
517 404 9 8 0.03348774657000311
517 762 10 7 0.2069025696110862
517 947 4 7 0.2933500027243683
518 122 5 6 0.19835877055261816
518 1363 5 9 0.19412054305682894
518 1374 9 5 0.1358092994636273
519 83 9 9 0.19725727190112868
519 540 7 2 0.24890635579773077
519 1152 1 5 0.3091541344940999
519 1334 3 10 0.11412957280261606
519 1364 10 5 0.39739184342437905
520 672 3 7 0.13047625010966674
520 731 7 5 0.16591782270344202
520 1230 7 6 0.2079228795951695
520 1435 5 9 0.17548909170581525
521 190 4 5 0.05468385186302105
521 321 2 9 0.23943828706989598
521 737 6 8 0.3035026109160953
521 749 3 1 0.15693302440907103
521 1195 2 8 0.35300688132236047
521 1375 9 8 0.2587481119354405
521 1399 7 6 0.20013980371094328
521 1464 1 4 0.08997174608087564
522 43 7 1 0.211683169818775
523 157 5 6 0.30747616045385046
523 1468 2 2 0.2976418984509822
525 607 6 4 0.0695872980197581
525 1195 10 1 0.22225071754771475
525 1418 6 5 0.2744598458055365
526 132 3 5 0.2324983360384465
527 395 3 5 0.19158139825521364
527 428 8 10 0.1817324720943644
527 511 2 4 0.21087819838719357
527 727 2 9 0.3867199756250155
527 868 8 9 0.23669710284189205
527 1108 1 3 0.22543536848279044
528 278 3 9 0.24230799223965088
528 622 2 4 0.17809353179232737
528 656 5 7 0.2864593293338965
528 768 4 6 0.14913806561036783
529 92 6 7 0.008406057796150834
529 545 4 10 0.08067818359855525
529 772 4 5 0.23302205637865053
529 816 1 5 0.11637234297511169
529 1066 8 5 0.27852625757886484
529 1072 10 8 0.37269386258088055
529 1248 2 6 0.12255116268277556
529 1460 4 2 0.25430749717194123
530 631 5 1 0.14622633924624345
530 1101 9 3 0.353793124327345
530 1172 1 1 0.03917924802593728
531 294 6 2 0.09731868952676755
531 355 7 3 0.23714452149836532
531 564 6 4 0.09059087243132931
531 746 9 9 0.2735128066713442
531 865 10 1 0.09035525798555369
531 1185 8 5 0.39992860326795904
532 444 6 3 0.32049086931683934
532 450 8 7 0.28593718876660457
532 545 5 10 0.031693203112243745
532 929 1 7 0.18837039673954273
532 1359 8 9 0.3420996635644695
533 342 2 7 0.018605916269507472
533 490 9 5 0.3152261972688663
533 515 2 5 0.29584436151894833
533 819 4 1 0.17279288642315463
533 1282 4 5 0.17115703910815114
533 1326 6 4 0.27399888137084394
534 407 3 1 0.15792238355138527
534 799 8 3 0.07631982404374635
534 1354 9 10 0.11081056401823444
535 80 5 5 0.14162484060537078
535 754 10 7 0.09624861537962463
535 1170 2 8 0.28967275207748017
535 1191 10 4 0.1610395759827135
536 201 5 9 0.20281859978866335
536 337 6 6 0.16288303840940363
536 627 7 1 0.2434535400058325
536 1059 6 6 0.39540845259934493
536 1230 9 6 0.026471655166011188
537 340 5 2 0.030345828443687856
537 1345 7 4 0.1855139184390483
537 1495 10 8 0.11197939066052161
538 535 5 9 0.21232371556867174
538 651 1 2 0.31139160225767837
538 809 8 6 0.12086327909205764
538 1157 9 9 0.3583355015877656
538 1303 4 5 0.2281454936596193
538 1385 10 5 0.25239798254784385
538 1460 7 4 0.20810252996405537
539 306 3 6 0.3678719777357642
539 416 1 2 0.11207530886612678
539 513 10 3 0.17478828775292457
539 562 9 5 0.1618063312865469
540 14 8 5 0.22429714820417848
540 141 8 10 0.15114959385915844
540 783 8 8 0.022950985295070003
540 1124 9 2 0.14903246662709663
540 1292 8 9 0.14978697411701397
540 1294 4 2 0.0854381743761841
541 60 5 4 0.3627464596792396
541 196 6 8 0.23648374176978185
541 531 3 3 0.23895764014171067
541 911 8 3 0.20482212689408819
542 495 4 4 0.32587594844692536
542 738 4 3 0.3226480113634367
542 958 4 6 0.26467190932576035
542 1191 5 1 0.14881390686508789
543 40 7 1 0.1460628956988258
543 185 9 9 0.20654422720275475
543 301 4 8 0.10261280914661568
543 601 5 9 0.1800326876742038
543 812 3 9 0.26956070436632
543 1274 7 3 0.08189293287315787
544 17 4 7 0.3992930635742148
544 1087 2 6 0.1727863408161127
544 1104 4 2 0.34489443866297914
544 1145 1 6 0.1834300814923851
545 398 1 10 0.15849459969477983
545 766 10 6 0.044137935633963093
545 988 4 2 0.2285556813120048
545 1273 1 4 0.25849411099375924
545 1275 10 6 0.32734561845892346
546 182 4 5 0.18750075142584993
546 617 1 5 0.1309304365504715
546 833 7 8 0.21277076095890118
546 1087 3 4 0.18822871787008968
546 1485 8 2 0.17142147255136764
547 17 5 5 0.2969379485587414
547 68 10 3 0.27932228696925954
547 269 10 9 0.2881974735113806
547 314 2 7 0.32463716330075926
547 345 4 5 0.23984550232287813
547 1491 8 5 0.2236352269245816
548 131 1 9 0.17124967654104128
548 393 9 4 0.09976720280142103
548 1193 5 9 0.3967301103906811
549 230 6 4 0.22463702748467596
549 405 3 9 0.18387556561560325
549 776 4 5 0.07959492652061688
549 963 7 4 0.0892705193146677
549 983 9 10 0.1562827783801302
550 299 1 4 0.0526300089663399
550 853 6 9 0.10774311012528649
550 1054 5 3 0.14674562586080547
550 1281 2 8 0.3695743892516483
550 1382 6 1 0.3162975735655931
551 932 2 6 0.159371707458972
551 1177 9 2 0.12116698869000449
552 26 9 7 0.12422697560311254
552 102 2 4 0.34823009368185043
552 623 10 6 0.06774037284265128
552 734 4 7 0.2612883814466807
552 793 1 2 0.0023673541841201517
552 831 6 8 0.26758690554265907
553 159 9 5 0.3458337704022125
553 617 3 5 0.27085894921741616
553 870 6 1 0.1520128827046469
553 1326 6 6 0.10624844363781769
553 1406 10 7 0.21379347698509818
554 55 5 6 0.08986921195477385
554 137 2 1 0.33156190161418936
554 238 1 8 0.12122549906282458
554 424 6 9 0.3600189630252256
554 1029 6 5 0.12381039938008954
554 1382 3 6 0.11646845139522737
555 59 9 8 0.11373415101058214
555 1136 2 4 0.29171066345910907
555 1482 6 1 0.28404733336373084
556 438 6 8 0.2990265431917858
556 529 6 6 0.23444395814043667
556 652 4 3 0.3845626403728529
557 677 6 6 0.26329870514122355
557 957 7 8 0.2731704896623022
557 991 7 3 0.257113082715721
557 1005 4 5 0.15819735270566182
557 1179 4 4 0.34006094848095125
557 1328 5 4 0.38595065397258055
557 1402 1 4 0.0897527719924469
558 199 4 4 0.03523758507177932
558 305 8 7 0.27555151359330377
558 398 5 1 0.2802585529396499
558 877 3 2 0.06314333705536024
558 1192 5 3 0.24778353117462065
558 1356 10 5 0.001057631327896963
558 1494 5 10 0.08157160879641244
559 1297 3 5 0.09963188415688429
559 1324 5 10 0.3854501751476077
560 296 2 3 0.19389123821968504
560 440 6 1 0.14739100660997628
560 1249 4 5 0.059305585438429564
560 1379 10 2 0.10854150466492625
561 637 8 9 0.04037923698394322
561 985 9 7 0.053458684692410136
562 219 7 7 0.28925181021204605
562 635 6 5 0.16861003386260082
562 805 2 4 0.3344102593755365
562 952 10 3 0.3714492197942373
562 985 6 4 0.24670737738685058
563 66 2 10 0.17881433784058048
563 124 1 7 0.29832275302247235
563 549 1 8 0.07247329459729934
563 699 8 8 0.005390251481839664
563 933 9 5 0.004845935965914788
563 945 9 7 0.2657917011319833
564 274 3 7 0.2869568983459489
564 391 9 1 0.12996309475507783
564 475 10 6 0.32536485907077406
564 653 7 8 0.1875441706282899
564 656 3 9 0.3409649969498537
564 1072 10 5 0.20036861482993198
564 1189 9 3 0.08763719072167817
565 59 1 2 0.12192597065186925
565 281 5 5 0.13744258921374408
565 607 4 3 0.16426006419809458
566 949 3 10 0.30319778885432097
566 974 10 5 0.10743330812151393
566 977 10 8 0.27184977481783007
566 1037 2 3 0.16515236001459166
567 120 2 2 0.04033715500663229
567 287 5 10 0.1469501334805851
567 651 6 3 0.2655294112994212
567 734 2 7 0.26820127090676793
567 1496 2 4 0.3754119706719852
568 455 9 1 0.010436451889803966
568 507 9 10 0.18940186222439395
568 565 8 8 0.24520510081433755
568 1146 8 5 0.15900049990529136
568 1496 3 5 0.39130385514903526
569 1081 4 3 0.301851896222034
569 1164 7 5 0.26693626018992833
569 1389 6 1 0.21870891351423272
570 125 6 10 0.026832084141648088
570 296 5 3 0.21254450778083595
570 439 5 1 0.3885976717563445
570 611 8 2 0.3248964990638025
570 746 4 8 0.26149388340309077
570 839 2 10 0.16019982861558518
570 1124 4 6 0.09659763113847428
570 1431 7 3 0.12989960778767246
570 1468 4 9 0.18515756786877122
571 153 5 5 0.20102055622653267
571 791 6 8 0.2168221563748522
571 939 2 3 0.3972809060613984
571 1212 10 8 0.11019482885820656
572 205 2 1 0.17927858788302536
572 249 5 9 0.2689798823101176
572 461 7 5 0.1227653193336521
572 542 2 10 0.3062195667862045
572 978 5 4 0.15601520494027735
573 170 2 9 0.14614979885534435
573 682 1 2 0.13098969035690408
573 848 5 10 0.2905684860710301
573 1475 3 8 0.08695301448108611
574 457 1 5 0.17547058641070307
574 868 10 8 0.3120905096862485
575 174 7 4 0.060352344449155576
575 254 8 6 0.08926026478146414
575 980 7 5 0.12495897031848405
575 1248 4 3 0.27477815875548983
576 139 7 7 0.34517891974893855
576 240 4 6 0.13662835254936434
576 654 5 1 0.10318115249143642
576 1202 10 3 0.16454160351588037
576 1301 6 6 0.19966697780718545
576 1442 4 5 0.32137977423107117
577 334 7 4 0.1425698221185142
577 628 6 10 0.0967103595451523
577 755 7 9 0.12181631156628232
577 1456 6 8 0.026557070076662442
577 1499 6 8 0.31754467442819645
578 103 10 10 0.2216681144267387
578 667 2 1 0.20791893287642954
578 806 7 8 0.30681728213981363
578 1256 5 6 0.3210618633776458
579 153 8 8 0.2085341788795004
579 259 10 8 0.11365116344392732
579 700 10 6 0.21643879887386572
579 881 3 5 0.2956956144120766
579 1012 7 7 0.36189019775072573
579 1105 2 6 0.0837172216123312
581 341 10 3 0.10341168864251464
581 1058 6 5 0.33515793824641543
582 224 4 2 0.14316190114485644
582 274 8 9 0.3493055860322899
582 425 6 2 0.22184230629861607
582 700 3 5 0.2786682911053576
582 735 6 8 0.15602616151671367
582 864 8 10 0.04902858576962482
583 171 5 4 0.38257150801757067
583 246 8 8 0.22837493342316958
583 634 5 3 0.3127853279905226
583 728 1 3 0.0775060212454254
583 1421 5 10 0.06011556094913317
583 1432 10 3 0.28195122191451705
583 1454 7 1 0.07062932775192032
584 314 3 3 0.22208536908382182
584 662 1 6 0.21120599444932106
584 1338 9 4 0.20054009878088153
585 630 9 1 0.196850451693137
585 661 7 6 0.1462947490083156
585 805 5 7 0.33178219258616437
585 1249 6 4 0.21458405774208442
586 10 7 10 0.1958432464189112
586 241 5 10 0.36430930740599143
586 1316 2 2 0.2897105416919756
587 236 3 5 0.17062199419287888
587 1282 9 10 0.0826491245524827
587 1438 8 1 0.3410126756671394
587 1474 1 5 0.39558243534315696
588 43 6 3 0.07454223257574982
588 122 3 8 0.08992258474180272
588 335 6 5 0.148054471127596
588 741 5 3 0.19090369414226827
588 888 4 9 0.09296973938378668
588 1275 4 4 0.38545717239377114
589 7 3 10 0.06598928853883226
589 49 5 10 0.3077312226534046
589 81 9 1 0.3509211447869557
589 417 4 8 0.2240696606064299
589 634 7 5 0.009656158064238946
589 649 4 8 0.12636072125024497
589 850 9 2 0.3012754683597047
589 1033 1 4 0.19990139176954458
589 1179 2 3 0.307907308334051
589 1262 5 5 0.37473090520619534
589 1334 5 1 0.25444707002339095
590 320 2 4 0.051366193598803234
590 580 1 9 0.1172405982469476
590 1302 5 7 0.050572180310314685
590 1325 9 1 0.15594194104910025
590 1399 9 3 0.22842658083809453
591 19 6 3 0.36506651265949175
591 34 2 8 0.3598105227675571
591 83 5 1 0.13874607442996179
591 221 4 5 0.3859635111104045
591 371 6 7 0.3983397439199936
591 403 9 8 0.21078854451657705
591 819 2 7 0.2651261108986017
591 1163 10 4 0.1615038392483128
591 1471 3 8 0.11690305885740362
592 53 7 4 0.16790487623562683
592 558 10 8 0.2654111189911057
592 1422 7 9 0.11554601800551055
593 333 4 3 0.21604166813251346
594 98 4 10 0.19841716119282213
594 291 6 9 0.13914737918356979
594 1089 4 1 0.17736177720341684
594 1252 10 9 0.2276526090989135
595 47 5 5 0.028226661070539033
595 580 3 1 0.2575303070766414
595 1038 10 3 0.22517367602701885
595 1301 4 10 0.3520334742382877
596 429 10 1 0.24583812494072385
596 692 9 8 0.11026889257068416
596 939 7 1 0.2765525631230951
596 1382 4 2 0.11573547248920306
597 1154 10 3 0.3309391620821125
597 1249 10 2 0.218115390894532
597 1466 10 4 0.03455620337902096
597 1498 5 2 0.13122889583510536
598 76 2 9 0.15062431565440176
598 437 7 9 0.18169740710629562
598 675 5 9 0.2393152988217378
598 919 2 6 0.14184194343667955
598 1074 5 10 0.0731445457228819
599 84 8 4 0.2604280106183171
599 95 2 2 0.2644730440432247
599 176 1 2 0.39886220313249965
599 255 3 6 0.16961043662067243
599 317 6 9 0.06508103526881567
599 1032 4 4 0.061507239840798394
599 1170 5 8 0.08475507833045583
599 1217 1 2 0.36303736933761255
600 14 10 2 0.13797162863478935
600 791 8 9 0.31085579800976026
600 1122 7 8 0.14288258139677493
600 1182 9 9 0.2167980585671896
600 1207 2 3 0.3240535321580404
600 1237 10 2 0.007082518862744941
601 216 5 7 0.38030292623122813
601 498 1 5 0.1547346067073321
601 1024 1 5 0.21445566457966583
602 335 4 8 0.11866443040194678
602 401 5 2 0.1335940158522338
602 1094 8 4 0.38905215765246803
602 1147 6 5 0.09232379991854966
602 1188 9 10 0.2340147648690298
603 8 1 1 0.3654519491480521
603 153 1 2 0.17925418778475166
603 280 8 10 0.056649756954528535
603 579 2 10 0.06314575950022194
603 710 9 7 0.37436585377178944
603 781 4 2 0.32794494619368897
603 917 8 10 0.18251522079690824
603 1238 1 4 0.29833283454240067
603 1297 2 9 0.07723175922712154
604 1078 6 7 0.28930832430515374
604 1472 3 2 0.24152258262987686
605 42 7 9 0.0327500945318458
605 489 4 6 0.33837662626036846
605 641 10 6 0.19376794585718646
605 653 9 2 0.18528793942692093
605 937 1 1 0.05024858836832391
605 976 9 7 0.24820856180311565
605 1154 3 5 0.2842457808960732
605 1408 5 5 0.2658321498463796
605 1413 1 6 0.2608449159709781
606 594 10 8 0.22806342131801186
606 699 3 3 0.2308628507880398
606 1053 2 7 0.3039980364348561
606 1215 3 10 0.04819755722240504
606 1333 8 10 0.3628606138678376
606 1355 6 10 0.39611735613619425
606 1452 6 2 0.059121258920318
607 115 2 10 0.3646451420635689
607 139 4 6 0.04837444419395656
607 670 1 10 0.2536838618741861
608 538 4 10 0.15455165129768644
608 730 2 10 0.11232074440566066
609 692 1 7 0.05280646227675578
609 1294 8 7 0.25210628663813983
610 244 9 10 0.31893606268787555
610 655 2 9 0.0840018279301353
610 1345 4 5 0.09440798359871537
610 1349 1 1 0.16593339938822052
610 1465 9 2 0.25007277795880234
611 466 7 9 0.2740840252314055
611 490 3 2 0.335467948867587
611 590 1 4 0.22307099449701948
611 1078 6 9 0.3393415381266336
611 1362 6 1 0.3263354359177051
612 368 9 10 0.18299334336965928
612 507 4 5 0.3307024990511626
612 954 6 2 0.3223604098674978
613 91 8 10 0.10441757075009854
613 342 6 4 0.08886764330126219
613 936 9 4 0.10372670264009301
613 946 9 2 0.22013484987628096
614 469 9 9 0.20808145070436695
614 587 1 6 0.21663473497871977
615 477 8 5 0.21790655480166268
615 1067 7 2 0.22067817749676508
615 1309 3 5 0.19192853379396002
615 1378 4 1 0.02974436485235446
616 331 7 4 0.36696467244495523
616 539 7 10 0.14530975791320078
616 577 4 7 0.08036842854585131
616 822 7 8 0.3531483872993195
616 1016 6 4 0.0705365802753945
616 1092 9 5 0.1668006670905795
617 392 10 6 0.1323173297206361
617 704 5 8 0.21092516083512364
617 713 4 7 0.19806365601678746
617 1107 1 8 0.02729377098597191
618 620 3 1 0.12498124250873167
618 1062 7 5 0.09929271736923491
619 328 6 7 0.24069464412054414
619 405 3 1 0.19193239488948707
619 963 7 10 0.26462036950383117
620 242 1 6 0.2461759815795308
620 341 4 2 0.3481693796318832
620 448 8 9 0.3155214239492971
621 361 1 3 0.1226780958206846
621 939 4 10 0.22003880659414635
622 51 4 1 0.02848032720034352
622 134 7 10 0.07349782547320366
622 427 3 5 0.08033788048783708
622 444 4 2 0.22036140703915852
623 5 5 1 0.23873678843011842
623 589 7 8 0.17431938376480025
623 770 7 1 0.3257989615779241
623 1240 3 4 0.3212302110398768
624 97 8 3 0.3273427660827423
624 127 7 1 0.15052915853114993
624 192 3 3 0.035360165931707876
624 394 5 2 0.2327471347388641
624 1042 9 9 0.14947922902940025
624 1156 2 5 0.16893065612181546
624 1185 8 8 0.09135780674296419
624 1341 8 9 0.08168198609805871
624 1477 8 10 0.13924327433076664
625 745 9 9 0.3622211355722104
625 939 2 8 0.26588147720180977
625 1206 10 4 0.13230240371532145
626 96 7 5 0.24030524980987478
626 357 6 2 0.15121742688464748
627 9 10 3 0.14872586432021417
627 1071 8 9 0.049842436488006764
627 1262 6 6 0.14361350415542012
627 1283 3 5 0.2028601244517081
627 1334 6 10 0.13087048532696716
627 1363 2 8 0.15866624703942955
628 262 5 9 0.17190338905390448
628 1136 10 6 0.1963913557805705
629 4 5 2 0.24421177268970878
629 46 4 7 0.131315158917235
629 734 1 9 0.15370258256150202
629 842 9 3 0.060016724561519685
629 1001 2 9 0.19019719548587224
630 597 4 10 0.06090130239964006
630 834 2 5 0.1668356891925386
630 938 1 6 0.29804653521646896
630 1043 9 10 0.2269138334377245
630 1046 4 5 0.014028938860705692
631 330 7 1 0.0426579012975811
631 532 9 7 0.21336083710087897
631 602 3 7 0.19949648380584073
631 719 5 4 0.17919160322871275
631 912 10 7 0.18060836248082782
631 1007 3 10 0.23072516261357712
631 1253 1 9 0.2814927349411913
631 1444 1 4 0.3102630757614118
632 436 8 1 0.052832714003503284
632 711 6 4 0.1165812750433466
632 826 6 2 0.02865455194245306
632 886 5 8 0.14941545843430007
632 1200 9 3 0.08912102785329665
633 28 6 1 0.30823003913859776
633 345 4 2 0.2618722245732655
633 469 9 9 0.06003083036819709
633 704 3 2 0.35150373630540105
633 715 8 1 0.3144388560118459
633 819 10 9 0.21591206924281175
633 1073 7 2 0.39971448381235547
633 1251 1 1 0.14917760539142064
633 1367 6 2 0.09860294744150151
634 18 1 3 0.028112856691332677
634 321 5 2 0.09429966787127496
634 923 9 2 0.2501406847540355
634 1311 6 6 0.11048128291238625
635 268 2 5 0.15088713606019344
635 1061 6 5 0.008725798884797215
635 1343 5 7 0.1699439250423289
636 444 6 5 0.3397182213582064
636 462 6 8 0.25805430975996535
636 1332 9 3 0.0002690570228138234
636 1432 10 5 0.3371614700916434
637 548 4 10 0.061881824944631014
637 1018 4 4 0.10183937963067248
638 338 1 6 0.308227763606443
638 941 9 3 0.26679089631415265
638 1137 3 5 0.10788852350313513
638 1241 3 2 0.17766475176128027
639 200 2 6 0.2945178228741221
639 698 1 7 0.14007508438012511
639 808 2 9 0.027470258914964046
639 853 8 3 0.21783352147015808
639 1272 8 9 0.3823932057563428
640 7 4 7 0.32020708942732323
640 959 1 1 0.2264943831194464
640 1452 6 6 0.20069721773062937
641 219 4 4 0.32938175066142816
641 916 5 6 0.2987102619536584
642 191 1 7 0.300450385116524
642 333 2 2 0.3306516921456537
642 745 10 6 0.3369083871720556
642 1386 8 3 0.06991111390497062
643 407 4 9 0.22981546697441008
644 115 5 7 0.20558860196462683
644 343 9 8 0.043989687182542786
644 877 2 5 0.26906225811092704
644 880 4 5 0.2428832539784611
644 1227 9 5 0.10596269503472405
645 743 8 1 0.06397572469682655
645 1265 1 3 0.3335704843143745
645 1391 7 6 0.04991818642287915
645 1483 9 6 0.06689455788977242
646 102 9 1 0.10531859307192268
646 184 2 4 0.010151261712056964
646 381 8 6 0.204331306489796
646 462 9 3 0.19611704030925017
646 484 4 3 0.2438934185194113
646 711 8 5 0.06536745487515422
646 796 5 6 0.11276605617704855
646 1278 6 10 0.06126405251510697
646 1389 8 1 0.03129264285387437
646 1422 7 7 0.0768521536971955
647 735 1 1 0.1324273171571523
647 1157 8 5 0.37334027105582496
647 1251 10 9 0.3609141188100554
647 1395 9 8 0.2926794899283371
648 10 3 2 0.24714474354034296
648 61 6 7 0.20186645424315403
648 658 7 3 0.042363154513680085
648 856 8 1 0.3066836700038368
648 907 6 2 0.028387677504674302
648 929 10 8 0.30549145872033107
648 1160 10 5 0.18088670300654808
649 1 4 1 0.20732536530285575
649 187 10 8 0.3911750911661033
649 609 7 6 0.24063844493992848
649 701 4 8 0.11591200245617579
649 829 7 1 0.04800317358456843
649 872 6 5 0.3305937731770217
650 70 2 1 0.007249302317043127
650 203 10 4 0.0017281125269335562
650 797 10 1 0.15025666313654207
650 1040 4 7 0.27266432479344627
650 1468 6 6 0.16739277954582737
651 4 6 7 0.11733792844462677
651 387 9 7 0.2940885967069568
651 784 2 6 0.24996837594143814
651 897 3 6 0.29374004807676246
652 172 8 7 0.3405303370833217
652 748 5 4 0.0685004268185593
652 896 10 7 0.27099314183314877
653 214 7 8 0.219795771819208
653 876 1 2 0.14212946010756894
654 38 9 5 0.1488283462089277
654 126 5 1 0.31694488983683905
654 249 4 5 0.2641973608180387
654 362 7 1 0.33180556337172407
654 487 5 10 0.28919054102337627
654 562 4 3 0.15243870776112753
654 968 6 6 0.0545496861275101
655 246 6 2 0.3482138067200396
655 256 8 1 0.11917042664547352
655 541 8 9 0.2492445202785544
656 318 3 9 0.2511819095921316
656 721 2 2 0.03856119422964155
656 1371 6 3 0.1454322887450275
657 189 5 3 0.3454800652410192
657 393 7 2 0.18549516517531303
657 509 7 2 0.1451441226882322
657 775 7 1 0.24340668600716717
657 783 3 9 0.07983206634312726
657 921 7 9 0.2234580538559465
657 946 10 8 0.12352742193860623
657 1273 10 2 0.30178677394871994
657 1307 2 3 0.33977725594804564
658 97 10 10 0.010732113224536682
658 903 6 4 0.16056364790190658
658 1254 5 10 0.2658823830666818
659 607 4 2 0.06237736447802267
659 977 5 8 0.03616607165891697
659 1061 8 9 0.17116596327188388
659 1277 5 6 0.3071812704188369
659 1461 1 4 0.18912388398803948
660 459 9 2 0.14858499074672823
660 632 5 5 0.19358324451100845
661 290 7 10 0.1634999669748647
661 470 8 7 0.29854724491403645
661 797 4 5 0.1565053152234777
661 895 7 8 0.06376828249933875
661 984 6 7 0.13088155319095848
661 1090 7 1 0.2263313949495637
661 1131 8 4 0.30594235191725816
662 51 5 2 0.078254861108668
662 103 5 3 0.17403244499054654
662 153 6 2 0.0654349455621063
662 624 1 5 0.33691082176675863
662 688 2 10 0.05433058008799346
662 942 8 5 0.27787816666404425
662 1260 1 2 0.15483816475360354
662 1365 6 3 0.05814402117038192
663 1285 2 4 0.06541040020438699
664 326 6 2 0.07649408803124023
664 856 7 8 0.11148120958057935
664 885 10 6 0.2865666373110432
664 1321 7 5 0.10975367077399849
665 385 4 8 0.28011075213914194
665 710 2 5 0.06734127547046281
665 991 4 3 0.14436138444270535
665 993 2 9 0.31609661358696994
665 1361 7 8 0.1752871012091904
666 300 10 5 0.30589782346667527
666 573 1 6 0.15650553117167257
666 916 8 7 0.0841517596395897
666 1009 2 3 0.11519493397904822
666 1254 2 2 0.16035015297767796
667 80 2 6 0.24510747718927176
667 228 9 2 0.12020662821103835
667 365 9 5 0.29226409882716475
667 405 3 5 0.13393164688489123
667 463 7 10 0.37632851363262226
667 615 4 7 0.10265753253025534
667 645 8 9 0.12686305573657466
667 804 10 3 0.23151057510340012
667 885 6 8 0.3919897483120548
667 935 7 9 0.21790836253256624
667 1145 5 10 0.38928134958478733
668 209 7 6 0.2786352188379551
668 243 10 3 0.23025153744089077
668 371 2 9 0.352699538973666
668 569 3 5 0.14884904409480285
668 787 1 6 0.03083655611334865
668 1228 4 6 0.37060665979997304
668 1460 2 8 0.17344660649904406
669 87 3 1 0.38018103977123613
669 638 5 8 0.10100077419699985
669 655 6 4 0.09273620058777067
669 734 7 4 0.15136454750601516
669 1492 7 7 0.20639524581458032
670 114 1 8 0.2100874702801519
670 512 5 10 0.06054670036565146
670 590 7 1 0.1828211839403472
670 734 7 8 0.14797538289883477
670 881 1 7 0.09164536934609292
670 961 8 10 0.038295167599412594
670 1286 10 4 0.09827867963961444
671 227 4 6 0.38436260795818605
671 377 7 10 0.2644273528105804
671 779 4 3 0.02706394917460625
671 980 4 3 0.20841307687759758
671 1282 2 9 0.15016464511238406
671 1461 2 9 0.22717156185807805
672 71 3 9 0.0429700407082754
672 517 10 4 0.3366803616775784
672 813 5 5 0.35360266723568456
672 1009 10 3 0.22247010473619072
673 163 10 5 0.3743539364793802
673 256 6 7 0.2936561276376453
673 637 3 1 0.27988445975950826
673 1287 5 7 0.14575167544217482
674 59 3 2 0.3622814396101328
674 165 6 1 0.3788296404529773
674 695 3 8 0.1790452754997976
674 909 1 4 0.22982072653387908
674 1071 2 10 0.003452529382694719
674 1204 8 7 0.17433413611240942
674 1417 2 8 0.31143535799650585
674 1473 8 9 0.008972061279501203
676 944 7 2 0.3101098601624609
676 1215 4 3 0.16559685785136702
677 135 6 3 0.049749727608785266
678 23 3 10 0.18239529993605114
678 111 3 3 0.13247288723036632
678 526 4 7 0.054770328904931304
678 552 10 9 0.2635327297133267
678 703 4 2 0.1652218230884183
678 1273 9 3 0.2942787368199421
678 1361 4 7 0.2533190745771483
678 1369 5 6 0.22118271591703542
679 1175 8 4 0.20884451687521402
679 1230 8 10 0.23147165560464128
679 1434 2 2 0.3059118747064915
680 150 3 6 0.37631937100345836
680 234 6 6 0.2700592168041164
680 608 3 2 0.19911716657466672
680 766 1 3 0.07117259640261261
680 919 8 7 0.2862283297240256
680 936 8 3 0.333363217087602
681 562 5 1 0.08761161947288122
681 601 5 3 0.2630802137738987
681 761 1 3 0.006113454602550555
681 1456 2 2 0.2309329782072239
682 3 5 4 0.19324105886690685
682 891 10 3 0.23792949213305883
682 921 4 8 0.3217860973157528
682 1061 3 10 0.03268711145435951
682 1439 8 8 0.02846382166002384
683 241 2 3 0.3084727627440206
683 427 2 10 0.08828600653400724
683 652 6 6 0.32434704560738953
683 955 2 1 0.22833472308634725
683 1390 1 9 0.26180497583526874
684 334 5 5 0.1317541392732015
685 228 5 8 0.07241720558140369
685 799 10 4 0.12873208658859064
685 1322 3 8 0.17541764654552597
685 1426 8 7 0.1974697134457986
686 267 8 3 0.118703857322402
686 344 3 1 0.38717255610339885
686 713 4 7 0.10641007664592232
686 724 1 2 0.025185198776286555
686 909 10 3 0.05950271529684781
686 937 3 2 0.09624171316784197
687 311 3 2 0.1776431284084786
687 446 8 1 0.3071662395318386
687 506 4 2 0.18439373911452878
687 903 3 6 0.3625617359995301
688 749 6 10 0.2333400257599916
688 938 4 4 0.145945024171764
689 618 5 5 0.22844929033184366
689 1075 9 1 0.1509028400655531
689 1227 7 4 0.24993078113807132
689 1254 8 3 0.2915828221421429
689 1388 3 5 0.21876493119234736
690 518 7 1 0.308997723865419
690 574 9 7 0.23166324364148416
690 618 10 2 0.15391803451464575
690 1039 8 6 0.205354720040282
690 1046 10 9 0.2843152481114988
690 1280 6 3 0.16296265247905004
690 1443 9 3 0.22594093418969485
690 1489 7 10 0.21295941321857886
691 67 7 1 0.10001262890852161
691 78 7 9 0.32572676083019814
691 406 4 9 0.07622675871682755
691 1054 8 10 0.06927154777504246
691 1146 8 6 0.06786242257135205
692 104 3 8 0.2367673575945278
692 587 1 2 0.2930172518702164
692 995 2 6 0.0657082181044045
692 1177 10 8 0.15672648248238297
693 445 3 6 0.3877025599368365
693 513 1 3 0.28550678202096563
693 571 4 6 0.015297014509647933
693 622 4 5 0.0010607714962879433
693 862 6 1 0.09889829785408498
694 1144 8 7 0.34217700009774726
695 574 2 7 0.22330789666516496
695 760 9 1 0.2556717372285081
695 784 7 10 0.0727659353778371
695 804 5 1 0.2053013775245391
695 946 3 6 0.33938146557461285
695 1292 10 7 0.2824252197502519
695 1372 7 8 0.3278364243099796
696 1480 2 8 0.13161165613751075
697 92 6 10 0.092839647809871
698 193 9 5 0.19395929293945682
698 343 3 6 0.17414320100904415
698 598 6 2 0.29586952513298653
698 846 8 6 0.256056206707002
698 1386 1 10 0.35753678093615127
698 1470 9 4 0.3680680013595311
699 266 4 10 0.18276385755440247
700 50 4 5 0.17062142978849504
700 101 9 8 0.1464805920386281
700 559 9 1 0.23616937177658484
700 830 8 6 0.2102123626120344
701 494 3 8 0.11108950617781312
701 694 2 8 0.08648925319061429
701 705 7 3 0.22293704765401723
701 882 8 6 0.14714918338038308
701 1455 5 8 0.27247904041913434
702 38 8 5 0.16604152040820677
702 845 3 5 0.2857780761403613
702 991 5 3 0.1690189268359354
702 1415 5 2 0.2952153312802428
703 19 8 4 0.23985139942795305
703 227 7 2 0.04704391007602912
703 355 3 9 0.31933316003240136
703 656 2 9 0.047791669948483856
703 847 2 1 0.17099448951644436
703 992 1 5 0.3213444158135582
703 1104 2 2 0.3148966511336113
704 165 8 7 0.07931362953734225
704 318 10 1 0.34173776737359746
704 338 1 3 0.23510734117947737
704 392 10 2 0.21930720316957178
704 494 8 7 0.24681682833638352
704 674 8 6 0.17385583740654886
704 893 6 5 0.13804172121753272
704 1002 7 6 0.12817095082262214
704 1017 5 4 0.15812252540797375
704 1267 4 6 0.2117442688008877
705 199 3 2 0.25626427847329974
705 303 4 5 0.15741966112180372
705 1123 7 7 0.19373229866782957
705 1246 1 8 0.3533914414155179
706 210 6 9 0.27336062777056025
707 277 1 6 0.19612159054712403
707 898 4 2 0.045386336678117895
707 1197 2 9 0.19917128930623143
708 108 4 4 0.33194336353092424
708 623 6 6 0.17999055322623525
708 1068 1 5 0.3164475904821091
709 476 8 10 0.12020720256593771
709 489 6 5 0.1954873362713724
709 714 1 9 0.14334279279649004
709 743 4 9 0.27297483925520005
709 849 1 2 0.008445412434549104
709 1271 6 7 0.009963481095895177
709 1363 2 2 0.22563544821826892
709 1418 1 7 0.04363482159846885
710 28 7 6 0.12754233712406526
710 327 9 2 0.06337399238123859
710 412 4 3 0.24011047244805
710 563 5 9 0.2294905226650464
711 512 2 6 0.1776185647074441
711 834 1 10 0.22422964293729197
711 1002 9 7 0.05387067747034241
711 1132 4 8 0.026316716877941737
712 275 9 5 0.2994659698257113
712 1201 1 7 0.31152009259148195
713 873 1 9 0.05826905250141351
713 1344 1 2 0.019979115006876574
714 697 9 5 0.3851112828563207
715 7 6 2 0.26111006305290263
715 298 9 2 0.32711163987763914
715 663 10 4 0.1394037512511154
715 847 9 3 0.020520355446950495
715 884 4 10 0.03809899875738723
715 956 8 1 0.045392693390773065
715 979 7 10 0.2316299583170166
715 1057 3 10 0.1628823414765954
715 1165 5 9 0.15979632113563252
715 1189 5 5 0.003490976821385716
716 456 4 4 0.20351294838065492
716 575 2 6 0.19897413746431558
716 694 5 8 0.054065914994914116
716 996 8 1 0.26507365278659184
716 1102 5 3 0.18735779330985916
717 274 1 3 0.25535572488856684
717 774 10 3 0.2633829426316332
717 1237 2 1 0.22984043586962552
718 638 5 4 0.29867363952278414
718 756 2 2 0.2330622945143712
718 931 7 5 0.37946210500519373
719 649 2 6 0.15534567539230726
719 696 5 1 0.12160410380358219
719 1170 7 9 0.0953525906606766
720 3 3 3 0.1742793296997922
720 416 1 6 0.1426930009344155
720 669 10 2 0.06848146765573465
720 993 8 6 0.172330462559386
720 1258 7 1 0.17543257874097576
721 598 8 8 0.228057805630615
721 908 4 2 0.23990081751223852
721 926 7 5 0.24516681960981873
721 1214 1 2 0.15341403134276987
721 1227 7 8 0.06786078674135812
722 59 8 8 0.04537473452958385
722 352 5 5 0.20751547963488903
722 872 7 2 0.13789744459503117
722 1373 8 5 0.2740083439109243
723 7 1 7 0.2715198712089777
723 655 10 9 0.24961043781671613
723 812 7 1 0.045221804598789966
723 866 2 5 0.2216492964836532
723 1164 7 10 0.141839880863319
723 1257 8 10 0.26511091395198694
723 1441 9 6 0.10848225370798377
724 2 5 6 0.07006710585954146
724 275 9 1 0.32591509622242865
724 481 6 2 0.09815701795251837
724 798 1 1 0.23367746145104593
724 813 6 6 0.03184535106563002
724 833 9 2 0.08659917271795585
724 1170 5 9 0.1732032311453138
724 1311 8 8 0.1054283213678114
725 284 6 2 0.352494396746175
725 394 3 1 0.10512501867341337
725 747 4 2 0.3373511193973725
725 986 4 5 0.24749052854349943
725 1283 10 6 0.13637146383252885
725 1415 5 2 0.38841886121502023
726 27 9 6 0.07217826773088204
726 28 8 3 0.07228290014004524
726 180 7 6 0.2349973140130887
726 198 4 9 0.35485832508486304
726 1203 3 6 0.1199257379315869
727 565 6 1 0.28303833718781013
727 1384 1 10 0.2338158293950845
728 72 6 10 0.17887004629580724
728 273 3 8 0.2639456774344381
728 511 5 6 0.22773087340813059
728 638 5 4 0.13704667011583072
728 736 10 8 0.23407225679226973
729 247 8 5 0.009831121011700111
729 388 3 7 0.21328759597202165
729 1000 4 1 0.3373948738382456
729 1139 2 5 0.13528529054414692
729 1373 1 1 0.24721704378851206
730 641 5 9 0.2844498026625316
731 155 7 10 0.2027315496243911
731 383 1 2 0.20646349506868558
731 783 6 8 0.34638061097612105
731 804 7 10 0.2701824013756693
731 1030 10 5 0.31819134003487193
732 890 5 4 0.3061009497341384
732 922 7 5 0.2679782684813687
732 1209 5 5 0.05661964257642138
732 1260 9 8 0.18875263464543687
733 156 8 8 0.14654727968007725
733 993 1 3 0.009709023401530542
733 1118 6 8 0.10234496782855806
733 1146 10 9 0.23094675622207375
733 1265 5 3 0.2525902154380769
733 1383 5 1 0.09719291596626516
734 55 7 2 0.10950270642514304
734 1024 10 5 0.1764048556792425
734 1199 8 10 0.2767371894433717
734 1253 1 8 0.3998359939792938
734 1291 1 7 0.27113437301004384
734 1337 5 8 0.026297155533751476
735 439 3 5 0.2334192946380154
735 1358 3 8 0.36527233550164323
736 650 9 6 0.16317642940573032
736 780 3 10 0.3124164712722326
736 1407 2 8 0.2644575607834573
737 440 8 7 0.20348785036009406
737 621 3 8 0.25964041410411676
737 670 7 1 0.13316859427362385
737 711 3 10 0.11825531383020425
737 1319 6 7 0.23204977202395058
737 1477 4 5 0.09813432818840719
738 58 4 3 0.1893223504430705
738 278 6 10 0.28647271455218404
739 55 5 8 0.1755476114370747
739 935 6 8 0.124055659616944
739 1238 4 6 0.09033160041682628
739 1499 7 2 0.35936990189573914
740 285 3 1 0.04922904666019226
740 948 2 4 0.22160946297216635
740 960 9 3 0.1463750990562389
740 1126 1 9 0.3612255198703552
740 1402 4 3 0.23562021232630867
741 794 3 6 0.2890089017144251
741 987 1 2 0.005446886936296719
741 1047 2 3 0.273911138362604
741 1374 9 6 0.23861493766055375
742 108 5 9 0.3064881161927877
742 1091 9 4 0.13658387950207485
742 1367 9 2 0.13814160153565386
743 74 1 8 0.2691277229112758
743 364 10 7 0.007659161940174158
743 945 6 10 0.369980969221331
743 1000 1 5 0.28779958882769163
744 656 2 7 0.2695394715387363
744 860 9 4 0.2843125842671661
744 870 2 2 0.3641980281208038
744 1430 4 1 0.34277201732969165
745 426 8 2 0.32779412549009235
745 486 7 9 0.09723040190993909
745 846 3 9 0.39858347935154503
745 875 5 1 0.2046073812312638
745 1151 1 7 0.32487036511600925
746 1180 9 2 0.2836476291649202
747 6 4 8 0.11636795912007351
747 413 9 6 0.17042487519920269
747 555 3 4 0.10001389994376453
747 573 2 10 0.2974810444257797
747 1179 8 8 0.26922091008561244
747 1419 5 1 0.06808879596939013
748 545 7 10 0.0836923037958226
748 766 4 2 0.20702495986524563
748 957 7 4 0.1258259996515378
748 1127 2 6 0.3040927402467702
748 1273 6 2 0.3578814670491023
748 1316 6 10 0.3616962319841036
748 1403 3 5 0.1895719573693461
748 1436 9 8 0.15506787644428602
748 1479 2 10 0.16233733576168083
749 412 10 8 0.3291652906714474
750 207 6 4 0.254328046369988
750 527 5 1 0.2283419132682055
750 732 2 9 0.10615329810127756
750 1203 3 5 0.3843740728699717
751 577 3 4 0.06666039962678985
751 742 9 2 0.28142355947940606
751 1172 1 7 0.1997219312853391
751 1220 5 5 0.12253327892680456
751 1318 3 9 0.28317085978726236
751 1333 10 4 0.34652692465866863
751 1400 2 7 0.21297741117348407
752 360 9 6 0.2541645392176728
752 1433 1 3 0.24361592070976945
753 253 10 9 0.1329670914743583
753 725 8 6 0.33571377706382843
753 973 9 2 0.302230026030754
754 939 10 9 0.2554275866514753
754 1009 2 6 0.2159619846039281
754 1066 10 5 0.11290578152950213
754 1325 6 8 0.16516188676089
755 282 6 8 0.14129839506329006
755 613 3 1 0.176389214828249
756 734 9 7 0.33330988702637077
757 418 5 7 0.28715856215116065
757 499 6 3 0.2019761946942293
757 1016 6 9 0.37649541949064597
758 78 5 2 0.1680685962533892
758 711 4 9 0.3478465804304992
759 305 10 9 0.17253449746036678
759 694 10 4 0.36131606175561315
759 961 9 3 0.21470452218057762
760 916 10 9 0.2567394256612972
760 1032 10 1 0.36336330763623115
760 1117 5 3 0.18915220498599308
761 461 1 9 0.17257234202246796
761 506 5 5 0.18810696027573798
761 719 8 7 0.00023977082048962095
761 1022 1 5 0.26711453828916043
762 75 2 7 0.05073221046953111
762 120 10 5 0.11447707805590047
762 299 8 4 0.2569204863661352
762 862 4 3 0.26388787236308325
762 897 8 9 0.0798828696456526
762 1034 5 10 0.17584094062805383
762 1102 10 8 0.13837348204923894
762 1336 9 8 0.21503208061393
762 1487 9 7 0.139345298530206
763 105 4 10 0.05087260285007417
763 333 5 4 0.1491654633094162
764 29 3 2 0.19589021571339982
764 73 8 7 0.26441056937447294
764 435 8 10 0.22156683183939394
764 458 6 7 0.18596436966713725
764 772 9 3 0.03185546394564742
764 1149 7 10 0.32012662862693264
765 98 8 10 0.1718365058643787
765 516 6 8 0.28441493781766325
765 975 1 1 0.008534361946469615
765 1157 9 7 0.16593596511912384
765 1428 1 8 0.2145417674936594
766 631 2 2 0.008357286152029214
766 1443 4 6 0.26497804907154676
767 396 1 2 0.18374020180879322
767 785 5 10 0.3371168168468265
767 973 8 5 0.1078565827566561
767 1014 2 4 0.2042056224127487
768 299 5 7 0.30822305460125193
768 364 7 3 0.07271710400651935
769 406 6 6 0.19483323984412834
769 773 3 7 0.30595457194769077
769 991 3 9 0.02948498707627631
770 159 10 6 0.3694546869175744
770 1159 7 3 0.2751368348879835
770 1275 7 4 0.002587997564698935
771 10 5 6 0.268855686876283
771 510 6 6 0.253364934846894
771 1149 7 10 0.17670373469304776
771 1210 6 3 0.2872380995547511
771 1385 6 6 0.17390474429764893
772 255 1 7 0.30371013129822044
772 465 5 1 0.386312779706963
772 618 10 2 0.31897894304732566
772 802 3 9 0.2367137062792211
773 313 2 4 0.39491003603435526
773 678 10 1 0.31721179893912377
773 730 8 1 0.1794185637721717
774 99 3 7 0.06988260882758432
774 106 3 9 0.25036457237785587
774 192 1 5 0.22503796654361838
774 225 4 5 0.16297061089841186
774 393 2 9 0.11283063307119116
774 670 6 9 0.25506002142636347
774 1405 6 4 0.20962624973641872
775 283 4 9 0.04424939243420309
775 584 9 1 0.05652478567533328
775 618 1 8 0.19104023323411856
775 828 2 4 0.2148029727892603
775 1065 5 5 0.19754925403268472
776 49 1 8 0.14949896312717972
776 234 4 8 0.18733888687786407
776 353 1 5 0.1916854195939639
776 418 4 2 0.08884449074690542
776 879 8 2 0.35501896447489345
776 1115 3 2 0.09422934980613805
776 1317 9 6 0.19850940152756305
776 1361 10 5 0.24319562189564448
777 735 9 6 0.06115882973445452
777 1078 4 7 0.25064606485246044
777 1210 8 4 0.0981079302137542
778 296 4 8 0.15658421076259907
778 469 1 4 0.1661143933230103
778 1127 4 1 0.3085774005463741
778 1163 8 7 0.1390805628616663
778 1475 3 4 0.3064381881989061
779 112 3 10 0.3479021965020751
779 409 8 7 0.058181395434415945
779 949 6 5 0.24771740301457448
780 85 7 10 0.35262331941472747
780 102 2 4 0.042086623303472126
780 240 4 5 0.3251826601260994
780 384 10 5 0.39065148136616706
780 982 3 3 0.22065052486276113
780 1002 4 9 0.06789907011158705
780 1457 9 8 0.19712058675905111
781 45 1 2 0.3085142373887002
781 78 2 10 0.1800883157584918
781 206 3 5 0.23123029673767742
781 546 2 2 0.0032622560933217026
781 835 1 7 0.24823448103388948
782 65 4 1 0.29044980755075916
782 242 5 3 0.3954657321861149
782 529 10 9 0.1814535268679732
782 773 9 6 0.15355652280049376
782 838 6 8 0.12094918680422985
782 1118 9 6 0.17694646356947566
782 1289 5 7 0.1244010511580075
783 271 5 7 0.04752984376812941
783 391 9 9 0.37639700616308186
783 463 2 6 0.17741780868924215
783 1470 6 4 0.3660455361863505
783 1497 9 6 0.0049122781144401995
784 123 9 3 0.34905236821808394
784 728 2 10 0.147686309953228
784 1062 10 2 0.09996920650397649
785 5 4 10 0.010885006052954505
785 1436 1 6 0.31121767336624695
786 294 4 10 0.17708508887944097
786 490 3 8 0.20097700191163828
786 871 4 3 0.2549840316232295
787 1127 3 5 0.08459141511005078
787 1196 8 1 0.24536284642189132
787 1307 9 7 0.38965933277946896
788 641 2 4 0.2851087169295342
788 1249 7 6 0.12660421477942962
788 1267 2 5 0.19076398096695402
789 260 2 1 0.3383334417437985
789 686 5 7 0.23466173175921445
789 1410 3 8 0.16628604735558306
789 1413 3 1 0.38108766713286624
790 213 3 8 0.3591691751610204
790 711 9 6 0.14685585614851288
790 1102 4 3 0.22414251612454397
790 1254 1 9 0.23802651917663065
791 1108 8 7 0.35419617816931565
792 545 6 5 0.2363749515742569
792 793 3 5 0.04236110562999759
792 1146 6 9 0.34052830220840524
792 1317 6 2 0.27269211023788587
792 1400 9 1 0.3568314299758928
793 1292 5 3 0.16740526013115975
794 118 4 9 0.2435745233376368
794 238 6 6 0.1561305398680773
794 623 9 5 0.26597342593265944
794 771 6 10 0.21739852085980516
794 775 5 2 0.2029275638069269
794 1193 3 8 0.22698769161150217
794 1223 5 8 0.03210174174390881
795 44 3 6 0.2487202861486137
795 78 7 10 0.009005135124974778
795 173 4 8 0.3834251922833892
795 413 5 4 0.23204313130326093
795 601 3 7 0.1678089596330069
795 791 7 8 0.3080072214849002
795 977 7 3 0.3841721262277559
795 1017 1 4 0.138656430988975
795 1348 9 5 0.18934766926155558
796 356 8 5 0.08425201712314727
796 429 1 8 0.2148787323465795
796 914 1 10 0.3559672240422343
796 1189 8 2 0.14871671454818214
797 629 8 1 0.3807356109428886
797 684 1 2 0.17129253768263836
797 1373 5 6 0.3665661958966397
797 1493 5 3 0.363432350331814
798 93 8 7 0.3531177434756483
798 117 5 1 0.21573124393971327
798 157 1 1 0.07445135722951313
798 586 1 5 0.017637791089367916
798 682 10 8 0.2230586460354615
798 700 9 9 0.25407600139679115
798 1468 1 1 0.10042670232805767
799 132 5 4 0.2533204710866592
799 550 1 10 0.02168142388941377
799 1007 6 2 0.3460352039790055
799 1232 8 5 0.12079522161804354
800 174 2 4 0.03688604650222077
800 205 7 4 0.2329367985171702
800 509 3 1 0.19114937928259654
800 618 1 2 0.1907753403722837
800 1148 8 2 0.20985427739930548
800 1494 6 3 0.07056291760256037
801 880 6 10 0.07580521227415578
802 16 8 3 0.2703580610723567
802 1087 10 10 0.1492381459371707
802 1109 1 8 0.2073318263685495
803 316 2 10 0.11411168199576176
803 352 8 8 0.08230578975539737
803 385 7 2 0.1767994156325959
803 489 6 5 0.3428583814115185
803 873 6 8 0.36814728844073785
803 1181 1 2 0.1835695993530398
804 1011 1 4 0.24456680984018192
804 1025 10 1 0.2847308291907133
804 1388 1 6 0.06537426535638263
805 220 4 7 0.021042796885425125
805 656 7 3 0.3709573666494761
806 578 8 2 0.29239327593557524
806 602 10 5 0.13444357838367899
806 1031 7 8 0.09898962948463193
806 1478 5 2 0.26604128510432523
807 436 4 1 0.06146888850103846
807 474 8 4 0.25459616973197974
807 889 6 5 0.11976628574252442
807 947 1 2 0.037205937269061656
807 1114 10 3 0.3616284417571196
807 1432 1 8 0.19482679384313606
808 102 10 6 0.06678226313951335
808 407 7 8 0.34502417273646646
808 547 1 6 0.09754736324952809
808 750 7 5 0.2066486335311483
809 2 4 1 0.14735244329441655
809 291 8 1 0.073425520258563
809 1237 4 2 0.23080024470202815
809 1361 8 3 0.08266085464468294
810 228 4 5 0.20987827123739064
810 571 4 10 0.3508854736147655
810 660 8 4 0.308416056815842
810 973 4 2 0.08417349213244166
810 1100 1 5 0.012745747438341948
810 1120 9 3 0.32963807225764546
810 1401 2 7 0.3446972751976729
811 421 5 10 0.18628645358097815
811 446 8 7 0.19036290020435795
811 506 3 4 0.3099180526932361
811 1216 9 4 0.34165096849741927
811 1359 3 9 0.32289416896102197
812 341 7 8 0.26718913826015245
812 589 7 6 0.09495016681984504
812 827 5 4 0.3899767263985289
812 912 1 6 0.25944792686747364
812 1433 4 10 0.08072095079206029
812 1446 2 9 0.16060548537536595
813 479 1 7 0.12512806617577904
813 849 1 3 0.16639343937119958
813 961 5 4 0.09860986472139152
813 1287 2 3 0.32308286913118267
814 302 3 3 0.315161772010741
814 573 10 10 0.18457740353115182
814 889 8 2 0.2651525076836706
814 1002 3 8 0.31392432167385
814 1351 1 9 0.0005634021429054004
814 1372 7 9 0.22797019034146543
815 6 1 8 0.10613711469095585
815 18 7 5 0.24881983300979207
815 527 10 10 0.03714077538513527
815 540 7 5 0.36184549364208696
816 92 9 8 0.1474034573585585
816 470 3 3 0.36531692263890136
816 506 2 3 0.3749102851682041
816 528 1 7 0.1704665040637463
816 650 4 9 0.24790430640174538
816 730 10 4 0.13653159400835274
817 1050 1 7 0.08303315844093136
817 1190 5 1 0.3746325470518218
817 1324 6 3 0.04643781236319214
818 1428 2 8 0.32170833081375105
819 792 5 1 0.2680914707106872
819 832 9 7 0.2552050144238951
820 401 9 6 0.09116430717593657
820 932 1 7 0.3844381097469711
820 1064 3 9 0.1479169893903223
821 57 6 2 0.30815852384856773
821 362 6 6 0.2659089037636163
821 989 9 3 0.15455451357581565
821 1045 2 3 0.22615885863029567
821 1269 4 8 0.1459966556342426
822 666 1 9 0.07023043217468117
822 869 7 9 0.3969044640907303
822 924 5 1 0.13646114133276643
822 993 9 1 0.13145928885339117
822 1228 10 10 0.19215174488448605
823 24 1 6 0.014339535108590457
823 40 1 3 0.15426392190836025
823 520 2 1 0.3124084675799062
823 745 2 4 0.10894695137990307
823 884 6 8 0.10998912999227282
823 915 6 6 0.1826715771074047
823 1322 4 10 0.16757550543805708
824 24 1 2 0.2931504177322066
824 396 10 4 0.2977800967947674
824 1179 2 2 0.12115074437407798
824 1269 4 5 0.2152407065886907
824 1415 7 2 0.37511135220952363
825 47 10 4 0.12257735756696984
825 437 1 2 0.14691165219623062
825 784 6 3 0.3180105097505327
826 29 6 7 0.03830042682600762
826 191 9 4 0.040720791194717054
826 274 6 8 0.252221015496777
826 553 9 6 0.12097232844452505
827 511 5 9 0.2704272239756662
828 669 4 2 0.3318026740197588
828 879 10 4 0.26732608144257075
828 1498 5 3 0.20631620463165054
829 340 5 6 0.29185052349325163
829 359 6 4 0.3518858710674713
829 531 8 2 0.3659992728509817
829 688 9 8 0.10210558544084894
829 979 2 7 0.3584516302683169
829 1124 2 5 0.17695716246106413
830 817 5 6 0.06060777148580121
830 1157 1 8 0.17064572904540184
830 1496 1 5 0.178654237024412
831 194 8 5 0.04175946761460922
831 691 1 3 0.30361146490547075
831 1459 3 3 0.21671811007733072
832 435 10 7 0.20517590374232716
832 456 10 5 0.07364899759783441
832 458 2 4 0.18595595370006382
833 1073 2 6 0.2738575864010643
833 1234 9 3 0.33149562926599274
834 97 3 10 0.33473186534323285
834 237 8 3 0.028187314654224943
834 498 2 3 0.22070888633807575
834 512 3 2 0.2403402316150526
834 717 6 1 0.19134659658562447
834 1047 9 3 0.30159708318274503
834 1279 8 7 0.3565305203570414
835 371 10 5 0.366071998256977
835 667 8 1 0.39431168489838786
835 1148 8 7 0.16087046194322777
835 1312 3 8 0.20674794255661416
836 166 1 1 0.15309612748945844
836 566 7 8 0.10241123304273654
836 937 8 9 0.08968213411871961
836 1055 3 4 0.20089274907022078
836 1151 8 7 0.1319449610787576
837 153 2 8 0.1984601841526098
837 277 6 5 0.3642182700295369
837 479 1 3 0.33988021708233074
837 640 1 9 0.3251055300826179
837 1007 4 8 0.23392682615861488
838 549 10 8 0.22555919731670615
838 615 6 2 0.2794507459092007
838 1242 6 7 0.1452771606794082
838 1484 6 9 0.3106863522425308
839 21 3 9 0.15722132652269033
839 63 9 10 0.09028261222477306
839 230 7 5 0.37995009958058734
839 601 5 1 0.2067599421033531
840 76 5 9 0.08125282919740982
840 257 6 4 0.1624265088956927
840 291 3 9 0.22785107295502563
840 622 6 4 0.19136438578748144
840 1155 2 6 0.33236010119945836
841 80 2 9 0.1784545485465739
841 264 8 9 0.1978471448374596
841 1118 10 6 0.11280240023516348
841 1481 7 4 0.0585257270903394
842 36 10 1 0.17296632104690443
842 80 2 8 0.21038359847182717
842 543 7 7 0.20396840995705195
842 865 10 7 0.35127424659531237
842 939 6 10 0.2670640841074864
842 1119 7 4 0.15454279003322022
842 1143 3 7 0.20396382268577978
842 1298 6 6 0.2845224566259491
843 317 4 7 0.2483922928337467
843 374 10 5 0.1627109334979183
844 126 3 1 0.3060494949223518
844 732 10 10 0.11912891883994278
844 1328 3 9 0.1180291062634141
845 9 2 6 0.19396280465898105
845 100 5 2 0.14617031855991217
845 101 5 6 0.2009554457254554
845 486 1 6 0.29763594667785553
845 666 9 6 0.10825855183707091
845 774 10 2 0.2521007823909557
845 846 5 3 0.16370799619350948
845 945 1 2 0.17501716544295182
845 1076 10 6 0.20444713526833247
846 233 9 6 0.26750509539677697
846 917 2 9 0.08862997974146794
846 1157 5 9 0.2676362772610808
847 651 2 3 0.31920352715778144
847 685 6 8 0.2283166270370941
847 1157 7 6 0.25038725571813863
847 1190 4 8 0.07919606035572956
847 1354 4 3 0.13153037909107304
848 314 1 8 0.14941763748574524
848 672 1 2 0.23604634120401463
848 942 7 2 0.24612266607630345
848 1065 2 8 0.12356438819825578
849 22 3 4 0.2284350980499167
849 123 6 8 0.15034512114960588
849 504 10 4 0.1147853756867274
849 808 6 4 0.16468663081125784
849 1142 5 10 0.1195678816614572
849 1377 8 4 0.08665133963979399
850 63 10 7 0.262567508134005
850 91 4 5 0.0675507100251761
850 853 4 4 0.19655757621164566
850 1299 10 3 0.14493087772430954
850 1386 2 5 0.25036605011987895
851 742 8 1 0.11353912192347082
851 1142 1 6 0.0656434932128695
851 1357 7 8 0.20213526231391019
852 805 9 5 0.37809248922531935
852 1202 10 2 0.2151924620048479
853 29 3 6 0.1558345817412527
853 311 6 8 0.17977353938661117
853 452 4 2 0.2303836520804679
853 1284 8 10 0.33266039966802996
853 1444 9 2 0.2990338640002295
854 293 6 5 0.1775258810489904
854 898 3 10 0.1930315595085299
854 931 9 10 0.29925656457801453
854 1076 8 6 0.23984222991463877
854 1235 9 10 0.007018907813990921
855 110 10 5 0.02519534169029955
855 176 6 1 0.2842871779002031
855 1049 2 3 0.10243214963075366
856 135 3 6 0.37091991545765135
856 242 2 9 0.22920471720698288
856 726 3 5 0.19193266390621674
856 747 7 7 0.28665012490703967
857 208 6 9 0.02813101269228377
857 859 3 4 0.24634359712484094
857 889 5 1 0.18668903109777293
857 1089 9 2 0.29727328444624573
858 218 4 6 0.11419538218659477
858 674 8 1 0.302169747082572
858 737 6 6 0.07398427872787816
858 839 9 2 0.14734983348739322
858 954 9 1 0.011805654936852233
859 27 7 7 0.3025851065381944
859 577 2 7 0.22366717816705006
859 1048 1 6 0.3286845708967583
859 1153 1 3 0.22553291088994917
859 1229 2 1 0.36953597354380596
860 176 2 5 0.033828500973706516
860 1291 1 10 0.20787217237183922
860 1428 9 2 0.012204712594075101
861 1016 9 8 0.04059181893628924
862 23 1 5 0.3928680280365733
862 143 10 1 0.16150885190217795
862 211 9 9 0.3391783918297224
862 742 3 1 0.2882052146449483
862 1138 4 1 0.16028423503233435
863 376 10 6 0.13592691415292935
863 384 4 9 0.18396334587647262
863 425 8 8 0.34233852797175024
863 763 4 2 0.2969291789231791
863 780 2 8 0.25646721578287324
863 1260 8 7 0.33432555335959113
864 79 5 7 0.15916298511949947
864 316 3 3 0.09067728472181329
864 319 7 3 0.09172317131265524
864 454 9 6 0.33891404923588664
864 544 3 10 0.3452595227311802
864 1071 7 6 0.2819973739959656
864 1082 4 7 0.10772826237921629
864 1477 10 6 0.3873113342390184
864 1497 9 1 0.26771427555470595
865 56 10 8 0.2401832433721719
865 1179 10 3 0.042329464659333876
865 1420 9 5 0.19591618647607761
866 619 4 4 0.23658646223244423
866 882 6 4 0.17705772327287114
866 989 6 9 0.04438676601642502
866 1028 5 8 0.13293416510928888
866 1088 8 10 0.23471370234485422
866 1442 5 1 0.27181416635019234
867 57 4 2 0.2543668323744829
867 429 6 7 0.24571659637908289
867 718 9 10 0.3853201212841977
868 694 8 10 0.2877730628561327
868 885 3 10 0.030990167885763725
868 913 4 2 0.26240035279708057
868 950 3 8 0.16647144386664908
868 956 5 5 0.37901434404823575
868 1161 7 8 0.12947398367660795
868 1462 2 2 0.15567628157160374
869 873 3 1 0.05903064988876716
869 978 4 9 0.21064309163614248
869 1203 1 9 0.107848093554435
869 1300 8 10 0.2598671666874653
869 1369 5 7 0.2572163451492806
870 417 5 2 0.08303055840532571
870 1337 1 6 0.047005147845714496
871 445 5 3 0.09491429738698452
871 600 2 9 0.22992028885453122
871 774 9 4 0.0021600194015531926
871 899 1 5 0.10633603360994134
871 1323 8 4 0.08384083059470675
871 1361 6 3 0.11979276400312554
872 663 10 6 0.2647331693380169
872 1020 7 9 0.033518452270061394
872 1051 1 4 0.36276702188088317
872 1093 6 1 0.25128185535247083
872 1184 9 5 0.23843294270924115
872 1214 1 10 0.21217949474188763
873 148 8 3 0.052548013519163855
873 793 6 10 0.31584190189681144
873 925 6 10 0.39660583686402096
873 1199 4 2 0.1400003189770197
874 485 10 1 0.3163222553556154
874 712 4 10 0.11483705840706988
874 1330 8 2 0.24454233256838875
875 482 1 1 0.19683099428566753
875 518 5 9 0.3288641979262986
875 802 1 3 0.0930606253989882
875 879 7 9 0.15235349083176697
875 1444 1 5 0.22296071687159125
876 529 9 8 0.14793875357440534
876 989 6 10 0.2133704745424946
877 369 5 6 0.21069968058321964
877 456 5 6 0.15063828737473028
877 894 8 3 0.23927829094774283
878 422 5 9 0.2633506950860224
878 745 7 4 0.27312211241505674
878 845 7 7 0.20123153820948042
878 953 9 7 0.20235555086312362
878 1332 10 3 0.21528087860149459
879 60 3 3 0.2275793286678848
879 583 3 5 0.11640859650668627
879 786 6 7 0.3286785907155364
879 789 10 4 0.3372002182359526
880 315 8 7 0.2831772882326864
880 510 3 9 0.21394763905754635
880 585 6 7 0.10466889221182092
880 669 10 5 0.0743272498012088
880 1429 7 4 0.2019862061459477
881 785 7 9 0.18683919148263595
881 848 9 6 0.34247088921263463
881 1004 5 8 0.3364816059781385
882 46 4 4 0.15356448665479752
882 164 9 9 0.3450962171751514
882 287 10 6 0.23866727920166425
882 361 3 1 0.07042183603397512
882 663 2 3 0.12159347655846435
882 966 10 2 0.2510978034771302
882 1014 3 7 0.1984482044087604
882 1157 8 8 0.04651266309342758
883 292 2 5 0.2043947420415484
883 759 10 3 0.11646219647296911
883 857 10 7 0.08932472098664031
883 1138 1 4 0.23653435889335048
883 1415 10 5 0.11926746511805565
883 1450 4 4 0.28044334685386746
883 1476 6 8 0.2632454763922728
884 750 8 6 0.3919963264050451
884 1283 1 8 0.1789167281782878
884 1421 9 4 0.027669923686864856
885 296 9 1 0.24314425534269887
885 602 6 3 0.1531500855092058
885 617 3 8 0.2541561424003888
885 795 4 5 0.28358503760951836
885 827 3 6 0.29429668829213573
885 1104 5 7 0.15060019173930775
886 607 1 9 0.2627748924574646
886 798 9 5 0.07929475162258261
886 1226 1 8 0.14358533856514194
887 121 1 4 0.32824073610671894
887 882 4 2 0.042119150721228876
887 1191 10 10 0.27412402791898316
887 1307 1 6 0.23622753218510217
888 6 1 3 0.16638853339304224
888 7 4 3 0.2917302491582441
888 161 4 6 0.2605012394216372
888 804 8 10 0.2796235098376857
888 1151 2 5 0.2112104429545559
888 1231 8 3 0.32007497467492296
888 1283 1 8 0.1147857020833093
889 95 3 5 0.11601082404695007
889 549 9 8 0.1222548293863921
889 1148 3 6 0.10764340863471054
889 1462 6 3 0.06824894362096737
890 172 8 10 0.07171887025246546
890 188 6 7 0.33105144833915773
890 343 2 10 0.20456452306383843
890 371 8 6 0.17696457112230335
890 681 8 6 0.3142592856585498
890 924 7 4 0.12688884176794124
890 1236 9 8 0.14771862131112287
890 1371 5 6 0.2663041257019457
891 5 5 9 0.3696982784723819
891 161 1 1 0.27980891959196935
891 165 1 6 0.2567642198306393
891 167 4 10 0.2714931270598594
891 392 3 8 0.3090836000234676
891 653 9 1 0.3084027936545552
891 1032 10 2 0.23144386573699322
891 1408 5 8 0.3136269708819763
892 60 5 10 0.23515219123358033
892 71 10 4 0.054939181573664925
892 168 8 6 0.033353552478787046
892 262 6 4 0.18231311331448416
892 1283 5 1 0.15150940286502076
893 429 4 8 0.2289418207866745
893 1319 7 7 0.37616994666703585
894 1136 6 8 0.2230390707912785
894 1208 9 2 0.10030297494706793
894 1337 2 8 0.33125216381385536
894 1438 6 10 0.23041860540738834
895 220 9 5 0.3539810354499756
895 285 8 2 0.35113248684792814
895 573 2 3 0.2519634134525156
895 623 5 8 0.30674644860128286
895 728 10 2 0.38251234766129316
895 1207 8 2 0.28085437310078754
895 1229 9 1 0.11979750370735331
896 1417 7 7 0.3497112998112125
897 858 3 8 0.24352414935204392
897 1012 1 7 0.24712043810396517
897 1407 4 9 0.17876332442540216
897 1466 9 3 0.30825829338192057
898 176 10 1 0.0954704165512091
898 1311 5 4 0.1346994369333986
899 373 7 8 0.054695816725492924
899 394 5 7 0.07600976858209355
899 479 7 8 0.035247730496818425
899 814 5 7 0.21230873540040324
899 1372 7 2 0.33532237917348773
900 8 10 8 0.09093672451412392
900 149 9 4 0.2741068321720601
900 290 10 7 0.21322397550939842
900 313 1 9 0.31609445775581496
900 702 8 2 0.21049272543240255
901 250 7 8 0.10296357160073662
901 1333 6 5 0.13571913903397392
901 1461 7 8 0.28571840588867176
902 17 7 10 0.2752360501198754
902 519 5 7 0.2515690947970665
903 29 6 10 0.2679427542138598
903 66 8 4 0.11574772115753255
903 89 4 6 0.3626226898987802
903 308 3 6 0.1101640845377857
903 571 5 3 0.14378488827575028
903 780 3 9 0.3316881835254133
903 929 9 8 0.26866072357159393
903 1399 4 3 0.3074929162048592
903 1479 5 6 0.1345386096374158
904 32 7 8 0.2235718917174131
904 63 3 10 0.09226627929770549
904 251 4 6 0.3688350201187052
904 622 8 3 0.33152798825191077
904 1387 3 6 0.29241099331563786
905 296 2 2 0.27382144446541273
905 1035 5 7 0.34177750482188984
905 1053 4 8 0.39230287287480287
905 1395 1 3 0.12400587661093297
906 418 2 10 0.26223360897177195
906 466 2 5 0.23622496433259765
906 1114 1 5 0.08155704869709286
907 675 9 10 0.3117391411851907
907 829 4 6 0.15380966450389816
907 1300 3 2 0.294135910470539
907 1437 9 6 0.22588430816069288
907 1468 4 6 0.0718470868207021
908 8 2 4 0.004781778823911315
908 149 2 2 0.2753023662650703
908 513 9 9 0.04450789565659205
908 760 7 2 0.16948722297132673
908 1102 3 3 0.02763783115396659
908 1247 3 5 0.2281995259546087
909 297 4 9 0.1848300822828328
909 328 2 1 0.05253989383349722
909 733 7 1 0.011830592465446349
909 737 2 7 0.14718607703610756
909 961 6 2 0.06086167429505748
909 980 10 3 0.2298301083270145
909 1060 5 3 0.26012944683496414
909 1070 7 10 0.10143547674283646
909 1154 1 8 0.19526098322493068
909 1461 7 7 0.2303500855866725
910 46 8 3 0.3151511618158446
910 66 3 4 0.2002992812174962
910 103 8 7 0.27563666201677495
910 610 8 6 0.30509088157862446
910 634 5 6 0.2579149003402576
910 810 2 8 0.10013729653021754
911 101 1 4 0.19206999212044687
911 259 3 9 0.30314715069627535
911 408 8 7 0.19140677334772518
911 501 4 2 0.13555330448795916
911 616 5 2 0.3712576913398995
911 651 1 3 0.3305384916451415
911 1360 6 3 0.022682541973072873
911 1431 4 2 0.18413889418235507
912 460 2 4 0.25840342071636435
912 570 2 5 0.2998221976685786
912 666 4 1 0.2577804827993311
912 783 8 3 0.05172631011821319
912 879 7 9 0.13524242958124771
912 934 7 4 0.3832993544582911
913 192 5 1 0.04918241571131368
913 358 10 4 0.11165637973510263
913 553 8 7 0.34746757547455315
913 660 4 3 0.1948478348786236
913 799 1 9 0.3631863109786907
914 162 7 3 0.08592466335611053
914 293 6 10 0.13920703574368642
914 313 5 7 0.03472431272929913
914 701 9 7 0.2608548645554202
914 879 9 9 0.2641224006126643
915 14 9 6 0.3672039854085841
915 1203 3 4 0.1352507836276896
915 1344 3 4 0.1412362109797412
915 1395 9 1 0.23950027251610156
916 152 10 2 0.21354862259114202
916 991 9 2 0.17067795972985753
916 1026 8 1 0.0940106633276106
916 1252 3 7 0.16225766853002344
917 767 5 8 0.034683150018087056
917 954 7 4 0.06514217313158677
917 1256 7 6 0.2773373443776241
917 1260 9 6 0.18512607631035383
917 1461 2 3 0.34706878212398073
918 119 9 1 0.012916655445563169
918 627 6 8 0.1310786326453397
918 630 5 1 0.2896040684305636
918 941 4 6 0.25829923138530353
918 984 10 3 0.18972226226397945
919 167 1 2 0.06303799431014676
919 279 5 4 0.32613131383147675
919 435 6 2 0.025406544829501138
919 663 1 10 0.19611570262498518
919 865 3 8 0.22008283214748314
919 1182 4 3 0.09293236464257358
919 1288 9 5 0.041127472431787326
920 663 2 10 0.05848384505563062
920 1232 10 7 0.2583064960439965
920 1405 1 3 0.23586443269587543
921 79 5 6 0.3744691101979728
921 355 2 10 0.38301030942733966
921 533 6 5 0.2640891774944277
921 799 6 6 0.0794908826612302
921 858 2 2 0.029530454550924845
921 907 7 10 0.24296649928328687
921 996 3 4 0.15872865852207763
921 1004 8 1 0.0905412286511627
921 1005 6 10 0.2108370199978916
922 279 7 10 0.34642949282166446
922 737 4 1 0.040085529504355094
922 1311 9 3 0.24147550761364675
923 210 9 1 0.1837781253895509
923 265 4 3 0.03070000727724434
923 528 3 5 0.2553543785139836
923 531 8 7 0.3218661710934391
923 543 2 7 0.12920940953371118
923 871 4 3 0.024470365259257332
923 913 10 2 0.12875013847626074
923 1070 5 9 0.05916853770827746
923 1175 8 7 0.2579125491007167
923 1180 7 4 0.07498273835942457
924 85 10 2 0.18997349592079205
924 232 2 7 0.193566502144449
924 449 3 1 0.005968897256087957
924 1479 6 5 0.07023199262596494
925 673 5 9 0.22361718426561006
925 804 2 9 0.17326503212531674
925 977 8 6 0.17141989628084342
925 1303 3 3 0.2943876863862818
925 1442 9 8 0.13489819049144794
926 172 2 9 0.023029237694033117
926 209 2 3 0.048014359420051445
926 891 5 7 0.2341717411396964
926 914 2 8 0.16858996486000438
926 1265 9 7 0.28244481670759797
927 476 8 9 0.3046685149706345
927 606 6 8 0.2601925127230684
927 858 8 1 0.03819148091818644
927 885 9 6 0.15740362556550522
927 923 3 6 0.26861025493500623
927 971 8 2 0.23590894708887902
927 1444 4 8 0.20524000895945746
927 1488 8 9 0.25538697066349086
929 140 8 8 0.20789872049940453
929 1138 9 10 0.2616185094083101
929 1252 7 6 0.2936865219160067
930 81 7 3 0.1618606313980375
930 258 6 7 0.1938689795217731
930 368 9 9 0.2014942071604164
930 545 4 4 0.30560610746279115
930 723 5 2 0.10106975736246132
930 1032 7 2 0.21287090131438188
930 1096 7 5 0.39048983966578377
930 1178 3 6 0.22860298560009618
931 39 7 7 0.14719132882295655
931 323 1 6 0.11488129767813933
932 422 9 5 0.15815044486294147
932 1447 8 1 0.271568257746687
933 108 3 3 0.3605022637552123
933 264 6 7 0.23205658315623728
933 1092 5 8 0.3182287395495378
933 1242 8 7 0.027066612322533795
934 1416 3 2 0.3634305106254798
935 91 6 8 0.23175343785967878
935 254 2 6 0.13315814843644116
935 720 1 9 0.25944898625399926
935 832 4 9 0.033849170569355436
936 118 3 10 0.1315806981652371
936 757 4 9 0.11319247376938428
936 1371 8 3 0.3634930203856225
937 221 10 6 0.3007196253878442
938 347 10 6 0.2468962587154324
938 390 8 6 0.16395605893507365
938 569 6 6 0.148981640198515
938 636 5 10 0.3252916604706721
938 1387 6 3 0.18849824019898742
938 1448 2 6 0.24219684269177805
939 153 3 2 0.09749819014163345
939 180 10 7 0.3460884712862436
939 576 3 8 0.2926582648501628
939 875 7 10 0.11783345042337579
939 876 6 6 0.04293540652399078
939 1038 10 2 0.08875717752035776
939 1215 7 6 0.14350678287610652
940 236 8 6 0.13283320172711666
940 521 9 3 0.20640160015726544
940 1029 7 2 0.31282683386946136
940 1222 10 9 0.11598966025877959
941 201 9 1 0.04355643248386498
941 900 8 6 0.2875414734100097
941 1166 4 9 0.25801105988993145
942 177 8 8 0.2720976473866632
942 428 5 8 0.11668515979790076
943 726 7 4 0.26502867531808105
944 655 3 4 0.210877785784912
944 1307 2 10 0.15585638881570404
945 285 5 5 0.03949753718537821
945 350 10 8 0.3212952477234884
945 397 2 3 0.24353977738068247
945 779 2 9 0.07242909719212198
945 947 8 6 0.27213977408323425
945 1059 4 2 0.2909595314358074
946 740 2 5 0.3904355484306675
946 853 10 8 0.31926787674729806
946 904 1 10 0.06097039978424093
946 1347 9 2 0.304163756658761
946 1351 2 6 0.2867614583368898
946 1395 10 9 0.06548520229168181
947 110 5 5 0.09505387093988567
947 359 6 7 0.16336067439092591
947 441 2 5 0.03470996798258885
947 495 2 4 0.254965937813411
947 729 7 4 0.189651472103506
947 800 8 1 0.23051662539041337
947 860 6 2 0.10470169637930225
948 67 10 5 0.2462366975190667
948 105 1 7 0.23230363069213059
948 238 8 7 0.1304028743224399
948 316 2 7 0.25613766069546395
948 1232 5 4 0.19422005748111493
949 304 7 3 0.23334423097765497
949 680 6 2 0.141622563430888
949 962 3 2 0.35848335410972476
949 1049 3 5 0.19062977486091506
949 1363 10 1 0.16070375267879028
950 9 10 4 0.21008027091686693
950 23 3 4 0.35340546858947763
950 327 6 5 0.0926001667110952
950 750 10 1 0.32675320267366986
950 1107 8 5 0.13155016115730284
950 1254 3 9 0.3573356085124523
950 1334 10 7 0.23525878613453655
951 366 10 3 0.311373036184385
951 653 9 6 0.07896809239688024
951 942 6 8 0.2623403149939054
952 306 5 8 0.08110812601980631
952 741 7 9 0.23509911034838366
952 975 4 1 0.12187505329074078
952 1065 7 3 0.3944028663337794
952 1080 9 5 0.29939038120849787
952 1276 1 3 0.37185509671824124
952 1339 10 3 0.19947605382711417
953 664 7 4 0.3821105076233693
953 952 10 4 0.20634982279351863
953 1051 5 3 0.2938135820580366
953 1106 5 3 0.047880168493083936
953 1309 9 4 0.18888729162801524
954 279 3 7 0.11996939486663545
954 623 4 9 0.2142647975834655
955 211 9 6 0.2698650900464884
955 734 5 5 0.25663147688248006
955 1223 7 7 0.2045734953510048
955 1362 9 4 0.14394016153400707
956 208 10 1 0.28700022375456186
956 418 4 6 0.02910175360345596
956 802 9 7 0.36702475709755344
956 1002 2 7 0.2632446928558791
957 1263 1 8 0.04143226094262492
959 363 7 1 0.3999243598567588
959 546 10 2 0.017030048469946574
959 897 7 6 0.27958428054920376
960 4 5 4 0.12068527767497172
960 330 1 3 0.16392154696853264
960 863 9 1 0.2216632467474402
960 1101 6 2 0.2565730167805932
960 1238 6 8 0.25651786173286384
961 34 8 5 0.027907195384139105
961 279 10 2 0.14352075828030053
961 319 9 7 0.19175809309920855
961 523 7 7 0.37865875455156595
961 1267 1 8 0.018801783112001313
962 301 7 5 0.28722255348031484
962 380 1 2 0.2597970801515068
962 576 4 9 0.26230894306478636
962 1063 6 10 0.15988050078463256
963 6 7 2 0.07336177964209689
963 245 3 9 0.30053884481579346
963 294 6 6 0.08314637938412278
963 378 2 8 0.3796503346757326
963 498 6 8 0.2360314883891824
963 589 1 1 0.25987549174016256
963 1331 8 10 0.2111178629401947
963 1471 1 5 0.3598028078849192
964 213 8 3 0.3270974820689382
964 363 1 7 0.2542509577358708
964 1276 3 6 0.23800152261408358
964 1329 9 3 0.04990773747776059
965 1026 8 10 0.19513474606462503
965 1403 2 3 0.2965883530732361
965 1424 7 7 0.018084902102459
966 183 5 1 0.13349636933785808
966 267 4 3 0.19514233722879956
966 409 10 3 0.34476398046081524
966 422 4 1 0.20485167755759756
966 1062 5 10 0.1237124090008057
966 1078 6 8 0.393854723552431
966 1335 8 5 0.36998472140543043
967 37 2 7 0.10792644210541821
967 402 6 5 0.1384422072066607
967 464 9 7 0.19790812265265073
967 664 5 4 0.3032386347315449
967 737 4 9 0.16640878061691378
968 117 1 6 0.2961082908195518
968 359 10 8 0.22594310091314473
968 520 3 2 0.2766266833399082
968 815 7 4 0.1330119959186683
968 835 7 9 0.1878286725559366
968 1107 8 7 0.35994808255413946
969 483 2 7 0.07310965487837134
969 813 8 3 0.269155737422798
969 1177 8 7 0.28651682151529106
970 212 7 9 0.3199841545111376
971 754 9 5 0.08331674930545058
971 1080 2 5 0.2919391900949656
971 1240 5 7 0.10545171717150567
971 1366 3 6 0.20816469549990396
972 113 8 6 0.08963975717204288
972 379 9 4 0.17193366340368477
972 820 3 9 0.18576967717947918
972 997 7 9 0.19280628665316357
972 1114 8 9 0.14329468684470556
972 1169 3 1 0.1674317035699407
973 141 3 8 0.002103927712489989
973 655 8 1 0.24536987927611195
973 1124 6 2 0.3045515774111124
974 240 8 8 0.14306826720130472
974 423 8 5 0.03341660712681724
974 841 7 3 0.20734839605853697
974 892 1 4 0.008268924697232394
974 990 3 9 0.395127674658318
974 1052 10 7 0.1509710589517942
975 118 3 8 0.27205886620148884
975 248 7 5 0.3359242707238958
975 751 9 7 0.10578920878612912
975 856 6 5 0.09495570003172053
975 880 4 6 0.054165559453251605
976 1042 5 5 0.25743228499141946
976 1243 10 5 0.32878839864527043
977 102 5 3 0.1544631758261626
977 455 1 5 0.11224100360463807
977 466 10 2 0.21876782494372393
978 51 8 4 0.2939629237616863
978 252 5 8 0.1468159130450784
978 307 2 1 0.3990300136573154
978 656 7 10 0.16616564622390773
978 765 10 7 0.1494209764415827
978 1004 5 4 0.24352374840144822
978 1148 8 3 0.2597766545029151
978 1418 9 10 0.12210117194805292
979 774 9 6 0.34103815911418994
979 806 6 1 0.324211622574914
979 1120 8 5 0.13552415536123158
979 1229 5 4 0.16483850542052308
980 92 10 2 0.19068409717634136
980 471 6 6 0.3123846458016783
980 1365 10 5 0.31991614622825837
980 1450 2 5 0.2543532172594849
981 82 7 10 0.36519663505006505
981 133 3 5 0.2157754592793693
981 734 1 2 0.12162836080944794
981 1034 9 3 0.15648899273861516
981 1079 8 4 0.109265578397456
981 1258 3 2 0.10204527310293458
981 1280 1 7 0.0350150836095062
981 1477 2 2 0.3832647801346857
982 6 7 3 0.36786276657290873
982 515 8 9 0.24857981124559184
982 517 7 3 0.14360949653371263
982 1481 7 5 0.25002547134721104
983 55 4 6 0.30895114777555904
983 98 9 2 0.14701489598695866
983 247 7 9 0.30448525740971194
983 476 4 1 0.37979380724114287
983 1003 5 10 0.24133742667697936
983 1394 10 9 0.2984343474953342
983 1403 1 6 0.28034053338560816
984 1438 6 9 0.07164903451919608
985 270 3 4 0.30658310151662316
985 1266 6 3 0.21620051082416725
985 1492 7 6 0.30289928114684267
985 1498 5 1 0.1913669778206264
986 41 8 9 0.11730521971773841
986 98 4 8 0.17325495638647942
986 533 4 10 0.31983789002908714
986 566 8 1 0.35115931903146225
986 615 8 1 0.2003476524097619
986 691 4 10 0.05971149796691175
987 331 5 7 0.3075065237451907
987 1048 7 7 0.14930115232790075
987 1385 5 3 0.04881344681663172
988 233 5 6 0.32804674791251986
988 617 10 10 0.1124931448073322
988 1149 6 8 0.08381071837397211
989 165 2 7 0.18419511798979837
989 311 3 3 0.04055344024153057
989 327 5 10 0.39428407493916173
989 453 3 2 0.2124125772900152
989 833 4 5 0.07417336662390495
989 1034 2 7 0.1727549191463517
990 920 10 10 0.16502043423845536
990 1052 7 7 0.18210220252109366
990 1200 7 9 0.16685282317927994
991 115 3 5 0.032423981271560876
991 155 1 2 0.1228227819369525
991 420 4 3 0.030262875682426776
991 446 4 8 0.20649921611759073
991 733 4 5 0.22994716485172156
991 805 3 8 0.028055420168947326
991 1058 8 4 0.16707009468950532
991 1270 4 7 0.1359751054871075
992 600 6 7 0.09411834189118291
992 686 9 4 0.11335330387607251
992 801 3 8 0.0857680224656065
992 916 8 5 0.1379122854838048
993 340 5 10 0.06578757986236294
993 735 4 7 0.13437406589090833
993 1278 5 9 0.35804464767621214
994 52 4 10 0.23703846745408272
994 511 8 4 0.3447912964356198
994 1268 7 1 0.06581834317656768
995 338 6 7 0.07031157272134278
995 871 1 10 0.33110445809223377
995 905 5 9 0.19432048223008794
996 132 4 1 0.3607870055898579
996 640 6 2 0.05432426543576957
996 675 9 6 0.1251373937097727
996 1031 1 6 0.2929400004148668
997 313 8 1 0.23533378518179193
997 352 5 2 0.12892322159059916
997 658 7 1 0.0036171755874898626
997 862 6 8 0.1937002880750307
998 69 10 1 0.2899973588419269
998 135 8 9 0.19719971873660672
998 176 9 5 0.16463510859196903
998 734 10 1 0.280254996389345
998 771 1 8 0.21139865696708
998 1097 8 1 0.18407434044927254
999 503 6 4 0.2208821034034799
999 674 4 2 0.16095453395475498
999 977 9 6 0.3332511806086056
999 1075 9 4 0.07026922117571052
999 1155 7 1 0.20267759486785542
1000 1417 4 10 0.12179554513586796
1001 132 3 5 0.06620467460180163
1001 336 5 10 0.2591742540976293
1001 556 3 5 0.11662307137763724
1001 844 6 2 0.27729611924021846
1001 1010 8 3 0.3151781752336249
1001 1312 9 4 0.27326829658461077
1002 628 3 2 0.07155435243111097
1002 815 3 1 0.27942292434765564
1002 1388 10 7 0.30149253872284426
1003 294 3 2 0.34112091998194694
1003 427 3 1 0.10876218157009684
1003 436 10 10 0.1632258345527433
1003 635 4 9 0.004778224520642277
1003 704 5 10 0.3061582162597911
1003 1427 3 8 0.2865999479229733
1004 420 9 6 0.04090569982510761
1004 757 1 1 0.028961152806094598
1004 781 6 7 0.14611154141013527
1004 788 6 2 0.07586259694237173
1004 1102 2 6 0.28444601196187336
1004 1360 10 5 0.05892422924599369
1005 69 1 1 0.05418443044428878
1005 141 5 6 0.25308764573734277
1005 272 9 3 0.07377667591718859
1005 339 2 1 0.09233469570595049
1005 762 5 5 0.02287426132968498
1005 776 10 9 0.2323965369602598
1005 1361 2 10 0.20950619350551347
1006 40 9 4 0.029775418394834913
1006 129 4 5 0.1285399682481528
1006 367 7 2 0.028242976098864503
1006 368 5 7 0.39864759275335426
1006 426 9 10 0.2230208824260053
1006 532 10 2 0.03344503592691506
1006 856 2 6 0.2505828256541301
1007 507 2 10 0.23870843084011772
1007 750 8 1 0.20555883935759878
1007 982 6 2 0.31073783696470186
1007 1066 4 6 0.15006738476105244
1007 1127 2 5 0.3141726876504187
1008 192 2 3 0.05793899344819803
1008 417 5 1 0.04723128353128064
1009 676 2 10 0.36512754058809993
1009 991 7 2 0.21794259120758697
1009 1088 7 7 0.19381790184647715
1009 1467 2 6 0.25964130305528854
1010 941 4 8 0.22561701638301673
1010 1039 2 9 0.06894788427743823
1011 359 10 9 0.11734941264509753
1011 455 10 3 0.3563131140760383
1011 728 5 1 0.004169515919099115
1012 542 9 4 0.22612352871416957
1012 604 7 7 0.19467701093777248
1012 851 6 8 0.33200948969954114
1012 1138 10 9 0.05815765666396769
1012 1461 2 1 0.08593555123874216
1013 34 8 7 0.03687258381628106
1013 295 4 3 0.22474452275434983
1013 420 5 8 0.3112381592375936
1013 649 7 1 0.39228190451870837
1013 1043 5 9 0.24611750321127995
1015 186 3 3 0.2829401069681875
1015 278 8 5 0.17182690324341982
1016 643 7 6 0.09707890846624605
1016 1467 10 6 0.26702855645378737
1017 268 1 1 0.1662623666676344
1017 303 2 10 0.2236307736664792
1017 504 10 7 0.005933349996703641
1017 740 10 6 0.17309645467831136
1017 762 1 2 0.03775844561081851
1017 1021 8 6 0.28216514010322147
1017 1480 8 6 0.37978829508346973
1018 341 2 5 0.13686083273850658
1019 841 5 6 0.005248711023776387
1020 13 2 6 0.16204940206861398
1020 403 10 8 0.3116577375939179
1021 138 1 3 0.3056641550000667
1021 377 1 3 0.0972512881898548
1021 420 4 3 0.2284309676078014
1021 482 7 5 0.15143817640794194
1021 920 6 6 0.038500069705571904
1021 995 10 10 0.1571765019653201
1021 1124 10 5 0.06865232391515605
1021 1127 6 9 0.02935483870673397
1022 517 3 6 0.1627523729301681
1022 570 10 8 0.3800858002044609
1022 599 7 10 0.027411988805995796
1022 706 10 3 0.21729923438413676
1022 796 9 10 0.3837504097800676
1022 872 4 5 0.01294569696990383
1022 1169 1 10 0.3346376855701986
1023 115 8 4 0.20218092614382258
1023 445 9 4 0.011272673643630104
1023 553 3 5 0.2880117288990489
1023 653 1 3 0.20228734521022276
1023 965 1 9 0.08254757680394505
1024 325 1 1 0.19341319850633187
1024 1187 6 6 0.1446212367756781
1025 57 7 1 0.15536007298916313
1025 198 2 3 0.010656861136698753
1025 272 7 3 0.3163783705212438
1025 425 1 7 0.16461855114792245
1025 448 10 5 0.2147328040677893
1025 494 7 3 0.05632724883683504
1025 1018 6 6 0.33536757174671616
1025 1180 1 2 0.06858742948553986
1026 10 4 10 0.18692490195519368
1026 414 10 9 0.1645279193128618
1026 724 6 5 0.12835197167537493
1026 876 6 3 0.061300235684518006
1026 920 2 6 0.30305350677742665
1027 0 10 4 0.12163108600093311
1027 416 3 7 0.042272942383862255
1027 618 8 1 0.2109875742089879
1027 635 1 4 0.04640137434537481
1027 846 4 1 0.04806958328356495
1027 1025 2 7 0.027021924928450264
1027 1046 4 10 0.20285781363639815
1028 279 3 2 0.24831249976782738
1028 483 8 2 0.2049043993441223
1028 602 3 3 0.35379477626363476
1028 767 5 10 0.279504978903517
1028 852 2 4 0.14115039444110328
1028 886 10 4 0.32286496718109725
1028 912 9 4 0.06034556129697613
1028 1087 9 9 0.17988130793863394
1028 1127 8 5 0.2938152227535655
1028 1327 10 6 0.2776353683746594
1029 311 10 2 0.09739655967967221
1029 1168 3 2 0.3852069022953437
1030 151 4 3 0.36376262174135604
1030 556 5 1 0.06617826492254153
1030 598 4 3 0.09841812657780635
1030 707 7 1 0.31962962557549685
1030 767 1 8 0.3011297899226939
1030 1077 7 1 0.31307951152359037
1030 1232 6 8 0.2364197497354081
1030 1288 3 2 0.10507432871002069
1031 81 4 2 0.009823814365011396
1031 197 1 9 0.28628745784280396
1031 327 8 8 0.0678568733925696
1031 408 5 9 0.006794536449262284
1031 589 7 4 0.21309658275716162
1032 110 9 2 0.3664083330408197
1032 138 4 3 0.16990276941250335
1032 367 8 6 0.11869789825511282
1032 395 5 3 0.031090317199502476
1032 775 6 7 0.3761176846934106
1032 824 9 4 0.10030395418745709
1032 1374 2 3 0.008381711051670793
1033 655 9 4 0.30973355112049483
1033 1216 10 9 0.08169621240245661
1033 1435 6 3 0.03399051236811332
1033 1484 6 10 0.3550597902791873
1034 336 6 6 0.14565041953884356
1034 856 3 10 0.23671941989772138
1034 964 2 8 0.007771751328430387
1034 990 7 1 0.08764799818904805
1034 1033 9 8 0.3391360405873779
1034 1466 6 2 0.2055309545483968
1035 1298 2 7 0.28413388279887825
1036 19 1 3 0.3486092316053687
1036 468 2 1 0.3888949750894033
1036 511 1 4 0.21460115540473
1036 891 1 3 0.26657950722812723
1036 1037 5 3 0.11404935438246547
1036 1417 10 6 0.30256871197341606
1037 340 1 6 0.2749644598833946
1037 363 10 8 0.3703885112778117
1037 366 6 10 0.2693111624130596
1037 533 3 7 0.14717584203537154
1037 625 10 5 0.27146947355558027
1037 802 3 9 0.23085650917002187
1037 870 7 7 0.21636183700119774
1038 267 8 2 0.21897480728467503
1038 920 1 1 0.1642024697190753
1039 70 10 6 0.3542188342929897
1039 203 9 3 0.35117111340672225
1039 283 4 6 0.2688661112626865
1039 1445 9 7 0.26121498233124607
1040 221 10 9 0.17761064245275496
1040 344 3 3 0.15077868585149234
1040 372 9 1 0.28497072415493785
1040 424 5 10 0.03569658993069405
1040 1003 1 9 0.23116039450523312
1040 1320 10 3 0.011858059206431626
1041 173 2 6 0.2559083513861651
1041 514 1 10 0.2671451185291056
1041 573 1 9 0.08056286568680107
1041 1207 9 8 0.09637114228511216
1041 1451 5 8 0.18226852728647402
1041 1495 6 6 0.08011411362224936
1042 307 6 2 0.24543787325467395
1042 446 4 3 0.20454562685271857
1042 469 5 10 0.0943019362984697
1042 687 8 1 0.15861525993681816
1042 735 1 5 0.04031577617602761
1042 1233 2 10 0.2720314060622235
1043 36 1 7 0.2530705601904547
1043 174 2 2 0.26941467153629683
1043 184 9 3 0.11732218475765296
1043 790 4 7 0.23287543685597878
1043 801 1 7 0.2803494521743225
1044 137 5 10 0.3176333931019789
1044 261 9 2 0.19186943010545393
1044 1207 9 9 0.1355408183588231
1044 1424 10 2 0.162298371701589
1044 1492 6 7 0.1256871411418304
1045 380 10 6 0.1248059364714507
1045 381 2 4 0.37452457601690137
1045 1108 4 2 0.13046003939383902
1047 678 8 10 0.014548160472616034
1047 704 3 9 0.14247461347386953
1047 1107 9 7 0.15172066005516768
1048 587 9 10 0.055296865868477846
1048 1084 3 3 0.14778380661613358
1048 1107 5 2 0.1988094252827091
1048 1131 3 3 0.3439566684188815
1048 1236 5 5 0.2640982122263124
1049 676 1 1 0.09437420228410899
1049 1058 2 2 0.370561654024549
1050 1140 1 10 0.07786743569199438
1051 743 3 2 0.2184394245127543
1051 867 2 7 0.22175881723566931
1051 869 3 7 0.15341424855478966
1051 1122 3 6 0.2587987507123871
1051 1151 3 1 0.156444959333206
1051 1232 10 4 0.3274610835727037
1051 1357 3 2 0.3203822225989155
1052 452 9 9 0.1355228870014047
1052 729 4 8 0.27254874143188157
1052 1203 9 3 0.11249671762038128
1053 64 9 3 0.04927586593537303
1053 508 8 10 0.31998912301683835
1053 566 2 3 0.052569692125220224
1054 196 6 8 0.024327468886203157
1054 436 9 2 0.2520088194425346
1054 1166 3 4 0.15604839831942593
1054 1167 7 4 0.30338416871111146
1054 1253 5 1 0.20799428376118712
1054 1261 9 2 0.32429477923261535
1055 21 5 10 0.21616995252999782
1055 143 9 10 0.26106701996099085
1055 702 3 5 0.3732099740864997
1055 979 10 8 0.07472677088756802
1055 1181 9 1 0.15591776553432823
1056 167 1 1 0.030469817178211123
1056 1160 3 4 0.041014922250078106
1057 414 1 5 0.07860210913210319
1057 538 4 10 0.1584852496225432
1057 563 6 6 0.08958049771295919
1057 801 8 2 0.2131118739612916
1057 1328 7 2 0.2310275398433071
1057 1374 10 7 0.1623347844157835
1057 1431 6 3 0.2671291037084376
1058 426 5 8 0.26758237368938315
1058 897 2 9 0.3426713349910194
1059 210 5 5 0.08617749146553605
1059 491 2 2 0.08099644343534373
1059 797 10 9 0.3582339284371294
1060 66 10 7 0.2427643429072138
1060 108 6 6 0.13995165842391546
1060 134 2 3 0.16136802239781736
1060 306 6 6 0.1763907458155105
1060 370 2 6 0.2693022910612808
1060 385 8 9 0.3256728396628022
1060 625 8 10 0.38169057787617533
1060 1307 7 9 0.20352852424694232
1061 182 2 7 0.2946026936245568
1061 213 6 6 0.24123598472004892
1061 601 4 9 0.006327647177578499
1061 716 1 1 0.22568054772047502
1061 875 3 8 0.10772010209794988
1061 1106 6 5 0.33124236605388263
1061 1142 4 10 0.31623985607257143
1061 1449 6 2 0.0449033204266156
1062 439 6 6 0.2290141825593061
1062 729 2 3 0.28517967301175035
1062 1081 9 5 0.3764251498302976
1062 1398 10 8 0.1826829706622005
1063 317 3 7 0.3167988407873012
1063 563 1 3 0.17819824708163234
1063 603 2 7 0.09812397688122164
1063 1198 9 9 0.3844120528042566
1064 787 1 3 0.16389457080165848
1064 849 10 4 0.31932930430892537
1064 1490 5 6 0.16161457343955776
1065 24 10 1 0.08242719401554949
1065 139 8 8 0.12735892590143372
1065 584 2 8 0.2533789947249305
1065 745 1 10 0.26408788283772905
1066 88 5 5 0.11578460730287005
1066 534 8 8 0.21345485198084452
1066 599 7 1 0.1812286561011479
1066 943 7 8 0.12113740523951445
1066 1376 3 10 0.007084868728355287
1066 1465 4 7 0.24785735996160047
1066 1486 7 8 0.1551729977530539
1067 239 10 9 0.12884729175391155
1067 576 3 2 0.15877935807007437
1067 950 8 2 0.16811532521025258
1067 1394 5 1 0.08229098572300085
1068 317 7 6 0.3516844614719805
1068 594 3 10 0.05684974877104643
1068 1027 5 8 0.30004564576959053
1068 1121 7 8 0.1874497739200232
1068 1354 3 5 0.19169837740783752
1068 1450 6 1 0.24977948440047795
1069 374 7 3 0.15629925455638158
1069 1045 3 3 0.12279797374492603
1069 1277 2 1 0.32924594228518467
1069 1322 6 3 0.1396723156107279
1070 243 2 3 0.3494058787754331
1070 401 4 4 0.3126694779937562
1070 476 2 10 0.22247768852286867
1070 664 2 9 0.178206811995924
1070 768 1 1 0.18442593092469467
1070 868 10 10 0.04872976638446547
1070 1199 5 6 0.2950040863572475
1071 7 8 4 0.24729721718526484
1071 294 8 4 0.37459148134732384
1071 414 9 4 0.3748836538020942
1071 766 3 5 0.3095932279107952
1071 985 10 2 0.19358477918053166
1071 1186 6 7 0.21269367812945825
1071 1288 1 1 0.24183456547025117
1072 961 6 4 0.15583007226801748
1073 457 6 2 0.023957919091244423
1073 552 6 2 0.14813073075480745
1073 642 10 1 0.08863579648136326
1073 918 7 3 0.02783077670303874
1073 1292 5 9 0.21212777409510164
1074 247 9 2 0.31721495382388853
1074 400 10 3 0.16393930146104643
1074 972 1 1 0.054152868665246684
1074 1167 7 8 0.2815409394873426
1074 1211 9 4 0.11603123440371096
1074 1400 10 1 0.09812690960812911
1075 106 7 7 0.22841964734131628
1075 337 7 5 0.1572597478373055
1075 369 5 4 0.21702588771011314
1075 370 5 4 0.11740932949461817
1075 602 1 7 0.33420041789552807
1076 46 1 8 0.08751984924588123
1076 69 5 3 0.16486747162374593
1076 748 1 5 0.18644556316475946
1076 818 2 4 0.11101675028954543
1076 865 7 5 0.2770069964802392
1076 1169 10 1 0.09161256012476485
1076 1372 4 10 0.2136247762944072
1077 273 6 4 0.16611815135443597
1077 418 8 2 0.11465430072483751
1077 601 4 3 0.3605811378527467
1077 684 1 2 0.11587294110378761
1077 734 8 2 0.3228418727213228
1078 457 5 6 0.14143380277498468
1078 746 5 3 0.10996214265098246
1078 934 10 8 0.3560703000365204
1078 967 9 4 0.09335558312912035
1078 979 6 4 0.22153316622626257
1079 116 8 10 0.046749640072750065
1079 199 7 4 0.3108870360059687
1079 470 3 2 0.15974215092986985
1079 623 10 4 0.29555098273801894
1079 772 1 6 0.2073916032897719
1079 1088 3 6 0.15237774708385118
1080 73 8 4 0.0270256059491443
1080 782 3 8 0.07725374863146216
1081 387 7 7 0.09136567400380192
1081 775 1 1 0.18778876176462583
1081 1393 6 6 0.2105019628260738
1082 15 6 9 0.06656474117061714
1082 1162 8 5 0.2242628498218268
1083 153 2 7 0.22495000253216782
1083 358 9 5 0.27863966719614863
1083 683 8 1 0.2762612017018412
1083 778 8 7 0.2049441726132596
1083 934 4 8 0.24099245476193135
1083 977 6 9 0.18113210894992665
1084 92 3 9 0.05046734351138432
1084 170 8 10 0.30790851960773397
1084 503 8 1 0.221312094856799
1084 528 2 9 0.17641743218589157
1084 956 4 9 0.04293180665606827
1085 199 3 4 0.04498389204080269
1085 271 7 2 0.3089045791398189
1085 319 4 4 0.13728416441380523
1085 418 9 9 0.20304013930390102
1085 521 7 10 0.06253419566840074
1085 734 5 3 0.15202627526125578
1085 1330 1 9 0.08076539143264393
1086 334 9 7 0.28347395500299755
1086 704 5 5 0.32868765946632594
1086 1135 7 4 0.17415907057745514
1086 1259 10 6 0.07262689084600946
1087 758 9 5 0.3901693525757147
1087 973 1 9 0.28470902996379915
1087 1040 3 2 0.017896944934526482
1087 1353 6 3 0.358396066818917
1087 1362 2 7 0.36770141057589767
1088 391 7 7 0.3687421712044895
1088 1211 2 10 0.2729187560140859
1089 521 4 3 0.033425726923116905
1089 755 4 6 0.27159880867890585
1089 783 3 2 0.1509713342039356
1089 922 3 8 0.13228082162088597
1089 1352 5 5 0.3038260622650729
1090 1022 2 4 0.35704981514410383
1090 1188 5 5 0.37211222331897276
1091 112 2 3 0.19053001571753728
1091 682 8 2 0.27784365007628353
1091 958 2 7 0.3079344319981753
1092 239 6 2 0.20306125589626953
1092 449 10 1 0.282706871914968
1092 709 2 2 0.1102358505684096
1092 1152 5 10 0.1791584690625656
1092 1433 8 4 0.20761986702879717
1093 982 2 5 0.20409329189042885
1093 1032 5 10 0.3448131364734111
1094 93 1 2 0.26569761956357835
1094 231 4 6 0.3615181615316092
1094 890 7 9 0.02191802261459816
1094 912 9 6 0.22025356613493466
1094 1192 6 8 0.12615145082686052
1095 67 7 2 0.1427441775083174
1095 412 5 7 0.3768105914969109
1095 877 9 3 0.18912983404582073
1095 1178 6 5 0.27654559669340795
1096 203 7 4 0.11913990952301777
1096 399 3 7 0.39098374055899626
1096 525 2 5 0.1688579414811353
1096 577 7 1 0.14865285980966056
1096 769 4 2 0.03333730399438817
1096 1207 4 9 0.27336453961283075
1096 1262 1 10 0.0634300018096905
1096 1420 1 5 0.09354986221040777
1097 113 6 1 0.1613888442442163
1097 376 1 1 0.19229168900119556
1097 1276 7 9 0.38285673128085607
1097 1362 9 9 0.23349003671979857
1098 45 8 7 0.11260241340743929
1098 1146 3 2 0.3357318791504559
1099 170 8 4 0.21839365563088584
1099 336 2 4 0.19432155824417235
1099 350 8 1 0.14788390120040731
1099 568 8 4 0.17605980738112179
1099 678 10 10 0.17716776003513107
1099 830 5 4 0.05668434610232306
1099 1257 5 10 0.053263482777219484
1099 1386 7 10 0.2658390659859806
1100 491 2 3 0.1690623814203414
1100 794 5 10 0.3551885649743411
1100 1061 8 6 0.173802161880033
1100 1262 3 9 0.15855536459494607
1100 1336 9 1 0.23304251106032728
1101 592 7 9 0.10602240834387373
1101 641 5 4 0.07547553859218466
1101 701 5 5 0.39007418764956603
1101 812 5 5 0.2772391408280266
1101 818 4 7 0.3104414422542183
1101 1062 5 8 0.17318460520850826
1101 1118 9 9 0.37162776355981686
1102 56 3 5 0.023013130833592438
1102 481 9 4 0.17388850072349388
1102 726 4 4 0.17933119710683237
1102 774 8 3 0.27011059272848664
1102 852 2 6 0.17109414711743126
1102 1270 3 8 0.24735755088449968
1102 1432 8 9 0.14571589550256006
1103 671 10 4 0.1602762762080731
1103 1096 10 6 0.35533388988451653
1104 224 6 5 0.38350716231032
1104 800 9 5 0.322042923049517
1104 1000 8 5 0.23576246278850388
1104 1459 4 3 0.3368873388106588
1105 113 5 8 0.34834701892361397
1105 165 7 5 0.30956947217350395
1105 226 6 4 0.07744876617971386
1105 535 9 2 0.12059936303763304
1105 798 8 6 0.02009998384749459
1105 920 3 10 0.3666820504460476
1105 1154 4 4 0.051747908194109626
1105 1430 8 3 0.299223697984384
1106 291 1 3 0.3133247958514368
1106 369 1 5 0.3036133530635635
1106 454 3 3 0.30259365517217773
1106 735 3 2 0.19112342023758985
1106 767 6 4 0.30604170553213017
1106 827 10 4 0.27081354671411
1106 850 9 6 0.23213980719095778
1106 1365 4 3 0.26947261359864433
1106 1470 10 10 0.15387555381580337
1107 176 9 2 0.36552772624056296
1107 243 8 6 0.2960657154659003
1107 649 3 3 0.18067844222501825
1107 767 10 8 0.18134490691546945
1107 1077 8 3 0.06196114195616215
1107 1217 7 7 0.27352468182555834
1107 1234 3 4 0.39791555609804696
1107 1461 9 8 0.23848035573727439
1108 427 5 5 0.18540795565329377
1108 999 4 5 0.06305850959425152
1108 1050 2 7 0.17409629953760655
1108 1114 8 4 0.07669380128565768
1108 1293 4 4 0.21773873871402838
1109 75 5 10 0.05785645323342353
1109 245 9 1 0.3898881187143478
1109 800 3 1 0.12469662869518941
1109 1040 3 10 0.09880692500030236
1109 1237 9 1 0.3103178018878223
1110 139 3 7 0.0653818526478184
1110 322 7 7 0.3716480418118695
1110 339 5 5 0.392400992613274
1110 995 7 8 0.26330035864605206
1110 1087 7 5 0.06716810018319785
1110 1248 1 5 0.175533214859741
1110 1296 7 1 0.17276214708011567
1110 1443 5 2 0.2273652368364209
1110 1491 8 10 0.1435977890171605
1111 322 8 4 0.029380904679585457
1111 449 4 9 0.30385046311711666
1111 822 8 3 0.3777453287386455
1112 378 1 10 0.19863770584481036
1112 594 4 3 0.39588270388347224
1112 646 10 6 0.07278810626179358
1112 756 3 3 0.25686850924776194
1112 878 7 9 0.11497619502215477
1113 91 1 5 0.24645720010653369
1113 645 6 5 0.30301201743286454
1113 1019 5 4 0.21781134315451742
1113 1046 9 2 0.21370838109726345
1113 1144 8 5 0.13882549006267608
1114 150 8 8 0.24054035286850478
1114 914 9 5 0.14903969721805843
1114 1107 4 5 0.18983207835777371
1114 1150 10 1 0.2769226618294793
1114 1172 1 7 0.10107456799586326
1114 1252 10 5 0.3591226571217925
1115 68 2 8 0.2630533544048995
1115 207 8 2 0.22923534055099187
1115 211 10 3 0.29721866615617404
1115 1102 8 6 0.2750831607335127
1115 1121 6 1 0.21639195535159847
1115 1153 4 9 0.26422567026180555
1115 1159 2 7 0.23884083674989434
1115 1484 10 1 0.24088307287957356
1116 143 1 6 0.11418039843188928
1116 294 9 1 0.2099132037625768
1116 580 1 10 0.21995166202125446
1116 601 4 9 0.14849704765897737
1117 445 8 6 0.014936229525935957
1117 479 5 3 0.24535781993224687
1117 696 9 1 0.2359884756505299
1117 720 9 2 0.23956572655588942
1117 777 7 6 0.2851846181525027
1117 1044 1 7 0.134515807172308
1118 527 3 7 0.103125886095451
1118 589 3 4 0.3121730459499978
1118 829 5 5 0.058887889084290546
1118 927 5 2 0.1128106039126818
1118 998 2 1 0.15729509848003714
1119 1021 10 8 0.07434170986332361
1120 203 10 4 0.34719964859168617
1120 229 9 3 0.31187115945913535
1120 541 2 4 0.24368260317850443
1120 599 3 9 0.15281957776640798
1120 1428 3 4 0.2905822981416357
1121 223 4 3 0.17608695364018162
1121 1217 1 5 0.2343981438472164
1121 1426 4 5 0.08358097186626663
1122 331 7 9 0.3560804750739409
1123 443 4 8 0.17987459993877597
1123 647 6 9 0.3356557751548772
1123 830 10 5 0.3385541891127595
1123 1057 2 1 0.12353982722503455
1123 1279 7 2 0.24782229550630325
1123 1292 6 7 0.012483343432393434
1123 1437 1 7 0.010033704478690897
1123 1467 2 3 0.38065403573160284
1124 334 6 3 0.016631660903166562
1124 429 2 2 0.25063663028492816
1124 491 8 5 0.14906399392504394
1124 530 1 6 0.18342061666358822
1124 1417 2 8 0.23335702383388868
1124 1456 9 7 0.2236571869318572
1124 1482 3 5 0.19764535149911794
1125 257 2 10 0.11952868866438633
1125 319 6 9 0.14629803378800957
1125 630 4 5 0.0954397122946747
1125 844 8 8 0.18906103789890163
1125 919 7 9 0.09893870954972182
1125 1055 1 6 0.24651191169261105
1125 1241 3 8 0.2105562829143651
1125 1320 9 10 0.3936896710212531
1126 296 2 9 0.3102225545855176
1126 581 7 2 0.3331616349692391
1126 772 5 9 0.2740095895698957
1126 901 2 8 0.030125635550454777
1127 917 9 7 0.04160545968535856
1127 1354 1 4 0.24319047925839637
1128 438 3 7 0.06976899618030172
1128 484 7 5 0.22407013445615284
1128 732 7 5 0.30532902717625704
1129 295 10 3 0.35962131249176843
1129 411 9 10 0.17290954508094966
1129 1207 5 1 0.09393197671404908
1130 258 1 5 0.21582826950268075
1130 269 3 4 0.025374271514266356
1130 779 6 4 0.09320216607332665
1130 1180 4 6 0.07881151023713356
1131 19 6 4 0.16970196365252463
1131 107 6 10 0.13376571183431551
1131 139 10 3 0.09539005433335812
1131 278 7 4 0.2801427124763999
1131 814 9 3 0.057108338978644674
1131 1433 7 8 0.37988101054575396
1132 385 4 3 0.07101889044143364
1132 620 10 8 0.24224406096170975
1132 679 9 3 0.07126729591680955
1133 402 3 4 0.3664574032705681
1133 673 5 10 0.3357843933268415
1133 965 8 3 0.21286023070779278
1133 1408 4 9 0.23128403038735207
1133 1451 4 9 0.049429339292244606
1134 242 1 1 0.07864178432868166
1134 988 3 9 0.34140901500608334
1135 80 4 3 0.05557852427341195
1135 916 6 2 0.12819326617565946
1135 1130 2 8 0.1721970994100048
1136 1100 9 3 0.1514665050782248
1136 1322 7 7 0.12209406691527071
1136 1345 2 1 0.23950002959918398
1137 293 5 2 0.2211609688347734
1137 637 6 4 0.05148896737956732
1137 879 6 9 0.28344832113433777
1137 903 3 1 0.20086160574070563
1137 916 10 3 0.36437286678246517
1137 1190 2 1 0.0731679451107062
1137 1195 8 4 0.09168719033563417
1137 1260 3 4 0.09871168039355976
1138 25 5 4 0.35677860898883956
1138 138 9 8 0.28470071487401843
1138 353 1 4 0.29700704528366395
1138 503 2 3 0.15607057930926524
1138 580 10 2 0.0189175084036923
1138 1224 2 9 0.08612436545984709
1138 1393 10 8 0.2144949142422935
1139 420 9 4 0.16672191701237934
1139 793 5 5 0.34690911335072927
1139 875 1 7 0.23299426422799235
1139 1197 6 2 0.3769841481984223
1139 1215 10 9 0.18220882904174185
1140 65 6 8 0.269591802388228
1140 244 1 5 0.2212026050259946
1140 372 7 2 0.34681696257130107
1140 500 4 5 0.24552605796230123
1140 731 1 4 0.2436835711995214
1140 777 6 8 0.3117279460507668
1140 1412 3 10 0.1743033888232597
1141 29 1 9 0.13084075795824252
1141 116 10 8 0.27810422977593807
1141 803 10 1 0.17156089791548484
1141 862 9 4 0.384364211031862
1141 1061 9 10 0.17321126577015222
1141 1487 6 4 0.12664852181120317
1142 86 9 6 0.11040669871211754
1142 107 8 4 0.21885048822732447
1142 283 1 4 0.3934762822103913
1142 664 2 5 0.3064729465319285
1142 1161 6 1 0.09516619563792218
1143 529 1 8 0.17284318095902027
1143 894 9 3 0.29528683018143476
1143 923 4 5 0.0870503711383959
1143 928 2 2 0.3677997006907726
1143 1348 7 8 0.17295508472834198
1144 172 4 10 0.22225118088073262
1144 591 7 8 0.2872715801449928
1144 691 5 3 0.3399742589136405
1145 912 1 10 0.25142889541937835
1145 959 3 2 0.01653060941328452
1145 1456 6 3 0.328140505103524
1146 155 1 4 0.35308207976242345
1146 459 9 3 0.20362102102546123
1146 752 4 1 0.25669053809929543
1146 893 2 10 0.017382128652856932
1146 1203 9 2 0.10536781228704557
1146 1361 3 3 0.3213109006720579
1146 1482 2 4 0.10800737205681545
1147 29 9 10 0.1713151169042815
1147 84 8 4 0.26708594629521065
1147 498 1 5 0.33696182560544097
1147 702 5 6 0.07428714760681959
1147 793 5 6 0.05979483260456353
1147 1109 1 4 0.2844400346752381
1147 1195 5 2 0.24755410458641738
1147 1252 7 9 0.25251027986649904
1148 18 6 10 0.22472181451926226
1148 53 4 9 0.021866736532462017
1148 296 3 1 0.15000221941918576
1148 960 6 8 0.17534973967684186
1148 1458 2 10 0.25093867699125455
1148 1463 10 4 0.13977847852258798
1149 242 2 4 0.09127147210730877
1149 925 10 1 0.10765796932732426
1149 949 3 5 0.038471997497739774
1150 1058 9 6 0.35708888108587794
1150 1414 7 8 0.3691055310473385
1151 269 7 4 0.25908374680544816
1151 426 3 2 0.19089376575796674
1151 483 5 3 0.14561743793056256
1151 1262 4 9 0.2974146305265743
1151 1431 1 9 0.3945374988266548
1151 1480 3 9 0.23711171712913381
1152 476 1 10 0.17132386858437273
1152 1132 4 3 0.19911628930572337
1152 1285 5 5 0.14608662115931267
1153 7 10 10 0.2198017367775492
1153 302 2 1 0.38928679722971893
1153 1300 5 1 0.07261668310380032
1154 70 5 10 0.04611703949667814
1154 152 8 8 0.16950505059845422
1154 262 2 4 0.1491214584934293
1154 514 3 8 0.014444690902673807
1154 525 1 7 0.18971461722184346
1154 589 7 9 0.2227195355799765
1154 613 1 2 0.14760993111390905
1155 111 9 9 0.3829188138933952
1155 138 8 9 0.08638545904675504
1155 475 7 4 0.0021554463575901572
1155 613 6 4 0.1423562358343571
1155 708 5 3 0.2928304556642986
1156 52 4 1 0.11935878970700654
1156 655 8 7 0.018971419789979876
1156 924 8 2 0.1697464386065112
1156 1158 6 5 0.12061800199086888
1157 133 4 1 0.04946408467117966
1157 376 5 3 0.06468391749051
1157 1220 2 9 0.24664917543238662
1157 1291 2 9 0.2796298447602547
1157 1387 1 6 0.27960604766278024
1158 111 5 7 0.24349414982891973
1158 119 6 3 0.16135019282249488
1158 717 9 7 0.06117976334360259
1158 1165 3 7 0.2610373463638371
1159 311 8 9 0.20833823955152755
1159 958 5 10 0.10012319715218311
1159 1363 2 10 0.29334966124846684
1159 1451 10 9 0.0199132898370753
1160 201 1 1 0.23097798931895688
1160 285 10 1 0.12581509153491716
1160 397 6 6 0.20296812985686508
1160 1147 10 6 0.17963548848398175
1161 655 9 2 0.10568147489362396
1161 1123 6 8 0.36375909487425995
1161 1302 5 5 0.07596962654162015
1161 1411 9 8 0.3812421136981364
1161 1437 4 6 0.20900972745552315
1162 765 9 4 0.03827962008429278
1162 1037 9 6 0.1000952182843399
1163 190 1 1 0.11372435750156006
1163 200 3 5 0.0868356492092266
1163 445 7 2 0.3467560955532424
1163 872 4 6 0.06214347209520846
1163 954 7 8 0.012730541273400203
1164 86 6 10 0.014448190382962661
1164 237 1 9 0.39841249299530423
1164 847 8 5 0.035581120909451175
1164 936 3 7 0.19947471678141335
1164 1331 2 9 0.15831171517151063
1164 1465 10 5 0.15137101354975568
1164 1468 5 5 0.24567870556954705
1165 167 10 7 0.29894272269337974
1165 168 2 7 0.10632456042591443
1165 201 6 10 0.26767166228587314
1165 393 5 7 0.202359531591635
1165 1224 1 8 0.010685904711085437
1165 1269 1 5 0.24648976005723167
1165 1437 1 5 0.1763588383591959
1165 1466 6 2 0.05477524207050158
1165 1479 1 8 0.08531116174413826
1166 715 9 5 0.1444281007694505
1166 802 8 1 0.04043117592581885
1167 539 8 2 0.2659737859320661
1167 570 1 5 0.15042000475822617
1167 695 9 8 0.1949611655833781
1167 744 4 4 0.11297964293845297
1167 1134 1 1 0.295775135146742
1167 1386 8 2 0.2426309505339803
1167 1411 9 2 0.15950735214594441
1167 1470 1 3 0.022171559405207514
1168 18 5 6 0.17679170932705982
1168 191 4 1 0.38524033400611396
1168 215 8 6 0.213901764610291
1168 280 5 7 0.11139766434583949
1168 1368 7 4 0.05813145005177467
1168 1424 7 3 0.24958827274058754
1169 169 8 4 0.2697477220317623
1169 310 5 5 0.0900669231229247
1169 1134 6 5 0.26407011999682245
1169 1135 9 3 0.23320689317104593
1169 1203 1 10 0.16250702325051974
1169 1257 3 4 0.04224962366102811
1169 1302 2 7 0.27155835305655207
1170 506 2 7 0.27087021063475314
1170 775 7 6 0.16068891795365317
1170 910 1 10 0.3720794624316684
1170 1052 3 7 0.11707880717061216
1170 1441 8 6 0.16374207456405793
1171 207 8 2 0.25454641426948443
1171 309 1 3 0.1338113304648103
1171 628 2 8 0.16193076928915762
1171 1340 7 6 0.26076134659805883
1172 134 2 1 0.33408778563385355
1172 473 3 1 0.3298670477614051
1172 637 6 6 0.302178942959746
1172 889 8 4 0.14129004791101038
1172 1249 9 2 0.3265125916264706
1173 137 7 10 0.07701734156933814
1173 616 4 8 0.1678776086149398
1174 871 8 2 0.13184654977474472
1174 1044 6 2 0.2917975415096066
1175 136 3 4 0.12337503368051222
1175 319 7 5 0.23270942257904545
1175 470 2 1 0.04648740129094786
1175 893 9 1 0.04033813587979582
1175 993 2 1 0.046620724829029125
1175 1048 4 6 0.05869957574113996
1176 89 5 10 0.03678339907009656
1176 311 2 10 0.2676630108719268
1176 584 3 9 0.0199337299403384
1176 965 8 3 0.3524782382101139
1176 1073 9 3 0.1029602813824172
1176 1091 6 3 0.0781908437389822
1176 1181 2 10 0.27989501718139054
1176 1286 7 8 0.1927552224563582
1177 608 4 4 0.20884971389052864
1177 737 8 4 0.007816465830338487
1177 848 5 10 0.23912981014762713
1177 1107 9 8 0.16501491116551437
1178 0 9 6 0.16665146384994722
1178 209 2 2 0.10199144135751731
1178 797 4 4 0.28938176807106
1178 920 10 1 0.024074585438467466
1178 981 10 7 0.020474849215075946
1178 1099 4 4 0.21018169693699912
1178 1431 1 7 0.023500183385858048
1179 290 10 10 0.22849906944785278
1179 404 1 8 0.14161998127057368
1179 791 3 1 0.35155405449897714
1179 1251 2 3 0.05330684655092341
1179 1362 4 9 0.30340496335447664
1179 1450 8 6 0.18145756820421538
1180 110 10 5 0.3329541512928961
1180 176 5 3 0.03478026266850448
1180 383 5 7 0.1056667992041033
1180 752 2 10 0.04738135609297314
1180 1300 6 3 0.28439026851497534
1180 1388 3 2 0.330750716549577
1181 359 4 5 0.19246623794180995
1181 1122 3 3 0.21381603999770699
1181 1341 2 5 0.08789687814283642
1182 170 4 1 0.3709832078051386
1182 475 5 9 0.27294064253737427
1182 1015 9 10 0.2655715340235461
1182 1432 8 10 0.23536335499085442
1182 1444 5 10 0.09794351104548739
1183 21 4 8 0.15587058097266673
1183 173 9 3 0.29835617530995734
1183 971 3 6 0.16992772919433616
1184 313 4 7 0.3649307653822661
1184 825 5 5 0.22530300084503
1184 955 1 6 0.2595648453451454
1185 130 7 3 0.06821829895367082
1185 616 4 10 0.14190285896604893
1185 755 7 7 0.21769741751247856
1185 1492 5 10 0.03470156516957365
1186 810 7 1 0.06836566908054109
1186 838 8 8 0.3341427073549311
1186 983 10 5 0.07725545592824551
1187 65 9 8 0.31059409278078365
1187 1272 7 6 0.22296217311864797
1187 1416 3 7 0.23097563305102856
1188 427 5 1 0.2562196503448519
1188 678 9 9 0.28234935271665035
1188 1457 2 10 0.15964709996833548
1189 77 7 2 0.16219288569638335
1189 811 9 9 0.2284556700346351
1189 881 3 9 0.318194971367359
1189 1288 1 7 0.37549447938032743
1190 849 3 1 0.08144241761020568
1190 994 1 3 0.022637010879541203
1190 1027 9 10 0.2054462944993904
1191 244 6 10 0.23518745389316523
1191 398 5 3 0.16432161355226202
1191 402 2 10 0.1773973307143883
1191 1302 1 3 0.11120631108852534
1192 362 6 8 0.2171330156815812
1192 1046 2 3 0.03336324421901307
1192 1212 2 5 0.06920647081237849
1192 1256 8 1 0.2561901835726356
1192 1275 2 8 0.14257618013761206
1193 212 4 7 0.18781582884276346
1193 978 6 5 0.1981803991864824
1193 1110 4 9 0.11309572923973639
1194 425 3 7 0.22483397451646922
1194 760 2 1 0.015373453340898402
1194 981 8 6 0.36407315711403665
1194 1251 1 10 0.2777382556160349
1194 1364 3 6 0.2732696409720799
1195 26 6 7 0.3312763090639906
1195 553 3 7 0.3452207041803783
1195 580 9 10 0.16163709999220915
1195 880 6 1 0.14364865853778797
1196 27 8 5 0.249923999834401
1196 625 4 8 0.17347012916496732
1197 157 8 3 0.25354834719563507
1197 509 5 4 0.14262645870113067
1197 680 4 3 0.29119179289521385
1197 788 1 2 0.25100975511111223
1197 943 10 10 0.22759954225176174
1197 1014 1 4 0.14416101898415298
1197 1352 8 5 0.2769724402937781
1198 37 7 8 0.1169435923890545
1198 294 7 7 0.2958222468261554
1198 628 2 2 0.15130083984398257
1198 866 7 3 0.13572081018872284
1198 1004 1 9 0.049782288157865395
1199 582 8 1 0.38043530110360924
1199 801 8 6 0.18286077228198552
1200 11 4 9 0.11198699258510499
1200 683 1 8 0.32457119207957874
1200 814 8 1 0.09144536195955212
1200 1392 3 3 0.3405557442957281
1201 261 3 2 0.16444288716158936
1201 344 1 9 0.15157438850454524
1201 483 7 7 0.28498574648046293
1201 580 10 6 0.35809070660276565
1201 686 1 8 0.34223193131329294
1201 1402 3 6 0.2638005924094916
1201 1441 3 8 0.25031962628198634
1202 807 1 1 0.25771754283111387
1203 286 4 10 0.1332092735747687
1203 379 2 4 0.25988317152345175
1203 947 8 1 0.38780171857860873
1203 964 8 3 0.1605212847608631
1203 971 2 1 0.3489568573520277
1203 1140 7 4 0.36256412856799236
1203 1356 8 4 0.248296218301505
1204 127 6 5 0.3299599515663835
1204 735 7 2 0.05198823414321985
1204 1127 1 7 0.035541563627155354
1204 1190 7 1 0.09121473201092906
1205 207 8 9 0.25121395397971635
1205 287 8 9 0.027781420683591823
1205 289 10 9 0.1951610909804481
1205 1144 7 2 0.29890599880308116
1205 1480 5 7 0.1903201095328117
1206 671 10 10 0.24149120049248324
1206 742 9 3 0.14764129277652693
1206 1233 9 8 0.3659221278482433
1206 1315 6 2 0.14441789490140633
1207 704 9 10 0.03326843323796677
1207 1400 8 2 0.12473826431135156
1208 279 7 2 0.11172221301254946
1208 527 1 9 0.06478863672638821
1208 531 2 9 0.30502881124001047
1208 928 1 7 0.2849870940634254
1208 1129 4 8 0.2931384164003021
1209 396 6 1 0.13171985623577226
1209 445 4 2 0.15270551637771362
1209 703 2 6 0.18331429252063414
1209 970 7 10 0.10299551007033185
1209 1107 1 10 0.38252719514649647
1209 1142 2 6 0.15234936872835064
1210 421 2 7 0.12826940094254796
1210 478 9 9 0.2044577082107324
1210 648 9 4 0.3732086015757111
1210 661 7 7 0.28416368370202416
1210 667 5 8 0.17643314857409367
1210 881 8 9 0.20405348731548845
1210 1153 2 4 0.28365634345384194
1211 179 10 5 0.22078191049761492
1211 318 3 6 0.0490036350570989
1211 369 10 8 0.2242192591000652
1212 140 4 3 0.18029276380982917
1212 390 1 9 0.23303801479231318
1212 565 1 8 0.06601545256424587
1212 1320 4 9 0.18074158642384214
1212 1345 2 3 0.2907056941199036
1212 1362 2 2 0.03642298998013718
1213 27 6 4 0.14528365288963463
1213 522 3 5 0.20322763492066823
1213 896 9 1 0.2530706350303264
1213 1392 6 8 0.19208503600979757
1214 554 10 4 0.06521333889088296
1214 617 8 3 0.2650707291466166
1214 679 10 3 0.08801510680354697
1214 881 9 7 0.33181039949287483
1215 151 7 1 0.02082668452947095
1215 263 1 7 0.39802099843379746
1215 791 5 5 0.2980207891508253
1215 988 5 4 0.3126298969297208
1215 1011 5 5 0.2708925049942697
1215 1395 8 1 0.21854907843696186
1216 23 7 9 0.14403681782119726
1216 147 7 1 0.34775422136519935
1216 295 1 8 0.1751570075507127
1216 1049 10 10 0.141191830793494
1216 1135 8 5 0.3113040659217327
1217 42 7 3 0.19090786003198293
1218 805 9 7 0.134834854290527
1218 1102 6 5 0.20685634238250444
1218 1443 6 10 0.3054454141369527
1219 194 5 1 0.3668429819863912
1219 207 10 2 0.09427403785236423
1219 265 10 6 0.2092772273422846
1219 487 4 4 0.30699212599756753
1219 514 4 8 0.3485664580467554
1219 866 1 2 0.0932229313850541
1220 386 6 7 0.2917037004478987
1220 448 8 5 0.0580805241579421
1220 502 9 1 0.30798839287327406
1220 832 8 6 0.2883841281326266
1220 1224 6 2 0.23498252972980466
1221 607 8 3 0.12480715862742038
1221 1129 8 9 0.1656427050772375
1222 191 6 4 0.16501642941153602
1222 256 4 2 0.11719607831458269
1222 635 1 6 0.0331615886290442
1222 1118 1 10 0.18435589775346267
1222 1287 5 3 0.21593515486905013
1222 1352 7 3 0.23725283998375235
1223 572 10 4 0.30242092133450543
1223 673 5 7 0.31162270050953367
1223 914 5 6 0.20823073093956665
1223 937 3 4 0.2240168942587119
1223 981 3 6 0.11748702058438652
1223 1211 5 1 0.006292513634812258
1224 12 9 8 0.21458530270002854
1224 14 1 9 0.1448011510672947
1224 381 5 8 0.2118674881560575
1224 538 7 6 0.14437562863157177
1224 705 1 3 0.3096289997598774
1224 908 2 2 0.21912217967539013
1225 41 1 3 0.10997382361548319
1225 694 3 7 0.2748096410924433
1225 1348 3 3 0.16624231353631497
1226 416 2 7 0.22540175947733093
1226 570 10 10 0.2183015558211041
1226 778 4 8 0.17648203538418522
1226 1339 4 1 0.30689199091339875
1227 581 4 4 0.0376614971960188
1227 1147 9 3 0.23274732450466273
1227 1432 5 4 0.23998275185221143
1227 1486 5 3 0.28301740349428345
1228 471 3 2 0.07275838725113806
1228 817 7 1 0.09445099108803574
1228 912 10 9 0.16410896294376326
1229 346 8 5 0.07085278522821697
1229 454 9 10 0.23798862305183235
1229 765 9 10 0.11782126252960803
1229 891 9 3 0.3617846167650678
1229 1061 6 7 0.25705016312161355
1229 1172 7 10 0.12348383738025552
1230 78 2 5 0.08285337700935912
1230 231 5 5 0.22861556661171864
1230 352 4 3 0.10648252168323043
1230 512 10 10 0.08048067236081312
1230 1373 8 4 0.32089793417579215
1231 116 4 10 0.119656753172261
1231 339 3 2 0.04268505436346978
1231 588 10 6 0.27265662301942906
1231 593 5 2 0.18036447387992388
1231 940 2 5 0.0498181458738465
1232 41 3 4 0.2518648560676402
1232 179 6 8 0.21835541293785346
1232 593 10 10 0.006208047182188398
1232 734 7 5 0.006285229963387734
1232 792 4 7 0.08248565928922154
1233 68 2 6 0.13484611567192906
1233 196 6 8 0.2751046790453864
1233 410 2 8 0.09576856336191007
1233 420 2 7 0.1899747358177139
1233 563 5 1 0.34132795675860084
1233 886 9 6 0.28665597195377707
1234 237 5 3 0.26757490429991226
1234 320 9 4 0.2893493822194354
1234 442 3 7 0.08498563105829529
1234 526 9 1 0.021527339530393347
1234 1024 3 3 0.2536082065853409
1234 1305 7 5 0.21714938128447558
1234 1326 5 2 0.0479438841660528
1234 1374 4 10 0.16198731597407748
1235 937 6 1 0.1266990284630652
1235 1410 7 1 0.2542724595062807
1236 561 10 10 0.0924244928879333
1236 631 5 6 0.3363679105973705
1236 1195 9 6 0.08039321004303766
1236 1243 1 3 0.13982671063612023
1237 169 9 7 0.25161379424805475
1237 243 8 9 0.1557471346930727
1237 538 6 7 0.30375256461112665
1238 318 2 7 0.09167031675199637
1238 326 10 2 0.054811471652522814
1238 383 7 1 0.17862419972134527
1238 428 7 3 0.28146219321046123
1238 529 10 6 0.23568664050108243
1238 808 7 4 0.2511903090541169
1238 837 5 2 0.1595725658737418
1238 1101 8 4 0.23840214243156652
1238 1131 7 10 0.3839058720401685
1238 1313 5 2 0.20860339463855618
1239 472 7 5 0.20434361019536387
1239 700 10 3 0.3500833933788393
1239 877 5 2 0.1935987811100945
1239 1109 4 9 0.27259683774723237
1239 1406 7 6 0.056202433265104684
1239 1420 7 9 0.3707502099698207
1240 139 9 10 0.24158364377870573
1240 148 4 7 0.11655952407140016
1240 161 5 2 0.3501965601561693
1240 693 9 4 0.26717102486612515
1240 741 10 6 0.14503050125403255
1240 1131 10 5 0.38630989361813395
1240 1456 4 8 0.1532460273414365
1241 544 5 5 0.11012208385350965
1241 748 10 10 0.07524721349390003
1241 982 1 5 0.1823704467910486
1241 1327 8 1 0.32318587825831047
1242 362 4 1 0.1586911450575373
1242 820 6 2 0.2303733949854585
1242 1149 9 6 0.05154948193465558
1242 1381 8 1 0.3688600667653336
1243 253 10 8 0.11699763373395648
1243 1163 9 4 0.2705080230914094
1243 1164 4 10 0.09248131694350747
1244 97 4 8 0.11074643685994841
1244 620 1 8 0.02851312701203154
1244 663 3 2 0.3142800197857839
1244 1071 6 8 0.061946802946308194
1245 26 10 5 0.0795786756143166
1245 466 1 9 0.15026627393230307
1245 472 5 6 0.027283407700440437
1245 1237 10 9 0.1739300064929093
1246 147 8 7 0.2230183302871279
1246 334 5 6 0.1471881170267333
1246 1169 8 4 0.320621905635535
1246 1253 3 6 0.14455871451530222
1247 156 3 10 0.03452808108540564
1247 223 8 5 0.08573690622616961
1247 561 10 4 0.1525503774993413
1247 843 5 9 0.23989162485798873
1247 1164 6 4 0.050050909335728255
1247 1169 4 8 0.05522260065998141
1248 81 3 3 0.29718215331590964
1248 359 2 6 0.08465369257810595
1248 605 7 9 0.1259651907710806
1248 774 1 3 0.20535724351297174
1248 1261 1 8 0.24203915171002646
1248 1360 6 2 0.33141660918772065
1248 1429 8 10 0.22996674071574713
1249 500 6 7 0.2216585679367734
1249 1113 4 7 0.3118366638504544
1249 1285 10 4 0.049573280748957144
1250 256 2 1 0.2277779222263142
1250 904 7 4 0.20280493599279958
1250 963 9 3 0.26032078412745585
1250 1067 10 3 0.328314390717243
1250 1152 4 2 0.2206799186432326
1250 1350 4 2 0.019855059388262486
1251 11 1 7 0.27454725986315914
1251 195 3 4 0.36052706430678433
1251 736 7 9 0.34752825843593965
1251 892 6 3 0.01271014580064142
1251 910 9 1 0.32075565835230246
1251 1267 9 9 0.1449900284854783
1253 419 10 10 0.3076078969011693
1253 660 9 9 0.334820660351254
1253 672 5 6 0.39609937459635086
1253 1009 3 9 0.05637464961575461
1254 2 1 1 0.21896274454915154
1254 20 7 2 0.2637753899667211
1254 242 5 8 0.36798530689542797
1254 310 5 8 0.30857222529398987
1254 937 9 9 0.18408605843426307
1254 1161 4 4 0.09104434531627538
1255 1207 2 6 0.040463997219333275
1255 1313 3 9 0.2859361169724659
1256 349 7 1 0.3563820007458545
1256 1101 10 5 0.11881217365899889
1256 1462 5 7 0.32524936556808903
1257 141 8 9 0.02545443363267083
1257 667 6 3 0.06437086421688942
1258 3 9 5 0.2963185065368793
1258 237 6 10 0.12388711916396754
1258 472 2 9 0.20064857446836762
1258 519 6 6 0.11470106189036601
1258 783 10 1 0.10952499508285958
1258 798 4 2 0.14758699680168685
1258 998 6 2 0.13105668322938718
1258 1086 6 10 0.057162593309774995
1259 249 2 4 0.22705084679337742
1259 517 7 1 0.32407390341661224
1259 747 4 10 0.015429115466358168
1259 1183 9 8 0.13287549889666272
1259 1249 8 1 0.1773012167043014
1259 1481 10 3 0.16993422864013252
1260 317 8 1 0.2609085030221379
1260 493 9 1 0.18749465025765788
1260 507 8 8 0.23011229935674848
1260 692 7 5 0.223901873555931
1261 650 6 9 0.36623334941159547
1261 725 5 5 0.16035274324512463
1261 1297 5 1 0.3244325641945174
1261 1420 4 2 0.017477702057032835
1262 120 9 5 0.1920011344460098
1262 204 3 10 0.2669587929754386
1262 246 9 1 0.38655584181599767
1262 1483 5 5 0.24623436235063192
1263 383 5 4 0.2709622772116437
1263 1148 7 2 0.1879586565003426
1263 1438 5 3 0.13095231129221013
1264 185 2 3 0.10786608650738787
1264 362 8 3 0.10463845456486398
1264 449 8 7 0.28763402264596244
1264 667 3 6 0.12049751579693137
1264 1278 1 6 0.3569432278675736
1264 1454 8 5 0.17298135460038555
1265 98 6 1 0.07377067116471489
1265 237 7 8 0.014883778814473364
1265 725 2 4 0.13220615186120516
1265 944 8 5 0.1928694387596189
1265 1167 2 1 0.3566711153050132
1266 356 1 2 0.23153936306976328
1266 855 3 8 0.18650459522744178
1267 199 10 7 0.2250594604964246
1267 489 10 9 0.2424946814606118
1267 1452 1 1 0.20326578217413194
1268 167 5 10 0.1084557399642787
1268 1114 9 4 0.11501931402917613
1268 1189 8 4 0.2626849196958377
1268 1392 3 3 0.24538669773462807
1269 316 10 6 0.2573399931098362
1269 1074 9 5 0.30357333377574275
1270 16 2 3 0.22376611128893645
1270 259 7 4 0.2034288963688586
1270 725 5 8 0.11033561831556286
1270 922 6 10 0.15296601337253854
1270 949 6 6 0.05574932289187409
1270 1203 9 10 0.2596442254966697
1270 1318 5 6 0.14749787961938712
1270 1387 8 6 0.17489089470743222
1271 890 7 2 0.11501611239855225
1272 276 6 3 0.07042718787784188
1272 1210 10 5 0.06571321305163541
1272 1431 5 2 0.1813799155275209
1273 15 4 5 0.15108028009906593
1274 377 6 4 0.3469448697699437
1274 678 10 3 0.15520799057742707
1274 698 7 6 0.22903692604967457
1274 805 2 8 0.2878642958389163
1274 921 6 7 0.24015093601617588
1274 1305 3 5 0.16575973586672882
1274 1495 4 8 0.28208284327477673
1275 442 4 8 0.21807757768141828
1275 1422 1 9 0.12318207296021333
1275 1496 5 8 0.3725144657114587
1276 105 3 8 0.2317128312678532
1276 290 1 6 0.10934489859698517
1276 1216 8 5 0.19138693907396148
1277 216 10 10 0.1957406135485875
1277 257 4 1 0.10701655741770642
1277 307 8 3 0.34595102552482615
1277 422 1 3 0.18052515515440662
1277 1319 1 1 0.1326637914495472
1277 1328 10 8 0.32948107838741536
1277 1406 4 6 0.3457247705745503
1278 33 6 8 0.2566149604525536
1278 265 1 5 0.07087847749538387
1278 643 10 7 0.2813191958556567
1278 909 2 7 0.16719690882260035
1278 1098 2 3 0.350353002339126
1278 1481 2 2 0.37210660188164374
1279 850 2 9 0.21836067869657463
1279 933 10 2 0.1350159844208511
1279 1138 10 6 0.05014715607191042
1279 1456 2 1 0.24515418030744998
1280 727 2 9 0.27926792140753176
1280 1099 8 6 0.1523544121026892
1280 1268 2 7 0.16452692295736546
1280 1296 7 4 0.25679168448524226
1280 1440 2 6 0.2667489613533049
1281 4 6 6 0.18014569943201605
1281 105 10 4 0.07527364633202067
1281 872 9 1 0.2331908203207313
1281 1191 6 10 0.27897844831472524
1281 1317 2 10 0.011698985406098011
1281 1329 4 10 0.07250288888775464
1282 486 7 4 0.2815098728184964
1282 964 4 5 0.3190083590822539
1282 1311 10 10 0.10628431607335818
1283 81 3 1 0.2259349594816256
1283 363 8 5 0.1042751816245244
1283 644 5 2 0.2296906506027191
1283 898 1 1 0.12579917318778006
1283 905 5 6 0.027996165562532704
1283 1142 1 3 0.1969869266145887
1283 1215 7 6 0.20837940514972048
1284 258 10 1 0.35435498391344433
1284 357 6 4 0.14153701142300706
1284 1029 9 2 0.24806774076884025
1285 172 3 3 0.13965633215433948
1285 1063 5 6 0.0689631710304977
1285 1284 2 2 0.12987340747304948
1285 1315 1 8 0.10869159567245176
1286 227 8 6 0.19471786544709085
1286 292 8 4 0.10799325728723444
1286 376 2 8 0.2888553493508136
1286 893 4 4 0.3549362328040291
1286 899 3 3 0.11935167726935743
1286 1171 8 6 0.1745051193957918
1287 163 2 2 0.10210936502185815
1287 1387 2 1 0.33473941435673277
1288 25 8 4 0.3485470903912594
1288 95 3 6 0.1921294163382178
1288 814 1 7 0.1489904618078134
1288 1102 1 4 0.19459007097591732
1288 1364 4 8 0.0986445477195499
1289 110 4 8 0.22915501798590854
1289 769 3 4 0.17385577855765375
1290 17 3 5 0.13824347998591627
1290 83 4 4 0.022746024974558687
1290 85 9 5 0.38366733554357807
1290 1146 3 3 0.28833096457690716
1291 484 6 10 0.2092525184555084
1291 531 8 9 0.10522376461556464
1291 1168 10 4 0.38519790576343244
1291 1258 6 5 0.34244473150019533
1291 1441 9 6 0.33923664290600597
1292 1016 7 2 0.0016509435653964954
1293 298 9 5 0.1579556544747406
1293 619 5 3 0.11322513955383158
1293 1044 8 8 0.235147286636471
1293 1083 8 2 0.2674849435298239
1294 266 2 6 0.20112266184454203
1294 315 10 1 0.20643721008788854
1294 884 1 1 0.20334519331251386
1294 991 3 6 0.06766076218594108
1294 1089 7 4 0.25656712420456423
1294 1457 5 9 0.08518823220570437
1295 1178 2 9 0.14410706211424915
1295 1259 1 1 0.3083657617667227
1296 175 3 8 0.007332548930647276
1296 329 6 7 0.1338436290624015
1296 901 1 5 0.16256581125279398
1296 1270 9 9 0.1623178657256652
1297 211 5 9 0.21138390102604987
1297 355 9 6 0.30828528608651096
1297 495 4 5 0.23852669354018233
1297 845 3 6 0.02607814076718229
1297 880 2 1 0.2708858633858418
1297 1125 4 3 0.15068146115415426
1298 309 7 8 0.37118817296587614
1298 489 1 2 0.1805029348806517
1298 985 2 10 0.3825800069196841
1299 148 1 8 0.06031702686649143
1299 154 2 3 0.3212299716012567
1299 365 3 7 0.31276523593366234
1299 814 9 6 0.1584328021012007
1299 1447 3 7 0.3478596299075197
1299 1482 1 4 0.12081046169879699
1300 344 7 2 0.022217258226827657
1300 833 1 9 0.367971585093268
1300 1001 7 9 0.12294802148625501
1300 1015 4 7 0.02925752979361526
1300 1230 3 6 0.35982516345110094
1300 1455 8 10 0.3651906803064946
1301 197 9 1 0.3430050908438357
1301 404 7 1 0.01954985750622512
1301 620 8 1 0.14572046596688598
1301 773 5 5 0.35490671896914466
1301 965 4 9 0.16878737419935202
1301 973 1 5 0.13298265153258432
1301 997 4 10 0.10370422225564031
1301 1071 10 5 0.2111118169448579
1302 301 5 8 0.06412215112023614
1302 320 7 3 0.17252547533992618
1302 547 2 10 0.0018001189268630757
1302 1253 9 4 0.3216190288564593
1302 1317 5 9 0.3137992927070447
1303 776 10 8 0.15287732728889308
1303 1067 1 10 0.3037071792689024
1303 1072 7 10 0.1422744803922027
1303 1125 7 3 0.13860223933746524
1304 742 8 10 0.3438861947471196
1304 839 9 7 0.002349523444785423
1304 848 8 2 0.3617555643285787
1305 148 5 2 0.0840399445509884
1305 408 10 2 0.20336068181077133
1305 420 1 8 0.04941561835071992
1305 499 4 2 0.2578254613664563
1305 712 10 6 0.19221769874813635
1306 56 10 6 0.34459997421896577
1306 888 9 10 0.17347218216922008
1306 1051 10 2 0.10055158679550352
1306 1342 8 4 0.019588070937766405
1307 112 3 4 0.0023723179730841537
1307 391 9 8 0.19388280588558265
1307 826 2 3 0.07533965163261556
1307 1351 10 9 0.10432996558241261
1308 86 7 9 0.394825908946397
1308 929 10 6 0.245168868782188
1309 1025 5 1 0.12183517407090176
1309 1083 6 2 0.05936136189932226
1309 1204 6 2 0.2226547258157892
1309 1294 5 2 0.11795263634776594
1309 1452 6 1 0.3711046099533465
1310 374 8 1 0.2402584752085383
1310 676 1 7 0.019444987265601982
1310 1106 3 6 0.31269680362492325
1310 1280 8 2 0.05012476946187602
1311 22 5 6 0.27083284172698513
1311 753 3 4 0.19485191422352877
1312 428 6 8 0.08116281932545488
1312 598 7 5 0.11873557391474893
1312 1477 1 5 0.20302077185289552
1313 564 8 7 0.25777807904430083
1313 741 1 8 0.26753111225742743
1313 818 4 5 0.055315791990398655
1313 899 10 7 0.2504632124473346
1313 946 1 3 0.1777182192193266
1314 498 2 1 0.19878771139800658
1314 566 10 5 0.01300997978458765
1314 615 1 9 0.03905170188503468
1314 662 3 6 0.34989312184398025
1314 1106 4 10 0.1393577222738721
1314 1187 3 3 0.3416170682312609
1315 204 8 3 0.18701557139548516
1315 356 3 8 0.29345380289144923
1315 665 4 8 0.2953438011160414
1315 889 9 7 0.23782539307627737
1315 1022 3 4 0.3035022276234076
1315 1428 3 9 0.04112508342801083
1316 512 7 8 0.2468190283901916
1316 1069 4 7 0.04269037320835148
1316 1173 10 4 0.19262236433072877
1316 1398 8 10 0.24170166805514384
1317 94 7 6 0.22696114755844796
1317 543 1 1 0.04250158628826112
1317 606 5 7 0.18835786048572933
1317 1116 4 4 0.1798097561845738
1317 1432 9 9 0.2193447475175383
1318 317 7 3 0.2966493724114777
1318 1196 1 2 0.08801076645907502
1318 1220 7 2 0.02993710774151645
1318 1357 1 7 0.016757842496958247
1319 186 9 10 0.3707558653484263
1319 990 6 8 0.20875411513864991
1319 1451 4 7 0.2949283944544125
1320 214 4 5 0.021382974171532287
1320 470 7 2 0.345907734114084
1320 532 8 9 0.11266866267376598
1320 1475 5 6 0.12658007162486848
1320 1496 5 6 0.20300162987825704
1321 1323 6 2 0.14835800738711852
1322 586 6 7 0.12480697331143639
1322 1265 7 3 0.2203389624078344
1323 1098 8 2 0.37177762978742024
1323 1212 7 2 0.2524335290926665
1323 1246 8 10 0.14476018922130582
1324 86 6 10 0.19080624718652933
1324 205 9 9 0.16439884024237378
1324 223 9 4 0.1588817124390013
1324 829 5 10 0.06290248469767717
1324 915 9 1 0.10510859455259533
1324 1018 4 9 0.0908619633667637
1324 1301 7 4 0.13687662831780534
1324 1498 5 6 0.13105756756438525
1325 367 1 10 0.11298947143360343
1325 1453 7 2 0.15263867789086902
1325 1480 5 7 0.0006342597464592259
1326 70 1 6 0.26894162007307243
1326 236 10 10 0.0040881870784330865
1326 465 10 1 0.14800110859908272
1326 560 6 6 0.023732992641568057
1326 932 8 8 0.21808516482622028
1327 11 5 5 0.03476593256260899
1327 289 10 5 0.2818729435572021
1327 772 8 4 0.07721755687943613
1327 798 10 9 0.2601091656473669
1327 899 8 5 0.2252784924787103
1327 1038 1 9 0.12565057690280562
1328 670 5 9 0.2219124313593767
1328 675 1 4 0.31850480982130747
1328 1084 8 3 0.03744834262185637
1329 59 6 4 0.34749938564022037
1329 93 7 4 0.3841689485858163
1329 508 9 1 0.30924531811814665
1329 579 5 6 0.11575933495091405
1329 857 4 8 0.3603249601614612
1329 1148 7 3 0.262375871671113
1329 1293 9 3 0.2670330631321229
1330 280 9 4 0.20909189641042575
1330 824 6 9 0.3632290838938764
1330 842 4 4 0.08450373333921332
1330 900 6 6 0.25402350495675835
1331 426 2 4 0.15737646683451084
1332 389 6 8 0.320995439302148
1332 464 8 5 0.2775955290798099
1332 883 4 3 0.20805879820475945
1332 965 9 8 0.37908175515756737
1332 1061 6 2 0.12013381014128974
1333 39 1 5 0.32001631789374696
1333 482 9 3 0.239205619631016
1333 702 6 10 0.24076110771647757
1333 861 2 8 0.27914179359432
1333 1064 1 6 0.29715298888295827
1333 1173 10 3 0.15670112813847806
1333 1219 5 5 0.3543742249152413
1333 1233 7 3 0.15476373994434706
1333 1416 7 7 0.10642306369628686
1333 1456 3 3 0.267777894442777
1334 574 8 9 0.0651661011912994
1334 1412 7 3 0.08592916452166714
1335 687 8 6 0.1664669842327377
1335 1019 1 8 0.1499793794325527
1335 1093 5 9 0.05090443188121918
1335 1372 6 7 0.26844056196016175
1336 698 6 8 0.2687714823730173
1336 1465 7 2 0.34757675309512737
1337 357 7 1 0.1802839014076863
1337 439 3 3 0.08067972510846813
1337 818 3 7 0.1318477661990395
1337 1040 9 5 0.2034244182468709
1337 1486 1 7 0.17076895220535365
1338 179 6 6 0.17102438309929016
1338 497 9 1 0.18131331432752906
1338 587 2 7 0.204668656424885
1338 1015 4 8 0.1422775255049727
1338 1470 4 5 0.22574152461922675
1339 298 7 4 0.3001572987420908
1339 689 1 4 0.26443829476710623
1339 692 7 5 0.37664756175658204
1340 118 2 6 0.22582386419752826
1340 912 8 6 0.2314514590223473
1340 1233 7 3 0.16697118330046284
1340 1251 5 1 0.28761125990710656
1340 1305 2 8 0.20453372433504496
1341 275 7 1 0.07345651811322312
1341 640 3 7 0.2355377268906219
1341 948 6 6 0.15362063947075844
1341 1184 8 3 0.14056038691625045
1341 1242 4 4 0.04221360011819078
1342 72 2 6 0.3072710750443457
1342 535 8 3 0.3682650706014841
1342 1201 5 8 0.3514739190200285
1342 1267 7 8 0.18791774114710513
1342 1310 6 1 0.36374245271252725
1342 1453 7 7 0.12855789247391697
1343 144 6 7 0.2727548388375124
1343 254 9 9 0.1683507000815018
1343 341 7 8 0.2421516214842509
1343 352 10 2 0.07442754336243779
1343 638 10 7 0.1433879483382468
1343 674 1 8 0.3169676586747617
1343 1087 3 9 0.354304352591614
1343 1345 10 7 0.25859146956964685
1343 1472 2 2 0.39769691135154456
1343 1490 4 3 0.20944315757288043
1344 564 8 5 0.25589054418572393
1344 1449 10 5 0.15038139952989468
1345 265 3 2 0.1741295024636672
1345 411 7 4 0.08813454646159125
1345 595 2 10 0.03234720363815835
1345 641 2 7 0.2827826904792005
1345 1125 5 6 0.25524275252804335
1345 1356 8 4 0.11521656184886558
1346 153 8 10 0.344343054137622
1346 594 6 10 0.32403993823937915
1346 717 1 9 0.014849802157642256
1347 462 3 8 0.17965398541511138
1347 763 5 8 0.04837430722692268
1347 1097 6 1 0.02541230694164215
1348 9 5 7 0.179611430382345
1348 362 7 3 0.17981861488710654
1348 365 7 2 0.36085479553790956
1348 595 4 4 0.33967242675200715
1348 852 9 1 0.27303483744755086
1348 1395 8 8 0.29206833618785344
1349 130 1 1 0.31532581276922633
1349 569 4 2 0.14771892623586622
1349 769 1 7 0.09987484286802147
1349 1276 10 9 0.24037920792720482
1349 1285 9 6 0.13029395013601017
1350 168 6 2 0.13356365992187486
1350 455 7 10 0.1325660668210995
1350 466 3 6 0.281587788532279
1350 617 9 4 0.16299531231091344
1350 1193 9 5 0.07784242703887298
1350 1247 10 7 0.06869923190790053
1351 892 5 4 0.1034145087326666
1351 943 9 6 0.17817489018512103
1351 945 7 7 0.3647847275062197
1352 853 10 2 0.13297494799243953
1352 1261 6 7 0.22160180417218298
1352 1265 4 9 0.21818095017670647
1352 1469 2 3 0.2553434875261814
1353 4 8 7 0.36173703253454315
1353 199 2 9 0.009056247552193725
1353 356 10 2 0.1503995907760536
1353 554 7 7 0.16260278868914504
1353 740 9 5 0.08352449119160632
1353 1201 2 9 0.18980648899816313
1353 1407 2 3 0.14492095754265977
1354 8 10 3 0.31232147637459107
1354 95 9 4 0.2384566293717921
1354 338 4 2 0.14326667644978733
1354 371 2 10 0.2668268764600823
1354 446 6 1 0.05662136507468879
1354 472 7 4 0.3103976578206948
1354 505 7 4 0.20817933912507428
1354 683 8 4 0.013963154820232332
1354 900 5 8 0.15295187548419928
1354 980 2 3 0.24023484910340864
1355 341 5 6 0.20031404212099038
1355 506 10 7 0.2725476105626366
1355 619 4 4 0.2623345719480004
1355 1194 1 7 0.3613955353038303
1355 1498 5 9 0.2739683765128903
1356 872 8 3 0.3626054833988307
1357 583 1 1 0.256907119918273
1357 600 7 2 0.18539794099285306
1357 813 7 6 0.33351709292388343
1357 1465 3 5 0.05524687115931873
1358 423 3 9 0.290200479243259
1358 624 8 2 0.24269909612652732
1358 642 4 5 0.37383883554973163
1358 709 6 9 0.29184841844518083
1358 930 3 9 0.3068786890848638
1358 994 9 4 0.37654548482247474
1358 1011 6 7 0.08032844950822339
1359 194 7 7 0.1336688890133606
1359 503 7 4 0.14792985323986801
1359 704 3 10 0.05232202108176237
1359 717 1 9 0.09516789560676095
1359 924 2 6 0.06740148428262194
1359 1472 3 9 0.07739080131990933
1359 1485 10 5 0.03621504006066409
1360 218 1 3 0.3232377302905484
1360 338 2 4 0.17001666900339346
1360 686 5 1 0.21270918069563713
1360 834 8 9 0.13132673332650147
1360 1016 2 9 0.041492911645442304
1361 407 9 7 0.36244011802131765
1362 245 1 4 0.3844809881393303
1362 695 3 5 0.2091514896753355
1362 828 2 6 0.21920036863215642
1362 1465 4 10 0.295569712243303
1363 65 6 2 0.27881577765009147
1363 472 9 8 0.27653381279823286
1363 1144 9 1 0.08551306617320023
1364 659 9 10 0.17541310495321247
1364 1166 5 2 0.3591257103883814
1364 1284 10 2 0.1711105639158766
1364 1442 2 6 0.26675960914151525
1365 110 10 1 0.3414367470479609
1365 335 1 7 0.2888989665644095
1365 926 8 2 0.296056408310655
1365 1001 6 5 0.04842634812634056
1365 1226 5 2 0.13553707143583565
1366 570 4 5 0.2027013353007239
1366 1035 3 6 0.19548516410395206
1367 300 7 6 0.01694157069110616
1367 714 6 8 0.2109300179642104
1367 833 7 10 0.08891604220676312
1367 947 7 4 0.21018990714691033
1368 137 10 1 0.3356674260716373
1368 217 10 10 0.2576320634412441
1368 241 4 9 0.20632675998298208
1368 284 1 4 0.2994585093846216
1368 576 6 1 0.27220600186681965
1368 613 1 7 0.11814913078979594
1368 838 1 4 0.3155762739266308
1368 850 7 10 0.04674201957153709
1368 1248 3 3 0.12977573975391332
1369 919 9 1 0.2437919487427141
1369 1230 9 5 0.2258981529208456
1369 1347 6 8 0.080632035834608
1369 1390 6 2 0.1345026942993519
1370 77 8 8 0.20590242098356107
1370 398 2 3 0.36550633478972844
1370 487 5 10 0.21339455599285045
1370 640 4 6 0.19122036407456053
1370 856 1 3 0.035134950896883205
1370 1355 1 9 0.08377690845972748
1370 1377 10 5 0.039475348627990514
1370 1411 7 3 0.05975629648492112
1371 705 2 9 0.24760407312178412
1371 846 4 5 0.03263964611712786
1371 862 7 4 0.06577373434523087
1371 1195 8 6 0.26546648546662377
1372 80 7 3 0.23714957437564715
1372 553 3 1 0.03020807498815395
1372 821 9 3 0.24771875819554542
1373 493 10 10 0.13544895298956983
1373 546 8 5 0.3496428479797217
1373 1040 7 8 0.21267824129387547
1373 1058 10 2 0.24284155251415565
1373 1066 3 1 0.059500510399284445
1373 1365 6 1 0.18473718274128878
1374 384 10 8 0.19102680739741698
1374 435 9 10 0.17758658475489622
1374 442 6 2 0.3441999062142743
1374 675 5 10 0.024185854205851537
1375 709 10 10 0.22299187156726083
1375 913 5 2 0.051321355854568845
1375 1339 9 7 0.12060342807425006
1376 1063 5 3 0.29973684109977167
1376 1105 3 2 0.1001312044629399
1376 1180 10 1 0.12125272657831566
1376 1387 10 3 0.2730792006300653
1376 1443 8 8 0.07799580715825563
1377 121 1 5 0.32896668458408
1377 189 2 3 0.02693506889860714
1377 272 5 3 0.1503342688897773
1377 343 5 10 0.2850248870461879
1377 367 8 8 0.22619301791708626
1378 344 4 2 0.17217717741939398
1378 514 8 5 0.09520881024183453
1378 973 5 7 0.18402510507718928
1378 1147 3 3 0.19480119285986214
1378 1155 9 10 0.3339951284163376
1379 970 7 7 0.2340832625068949
1379 999 7 4 0.3020797213264854
1379 1358 8 6 0.32443069641985056
1380 394 9 9 0.29991111934457043
1380 513 10 10 0.2655262651074012
1380 584 9 6 0.23481911605534703
1380 882 8 3 0.2212132418649321
1380 1004 1 2 0.08401785692317609
1380 1423 8 8 0.12654927891356035
1381 400 10 6 0.308756448387239
1381 741 6 9 0.35007953653027707
1381 936 2 6 0.2370328195914157
1382 20 8 9 0.2637475282842612
1382 28 6 1 0.11631878189552326
1382 127 2 6 0.2653711674906519
1382 521 8 8 0.07850341438269487
1382 535 2 7 0.021483691277067507
1382 1106 1 6 0.1518608347291168
1382 1147 4 10 0.1606090499217988
1382 1388 1 1 0.11693377060925403
1383 65 10 1 0.1303198158026872
1383 789 5 4 0.14149566555017687
1383 794 6 8 0.17639722974261493
1383 995 5 6 0.2078451424501226
1383 1110 4 2 0.1974020059224885
1383 1202 7 2 0.09216994370205672
1384 111 1 3 0.1675382199815905
1384 487 9 9 0.16378421477420949
1384 564 10 3 0.23475617120261408
1384 1276 10 1 0.31953368262356757
1384 1381 1 8 0.06133322966339427
1385 312 10 10 0.27235131553155434
1385 816 2 4 0.1975256439793459
1385 1167 2 1 0.3247402360808655
1385 1253 7 8 0.06004297345268003
1386 1008 3 10 0.11535387804029663
1386 1084 2 2 0.12635399137072878
1387 733 7 7 0.20451869211534393
1387 862 4 10 0.1711371373824232
1387 889 10 4 0.26710322609900483
1387 999 6 7 0.26159530478871384
1387 1323 10 10 0.31239560879262784
1387 1403 7 9 0.18870857578700703
1388 1119 10 2 0.1991993341246413
1389 320 3 10 0.07106330700958058
1389 598 7 8 0.23451649518314105
1389 1021 2 6 0.1409012548636509
1390 34 4 5 0.2252604663331809
1390 592 6 3 0.19650652568535332
1390 719 2 10 0.19689939815014335
1390 1106 5 6 0.2160135646375844
1391 142 1 5 0.2292023207112071
1391 707 10 2 0.16656172843308112
1391 1377 8 9 0.21651408994006663
1392 2 3 6 0.165569108016729
1392 32 2 4 0.14579742082808753
1392 1164 1 4 0.14201737608180254
1392 1401 9 10 0.018902399427085603
1392 1466 10 2 0.18370910347807495
1393 434 1 10 0.33283962730122574
1393 855 5 6 0.13465171493960354
1393 1378 6 4 0.3997480892429248
1394 194 10 7 0.25882518623371525
1394 974 1 1 0.08346061554958428
1395 180 3 4 0.2465530189258952
1395 466 6 3 0.22724066390241027
1395 639 7 3 0.29908117202297047
1395 706 6 2 0.0003484645550043963
1395 863 2 9 0.24353117965924018
1395 926 7 7 0.21723199472775487
1396 611 9 3 0.2146634410249634
1396 740 1 3 0.15733830468850327
1396 877 5 7 0.08621524176383506
1396 1009 7 10 0.36494952326675634
1397 339 2 2 0.1561157591700088
1398 148 3 8 0.3889177210451503
1398 256 3 8 0.17082161816818406
1398 625 6 5 0.14363460081514107
1398 871 9 8 0.08082790276804089
1398 974 2 4 0.12994180226664664
1398 1076 3 2 0.35185058742713204
1398 1261 4 8 0.3546046492317019
1398 1346 7 4 0.22527385763207108
1399 105 9 9 0.38481212728529857
1399 619 10 5 0.11672782936338184
1399 687 1 2 0.1996192815970822
1399 986 3 2 0.294036062563889
1400 275 5 2 0.25542129758593934
1400 470 6 8 0.19797846179548792
1400 587 5 3 0.1475410866123663
1400 856 2 2 0.1778707929466664
1400 1141 4 6 0.031675748098949214
1400 1237 9 7 0.2621739373702621
1400 1254 8 1 0.2508001964510143
1401 404 3 8 0.20898984797351766
1401 702 5 10 0.20632170884258336
1401 926 4 9 0.3173080701111812
1401 961 5 4 0.3428011896031038
1401 1117 4 9 0.311877963889027
1401 1122 8 8 0.012686795799819156
1401 1291 2 9 0.14286490093204526
1402 67 9 3 0.26017526000579566
1402 230 2 8 0.1365875189107788
1402 619 9 6 0.21447073926563265
1402 748 4 10 0.37729001395746475
1402 758 10 1 0.27584365416567697
1402 1030 9 8 0.09787378640766639
1402 1238 6 1 0.02827202453499339
1403 64 6 7 0.35077721225698155
1403 317 4 5 0.08856658493566416
1403 384 10 8 0.1898308223720466
1403 388 9 1 0.0717789527543396
1403 537 7 1 0.38347652399023713
1403 727 2 5 0.23952172244948366
1403 1053 1 1 0.19553371245438916
1403 1137 10 5 0.18759002924101445
1404 227 4 5 0.22831579592979848
1404 520 4 1 0.09673910015449885
1404 1162 9 3 0.19693535629474943
1404 1190 10 3 0.2698520322354503
1404 1379 4 7 0.3610155394878056
1405 1033 2 1 0.2697151594985037
1405 1184 8 10 0.197011283714115
1405 1443 7 9 0.07319715889078379
1406 425 9 9 0.1781981095582622
1406 668 6 5 0.34463337340713307
1406 787 3 2 0.0736097049020277
1407 56 9 4 0.2675414473812358
1407 99 9 9 0.2832901473758038
1407 158 3 1 0.31338034316289204
1407 863 2 3 0.22717804045762252
1407 1085 2 5 0.3472877057265662
1408 1232 2 5 0.33678514183727576
1408 1262 1 3 0.16700137278776328
1409 82 7 6 0.1719273700465826
1409 1262 10 2 0.34149634307614046
1410 271 7 5 0.16311556304796843
1410 479 8 4 0.20064564232502763
1410 925 1 9 0.25490596461196674
1411 658 7 9 0.023032762571043974
1411 803 5 6 0.09796212876400916
1411 1071 3 4 0.12641952721963223
1411 1258 1 4 0.05617711609697279
1412 58 4 7 0.25995961536821743
1412 183 1 6 0.14017464536829688
1412 349 5 3 0.1119778123438638
1412 1026 4 9 0.16171439336983984
1412 1255 7 6 0.11582340916000207
1412 1286 6 4 0.030255500060817175
1413 44 6 5 0.10074935060837123
1413 402 2 5 0.027561953399594163
1413 459 6 6 0.20619356797988464
1413 987 9 5 0.1687647312737588
1413 1041 8 1 0.11282391091708409
1413 1296 7 3 0.1375328554543395
1413 1376 7 1 0.14791614968739725
1414 192 4 4 0.09119482469348884
1414 380 10 6 0.10586523714415477
1414 1336 6 2 0.22722382454872703
1415 56 9 6 0.190815037128412
1415 338 8 5 0.28473258985701805
1415 727 10 10 0.3142420874092642
1415 939 10 1 0.35100534408622824
1415 1186 3 6 0.24438009296171329
1416 174 9 5 0.3309352440686638
1416 225 6 6 0.2289476307975514
1416 407 5 7 0.10705818113174029
1416 759 3 6 0.15957503931008538
1416 1003 9 8 0.37621680584419426
1416 1094 9 10 0.07775331788751716
1416 1365 5 1 0.213949349004968
1417 806 3 10 0.1907295937843813
1417 1033 8 5 0.22653849355323816
1417 1123 4 2 0.3491143066111555
1417 1128 2 3 0.35875560009012086
1418 698 4 7 0.21298987860965274
1418 801 2 6 0.3458164838238199
1418 818 8 9 0.16237743452925757
1418 1277 1 5 0.08379081490055107
1419 46 8 6 0.22333537295460676
1419 1120 5 2 0.21021010857364847
1419 1302 3 10 0.37695931435663155
1420 44 9 7 0.20779700446865187
1420 407 5 5 0.2362111490620476
1420 517 4 7 0.3563426323289334
1420 560 10 3 0.31695326618171016
1420 921 9 9 0.33583777520635394
1420 1100 2 3 0.18246105053396836
1420 1317 9 10 0.16760029713888142
1420 1435 8 9 0.2463948469218698
1421 8 5 8 0.3623788675590909
1421 611 7 6 0.1801973097507399
1421 676 2 7 0.29596444340141537
1421 699 1 9 0.26959374673859204
1422 626 3 6 0.23855017670019857
1422 954 9 7 0.1275972878143248
1422 1184 7 10 0.18813900706730516
1422 1276 3 7 0.2980963098200552
1423 1020 4 10 0.043335113411894666
1424 222 5 6 0.09551873071623007
1424 271 9 5 0.11463514902130158
1424 493 7 1 0.16550826841697827
1424 626 6 2 0.056802774164601916
1424 664 1 10 0.04347562742564279
1424 681 9 2 0.20920751128905074
1424 965 3 8 0.2830350777779333
1424 1050 7 2 0.17205464811210086
1424 1091 2 1 0.1656206128673148
1425 159 4 8 0.16224135471596451
1425 192 5 6 0.14382220019447942
1425 729 8 9 0.3847561609463115
1425 792 4 4 0.20424493973538807
1425 1304 9 3 0.11497578797179966
1425 1318 2 3 0.07438986921291998
1426 13 9 3 0.2931093829602547
1426 74 8 9 0.06164472372653529
1426 169 5 10 0.02314644448154779
1426 272 5 1 0.377276715362842
1426 340 2 1 0.1622281518331476
1427 141 3 10 0.18042405831904382
1427 934 8 10 0.07091462834753562
1427 1314 6 1 0.325936903044064
1427 1315 5 8 0.3259221087593806
1427 1407 5 7 0.2202919542198506
1427 1439 6 9 0.1582440768764549
1428 30 9 2 0.202927304931176
1428 165 7 6 0.3070877876656285
1428 485 8 1 0.2196146561417801
1428 739 7 1 0.147845528799619
1428 971 2 9 0.27993343104498236
1428 1084 1 4 0.2736972051449192
1428 1228 7 10 0.0755653522060587
1428 1251 8 7 0.16590652719891272
1428 1281 2 1 0.2753075888030949
1429 116 7 9 0.36207993059723154
1429 745 4 3 0.03881915476369904
1429 767 9 1 0.07844781742037167
1429 1299 6 9 0.1154397298386751
1430 206 7 4 0.1142301205198273
1430 269 10 10 0.22846645694497186
1430 362 10 9 0.19739504692544477
1430 477 5 3 0.3057812447262404
1430 752 1 4 0.32833907372754745
1430 1397 7 1 0.11872522318395758
1431 154 9 3 0.27329616700832926
1431 564 10 5 0.0644915110270281
1431 612 1 3 0.07861761872138705
1431 624 10 10 0.18102103741020442
1432 258 3 9 0.24883935333376997
1432 624 1 2 0.33080941662221675
1432 1256 4 2 0.30824919827584724
1432 1371 1 8 0.01263102867198565
1433 45 1 3 0.15889786349378593
1433 585 7 5 0.10865875543149987
1433 786 10 9 0.21160589055017306
1433 885 1 2 0.21561274408156944
1433 979 9 3 0.31421810465806577
1433 1122 1 6 0.10495410064498249
1433 1209 2 9 0.22828595130650559
1433 1359 7 8 0.14494006993845746
1433 1420 4 4 0.208268060755213
1434 45 5 10 0.24918916624927134
1434 738 8 2 0.25966695318281446
1434 892 2 8 0.16700033866356356
1435 578 4 2 0.15596983636397818
1435 716 5 6 0.2752317772823087
1435 1211 9 3 0.08540513492683442
1435 1265 5 10 0.2409566013240992
1435 1394 7 7 0.19615957881043522
1436 995 9 8 0.14645224255652195
1436 1119 8 2 0.27454807057684094
1436 1401 2 6 0.2669259866100311
1437 618 2 2 0.38368839756754636
1437 914 1 4 0.04459196213202743
1437 1092 1 9 0.3636110008654557
1437 1295 5 4 0.13343218779401805
1438 740 10 9 0.10850657308035232
1438 1044 3 9 0.06500464720106763
1438 1451 6 10 0.055268616922022284
1438 1456 8 9 0.17736959109364103
1439 39 1 4 0.22549255302424948
1439 487 6 1 0.16159505841051522
1439 500 6 4 0.13877448925033567
1439 802 7 6 0.14382606234342643
1439 815 10 3 0.3234928576691045
1439 1055 3 3 0.2116518409914238
1439 1211 1 9 0.042584345220865766
1440 1 5 6 0.11710586135751733
1440 169 8 1 0.2518742823422016
1440 1049 10 2 0.0836590400153091
1440 1280 7 10 0.3404529165831478
1441 166 10 7 0.3603515468592211
1441 617 5 2 0.03879074193479881
1441 1121 1 8 0.13308000801181946
1441 1220 2 4 0.02897873385901753
1441 1371 2 3 0.25935603627588016
1442 122 3 4 0.24994124872106369
1442 319 9 1 0.2767355457838386
1442 897 1 7 0.18326104483024797
1443 79 3 3 0.08213915640797843
1443 683 3 7 0.10746922065110213
1443 949 3 5 0.07319267726461173
1443 1161 2 9 0.13981545045040084
1443 1190 1 1 0.02872707190204679
1443 1390 3 2 0.26675639691855213
1444 13 5 1 0.06948339736656281
1444 1103 10 6 0.33385283001557875
1445 694 6 5 0.1709102699491396
1445 1452 4 7 0.332264487369497
1446 74 5 8 0.13356317918934474
1446 328 6 9 0.07708122443769114
1446 385 5 7 0.06509572137691375
1446 989 7 4 0.24277882134399986
1446 1253 2 8 0.05611960992092038
1447 421 4 2 0.37704697693332423
1447 1106 8 3 0.10605297688802218
1448 977 6 10 0.3947549461342983
1449 45 9 5 0.2054238767909036
1449 50 7 10 0.1957613852326156
1449 326 4 9 0.2679931994391838
1449 866 10 7 0.21501899679342112
1449 906 9 2 0.13838659530366007
1449 925 7 6 0.26643039404167507
1449 1136 6 5 0.16130523572502958
1450 137 2 2 0.20141786686608923
1450 1039 8 7 0.175075854842503
1450 1053 3 2 0.23659545318719105
1450 1247 7 1 0.1795580946347427
1450 1330 1 8 0.2542054520379346
1450 1335 2 8 0.08383777091017552
1451 26 5 2 0.05213765212641319
1451 483 7 3 0.07585545252926357
1452 52 7 3 0.39694304246914924
1452 529 2 7 0.39829606531036055
1453 72 10 4 0.28407103198852823
1453 321 3 6 0.322610215121854
1453 356 7 6 0.10567267921918061
1453 394 8 1 0.2201367263758466
1453 519 4 2 0.3550171929177417
1453 1384 4 7 0.2654548014689093
1454 482 9 7 0.1480621350866243
1454 499 5 7 0.12483509559216543
1454 721 1 5 0.21457257182338121
1454 1495 9 6 0.2477594429542631
1455 47 4 3 0.04527513587249474
1455 909 2 8 0.33249514699134586
1455 1088 3 2 0.3507897963251324
1455 1421 9 9 0.2895790535037317
1456 411 3 2 0.26729794595908013
1456 662 10 6 0.3110739100977182
1456 838 4 1 0.17971230565797014
1456 1335 10 10 0.11550997114727853
1457 735 8 5 0.07843789127139585
1457 853 2 1 0.018074813601270306
1457 1247 1 6 0.10415210968292843
1458 523 4 3 0.2275493782938843
1458 615 4 3 0.036792022150074155
1458 762 10 8 0.2701502961172526
1458 1006 3 6 0.25308049159081614
1458 1314 6 5 0.3463584340052524
1459 146 2 2 0.34931627011691385
1459 1082 7 5 0.31687705704758967
1459 1097 10 2 0.18009272447609362
1460 241 1 8 0.1436080593303165
1460 413 10 10 0.2076850753003131
1460 507 6 1 0.27992778329624163
1460 521 4 6 0.10085942001027692
1460 880 5 7 0.04927054621621488
1460 1431 7 2 0.019741100079599977
1460 1476 10 2 0.002992253698628239
1460 1499 3 3 0.338867776214425
1461 189 9 9 0.13771868202228976
1461 566 5 7 0.25529233769790954
1461 734 1 6 0.34546725753141394
1461 1324 10 7 0.08474244051773845
1461 1434 9 10 0.2586713876047376
1461 1457 8 5 0.025193957201184253
1462 319 7 5 0.3323442532581524
1462 471 10 8 0.350153013697738
1462 644 7 8 0.31390059875566917
1462 994 5 10 0.38365511860345547
1462 1316 3 5 0.09964642837398027
1463 162 1 3 0.15166078729812285
1463 323 5 6 0.3849250769828109
1463 618 4 1 0.012292784145263053
1464 40 6 4 0.2246396306395659
1464 421 3 10 0.1255472160602884
1464 1335 6 10 0.20998987911219744
1465 266 8 5 0.36125676990235767
1465 557 6 6 0.27881458347548105
1465 970 10 6 0.3442989714666398
1465 1168 5 6 0.06739673485295541
1465 1417 3 1 0.16566243976265713
1466 226 4 10 0.08820002019115182
1466 578 7 4 0.3485551016019304
1466 675 1 3 0.06386309355395067
1467 19 2 2 0.2977713477012913
1467 157 10 9 0.22266861578384084
1467 492 6 3 0.2812213612478407
1467 509 9 3 0.3999015256526689
1467 1025 7 5 0.2095586153548918
1467 1040 8 5 0.3839805838760292
1467 1464 3 4 0.29505882522512183
1468 1086 6 4 0.36520126298999755
1468 1096 5 8 0.044587834757784855
1468 1433 8 5 0.24067295910699446
1469 58 8 1 0.06744969344420074
1469 214 5 6 0.19813820132794588
1469 692 8 5 0.21183887636377657
1469 724 9 9 0.3199981595427548
1469 1004 10 3 0.20931627030574598
1469 1042 9 1 0.25267156260345125
1469 1456 7 7 0.08302209141009087
1469 1491 6 8 0.22111222106312384
1470 312 1 9 0.17146669061112849
1470 368 6 6 0.39532571941430894
1470 611 7 4 0.30167399467229317
1470 1110 1 6 0.19260190736559785
1470 1306 2 1 0.18007170142211382
1471 56 5 10 0.018589045711817992
1471 513 4 4 0.058134760827879106
1471 766 3 9 0.10322733110876599
1471 785 2 7 0.3214309479327191
1471 1360 5 9 0.3277920419892855
1472 16 3 9 0.2582906400781487
1472 355 1 2 0.1981641396699719
1472 634 10 10 0.059031353760395616
1472 817 10 6 0.2242334613732139
1472 1043 7 2 0.1057479592129443
1473 242 5 10 0.28558434244112346
1473 328 1 6 0.14319359364704076
1473 1478 6 6 0.399230919377375
1474 765 3 2 0.1635603645139941
1475 28 3 7 0.13531082602577477
1475 316 9 4 0.2732261815059736
1475 486 6 3 0.07938666419964467
1475 793 6 4 0.1687878377487897
1475 1261 10 10 0.1808304716527343
1475 1487 2 2 0.1524989853698692
1476 475 5 2 0.09364186573215602
1476 873 2 5 0.28033435975853327
1476 979 2 5 0.015059136041088217
1476 1354 2 1 0.16934808018863196
1476 1402 5 8 0.0736316735973794
1477 426 5 5 0.14910136612574718
1477 666 5 6 0.3313475519340179
1477 848 9 8 0.10401282047655645
1478 106 1 7 0.35772148742155707
1478 669 3 6 0.35804190855054285
1478 755 8 6 0.29200781049753666
1478 1218 9 10 0.21603695137245332
1479 86 4 7 0.15973925725913093
1479 604 2 5 0.1243153104678505
1479 619 9 7 0.2865148402192085
1479 645 8 4 0.03124642817923373
1479 999 5 7 0.21258733549679731
1479 1121 9 6 0.21961497458092788
1479 1318 1 1 0.14322304164268063
1480 23 4 5 0.15667241452994796
1480 276 6 8 0.33301358620335786
1480 629 10 8 0.24840992237216802
1480 695 5 9 0.07694208903880179
1480 1238 2 9 0.33542411090788604
1481 71 2 4 0.08620123322838363
1481 428 6 2 0.023150931832886218
1481 612 3 8 0.1485452582713693
1481 628 1 7 0.2908647359277078
1482 373 5 7 0.30391517851628647
1482 1003 1 2 0.28139332500510095
1483 325 10 10 0.10141993962357661
1483 974 1 7 0.04194027472339701
1483 1032 4 1 0.2697102360494825
1483 1044 10 2 0.1563832775740699
1483 1187 4 3 0.16202876083809223
1483 1300 9 7 0.11018646838950397
1483 1403 9 5 0.12397275297189801
1484 113 1 2 0.3406644916325204
1484 261 8 8 0.22390989360218697
1484 290 9 10 0.15071148570332465
1484 552 1 7 0.16840088093842287
1484 868 3 9 0.19850306319316344
1485 208 3 4 0.11896075586419541
1486 228 4 5 0.18218572327803567
1486 274 1 8 0.0736324036259357
1486 436 8 1 0.181123829040185
1486 623 6 5 0.1056072736332442
1486 933 5 3 0.2923683173433914
1486 1397 1 1 0.1462539369031941
1487 209 8 3 0.2674607390871528
1487 753 8 4 0.0247456777278644
1487 978 6 6 0.21188292949134604
1488 27 5 4 0.2568912821710237
1488 595 4 4 0.13514459982711943
1488 679 10 7 0.23751999199446955
1488 797 8 4 0.35944009299157353
1489 363 1 9 0.3592045900421952
1489 418 2 7 0.19911726974214608
1489 746 8 5 0.2412744696858909
1489 1147 5 3 0.1453850530587027
1490 4 3 2 0.07777879589971584
1490 1146 1 5 0.17385934152274302
1490 1363 4 1 0.2736408133831997
1491 183 10 6 0.14387690515546678
1491 700 4 9 0.21255737752570114
1491 706 8 4 0.01976923437005737
1491 1032 6 7 0.3408375224684761
1492 237 2 8 0.18924577902754333
1492 426 7 6 0.15424088321138263
1492 524 6 5 0.31356589208689667
1492 670 2 3 0.32259612483902217
1492 1297 7 9 0.004726664861603697
1493 431 9 9 0.28078092516605246
1493 483 2 7 0.343275928653622
1493 600 3 10 0.11281349426665425
1493 923 7 5 0.05618744833718517
1493 1418 9 1 0.16431301887545102
1494 156 4 4 0.06590886780694091
1494 225 2 3 0.36808191369764437
1494 674 1 3 0.155460517948683
1494 1453 4 4 0.2814942275056151
1495 975 8 9 0.39515133530537794
1495 1011 5 1 0.1734844659547251
1495 1047 7 5 0.30192396328396254
1495 1212 1 8 0.2845504604903102
1495 1260 5 8 0.28660004397353134
1495 1375 9 2 0.32278118703566233
1497 516 7 2 0.2318978072151459
1497 719 8 3 0.07455698752870057
1497 760 6 4 0.3022958693642971
1497 879 1 7 0.1670356269428896
1497 1208 8 8 0.12082388233818776
1498 493 1 4 0.0658405889220954
1498 761 8 9 0.1458920319598452
1498 779 2 9 0.16626800889098525
1498 802 1 6 0.31022430977919946
1498 900 3 6 0.23148665392190054
1498 1102 9 5 0.05387219070079935
1499 91 5 4 0.09974669139631655
1499 349 4 2 0.14899005284662398