18 224 449 697 960 1036 1123 1189 1229 1273 1308 1451
891 1467 1238 1101 647 1398 1061 1449 863 1288 1393 1037
94.0592
41.8847

84 93 166 289 381 433 471 783 790 1227 1241 1256 1266 1330
633 1470 334 1486 824 1254 1079 391 1102 213 1269 1129 1462 1390
92.9577
43.8926

203 263 268 292 345 438 487 790 1027 1105 1218 1385 1418 1440 1447
312 1254 1167 1102 91 1106 623 800 1222 698 165 341 213 1 946
91.5819
46.11

30 138 203 232 263 305 794 917 1113 1238 1368
1131 284 771 1101 270 576 623 529 428 610 1461
92.1253
51.3816

0 199 341 357 521 797 802 894 917 918 967 990 993 1020 1036 1407
891 1373 1417 780 1461 1203 1278 737 143 16 629 630 56 463 1085 1195
104.6322
57.0596

4 12 393 409 445 596 617 661 753 834 914 935 999 1356
725 1131 842 704 878 97 872 1336 674 879 939 1025 1279 977
102.7785
55.903

48 57 134 234 340 356 470 637 656 716 770 793 868 906 1020 1076 1118 1139 1241 1348 1391 1422 1458
589 1480 1197 1123 762 1203 1395 748 69 1314 1327 950 544 712 365 956 466 595 1006 316 26 159 927
129.3727
61.2583

36 49 78 146 167 188 420 631 658 704 714 728 740 746 1302 1347 1414 1480
1238 436 966 1403 277 1253 1254 1209 912 674 1317 1172 903 1144 564 273 1126 1155
125.8287
61.058

279 346 422 477 522 615 850 887 888 1116 1157 1254
294 242 1060 1387 1291 1327 7 661 43 999 1151 310
79.1141
42.4562

63 134 236 246 255 316 321 548 649 778 783 845 884 886 943 1013 1166 1176 1210 1264 1302 1451 1487
667 486 1470 1203 1123 397 1209 661 101 299 391 1300 978 648 872 1278 654 1317 1253 774 726 449 126
153.3442
75.46039999999999

63 114 356 377 423 461 522 549 649 946 1015 1033 1036 1301 1316
1333 1398 891 1071 186 1123 740 1387 872 1484 773 43 712 1169 316
106.7003
56.3281

393 420 548 658 759 894 999 1004 1104 1117 1216 1276 1289 1317 1400 1418 1437
1254 224 606 698 674 94 1102 1172 1092 305 275 1337 800 110 1193 903 117
101.85210000000001
51.1334

4 76 146 277 435 455 532 549 551 949 1107 1182 1189 1368 1380
667 101 224 284 576 1151 1475 176 1144 864 1003 1234 450 882 1288
123.6275
69.7946

40 117 247 396 487 546 598 708 728 799 969 989 1013 1128 1196 1244 1482
1003 327 966 273 649 740 1068 108 490 373 1455 1007 27 623 1222 732 619
115.9162
58.2591

48 236 331 878 888 1081 1116 1342 1460 1472
294 845 1151 1201 16 1310 7 1332 72 535
70.3783
38.2762

44 326 422 443 445 588 682 943 1008 1063 1301 1447
294 317 167 921 1060 726 891 905 773 1071 1106 421
86.4495
46.1524

177 206 300 372 469 611 709 1095 1327 1380
798 1362 490 466 1078 1413 289 549 784 882
65.9387
36.2688

131 191 234 268 297 367 379 413 516 578 582 682 704 705 714 720 822 836 923 1176 1245 1278 1286 1377 1394 1398
148 667 891 921 1120 1123 343 869 397 1076 1291 1182 1261 909 443 1246 494 1480 3 33 1055 199 519 965 376 531
154.5222
76.6354

135 137 253 409 436 452 520 598 628 643 682 690 694 756 781 786 790 803 893 910 939 947 969 1029 1088 1164 1243 1264 1361 1381 1385 1441 1470
312 667 294 397 1110 891 780 611 576 316 921 391 1144 1167 878 1254 859 842 734 166 1278 449 1168 180 1319 1025 880 741 198 610 1449 1102 407
191.1853
91.8069

46 91 109 479 601 720 935 951 990 1229 1480
1238 891 1003 366 1061 17 56 595 454 23 1040
78.0071
38.6879

2 6 273 340 344 422 432 628 653 806 886 898 900 939 941 999 1013 1018 1060 1080 1093 1100 1101 1121 1164 1238 1311 1316 1345 1439 1477
1131 589 1398 1165 397 794 576 792 73 649 80 912 674 702 529 1032 701 22 428 1480 295 1061 1125 666 27 180 149 39 977 1478 578
173.901
88.0693

18 41 69 72 79 89 117 138 148 175 252 300 309 406 434 441 451 472 492 516 552 699 763 868 967 1082 1095 1104 1135 1140 1315 1439
397 950 1068 1022 224 780 1417 260 73 740 734 731 1194 34 508 732 802 173 869 1055 712 800 389 1413 78 741 532 248 579 190 553 39
178.4819
92.30630000000001

125 322 385 446 525 638 653 660 699 703 740 851 900 905 910 949 951 959 1009 1031 1070 1137 1175 1255 1444
1467 589 363 366 294 1104 903 243 879 1402 702 962 610 960 919 1428 325 948 197 897 1053 884 149 46 1126
140.6474
73.2193

221 284 495 552 628 700 784 903 951 1005 1044 1182 1232 1257 1414 1422
312 570 123 780 366 9 734 170 776 16 1399 667 102 179 1015 1336
110.6253
55.8474

69 87 134 236 247 321 372 380 434 451 457 478 649 726 737 742 778 850 923 974 1012 1045 1072 1082 1139 1189 1228 1306 1409 1461
603 198 1123 1203 294 780 1197 734 912 1475 872 108 56 1037 34 1262 78 508 1288 527 888 881 531 179 811 1215 690 120 168 802
166.0961
84.8529

42 91 100 105 189 218 242 374 380 497 521 528 650 809 834 911 982 986 989 1148 1175 1186 1189 1210 1255 1302 1310 1394
397 1106 667 1003 97 879 661 101 648 1146 960 17 1253 772 616 651 838 566 1317 5 881 1195 278 1288 1313 6 1234 1458
159.6591
77.01219999999999

1 65 113 127 314 377 546 682 730 786 967 1054 1111 1208 1458 1460
294 1123 284 436 891 921 762 1167 1261 662 1206 1169 1087 822 449 1129
105.655
50.9322

117 124 284 345 356 496 592 625 626 711 809 862 1013 1152 1164 1189 1238 1310
1131 1106 570 23 649 745 712 1101 9 316 834 211 740 939 428 529 1288 5
131.337
67.218

18 174 212 305 314 445 516 717 726 959 996 1129 1164 1429 1431
284 198 363 270 295 543 771 411 1104 610 774 132 44 897 38
97.9116
47.8207

136 292 429 479 495 500 694 926 1100 1299 1302
224 794 891 1144 917 1317 1253 1061 800 365 61
70.7068
36.7903

160 195 264 345 385 435 487 497 537 647 655 700 835 949 1015 1081 1292 1428 1440
667 1209 1028 1157 1395 419 1146 101 1251 1314 1300 186 962 623 211 364 1222 171 278
128.4325
64.7829

105 131 151 355 433 445 603 660 753 818 1007 1031 1128 1163 1200 1223 1232 1339 1344 1363 1433
1238 725 1428 589 397 1420 1107 8 683 572 732 979 885 689 781 179 1392 44 673 692 750
124.9037
63.4768

177 368 393 408 425 470 535 620 705 973 990 1009 1420 1444
1467 921 1124 448 242 1246 341 199 1336 1123 1170 517 952 26
79.0575
38.3865

61 117 134 394 620 690 941 1096 1258 1319 1379 1483
1123 1358 186 740 9 242 448 900 1203 3 712 341
89.1132
50.158

145 151 184 234 297 338 422 424 445 525 628 745 753 757 842 1008 1054 1093 1122 1166 1190 1201 1276 1331 1340 1348 1365 1373 1394 1404 1424 1446 1461 1481
436 725 294 335 1251 912 397 624 734 426 486 36 1167 1402 1060 64 566 110 1395 1151 1379 846 1345 1338 1467 365 939 493 865 989 1472 543 519 1032
180.15
89.8601

55 334 451 615 690 740 832 1123 1200 1233 1274 1455
1467 1433 909 647 1495 698 1380 1402 683 563 921 960
100.6857
54.4438

244 431 432 1005 1018 1050 1218 1286 1340 1360
1203 912 1251 776 73 466 376 1443 1102 834
60.3325
31.7259

138 188 191 202 218 221 305 404 478 525 549 554 568 671 717 1063 1152 1175 1179 1189 1256 1293 1395 1481
312 317 294 966 780 424 1291 270 771 1083 16 466 508 610 774 1462 77 1278 1101 1362 1288 137 541 619
152.6924
79.4673

4 38 55 92 175 230 236 268 316 471 475 537 598 603 606 852 894 1036 1088 1120 1182 1281 1447 1458
1238 1333 1028 508 891 1355 1209 397 1428 762 8 1417 1106 1300 170 835 176 243 1131 1187 985 872 541 420
158.6155
81.0834

113 246 338 363 380 422 438 498 884 1006 1008 1177 1289 1324 1440 1468
1433 1480 750 1060 91 1338 1107 1086 129 143 110 856 1301 1472 1 1437
88.4199
40.8817

2 30 57 185 322 500 543 549 588 603 611 733 806 851 888 907 938 966 969 1118 1164 1251 1257 1351 1460 1481 1489
1238 589 409 397 667 1078 294 792 195 267 910 1387 1300 363 736 466 8 1362 919 945 1468 7 490 998 829 455 1146
173.2868
90.4096

84 146 206 226 264 318 341 357 386 517 519 568 592 884 1148 1176 1201 1218 1241 1326 1327 1403 1420
921 439 1209 1022 1144 750 1028 960 143 798 762 1300 558 1402 1100 384 289 947 97 1099 1137 1102 1364
146.0603
76.2026

18 38 170 420 477 652 749 822 1038 1074 1083 1095 1101 1229 1302 1418 1433 1477 1480 1491
1028 891 1238 1420 1118 1123 1061 930 869 1209 1167 391 172 1172 1317 1104 1253 701 666 698
132.2776
67.5021

36 78 107 119 170 174 216 220 293 328 397 441 470 554 660 711 728 976 1073 1105 1162 1301 1306 1370
436 829 1071 398 273 1403 930 981 77 167 1197 424 527 834 564 322 197 1074 1042 773 137 136 1486 120
150.9209
72.7317

215 442 458 516 596 697 891 1080 1083 1093 1186 1459 1487
294 1032 167 1063 5 939 978 172 838 358 146 459 683
80.1977
38.3038

61 81 300 322 396 603 652 679 704 730 835 976 992 1020 1080 1139 1373
667 1238 1197 966 9 674 397 8 1428 919 1413 172 1362 1040 869 1042 1215
117.4253
61.7475

78 188 215 273 280 496 593 634 694 705 708 711 822 834 1025 1118 1163 1189 1439
294 589 436 97 445 167 966 1068 1123 869 108 1144 1055 1246 1165 923 80 1288 448
125.4415
60.9585

116 207 215 223 264 660 711 732 784 794 836 1013 1133 1228
294 1209 123 1028 890 649 623 1300 495 912 834 420 295 1055
97.106
48.1048

102 197 220 247 263 305 341 451 520 579 597 631 649 700 704 708 716 852 905 1138 1190 1228 1243 1388
912 397 1068 674 270 108 872 771 143 1 610 353 1253 1154 1074 136 1102 740 101 1114 623 463 1053 1007
138.7687
73.2321

27 33 160 167 191 251 301 368 431 496 726 806 886 973 1228 1244 1261 1373 1438 1460
198 1209 1291 570 419 1297 1427 1203 1040 391 735 1124 725 1155 97 578 670 1365 1037 364
118.9802
61.8303

36 594 597 757 914 1131 1188 1403 1439 1441
1433 278 1467 1486 166 879 678 1154 64 564
76.5819
42.5426

62 63 93 107 312 334 340 359 363 629 903 977 1093 1232 1277 1451 1481
1480 633 1433 780 1354 69 1380 455 1032 1220 466 1074 726 1075 509 307 1390
123.4045
65.5211

100 255 406 652 806 839 852 974 1031 1060 1201 1232 1270 1345 1414 1470
589 312 172 611 1203 625 230 1125 654 1110 667 1387 389 126 1402 264
113.5468
61.8265

68 79 124 189 422 516 617 714 748 759 760 785 855 1045 1070 1118 1157 1230 1338 1340 1391 1459
589 1387 1470 912 1060 1291 1251 176 1373 109 704 1032 142 1316 1403 1144 1220 305 343 1436 658 179
121.0295
56.8302

57 452 608 690 757 834 947 1008 1078 1098 1348
97 1395 1467 1146 198 1416 538 457 365 9 595
75.9251
43.2216

30 135 311 586 652 705 746 756 763 839 1033 1134 1143 1199 1270 1414
1123 1203 172 230 1449 734 1484 582 1180 1246 1316 1348 1387 725 529 16
84.4873
38.9096

48 160 173 182 236 279 301 377 409 427 432 496 568 628 701 732 786 798 868 900 1118 1121 1129 1131 1133 1141 1166 1210 1264 1345 1366 1483
294 667 1433 589 862 1123 93 419 1455 842 570 878 890 648 1355 295 950 73 278 1278 411 1032 1169 117 1403 449 956 1025 702 949 682 364
198.2449
96.9696

22 185 203 443 549 592 802 1124 1139 1273 1356 1368 1377
1110 284 1197 167 1003 576 872 1417 16 558 343 554 1412
94.0207
50.8848

63 356 565 582 647 708 740 746 802 868 1093 1177 1245
1251 1068 1157 950 316 108 1395 1032 1402 1107 623 735 16
87.5916
44.2155

22 135 177 218 254 263 429 434 436 451 521 522 615 631 676 785 888 947 1020 1022 1111 1338 1396
570 1110 780 1467 859 611 34 880 1169 1449 411 43 7 822 1074 1151 449 737 740 554 495 602 557
144.4372
76.9299

33 92 199 251 266 297 340 383 461 496 526 527 617 697 748 842 850 879 886 959 966 1050 1227 1270 1433 1440 1446
1333 1203 1480 1387 1420 780 294 409 912 979 1209 789 704 868 1427 1274 735 939 1486 985 267 363 1316 391 16 1403 397
171.8227
87.3478

119 167 292 312 322 379 393 406 410 438 451 532 549 631 655 726 759 802 842 884 907 948 1078 1082 1277
198 1209 69 1428 294 750 316 1123 91 1182 36 912 939 1300 1120 458 1220 1253 865 1155 800 305 829 341 457
168.395
94.1093

182 187 279 397 408 443 446 562 588 655 748 778 852 896 1029 1038 1095 1101 1131 1166 1177 1251 1254 1306 1324
1433 981 829 952 1118 1403 1417 219 1107 278 1475 1168 1197 910 195 527 1071 736 167 701 888 1316 242 267 985
162.032
81.3198

6 32 53 62 72 93 117 435 441 442 549 579 592 593 638 766 783 1044 1074 1095 1140 1305 1398 1438 1455 1487
148 633 1470 294 740 909 1194 391 226 1261 712 978 1076 1167 1123 662 1075 558 983 1421 731 1390 168 1012 1178 1064
156.0745
76.3335

30 62 119 166 199 246 255 300 394 419 491 521 625 634 809 854 896 906 943 966 986 993 1006 1021 1186 1393 1394
409 1110 1417 745 1203 334 780 1362 267 466 654 434 1114 1278 939 923 1078 838 1076 1413 533 190 1378 1176 726 566 1195
155.7525
74.387

61 127 173 306 338 381 442 457 477 548 632 759 804 809 917 989 1082 1100 1101 1212 1223 1232 1311 1368 1403 1404 1468
1433 589 1106 576 284 1355 317 794 22 1461 9 701 1379 1345 1086 1393 64 661 2 572 838 1025 1118 1472 1137 949 384
168.4052
90.4708

53 63 124 207 264 289 478 611 632 669 740 760 1044 1088 1143 1212 1281 1290 1317 1404 1444
85 1209 87 1028 294 466 1079 606 1300 1146 1075 1032 1362 495 1379 1402 1078 529 343 391 1345
136.7128
71.5447

65 197 216 247 302 306 312 344 374 552 661 694 699 757 878 973 1230 1264 1311 1344 1447
845 1131 69 1022 1467 1144 589 734 879 1373 22 1278 667 745 449 558 1124 5 1114 1332 1220
129.14679999999998
63.6429

44 116 331 386 445 466 477 525 527 579 829 1010 1033 1256 1414
294 868 979 359 173 97 340 1012 1462 1336 531 761 765 1484 1101
91.3217
49.1676

81 82 125 234 294 324 340 353 357 438 577 717 733 763 886 911 951 1065 1074 1080 1100 1116 1233 1296 1306 1319 1368 1423 1446 1455
1480 810 101 284 909 186 366 397 794 139 91 1167 745 167 56 651 1270 1005 616 661 1061 774 143 838 762 1345 1146 491 563 137
170.595
84.5153

89 91 117 191 280 461 495 835 969 1017 1021 1135 1239 1261 1331 1360
667 1420 1333 1480 740 1291 1387 725 1297 1482 732 17 670 712 650 700
107.6284
50.2066

137 215 221 299 394 475 491 504 905 974 1056 1063 1088 1311 1391 1440
312 294 317 1028 22 391 16 1114 1233 1053 955 49 169 1377 296 142
98.4724
43.7029

49 57 81 116 207 269 357 802 821 974 1065 1082 1268 1332 1363
277 745 139 966 495 16 1061 965 1189 464 389 883 1087 1402 1392
80.5068
42.7357

125 226 394 462 772 802 910 1022 1274 1366 1396 1447
570 810 255 1169 1009 1495 921 611 698 16 610 1099
88.4656
45.4059

65 134 177 332 434 455 596 637 641 760 862 923 947 1029 1047 1120 1121 1138 1151 1175
23 1123 1428 224 101 1107 1480 219 211 34 939 1032 1168 353 531 933 563 495 1262 528
127.9676
66.2269

6 62 92 100 410 432 438 458 489 498 543 554 757 935 1216
1063 91 172 73 424 812 1467 1387 985 40 420 1234 23 720 59
91.5916
48.6247

32 55 119 166 425 496 598 756 803 891 913 946 1118 1152 1218 1423 1482
1003 589 167 5 740 734 334 373 226 316 1102 437 553 397 1191 873 799
108.437
55.167

37 57 81 314 394 449 466 546 626 647 676 694 716 737 797 802 895 898 976 1006 1113 1218 1229 1278 1356 1393 1411 1423 1424
891 1398 284 1251 1144 1157 623 173 1102 73 872 1087 728 1061 1071 495 629 434 91 33 1395 856 16 1378 530 1373 909 1042 220
161.4761
76.8788

82 103 105 219 233 620 670 1010 1081 1189 1315
810 1022 226 1205 448 147 242 838 1288 114 1313
73.0501
35.7297

127 175 232 341 568 594 628 637 641 649 650 704 716 745 974 1018 1021 1036 1100 1123 1151 1296 1363 1435
1467 647 891 1480 494 794 1270 219 143 264 426 1262 872 667 674 482 463 846 1040 1 486 1431 1061 318
136.1874
68.63810000000001

44 135 197 326 355 368 404 409 458 489 620 723 732 737 946 992 1015 1025 1098 1117 1134 1152 1179 1228 1261 1396 1401 1429 1446 1489
397 186 363 1063 842 740 890 878 448 1146 780 912 1009 1297 611 172 725 278 558 853 905 1278 751 650 341 926 1362 866 702 7
170.4418
84.1964

1 65 172 226 230 943 1020 1025 1098 1143 1152 1324 1381 1394
1123 1022 397 508 439 1146 1373 1480 726 1131 741 1206 1099 448
95.8633
48.6056

4 14 266 277 284 299 324 394 452 457 458 479 500 703 753 755 760 778 795 845 967 975 990 992 1034 1047 1111 1133 1181 1182 1192 1348 1393 1424 1441
570 486 1028 667 173 9 1107 1063 397 101 1475 1395 434 725 1238 822 166 1104 1032 704 449 1274 977 856 170 965 365 1354 1033 248 172 1378 493 774 673
200.63060000000002
100.4567

79 89 100 137 182 197 221 290 660 661 857 893 1054 1093 1098 1199 1306 1400 1458
312 436 1131 762 1254 1314 56 1167 1146 1032 1261 859 16 558 732 1319 582 22 275
119.1599
54.4007

100 107 226 334 346 458 461 475 594 710 717 755 766 999 1015 1025 1056 1136 1216 1461 1467
1433 509 1333 439 734 1063 1022 1040 492 186 1387 397 278 1380 674 1234 1099 1074 157 774 448
133.8253
65.2088

109 184 301 312 356 478 661 740 753 1093 1095 1212 1232 1306
725 1131 69 56 316 878 1402 1417 726 1032 1345 1220 960 595
102.7904
56.061

31 68 103 139 224 269 311 390 455 526 628 705 793 802 804 886 992 1017 1071 1117 1175 1243 1261 1308 1395 1422 1429 1451
294 1480 1123 101 1297 450 1449 466 863 725 109 1246 838 1393 1025 1151 1087 7 86 650 1345 199 926 347 414 853 1021 720
148.1941
73.7127

79 100 109 113 166 226 244 302 309 380 454 568 601 606 697 742 785 888 966 1227 1281 1324 1409 1429 1440
1333 409 1203 334 439 1355 264 1022 108 1151 1301 1329 1078 1486 143 1262 56 1099 1211 267 7 872 466 1234 39
157.2118
78.5168

63 170 207 226 377 477 545 625 647 673 748 751 773 854 1135 1266
1333 1022 1251 745 439 678 1157 163 1395 930 1403 1400 495 661 1075 1316
111.1088
53.8516

96 102 113 166 207 228 302 386 434 562 701 876 960 1018 1111 1116 1143 1157 1216 1268 1310 1371
294 1238 1106 1387 334 878 705 143 952 1291 1101 15 529 946 1455 97 822 495 34 219 863 1189
143.7627
70.7366

149 151 230 379 390 408 568 615 637 717 1162 1182
864 508 1120 1131 458 170 774 1146 347 164 1237 1432
69.9122
35.7603

33 445 489 631 742 756 794 876 1004 1007 1117 1157
1291 1387 623 108 912 1253 391 1102 735 1220 750 44
86.2041
49.6271

27 40 76 309 332 458 500 579 606 726 986 992 1054 1156 1177 1266 1317 1319 1360 1366
1333 198 436 570 294 186 1355 1107 490 864 566 1261 1455 172 1167 1063 933 619 1203 563
135.9935
67.6795

357 390 478 732 778 855 1080 1129 1243 1300 1317 1489
890 363 606 295 1455 94 176 1475 411 1230 1163 347
72.6289
35.317099999999996

48 102 117 187 207 461 520 1117 1308 1310 1324
1106 1333 740 1387 495 712 5 731 86 720 1301
75.8963
40.4634

4 125 304 356 390 431 470 516 701 773 778 786 857 1002 1015 1074 1098 1123 1164 1420 1423
1467 294 647 921 859 186 316 712 1167 1146 678 397 1455 347 443 278 149 517 490 1100 888
126.9665
62.0276

38 380 497 759 905 993 1082 1256 1351 1356
1028 945 1146 872 391 1462 1278 1053 305 1101
59.9616
26.8053

18 150 160 289 355 356 496 596 617 914 918 1396
419 1079 611 704 1009 939 1104 712 364 1455 879 316
82.5618
45.0725

331 363 442 631 637 726 905 917 926 1181 1201 1291 1324
1480 198 912 1258 891 1441 1253 1402 1168 1203 1338 1053 1265
93.0638
50.4918

65 105 254 279 290 300 311 433 611 710 722 781 1007 1065 1080 1081 1082 1137 1146 1305 1330 1339 1340 1409 1428 1435 1477
397 1251 1362 667 294 824 1203 912 903 466 745 459 689 1327 1373 148 1456 879 139 900 1078 1262 1281 490 155 716 165
151.7792
78.7519

91 96 148 189 228 321 469 527 562 588 655 730 753 772 785 798 895 923 1031 1053 1105 1190 1218 1305 1382 1424 1437 1440
589 1003 725 1433 1106 1417 73 878 508 317 255 226 952 946 728 93 868 741 20 15 17 682 120 1102 531 532 428 985
180.8635
96.9195

1 61 68 119 136 242 332 404 475 519 791 842 868 946 1098 1255 1308 1373 1385 1423
312 397 1123 9 1146 740 780 224 109 1167 1365 950 933 1206 939 917 956 751 563 36
139.9334
72.9736

4 102 105 332 472 521 682 701 703 717 733 795 910 951 975 1238 1256 1291 1298 1322 1365 1431
1131 891 173 397 366 921 1101 335 1104 1265 985 428 294 1462 1455 110 610 1258 1146 1168 1195 529
150.5465
83.1838

44 80 84 103 109 135 175 215 230 302 422 431 593 594 596 671 720 818 829 878 913 1038 1082 1124 1140 1143 1302 1311 1381 1393 1434 1435 1470
294 845 312 1110 1428 611 508 647 1060 979 56 434 359 267 939 731 745 1449 1417 1253 553 1317 340 531 741 244 1332 980 799 953 1378 45 838
179.3585
89.0552

38 41 46 63 525 673 690 700 701 757 772 802 818 901 908 1018 1036 1056 1071 1078 1088 1120 1157 1212 1232 1274 1286 1424 1428 1432 1437 1444 1447 1477 1495
294 1028 891 1333 1387 1467 698 255 624 1291 921 1092 1417 1040 163 1461 1281 16 1439 1106 975 376 666 260 1345 1260 101 179 1037 1256 678 7 1251 229 165
192.2552
99.9859

32 173 182 745 1034 1157 1281 1299 1412 1435
1291 1387 1151 226 58 1355 856 365 949 486
80.5116
50.2372

36 46 103 175 280 528 728 760 790 1111 1123 1166 1310 1330 1377 1477
1467 1106 1403 647 824 1254 343 1040 278 77 822 273 449 900 1486 564
107.7886
49.8497

149 386 409 521 652 710 793 857 878 893 1177 1244 1373
845 842 864 1107 97 745 859 172 294 953 1319 1025 761
89.4708
46.4141

22 48 119 127 203 269 383 519 658 726 745 832 911 1044 1065 1131
1433 1110 912 1254 198 139 101 651 1203 1151 903 616 278 846 1412 458
104.4757
52.3921

78 127 146 169 173 191 202 219 357 396 429 451 505 593 647 705 732 791 794 822 835 941 1047 1251 1360 1428 1439
667 436 226 1107 623 1291 910 966 869 167 195 890 1395 1144 1467 1055 508 1483 238 1157 1355 147 800 736 949 704 900
162.1296
78.3351

69 228 264 306 497 525 730 751 938 1013 1047 1223 1227 1394 1401
1333 780 1107 1028 878 649 1387 1300 1146 1400 946 508 1022 1209 704
122.3129
67.5669

0 18 22 277 322 425 443 593 597 620 702 722 726 746 914 1012 1315 1324 1330 1414 1422
845 667 198 167 1022 1415 1110 397 1475 1428 1373 879 1203 448 1104 1154 824 919 1180 180 900
134.1838
67.9908

33 40 44 167 172 228 265 314 374 379 449 458 470 519 631 653 703 755 795 822 900 969 986 1012 1017 1056 1074 1097 1143 1177 1230 1286 1306 1481 1487
1480 294 1398 1107 1373 1120 1348 173 317 284 878 490 946 1455 978 376 1358 1167 224 56 879 1182 619 1253 702 912 905 888 397 1364 566 529 1155 26 416
203.418
102.345

105 353 356 519 590 671 903 911 1105 1186 1196 1233 1273 1365 1379 1441 1461
1358 780 166 167 734 335 110 397 651 616 566 838 101 712 27 316 999
114.8708
65.6118

53 167 207 397 409 410 521 586 615 737 791 898 999 1009 1050 1063 1218 1239 1259 1319 1409 1451 1495
1420 1467 294 317 829 186 1209 842 981 878 1197 527 1155 120 975 160 455 495 658 1025 674 1075 1195
153.4124
77.3238

82 109 197 216 385 415 535 546 699 723 753 763 946 1047 1053 1072 1101 1111 1133 1232 1255 1274 1300 1317 1324 1398 1447
148 810 725 1107 508 1118 1170 1455 294 1495 698 812 740 704 1076 558 921 56 94 726 606 822 1087 1261 678 701 1230
161.9861
78.2345

12 68 139 146 273 537 679 684 803 868 879 1005 1017 1121 1152 1292 1370 1431
1480 1165 950 398 789 1144 450 80 1345 316 109 397 786 956 77 624 985 873
112.7174
57.2395

31 38 218 230 294 397 454 653 669 738 745 748 756 797 798 851 894 905 910 1029 1060 1120 1148 1151 1407 1470 1480
1238 312 734 278 1028 829 508 1428 795 93 981 611 1197 527 1373 863 1110 101 87 629 1168 1085 1005 23 841 1436 1403
187.3077
101.5203

102 124 173 359 361 397 577 608 638 705 959 1080 1096 1118 1467
509 589 981 363 1354 829 1040 527 998 1355 658 1246 1197 538 949
117.6756
62.0968

41 311 478 577 601 620 647 746 840 884 886 896 982 993 996 1190 1324 1331 1368 1459 1461
397 750 1251 284 1157 1439 1417 1395 576 1278 448 734 260 146 6 838 1180 341 1155 334 566
117.571
54.5376

89 103 113 280 324 338 420 519 526 562 565 742 748 753 818 829 943 1060 1097 1182 1291 1381 1460
725 294 108 1428 219 979 625 1258 726 359 741 170 1124 1362 1403 732 952 531 143 1316 1172 340 985
133.5277
67.3607

206 318 355 406 492 726 818 967 1459 1480 1489
1238 198 1428 1068 173 363 389 146 1203 328 23
79.277
41.01

31 44 136 219 259 390 554 586 783 1017 1118 1151 1326 1368 1447
1480 589 1470 226 224 1427 576 284 391 424 917 294 137 998 147
111.5528
54.237

145 221 306 332 704 710 886 1047 1053 1065 1286 1296 1300 1310 1411 1412 1439
312 1106 508 563 745 1107 1455 16 1071 624 933 58 674 139 1022 494 330
115.963
58.5437

92 100 125 138 202 232 340 408 409 410 415 436 438 500 748 786 853 895 914 1009 1034 1045 1053 1081 1113 1117 1196 1305 1330 1380 1447 1460
294 1480 1467 508 780 842 859 91 148 878 494 824 623 728 27 1106 880 1170 243 856 985 882 619 421 220 879 490 1025 822 900 341 925
192.1173
99.3146

92 167 381 549 554 773 806 876 926 967 1152 1424 1440
424 1209 678 891 983 667 493 1155 1478 985 160 313 243
90.8457
55.2159

107 113 114 279 332 383 469 545 652 660 720 835 851 893 1017 1199 1208 1239 1261 1347 1388 1446 1489
667 1420 1480 912 1297 172 294 1327 725 563 933 143 735 1074 989 700 1021 1188 1319 549 1109 363 459
135.7266
66.95609999999999

43 114 199 469 472 526 634 660 900 917 1176 1181
780 1461 1203 702 923 558 149 789 784 965 266 1188
70.9491
39.8583

37 94 221 236 253 305 355 404 433 469 498 702 746 797 799 879 886 951 986 989 1015 1023 1098 1120 1239 1296
312 845 1420 789 1428 366 1106 1146 780 186 73 661 115 16 270 495 1373 1415 771 1007 610 533 629 1180 566 328
168.7365
82.9358

6 53 96 114 218 234 269 300 432 445 498 551 634 694 745 755 793 960 1004 1015 1101 1289 1385 1411 1423 1435 1440
312 1238 1118 1167 186 1102 1144 1071 73 15 812 701 278 863 846 1413 923 1151 1428 190 869 486 110 1362 169 1345 1188
142.0572
67.1258

53 65 252 304 397 404 429 594 793 910 923 1098 1199 1239 1326 1407 1491
1420 829 981 780 1146 1197 527 1085 1274 700 1032 751 149 528 120 610 46
116.5338
60.3821

119 334 429 500 1034 1063 1095 1107 1117 1120 1188 1196 1420 1446
317 294 176 921 1433 1428 1234 678 27 541 1380 856 243 1461
103.8252
57.071

37 49 170 177 255 423 804 917 943 999 1009 1015 1098 1140 1255 1274 1298 1302 1310 1394 1407 1481
1467 1106 277 397 930 73 1146 985 1495 1085 1317 698 654 495 921 726 966 309 455 1461 1313 863
137.3503
67.1863

76 160 284 332 334 361 367 386 406 436 520 522 532 544 597 652 658 726 798 894 896 913 1008 1009 1045 1151 1283 1299 1326 1385
1433 1467 570 312 780 1480 198 93 859 419 294 1104 1254 17 1417 909 443 1203 43 1427 1167 1380 1373 117 933 1179 563 97 450 9
193.4236
98.5719

12 36 65 69 202 292 311 353 367 390 429 441 447 452 474 516 545 554 592 631 650 710 845 913 974 1008 1065 1138 1266 1291 1394 1437
780 486 167 508 397 424 1433 101 1403 912 1258 1168 553 564 1040 1007 774 745 347 800 198 77 139 1486 1253 558 925 1092 979 9 443 619
173.0505
87.7327

86 92 116 134 202 203 246 290 309 311 346 361 374 438 462 593 652 655 772 790 835 836 879 948 1227 1365 1368 1381 1434
667 397 316 1123 284 294 172 110 789 335 576 1486 1203 91 255 508 1254 999 5 1412 1055 985 741 1432 243 838 541 582 926
165.4149
81.75059999999999

46 91 94 238 299 532 549 556 637 652 714 732 745 756 785 822 861 886 901 1098 1157
1003 1028 661 1291 172 1387 869 890 734 1146 1333 1151 450 1362 1220 529 17 1040 466 140 230
121.4401
58.1731

38 89 105 173 207 293 301 304 324 374 409 425 471 495 562 804 868 939 943 951 1018 1133 1266 1281 1293 1300 1340 1351 1393 1431 1468 1477
1433 1028 397 950 366 434 576 952 1251 879 878 842 1083 1086 455 322 1025 219 1455 1230 726 1274 1355 1378 666 732 945 670 1338 1269 5 149
180.5389
89.6649

68 82 236 277 386 423 478 549 732 804 900 949 966 1111 1189 1201 1218 1429 1482
1003 810 667 409 890 1475 109 267 373 455 1102 822 1402 449 1078 97 702 962 149
126.2745
61.553399999999996

2 37 125 226 284 302 470 505 601 608 699 709 803 901 1140 1273 1282 1296 1299 1418
570 486 1333 792 439 9 73 698 397 316 731 1022 495 1461 538 244 964 325 1099 26
117.9836
58.1796

1 42 188 314 341 344 404 458 629 682 690 711 720 732 1115 1131 1190 1270 1298 1319 1368 1394 1418
284 1433 1123 1063 1203 891 186 921 139 966 278 780 143 1278 309 985 211 1206 3 834 698 1484 751
159.5281
79.958

96 119 145 246 338 447 575 649 671 753 1070 1097 1115 1146 1201 1317 1368 1385 1495
312 284 624 576 1167 1248 872 980 294 606 979 725 1203 1402 975 211 1461 243 1362
139.6058
77.6983

12 18 116 150 187 197 202 253 314 316 321 435 519 549 643 992 1007 1045 1073 1177 1182 1210 1228 1366 1385 1414 1434 1438 1489
312 570 1107 397 667 363 1003 299 1300 661 648 963 170 1167 1104 120 558 1364 750 284 1015 1089 1209 508 982 985 925 1456 203
155.5609
76.2715

300 331 487 520 617 798 966 967 1128 1461
409 93 734 704 267 1078 117 732 731 682
78.3627
44.4689

299 422 438 449 452 989 1031 1072 1274 1381
1028 1398 589 327 1060 1495 698 91 377 921
74.5099
35.4464

89 151 301 353 433 632 641 745 763 906 948 1078 1129 1388 1467
509 316 1416 295 219 492 1040 167 1151 732 846 466 157 979 1025
93.2871
45.471399999999996

0 187 435 603 697 799 840 900 993 1080 1310 1422 1455
1238 1106 909 8 781 1007 702 1089 1278 149 374 313 1088
85.0106
41.1825

14 43 53 78 119 491 575 660 791 818 851 1111 1138 1361 1365 1459 1482 1483
1003 1428 167 436 373 110 1248 335 1114 822 449 558 1075 926 1242 1191 407 487
106.2555
52.3546

38 62 134 150 167 228 299 340 498 556 705 772 926 943 1017 1031 1096 1109 1251 1292 1322 1377 1379 1420 1423 1481 1482
1480 1028 1003 1123 589 1203 1358 343 1209 878 921 195 1265 255 736 946 391 1246 910 373 1237 891 1155 203 652 726 438
161.7257
71.4235

131 199 233 346 462 898 996 1025 1074 1081
1203 780 397 1167 1090 132 1031 1313 448 999
58.9524
32.4363

72 89 292 301 304 363 367 379 390 409 452 477 525 625 1018 1029 1033 1080 1088 1143 1243 1265 1274 1281 1311 1338 1423 1495
1238 1470 294 1120 745 1194 842 1167 443 921 1260 1182 1168 975 22 1484 725 198 878 800 939 347 872 149 1348 732 1480 179
154.7153
76.2702

131 160 174 185 187 469 702 722 766 794 804 938 1076 1080 1117 1128 1189 1261 1273 1459
845 1387 1373 623 419 38 1415 1297 732 294 69 455 1288 1455 771 1025 364 636 347 789
126.497
68.8403

30 172 207 264 273 300 497 629 836 1186
1209 1028 1373 1480 1300 80 1146 1165 495 838
82.4293
46.544200000000004

12 57 199 284 292 297 355 356 593 702 1013 1071 1124 1233 1266 1298 1315 1344 1420 1439 1447
294 845 570 1203 649 985 1417 9 316 921 397 1415 780 800 712 309 1106 328 295 421 420
140.8726
73.191

206 263 332 381 385 479 745 818 840 896 990 1115 1200 1210 1283 1470
312 667 1428 611 1417 648 1151 661 211 486 1102 1110 563 933 683 1074
109.3111
56.2413

63 69 91 300 312 340 585 751 852 891 910 1139 1188 1230 1258 1276 1342 1345 1361 1393 1399
1333 1480 780 167 1197 1201 294 1373 5 434 1417 1125 508 1220 1413 1106 17 986 1400 219 678
153.1241
84.9265

0 44 477 586 622 722 798 806 868 907 917 1081 1121 1166 1179 1227
93 950 1373 1486 1461 829 117 404 1300 1362 956 905 661 1316 1256 682
97.9579
52.6356

37 114 264 266 304 334 419 447 622 632 778 835 851 918 1027 1189 1208 1329 1366 1371 1455
667 909 93 1433 1110 1274 570 1209 1028 294 1148 508 73 1380 979 1123 495 1288 1475 149 857
144.586
69.3604

78 138 269 284 304 311 314 632 702 703 773 798 976 999 1128 1176 1265 1296 1324 1327
570 845 93 436 167 1104 1415 9 1167 682 678 1270 149 117 674 1042 289 732 313 1274
119.9318
57.4378

42 79 173 277 544 565 840 1074 1111 1243 1345 1418
667 1475 1104 708 698 1355 1167 822 1125 449 949 17
80.5176
42.1191

148 207 312 445 594 603 714 901 986 1258 1472
1238 1417 69 1333 73 566 781 495 8 1220 1461
104.6854
63.0953

96 145 150 324 345 505 520 552 629 653 670 714 722 918 949 989 1056 1065 1078 1110 1133 1186 1299
322 734 139 327 624 1003 745 1373 623 762 962 15 457 838 171 979 630 731 102 673 365 339 1403
127.932
65.8397

27 32 63 124 135 206 290 301 377 386 393 397 477 521 537 694 749 751 756 894 918 966 972 999 1001 1015 1043 1129 1199 1256 1281 1315 1324 1332 1404
1333 829 1022 409 294 981 267 186 1144 36 658 734 1197 1329 527 1169 295 674 1358 120 278 582 1400 1101 1462 1078 464 872 1449 1336 1075 883 1337 1195 661
201.85920000000002
102.131

2 145 187 517 527 551 717 745 806 947 975 1105 1131 1210 1233 1329 1374 1401 1434
1433 667 93 508 397 278 792 648 404 762 1151 486 868 624 926 1291 1148 495 248
142.23250000000002
77.5653

32 117 292 309 406 682 748 763 786 1009 1115 1128 1164 1293 1348 1351 1382
1467 294 397 891 921 740 1102 1106 1395 211 712 1403 1083 945 732 1316 226
128.1174
71.39920000000001

1 37 413 504 592 660 726 868 910 1111 1480
1238 1123 198 73 950 495 1206 449 822 558 956
87.382
44.8165

62 195 218 251 406 419 429 470 472 504 641 653 658 783 804 1076 1109 1366 1374
1110 570 1254 391 1470 219 211 1314 903 1025 1237 455 389 1233 442 748 26 789 1087
102.4793
49.1386

40 55 65 68 78 151 233 374 377 393 409 435 500 517 526 578 601 608 625 714 716 803 839 906 1038 1138 1302 1412 1428 1429
667 436 167 745 842 397 879 230 1455 267 490 109 947 466 762 939 1317 1253 619 878 58 176 538 1313 1251 1025 1090 1336 1256 1469
167.4754
84.4618

93 125 279 328 372 374 516 527 643 669 704 733 772 786 829 845 861 886 888 1111 1113 1124 1192 1289 1395 1424 1435 1468
294 486 633 1433 255 1480 101 1265 774 1417 359 273 863 868 87 5 879 822 466 1146 7 494 449 1327 1456 325 531 1390
173.6762
94.9033

27 109 195 230 470 554 617 1305 1324 1423
424 1131 508 56 1301 704 1314 211 670 148
72.0267
39.0655

38 53 65 113 160 221 265 297 312 326 385 394 441 500 532 588 669 684 742 822 900 905 943 974 1044 1107 1152 1399
1028 69 294 176 87 726 419 986 869 450 108 391 1220 1234 455 1417 364 734 143 716 509 1355 243 149 807 416 335 334
159.7489
82.2429

1 4 6 109 125 206 228 284 363 381 406 432 500 597 738 832 1012 1095 1138 1282 1310 1480
1238 1106 1123 570 486 9 946 278 73 878 353 56 1206 317 1154 23 389 595 1338 325 1107 1357
144.4141
72.4902

68 125 134 207 264 383 415 732 926 976 992 1065 1238
1131 1209 912 1028 890 1123 1101 1300 891 745 1203 109 529
102.18769999999999
52.8581

82 96 191 215 218 226 252 367 383 454 457 504 594 794 802 821 896 1025 1063 1080 1152 1190 1216 1277 1296 1315 1327 1388 1403 1412 1414 1440
294 1022 810 317 397 1417 798 912 623 264 16 15 1291 58 795 443 1099 64 1233 147 1087 771 823 1393 671 295 603 356 1137 439 289 57
181.0288
92.4529

82 117 134 169 318 324 577 650 653 716 773 908 990 993 1044 1076 1111 1264 1268 1290 1363 1394
810 85 1123 1278 740 667 1203 678 449 1433 1040 1483 712 800 1102 1146 69 1189 149 748 762 313
129.7395
63.1334

341 374 504 637 649 684 804 887 901 1009 1101 1141 1188 1299 1326 1330 1366 1412 1438 1439 1446
1467 862 570 1333 1118 824 701 879 143 872 678 1061 1461 58 455 5 365 1 900 1025 463
126.4454
61.1407

91 344 433 442 470 527 586 593 653 840 975 1254 1365 1432 1439
1003 242 624 335 110 17 589 2 868 20 248 1055 310 926 1316
93.288
51.3559

321 367 377 438 590 647 653 720 835 852 905 1010 1071 1080 1097 1117 1131 1152 1156 1212 1218 1273
294 667 1433 1251 1395 278 1157 91 443 1169 1102 508 1345 1362 1443 120 371 985 341 3 139 416
124.8905
58.1747

72 187 189 265 304 316 393 461 556 700 714 778 910 977 993 1109 1131 1138 1176 1256 1270 1276 1286 1298 1302 1340 1380 1382 1391 1403 1441
1433 1333 294 1203 1209 912 397 1300 1251 278 1387 1274 299 1106 1278 172 985 309 1253 1462 466 353 16 438 529 882 384 1336 1194 416 149
186.76
98.9554

68 138 268 526 603 649 770 795 907 923 975 992 1004 1072 1128 1286 1360 1404 1441
1238 173 781 1 166 8 109 872 1102 1300 1379 829 732 531 977 159 248 1348 376
119.3508
60.0235

33 65 68 92 94 216 232 273 299 346 408 427 611 650 700 891 900 959 1020 1164 1166 1175 1311 1366 1370 1412
1123 1433 1028 363 5 1362 167 661 398 494 22 466 490 1040 101 570 243 109 391 1165 80 1078 149 58 985 702
158.6506
79.7886

113 136 170 195 236 355 372 390 404 423 455 474 575 733 740 751 784 894 951 1053 1143 1162 1200 1255 1332 1371 1374 1379 1444 1447
1333 224 508 101 930 123 366 1151 780 1146 1106 1248 1358 1400 211 1402 1126 999 917 960 883 328 143 1337 1348 705 1494 1265 1278 683
172.4409
83.2811

91 212 368 383 408 452 497 505 598 656 670 709 746 766 781 876 903 1005 1056 1111 1189 1398
148 397 780 912 1003 543 198 835 1146 1261 1076 776 1180 17 1288 822 989 881 642 1399 811 78
127.3247
62.7769

49 69 170 255 269 289 429 438 500 520 660 855 879 886 905 951 977 1136 1146 1278 1302 1347 1382 1423 1446 1487
294 780 1106 508 455 930 366 176 654 277 459 1079 91 789 1317 1253 466 33 126 966 909 978 320 1129 78 1203
143.2979
66.867

273 535 709 1044 1080 1199 1276 1298 1363 1440
1165 80 985 309 582 1170 169 743 137 1280
55.6693
28.0518

148 195 268 409 514 543 545 590 656 684 773 906 1002 1070 1316
1417 842 878 73 678 466 1398 812 741 1314 211 1025 243 40 1494
103.4445
56.8641

0 14 48 49 242 443 471 522 556 575 717 770 784 786 818 836 947 972 999 1005 1009 1033 1070 1131 1143 1148 1208 1256 1268 1472
397 1467 1433 294 123 1428 667 167 278 529 43 1248 16 316 1458 1484 776 1348 243 652 966 1055 495 977 1189 438 1114 39 772 1462
173.4805
87.0623

32 137 254 268 293 419 434 462 495 505 532 556 590 603 628 637 643 658 748 784 802 850 1007 1076 1101 1239 1302 1322 1420 1467
509 1238 1110 294 123 1118 226 921 1040 1087 1254 492 1317 903 701 1403 8 411 16 812 982 781 1316 34 157 662 1100 450 1109 529
181.0902
93.0608

228 548 669 697 763 840 977 1212 1259 1370 1423 1495
455 87 398 878 317 946 975 466 1345 1193 77 517
79.3179
40.7996

14 53 84 364 429 475 590 660 773 941 977 1110 1123 1228 1331 1393 1431 1477
1467 647 322 678 434 912 466 1399 666 624 900 455 1378 426 1064 339 313 39
100.473
47.9216

40 150 216 521 551 797 886 948 1031 1483
589 316 1373 490 1455 629 619 737 1032 1195
70.4481
38.8232

32 82 93 96 419 537 637 656 784 887 1034 1403 1424
633 810 123 1110 823 493 856 15 64 1390 1033 1087 226
94.139
49.6692

79 125 169 340 360 415 446 461 544 626 699 760 891 935 986 1135 1266 1290 1324 1363
1333 1480 85 1032 264 17 1387 5 1104 989 167 1146 566 1170 533 800 1087 726 325 1301
123.7025
60.7187

36 119 167 173 174 195 242 255 273 360 393 431 525 586 611 705 720 845 898 941 1010 1227 1360 1412 1433 1438 1489
397 486 1209 1403 1123 1420 363 1486 1106 101 654 1362 979 1355 211 416 80 1246 1147 708 564 490 58 949 77 1432 989
177.0641
92.6654

462 492 543 943 986 1010 1063 1129 1228 1299 1368 1395
317 284 294 576 173 295 912 533 1037 603 863 726
91.5265
49.6021

1 55 91 187 230 236 289 299 344 386 390 472 690 784 857 906 1022 1063 1095 1096 1162 1278 1286 1393 1441 1458
294 1123 570 123 1028 317 1079 859 1169 508 762 166 397 466 17 434 33 1098 1131 1206 1314 796 909 347 1378 1482
161.6083
80.6489

42 191 263 316 548 577 641 753 795 999 1047 1053 1065 1076 1122 1139 1382 1393
725 173 508 1107 1197 299 1291 434 1300 219 745 674 977 1106 20 1074 1348 1193
119.9723
59.3106

42 48 62 321 413 427 431 455 489 598 625 661 697 910 1088 1100 1107 1111 1227 1296 1327 1377 1459 1483
101 1123 224 1131 1151 176 794 798 120 391 1234 822 343 1486 1061 1403 610 745 449 939 1270 46 1461 146
142.1579
70.3949

36 228 452 472 532 552 556 660 806 853 857 878 946 949 986 1212 1395 1460
845 1403 859 740 745 397 962 198 1037 863 564 734 652 466 32 1345 529 578
120.9751
68.8201

61 63 119 182 220 279 305 361 438 535 617 620 658 701 786 999 1054 1056 1088 1093 1105 1162 1199 1254 1308 1339 1344 1404 1432
294 436 242 1358 270 704 1167 582 9 341 391 448 610 771 624 1032 1075 1261 91 1327 903 674 1253 1037 1170 1191 705 165 1256
160.1443
76.1471

38 46 82 124 174 199 334 466 546 548 598 669 818 918 996 1101 1131 1330 1339 1422
1433 810 1028 589 1428 87 278 780 824 1040 701 173 1203 734 1380 900 689 630 1193 437
132.0768
63.9266

80 82 148 224 324 525 592 606 631 671 676 737 784 966 1017 1097 1340 1381
1333 912 810 1480 409 123 1251 1417 741 1355 73 532 267 1449 762 440 1395 563
146.0159
75.7875

31 57 81 137 182 498 568 591 606 708 809 879 966 1005 1012 1020 1022 1100 1107 1115 1152 1164 1255 1283 1431
1333 221 409 570 176 1355 794 108 789 34 1068 267 1169 1102 1461 1234 211 1078 294 1215 624 243 623 22 1061
163.47979999999998
80.6546

107 177 361 442 660 732 786 803 835 935 946 1065 1300 1431 1489
667 294 363 890 740 1455 745 1107 139 1230 1074 582 624 853 91
99.4717
50.228

269 284 297 302 454 498 525 974 975 1017 1020 1060 1107 1186 1398
148 570 1480 176 625 841 1076 9 1261 1234 795 248 838 740 243
104.9937
51.5044

2 30 31 43 61 69 80 87 170 302 318 334 361 372 449 517 552 643 653 656 742 759 785 793 893 895 917 959 1063 1196 1227 1332 1441
1433 294 603 317 780 1398 623 792 363 734 930 9 508 108 647 27 762 305 1380 947 728 897 1319 582 464 1022 694 1486 1061 1256 102 1147 166
182.0251
87.3207

36 48 125 135 139 409 548 790 842 959 966 973 1017 1088 1110 1179 1266 1283 1316 1433 1480 1481
1238 1420 1398 397 1403 322 1254 878 979 1209 391 1124 363 450 1362 885 267 1102 564 80 1486 897
158.4449
88.0847

31 136 173 175 188 234 265 299 309 434 452 491 537 551 632 669 694 700 702 809 1012 1029 1047 1063 1143 1166 1218 1258 1310 1458
845 1106 1028 317 294 1107 224 966 87 416 1144 1355 1415 34 1168 198 762 734 949 704 1345 541 3 1348 917 802 1006 1314 1114 798
168.688
79.8395

69 82 94 96 145 151 185 206 321 410 424 461 504 549 565 615 710 746 783 791 917 975 1002 1007 1131 1164 1192 1238 1311 1356 1368
1433 1333 810 1470 1101 780 139 508 278 1387 284 624 872 1461 661 22 750 248 529 428 15 1003 391 823 78 1465 120 1256 32 64 49
184.3943
92.3166

114 138 197 289 516 798 842 855 896 972 1047 1088 1244 1379
1358 93 1417 176 391 1079 558 36 117 704 1107 939 999 682
89.0638
45.0343

102 322 551 603 851 996 1060 1104 1133 1134 1233 1299 1300 1373
1238 224 397 8 625 1455 919 800 781 1428 1365 1040 132 563
107.6028
64.212

82 266 374 458 466 532 1164 1181 1278 1441
810 1063 879 166 1274 173 172 33 450 909
77.5051
43.3539

206 263 356 546 554 879 1109 1266 1344 1370 1412 1424 1434
398 397 789 424 58 316 294 1074 77 712 1237 1087 137
84.1576
45.259

37 117 344 454 469 537 694 832 898 938 982 1071 1118 1120 1131 1143 1152 1360 1404
294 589 1433 1428 1144 73 740 278 1387 495 1379 264 6 795 712 599 998 229 636
133.1203
68.7772

6 41 49 86 87 136 145 160 368 377 410 461 497 585 728 732 798 806 862 1098 1109 1113 1245 1291 1330 1371 1431 1434
1333 397 1146 277 603 624 23 93 419 224 824 273 211 1237 890 1439 682 1169 1168 260 117 91 917 1387 1258 966 900 736
169.9893
82.7541

2 38 40 394 410 419 491 705 857 876 935 1001 1210 1227 1238 1241 1265 1317 1438
1131 1110 667 1028 1123 648 1101 529 1167 391 91 606 490 1486 792 859 1313 1432 1114
138.9854
71.4368

89 219 268 314 425 452 545 598 670 972 1122 1361 1407 1458
226 284 762 198 1314 1085 732 1205 147 99 863 56 1006 437
81.5961
38.8622

62 72 93 174 224 381 390 455 592 759 786 879 898 1023 1176 1189 1229
633 891 294 101 1151 789 1061 1194 305 1449 1288 1393 347 115 38 454 490
116.617
59.8733

44 89 264 344 505 766 975 1134 1176 1177 1181 1270 1296 1327 1394 1395 1399
1107 1203 1028 589 798 863 1300 1387 732 986 1209 248 289 466 751 180 905
101.9341
54.0595

293 344 519 522 585 606 608 626 703 728 791 829 852 891 996 1006 1010 1054 1072 1076 1141 1156 1340 1366 1382 1396
1333 436 862 1355 1106 570 167 1009 294 1251 589 273 359 979 5 1104 611 1261 322 856 132 43 1167 538 1364 129
162.6347
80.2009

12 127 160 238 334 390 422 429 593 649 699 730 852 917 1053 1134 1208 1227 1261 1331 1396 1407 1438 1444
1433 1060 1467 508 419 611 1297 1461 1486 872 1380 740 1085 725 347 1 56 333 531 364 863 1129 1256 1147
131.7252
61.6367

46 233 419 429 546 799 802 829 854 911 923 972 1007 1166 1256 1461
1087 1110 1003 531 979 1313 101 1462 359 651 734 1090 750 616 1101 16
109.2028
57.9577

18 40 48 96 311 487 641 737 783 790 853 982 1110 1396 1403 1411
322 611 1254 219 1009 294 391 1104 15 490 619 1102 1455 384 1222 6
112.1874
64.6625

32 697 700 716 738 763 802 861 993 1009 1244 1268 1347 1380 1447 1480
1238 1467 278 1278 226 101 16 1102 882 1106 58 421 1087 97 23 1189
92.6786
43.4423

12 72 92 247 297 340 446 514 1029 1176 1344 1348 1411
1480 1194 985 1395 1168 243 365 1071 1494 9 1172 564 1303
77.10889999999999
38.6353

87 146 174 185 277 446 471 504 755 803 853 1208 1319 1396
667 603 316 186 1144 1009 611 179 531 527 1233 904 1129 1475
91.6991
45.8456

228 253 300 406 527 655 669 705 753 784 1004 1022 1065 1082 1210 1310 1461
570 1106 734 123 667 725 648 1123 1169 745 87 878 661 868 946 1102 1413
123.9442
60.1518

62 96 131 173 185 266 332 346 500 528 690 702 733 740 784 948 1264 1296 1339 1385 1388 1398 1460
148 312 845 316 123 667 1167 1355 1261 1146 278 1415 1274 1076 1278 1270 933 15 1402 689 949 960 1126
152.3017
73.0685

175 253 259 324 326 802 1081 1123 1210 1254 1261 1293 1351 1382
1467 397 667 647 1427 20 661 1297 648 1106 725 1083 16 945
104.67360000000001
50.8035

78 220 703 723 778 781 888 1007 1031 1098 1228 1270 1324
1203 397 436 589 167 7 835 1146 1104 912 1475 16 1387
99.8484
53.5344

199 277 441 500 525 626 786 948 1110 1137 1228 1412 1444
316 667 322 294 780 58 912 1203 879 266 455 1475 903
82.2167
40.0035

12 53 139 221 321 355 380 409 545 643 709 746 757 876 878 913 966 1038 1063 1123 1148 1186 1374 1379 1398 1467
312 148 294 267 509 317 647 845 842 745 1358 1025 1238 450 1261 1078 1076 1458 838 553 492 1075 1180 799 442 328
176.4727
89.0377

18 30 61 80 160 188 226 252 300 316 332 385 427 516 549 634 669 670 748 834 893 1050 1076 1096 1101 1282 1401 1468 1482
1003 1433 486 1022 1123 397 97 1209 419 9 966 1403 1300 87 299 439 1118 404 373 647 923 734 1104 1086 1413 190 1279 512 1319
187.9193
97.0262

80 182 302 376 435 582 617 620 943 1036 1113 1411
891 1071 1417 726 647 448 704 242 1089 341 778 19
75.6376
39.4509

18 32 61 169 206 207 223 246 259 334 359 367 385 496 632 705 717 763 794 913 959 990 1031 1096 1100 1107 1110 1116 1201 1296 1327 1395 1423 1431 1446
294 589 1123 363 1433 176 322 1354 1427 798 9 226 1234 466 863 1270 1483 624 289 800 774 1402 1461 1061 1380 623 443 261 339 771 243 729 989 553 799
190.2176
94.5809

31 37 57 103 212 251 306 331 364 422 452 466 611 615 617 629 637 669 708 778 908 1006 1022 1291 1330 1370 1398 1483 1489
148 1238 294 570 397 1068 824 73 363 543 1475 1076 87 704 108 1258 173 1169 495 398 1362 1168 1427 1060 183 1261 77 198 490
175.0352
89.3057

2 4 78 177 306 396 419 447 528 562 579 585 637 728 878 1152 1177 1261 1283 1286 1290 1299 1308 1339 1348 1351 1360 1420 1455 1489
397 845 85 1107 436 1110 363 909 921 1395 792 745 966 273 1022 1297 167 365 952 219 1146 278 979 945 1332 1100 9 595 1421 650
186.8775
97.0373

96 125 452 795 914 989 1162 1189 1210 1230 1332 1339
173 667 327 661 1373 648 879 198 689 15 1288 701
96.3506
56.792

76 100 127 280 294 377 379 394 449 474 578 669 701 751 839 845 852 879 884 908 1238 1305 1317 1374
1333 486 667 1131 101 397 1398 1120 750 1101 864 789 1400 87 1182 428 529 230 1169 1455 774 1005 384 442
162.3908
81.9901

105 113 131 135 359 704 822 941 1072 1074 1128 1200 1273 1403 1470
312 1354 611 1110 869 674 683 64 1449 732 900 494 1167 143 384
94.9811
49.8741

76 78 304 409 413 498 514 585 652 711 732 896 1004 1074 1268 1278 1291 1340 1351 1366 1371 1373
397 570 167 436 842 864 878 1417 1251 1258 890 834 1102 172 1168 33 1274 945 909 1167 912 1025
136.3457
66.9435

2 89 148 185 255 279 294 381 385 432 442 479 655 671 798 832 894 910 951 992 1110 1139 1146 1157 1186 1244 1258 1292 1331 1404 1411 1451 1468 1480
1238 1433 73 101 1197 1387 93 322 1417 810 366 1358 1203 459 838 117 792 654 1086 1005 732 23 1291 1248 46 532 3 980 998 458 227 541 741 59
197.0936
102.8002

84 279 316 447 491 582 722 790 906 1031 1093 1412 1481
1209 589 1254 1300 299 1373 466 1327 1032 979 735 1114 58
84.6514
42.3001

14 413 442 617 638 673 737 749 753 786 794 951 1140 1308 1356 1423 1439 1480
1238 294 725 366 623 163 731 39 872 704 1055 23 771 244 629 1137 86 238
108.1737
53.0603

94 300 302 344 487 732 745 1143 1181 1347
661 890 1362 1151 1413 846 426 869 1222 1348
66.6825
35.7022

31 63 86 177 219 273 332 361 379 625 737 781 1008 1139 1298 1347 1399 1411 1434
397 226 1165 1120 745 1197 835 985 80 1182 939 309 933 1205 458 582 147 563 986
117.2391
56.6006

49 62 78 93 170 220 233 331 377 431 622 806 868 913 1004 1022 1135 1243 1264 1308 1319 1326 1338 1418 1446 1477
570 633 667 436 186 1470 167 1169 930 1102 950 1278 277 136 966 449 1313 956 666 796 1478 799 553 1390 989 698
145.3918
64.4277

6 100 138 220 280 429 522 532 615 742 783 948 992 1021 1109 1136 1192 1361 1398 1441
148 1470 316 166 391 108 1076 1261 450 482 1237 1234 136 43 1345 238 407 1100 807 1265
109.0471
51.638

32 139 206 253 266 338 410 429 457 478 504 548 594 606 615 653 682 717 746 751 839 878 879 896 969 975 1074 1088 1151 1199 1292 1311 1332
1333 397 1123 845 1355 891 921 1480 789 294 391 582 230 1400 1167 1180 226 22 450 774 464 1393 745 1193 671 168 883 965 1417 662 1345 248 1262
180.75300000000001
89.0611

38 170 184 226 290 328 778 855 886 1097 1101 1113 1316
1398 1022 1028 439 1118 930 878 176 1475 701 812 273 391
96.9589
49.258

150 314 368 427 658 1022 1128 1164 1179 1348
570 1123 1254 1395 1169 9 903 732 796 365
69.5013
36.1257

475 516 746 760 900 977 986 1083 1340 1351 1380
945 912 1251 882 1032 702 455 533 466 683 149
73.8817
39.1744

49 65 102 139 265 279 338 361 500 517 579 588 626 650 655 673 733 781 793 799 842 900 913 976 1070 1072 1073 1083 1100 1186 1192 1431 1455 1472
397 667 1003 794 909 450 316 455 163 1061 1007 1327 947 939 582 762 36 797 1146 683 416 838 80 243 358 1042 149 335 865 153 1421 702 740 541
185.2708
98.5835

135 145 182 191 216 478 544 911 1005 1044 1403
624 1291 101 1104 776 651 1449 616 64 384 17
75.9051
41.9206

145 182 406 422 454 479 577 585 591 611 704 770 976 986 1072 1319
221 186 1060 674 490 466 624 34 841 566 1078 389 1362 494 661 1042
105.3457
54.9098

61 170 253 289 306 331 334 344 386 420 487 601 704 832 834 862 1010 1095 1151 1227 1270 1381 1414 1435
1433 97 23 1203 9 1480 930 1486 589 674 1022 1079 211 1380 1279 494 909 1172 117 1262 1222 725 741 458
143.5845
72.0964

131 188 273 305 326 328 652 684 708 778 806 905 976 1095 1143 1179 1201 1232 1403
172 966 317 771 1475 108 270 1165 1362 80 1355 541 623 610 1053 1042 1402 1137 1478
126.3866
70.1226

53 69 197 220 290 334 338 376 457 472 477 504 537 544 548 596 629 658 708 710 766 799 821 829 911 941 1128 1131 1141 1176 1255 1403 1435 1441 1472
1433 862 780 1106 101 1104 508 1254 1068 939 616 979 558 108 359 1380 64 316 16 1265 651 278 1007 732 531 1193 671 1313 623 17 1114 900 1393 1137 1075
194.7656
98.9057

219 244 334 670 799 834 861 975 1054 1100 1393 1396 1398
148 1433 1203 436 226 1261 97 794 1009 1167 434 611 1380
114.83070000000001
57.397800000000004

103 259 269 277 520 565 908 975 1047 1063 1123 1331
1467 667 647 317 1427 1198 1475 1107 248 603 149 704
82.3025
36.2744

172 182 191 413 527 579 708 711 730 737 839 840 850 1013 1036 1050 1105 1124 1239 1274 1339
1420 1417 1068 891 1480 108 1291 1373 649 698 1495 921 230 868 1003 700 689 226 834 19 377
140.2032
71.7073

102 279 404 408 596 608 684 1210 1274 1291 1477
667 648 1495 921 698 1258 661 780 1168 939 1278
88.3697
50.9685

61 172 182 189 244 394 471 551 711 770 804 1036 1044 1054 1229 1264 1412 1418 1429 1434
891 1203 397 436 1480 1417 9 1373 1167 1061 667 1278 1261 834 698 19 1269 1011 1025 449
123.7645
56.984700000000004

22 30 169 255 266 424 425 435 469 491 637 720 748 778 854 996 1081 1137 1141 1157 1255 1282 1289 1317 1434
397 486 862 1110 294 1291 606 789 654 1475 903 1274 1338 1114 1483 1061 800 1403 94 1313 1316 126 1127 1089 964
149.8751
76.3035

2 55 224 268 312 374 393 469 575 588 596 598 601 658 671 679 753 772 861 989 1020 1138 1177 1274 1277 1366 1388 1399 1403
570 69 294 725 792 327 255 1107 397 1495 980 1393 939 1248 921 1449 879 377 353 698 903 64 1417 726 986 1254 5 1187 1220
173.0479
89.8741

0 277 306 404 603 611 649 653 720 737 803 840 857 878 906 1107 1110 1117 1163 1189 1238 1245 1256 1326 1422
667 397 1131 466 845 1101 176 322 316 445 1 872 780 745 1362 859 1234 1278 1462 1078 490 428 751 1461 529
175.0768
94.0325

78 81 212 254 263 367 377 404 406 419 492 516 568 626 658 694 746 759 835 876 895 935 992 1076 1133 1152 1164 1212 1254 1255 1308 1322 1414 1418 1461
667 780 1110 294 1068 623 167 242 698 411 1144 734 543 1169 436 728 1313 1278 751 1180 1087 173 1265 748 1345 1468 310 1469 989 673 1465 2 371 1074 1065
185.5879
89.4102

0 150 151 251 284 364 379 438 461 592 617 676 748 798 854 923 959 1007 1033 1163 1186 1212 1322 1371 1400
570 1333 363 294 93 445 1182 1120 1387 1254 704 91 9 1484 1427 117 1403 1316 750 1107 705 1345 1127 183 1179
158.1543
81.1288

63 199 377 603 626 737 751 756 903 976 1002 1196 1232 1380 1404
1238 1333 780 734 1203 781 8 1379 882 1400 27 1075 1042 625 710
104.5786
52.6028

6 72 360 472 537 606 705 1023 1121 1129 1181
1333 1194 1123 295 989 264 1246 1355 411 115 1341
72.5442
33.3702

131 289 305 312 379 436 446 527 617 637 1002 1199 1265 1356 1412
780 859 270 1167 704 872 1120 1079 1182 771 69 458 582 726 868
112.4592
62.8358

92 93 109 172 216 376 449 475 497 578 620 671 798 845 857 1010 1013 1018 1113 1138 1152 1164 1186 1311 1322 1363 1461 1468 1489
633 667 486 397 1480 1433 1398 734 649 1373 859 448 117 353 1146 56 22 838 1086 243 985 341 682 1265 91 774 420 1043 1256
175.8854
87.2972

6 27 40 215 322 353 356 479 703 783 806 967 1015 1208 1212 1361 1391 1432 1434 1460 1472
294 1470 397 167 624 1104 186 391 490 278 316 667 16 670 1455 1345 712 314 619 1256 919
135.7632
74.7089

31 48 82 360 361 451 472 629 702 740 753 938 990 1123 1151 1162 1192 1302 1371 1382
1467 845 810 725 1106 1238 647 264 1317 1415 1387 20 221 1253 989 1402 1126 347 582 1262
131.49360000000001
65.8072

135 228 334 359 433 575 588 759 793 879 886 893 948 951 990 996 1008 1175 1192 1281 1293 1302 1317 1418
1433 316 878 1354 789 366 946 606 294 1083 1380 698 872 1253 1449 1248 305 1031 317 1256 32 132 607 1319
133.9144
64.9964

14 37 48 68 146 189 597 717 900 977 1076 1136 1256 1394 1418 1441 1447 1468
1433 698 73 1144 109 495 1086 1462 702 466 166 455 69 1154 149 421 748 774
101.4101
50.009

18 42 199 224 433 475 522 585 596 818 966 1131 1188 1232 1363
1433 409 1428 278 780 939 678 1449 1078 43 267 1203 1393 179 139
95.4979
45.5078

1 63 107 145 300 442 446 455 505 901 1151 1243
1123 224 101 624 1480 1333 1074 1206 190 1413 1461 1483
85.7657
46.522

48 94 149 170 206 215 233 364 379 406 410 495 821 851 893 908 1050 1095 1259 1395 1403
294 661 930 864 1120 317 384 466 670 1362 64 172 183 1313 1319 1137 1090 180 926 517 61
126.9999
68.2708

18 43 131 263 393 477 556 615 703 705 784 806 894 918 1007 1031 1050 1063 1070 1116 1266 1286 1317 1339 1351 1391 1396 1483
294 123 397 317 1123 589 1104 611 1203 661 558 606 1009 529 667 652 1246 689 243 1074 603 1336 945 1032 438 630 1337 1377
163.72820000000002
82.6493

6 22 169 226 321 334 381 432 445 526 537 575 577 634 710 757 770 802 850 901 1065 1082 1088 1121 1138 1189 1243 1274 1302 1433
1110 1333 439 1495 1467 1022 921 397 294 698 391 73 1248 885 745 353 1380 1483 139 1461 1420 765 923 979 1209 881 800 1087 1288 1099
167.2485
84.77250000000001

76 102 117 230 253 429 755 797 806 840 879 891 900 903 943 949 972 982 1012 1021 1022 1060 1276 1278 1291 1338 1363
570 294 1169 5 740 1373 1131 780 508 167 864 1258 789 625 1470 33 702 6 629 726 962 1168 578 1441 712 379 108
170.0753
90.7329

44 221 233 385 455 586 617 660 697 888 1121 1148 1290 1407 1446 1472
312 85 1151 224 101 16 704 1085 1146 960 1090 56 7 1458 1313 905
111.5403
53.7438

119 148 151 166 197 404 505 516 546 679 697 700 701 901 935 939 973 1131 1148 1189 1218 1281 1327 1360 1366 1424 1432 1460
1433 1333 1417 278 780 139 570 101 624 73 1191 397 798 1278 1288 289 91 1455 741 180 1458 872 558 1461 1362 1176 334 264
166.8435
87.6214

12 40 236 284 304 380 441 452 551 606 759 778 887 959 977 1265 1306 1308 1396
1333 570 363 1355 1475 490 1009 9 1167 294 56 198 455 1455 466 305 619 1274 888
120.067
57.3428

332 423 436 514 592 669 753 786 821 946 959 1100 1251 1393 1489
363 780 294 725 859 87 794 195 740 910 434 563 558 880 933
115.6195
57.9874

0 55 65 76 94 185 266 289 332 355 479 629 649 748 781 802 853 908 1179 1218 1283 1340 1385
312 397 661 912 1251 864 1362 1 835 1079 872 1403 1167 16 1274 933 1102 563 176 904 1316 404 1129
150.5707
81.2838

44 76 107 174 188 215 251 280 356 397 424 489 491 611 679 989 1120 1259 1327 1411 1412 1460
294 829 966 981 798 1428 327 1197 527 541 1362 1427 466 316 490 658 712 1338 1114 58 905 289
140.9317
71.9753

48 63 87 173 233 234 273 300 496 552 597 641 656 660 673 716 799 836 901 972 1027 1081 1176 1188 1243 1319 1322 1396 1398 1401 1404 1423 1434 1440
148 603 397 186 1165 1333 80 1009 1291 611 1355 1261 219 1076 1379 1007 1154 869 404 926 702 949 1413 163 740 379 416 678 1 1075 734 190 825 527
188.1235
95.4212

145 175 182 216 265 346 396 408 441 527 544 582 625 661 708 840 901 906 907 918 1004 1070 1096 1216 1266 1277 1308 1331 1394
1131 1333 745 624 224 108 868 966 1068 829 466 1300 243 939 416 1102 1461 623 17 1087 257 23 999 307 428 1104 630 1471 86
152.00560000000002
75.508

69 304 346 356 376 458 477 551 603 660 778 878 993 1181 1261 1446 1458
1238 845 780 316 294 1297 762 745 1278 1314 781 1063 8 725 712 1274 650
117.154
56.4863

96 135 139 149 290 374 620 661 697 809 822 840 1005 1072 1281 1306 1332 1444
397 864 1131 879 869 450 56 15 797 448 486 341 823 1449 883 776 888 5
116.6399
64.478

36 49 61 238 435 466 496 504 517 676 694 702 900 986 1004 1047 1107 1177
845 1403 277 294 176 1144 9 173 77 1234 1486 1415 704 1102 1089 762 566 564
121.1941
62.8443

33 394 425 784 951 1095 1212 1286 1317 1470 1480
1238 123 312 366 611 1110 606 735 391 376 1345
82.7462
40.4979

31 93 135 199 279 289 306 353 443 446 466 489 562 694 836 839 886 1129 1138 1196 1216 1282 1293 1315 1322 1330
633 167 486 1022 295 1144 824 780 230 173 952 1203 23 1083 1079 985 1390 1449 900 411 27 219 586 1151 735 964
156.7358
77.8683

109 160 184 246 300 449 526 565 722 888 913 1007 1095 1110 1128 1137 1139 1208 1212 1293 1296 1315 1322 1360
1398 1022 322 1197 1151 294 878 1373 1270 903 56 1455 1083 879 1362 595 190 1413 553 732 1215 530 419 986
153.8411
86.5232

68 86 94 103 242 409 1013 1076 1123 1216 1270
1467 397 661 647 1203 878 842 649 295 109 748
102.7703
55.0412

221 318 471 495 586 682 690 756 923 1096 1131 1163 1196 1422 1439 1451 1483
312 1433 278 734 921 445 891 16 1269 1403 27 531 1055 61 1032 1316 139
117.8467
62.0696

520 699 702 884 993 1135 1177 1322 1339 1393 1396 1489
845 750 363 1009 434 1107 611 1278 1415 689 1378 731
73.8742
31.2276

4 31 105 169 189 191 312 532 582 637 818 896 898 1078 1082 1120 1177 1218 1258 1311 1368 1434 1446 1472
1428 1417 69 397 1107 284 1416 576 22 726 450 1483 1220 509 838 1291 798 541 1102 3 229 457 203 989
133.2799
64.9265

0 27 380 420 498 549 617 772 818 913 1060 1146 1256 1306 1382 1491
397 1428 255 1106 625 1203 1032 704 56 1462 294 1101 670 1172 799 117
104.7153
58.936

38 46 170 397 514 551 673 694 760 854 973 1006 1009 1013 1017 1054 1082 1140 1190 1210 1216 1244 1273 1379 1429 1432 1461
436 1467 1480 1028 667 829 930 734 294 624 649 295 163 1032 648 981 1197 1167 661 1358 391 1144 999 1040 527 1124 1261
172.6281
82.9229

119 174 294 359 379 441 442 451 495 522 546 606 673 711 759 891 918 949 1002 1006 1031 1129 1480 1491
1238 1333 589 101 1120 1354 1355 1032 295 167 5 163 1182 834 1005 962 856 1436 305 670 23 1087 43 59
153.7935
76.9161

238 322 422 578 628 631 1009 1151 1317 1459
1467 667 1480 1060 606 94 912 919 1116 1256
82.8552
47.9937

230 292 367 438 461 478 497 643 766 887 943 1004 1012 1013 1021 1097 1124 1139 1176 1239 1395
1420 1333 508 1387 649 443 1197 1131 91 420 726 1417 466 863 1146 800 482 1102 341 1362 1043
134.6832
68.6255

79 103 148 191 218 223 355 466 522 591 598 652 714 748 770 851 1015 1034 1078 1216 1229 1268 1395 1446 1472
221 891 172 1416 1417 73 186 1403 1291 1061 43 173 34 856 863 16 278 563 741 328 19 457 838 532 371
150.9718
76.1751

328 353 420 603 704 705 766 791 938 1228 1345 1348 1433 1440
1238 1123 1420 397 1209 1395 912 979 8 273 199 1125 674 1246
112.6471
65.1133

100 228 377 455 722 887 1076 1129 1175 1182 1186 1366 1458 1468
1433 224 101 1151 762 878 1169 1314 570 295 946 1086 1373 69
104.036
54.515

148 175 233 324 393 406 420 422 454 532 703 711 760 778 821 836 852 911 966 986 990 1027 1070 1076 1121 1243 1293 1366 1412 1418 1447 1477 1491
409 570 101 1417 1032 267 1060 73 698 795 651 1475 566 58 616 1104 834 1078 117 666 741 533 243 841 1106 421 563 1055 389 1090 450 69 1172
187.2215
96.6185

91 114 135 218 230 232 268 568 1107 1135 1199 1264 1368
284 667 176 508 17 576 494 1234 1278 1449 582 1131 1482
92.4609
49.6553

4 80 119 221 234 326 406 528 669 839 935 947 1021 1038 1078 1097 1156 1182 1273 1327 1434
312 397 278 798 87 267 647 230 16 734 170 1416 389 888 1355 289 495 979 91 1362 1345
129.3059
66.12049999999999

127 137 138 263 301 314 361 363 446 489 495 516 582 588 628 638 770 794 839 840 894 910 973 1095 1104 1200 1241 1265 1388 1395 1420 1468 1470
312 1480 284 1433 1110 611 224 921 1003 1167 863 623 230 1327 670 466 1124 683 810 335 610 800 1086 1155 43 517 1178 771 238 1317 259 1392 101
174.634
90.06

14 38 615 638 723 853 876 1025 1027 1395
1028 863 272 391 466 7 180 529 989 39
70.037
41.4795

76 160 223 368 441 554 745 1101 1111 1176 1281 1338 1361 1382 1394 1400
1470 1118 864 419 1254 424 1151 486 812 1062 822 701 1106 364 846 872
107.5218
58.9494

1 27 62 81 300 314 470 535 543 591 626 647 716 907 951 1370 1414 1428 1455
221 1251 398 366 909 284 1157 1123 1395 34 829 1206 670 1413 812 1281 19 1362 165
133.5927
70.9348

79 182 216 338 424 690 703 1013 1388 1455
909 649 1338 64 1104 295 1043 1421 420 1088
66.388
37.2314

280 297 314 326 364 367 497 699 728 781 835 854 941 1004 1008 1080 1228 1273 1278 1317 1324 1423
667 397 284 1146 294 443 33 273 900 1102 606 94 183 736 912 371 519 909 125 1076 1432 1355
113.2947
50.3621

22 230 232 304 551 911 967 1002 1110 1299 1332 1348 1379 1381 1440
1358 322 508 1395 365 101 651 464 1274 494 149 616 999 741 9
111.8626
62.7605

230 280 383 549 710 745 751 773 926 999 1047 1122 1282 1339 1370 1433
1333 486 1107 1420 912 398 891 508 678 397 1151 674 979 1400 846 885
112.5017
54.8827

173 199 280 292 368 545 670 697 772 781 783 797 974 1065 1097 1124 1301 1347 1348 1370 1388 1495
397 1470 398 1071 1355 1203 1395 255 1373 745 391 1417 77 780 975 835 629 949 1260 773 1107 139
140.0929
73.1699

424 487 617 694 756 770 829 1033 1123 1148 1160 1223 1274
1467 397 647 1495 979 734 1144 698 921 960 359 704 1484
105.3199
56.1535

94 134 150 169 172 221 230 301 368 419 432 628 772 840 1005 1013 1070 1101 1110 1166 1186 1245 1268
312 1123 322 508 661 1118 1373 255 1480 649 73 16 243 1362 1483 701 812 1203 776 295 339 838 800
152.1907
78.4045

30 57 72 221 228 266 301 372 415 487 514 528 535 549 601 625 626 751 753 888 906 939 999 1056 1100 1121 1199 1273 1277 1305 1344 1363 1480
312 1238 1333 725 397 745 794 1170 1194 317 674 576 278 946 1274 878 582 16 180 983 7 466 1400 1061 148 1222 15 1402 216 564 307 629 726
181.1317
86.2636

33 184 340 381 383 390 449 454 626 697 730 854 855 1010 1012 1100
912 1480 1398 794 878 841 176 391 735 795 1061 530 1479 446 1076 1336
96.0385
46.0298

80 188 220 266 451 568 608 611 703 938 1073 1208 1420 1424
921 1387 966 466 1104 647 294 1362 490 1078 347 1274 493 517
101.0741
60.6334

53 102 136 221 328 422 427 505 634 714 879 1330 1363 1420
312 1123 224 789 921 1060 824 273 917 900 16 786 923 517
97.2018
46.4756

18 46 151 228 247 321 356 383 443 629 1021 1110 1255 1281 1317
294 322 912 878 167 946 1040 606 1104 4 712 94 734 244 316
104.7458
57.7441

37 145 166 338 408 436 641 753 1056 1120
725 859 780 1428 334 624 73 219 495 880
79.3192
40.8848

53 62 177 254 269 297 322 345 363 390 408 431 562 626 700 716 733 781 974 1005 1083 1095 1097 1223 1347 1348
397 1480 264 952 1395 1416 835 776 101 623 219 1146 1362 1338 1428 919 365 595 683 572 347 778 1456 1437 1102 519
149.7193
79.1944

102 149 160 299 420 498 505 568 647 697 1015 1050 1121 1444 1468 1470
1028 1433 1110 312 1251 611 1157 864 1395 1086 740 1172 186 278 164 364
97.6946
43.2669

151 182 219 324 397 415 461 656 834 1034 1200 1274 1296 1310 1441 1480
1238 1333 1106 226 97 829 981 166 1387 1197 1495 921 527 698 120 726
127.6071
64.7778

32 40 87 136 215 233 234 265 360 556 818 836 898 1021 1121 1212 1228 1301 1310 1345 1393 1477
294 1106 603 1428 264 434 224 912 226 1055 1455 619 490 666 917 652 1378 529 989 438 1313 1071
137.60649999999998
70.3606

6 148 206 452 505 526 549 586 617 649 679 694 763 783 818 853 900 969 992 1146 1164 1244 1315 1447
294 1470 1428 1417 1022 704 1144 73 1433 702 1107 872 1 356 198 421 391 532 149 132 983 1106 741 579
136.7061
70.0917

253 309 478 973 989 1045 1123 1259 1281 1305 1322 1339
1467 647 327 1124 443 689 872 1191 148 517 1329 381
76.1964
39.6105

31 212 357 500 690 790 798 893 1056 1348
93 1254 543 1395 365 1319 117 682 595 1102
67.9998
36.1826

32 37 86 175 207 220 293 302 309 438 445 478 497 637 703 716 749 784 793 884 886 896 918 1020 1100 1128 1131 1137 1139 1257 1327 1345 1377 1434 1481
1433 123 397 1123 278 495 798 343 794 226 1197 903 1104 289 1146 73 91 667 879 750 1125 765 1215 630 1336 322 662 1061 44 19 136 168 1338 1102 732
183.4389
86.2278

82 89 105 124 252 299 300 302 309 344 372 380 427 454 469 586 676 759 845 949 1044 1093 1116 1216 1338 1398 1414 1422 1480
1238 148 294 486 1028 1123 810 1470 1076 101 23 1261 1032 1413 795 732 841 945 221 179 190 962 869 589 774 147 9 1362 377
169.2699
78.5883

1 40 72 79 127 203 324 386 409 424 429 517 578 615 634 641 650 660 733 786 799 1025 1036 1110 1122 1241 1264 1283 1306 1461
667 294 1123 397 891 762 322 490 842 219 878 734 97 1278 1206 1194 947 56 1455 1327 1007 1338 619 449 923 448 1146 761 1412 339
180.8486
89.8136

33 36 91 452 471 491 549 766 784 906 913 941 1074 1199 1360 1447
123 1403 1003 735 391 17 1114 198 77 316 900 1486 1167 582 564 799
101.0955
52.5018

146 314 357 742 966 1017 1351 1380 1403 1433 1481
409 1480 284 945 1420 979 108 1209 1144 1078 267
90.609
47.5227

68 148 254 264 390 429 458 491 579 631 745 794 822 845 855 1176 1227 1238 1258 1290 1324 1370 1400 1435 1480
397 486 1131 1028 85 912 1209 1300 101 1417 1063 1146 1101 398 73 532 1254 623 109 529 846 176 428 869 1253
191.4948
107.5044

31 33 93 137 138 146 301 423 520 655 702 876 1033 1134 1136 1243 1266 1345 1365 1418 1491
845 633 110 335 391 1484 1144 698 1415 1125 22 735 926 731 367 1390 541 1100 212 1226 989
114.4645
54.4308

521 615 850 911 989 1044 1082 1254 1407 1437
101 327 1092 242 863 651 1085 1195 20 56
79.3377
47.9881

42 65 103 212 264 304 312 316 331 376 517 658 1074 1129 1199 1265 1356 1418 1487
1209 1028 1167 69 1300 1254 295 543 872 698 978 947 149 1417 726 582 725 1220 411
124.0629
59.524699999999996

31 207 318 360 379 578 653 755 791 842 941 959 966 992 1023 1056 1166 1299
363 409 667 264 1120 989 1182 458 1078 900 115 36 939 495 80 865 267 1298
109.7465
54.2304

2 63 69 139 215 223 232 238 279 297 322 393 551 601 732 853 1122 1265 1317 1379 1412 1459
294 1358 780 1167 890 1428 792 1327 999 450 606 94 494 508 58 670 146 725 78 1336 140 1345
134.1384
69.7132

87 102 172 255 316 324 345 364 415 438 451 520 586 626 631 791 829 886 894 914 917 951 1001 1044 1050 1181 1274 1276 1277 1305 1327 1339 1340 1356
1238 294 912 1373 1251 1209 798 148 359 872 366 979 91 698 1495 1461 731 299 921 654 623 603 726 1253 689 1300 1170 289 879 1480 126 527 179 701
198.7767
102.4078

69 146 207 226 264 491 520 593 628 704 946 972 1017 1018 1034 1097 1163 1230 1330 1356 1441
1480 1209 1028 780 1022 439 740 445 824 872 1373 674 166 508 1114 1099 1144 495 1300 494 731
141.4151
71.1014

57 69 79 81 86 93 131 145 169 216 219 297 322 332 390 535 543 548 631 690 737 749 760 772 793 845 914 982 1138 1157 1282 1293 1351 1368 1396
486 633 397 226 1467 780 101 284 1238 576 1387 1291 945 508 353 611 255 1032 1083 624 1428 1205 812 919 879 1390 933 1220 6 838 1253 40 147 1170 137
207.2291
106.5614

27 36 53 219 324 332 435 603 763 772 975 1137 1182 1212 1283 1286 1340 1345 1382 1437
1238 226 397 912 1106 1251 255 1403 1092 8 903 563 170 879 1125 781 1205 20 1215 147
146.8705
83.5084

119 149 328 353 415 517 690 839 903 1117 1268 1296 1302 1395 1431
780 167 864 466 230 762 1270 1317 947 180 1253 1170 273 1189 164
105.6188
59.8126

167 206 246 254 290 324 393 474 491 526 546 575 620 634 755 959 1015 1093 1101 1257 1298 1468
1433 1118 1209 363 411 448 186 701 985 1086 1032 1248 309 762 923 242 1087 341 1155 1336 132 278
118.205
52.796

32 359 535 700 784 879 894 917 948 1043 1071 1098 1152 1160 1300
294 397 316 123 36 1354 789 1461 1146 201 1455 226 1230 1170 101
112.1651
55.586800000000004

33 49 131 151 234 357 368 410 422 431 432 487 585 598 726 781 802 806 853 879 914 972 992 1015 1050 1098 1109 1310 1315 1404 1414 1432 1468 1472
397 667 1106 198 1358 789 1060 1433 1022 186 16 391 624 1146 1086 277 278 1237 73 294 966 1345 1256 1203 1222 78 356 1478 180 701 437 652 212 1087
174.16559999999998
82.5883

48 202 223 238 441 795 799 836 905 1031
173 589 508 1007 977 140 132 1055 1348 197
67.932
36.9102

169 233 238 341 423 455 661 822 907 913 951 967 1080 1324
1131 224 101 1151 366 829 1090 143 1300 1313 463 869 800 1483
101.4963
54.6285

32 62 91 103 197 234 264 292 367 379 591 617 658 704 746 851 861 887 989 1044 1053 1120 1136 1274 1305
221 1028 1209 1428 508 921 1254 17 327 1495 1300 34 674 698 1345 458 558 903 1182 800 946 371 541 443 226
157.7094
78.6081

199 230 299 379 562 590 601 673 760 773 836 1033 1043 1050 1200 1201 1329 1480 1495
1238 1028 508 93 1120 780 219 678 952 163 36 975 1182 1032 1484 458 59 1402 166
137.3281
71.8551

40 184 798 829 840 948 1070 1088 1124 1319 1429 1432
316 93 186 878 1417 391 624 490 979 359 243 619
97.89320000000001
55.3545

253 273 306 390 434 544 598 836 907 972 1018 1044 1133 1148 1151 1361
1238 1165 397 80 1104 17 1300 34 829 1458 1087 1022 330 1055 437 673
105.9254
61.0021

160 410 497 551 590 791 799 855 1081 1083 1182 1407
419 176 1146 1007 1085 170 652 986 56 863 364 1455
78.1722
43.1946

14 105 107 114 131 216 233 247 251 309 326 346 443 462 474 477 517 546 562 601 615 629 749 770 797 855 905 1010 1053 1074 1082 1109 1232 1404 1482
1003 167 508 952 176 1022 397 1358 999 762 373 1373 1087 1427 1237 947 219 1167 1188 1313 985 1355 1493 159 1471 661 39 734 4 903 825 1172 1400 959 357
156.4829
74.517

69 117 215 244 311 316 374 379 420 449 606 660 797 803 835 913 989 1070 1129 1140 1143 1157 1239 1296 1308 1315
667 1333 294 1420 780 1398 1209 1387 1355 1022 327 299 1373 1120 1291 1203 5 553 508 1182 1300 740 879 731 712 1172
183.2271
85.9628

199 441 521 682 840 935 1063 1081 1082 1166 1326
317 891 921 1198 780 1203 91 603 1195 737 1155
66.2469
32.4448

105 236 301 322 367 441 455 522 556 682 1138 1151
1480 891 101 224 921 3 353 652 43 884 529 443
80.9758
41.3266

6 63 79 96 236 406 760 905 923 1188 1380
294 15 1032 882 678 823 1053 1075 389 1040 531
70.29599999999999
44.0483

82 102 127 207 279 383 436 478 598 766 781 854 855 878 974 1038 1117 1360 1423 1487
810 845 912 859 780 397 267 176 835 745 495 978 1327 880 557 1332 1076 446 221 953
121.9029
60.467

84 96 134 340 355 364 367 458 495 525 620 756 887 992 1115 1117 1129 1192 1296 1414
1480 1063 1123 734 1270 295 242 211 443 15 448 1203 341 411 823 328 183 1336 1484 61
117.6132
59.2898

42 84 187 189 212 215 238 254 294 374 377 424 432 433 489 528 601 679 733 745 746 751 878 1074 1199 1344
1333 101 397 1167 1400 73 278 1151 879 486 411 953 1169 1338 582 543 846 1180 1146 64 140 661 1332 59 1005 5
144.81470000000002
72.2001

41 109 356 368 394 446 461 597 699 711 756 891 901 959 982 1033 1081 1128 1232 1258 1310 1326 1451
1333 1106 363 734 167 5 1387 1439 1484 56 834 712 260 732 1154 3 316 6 595 897 1032 32 1303
125.7145
57.7679

4 32 96 117 131 218 255 376 410 496 785 1078 1133 1137 1258 1261 1330 1361 1394 1409
397 1297 740 824 879 654 1416 226 903 15 3 979 1123 712 126 725 778 5 823 900
130.0335
73.7316

94 107 124 195 220 255 279 379 474 543 596 652 726 917 1360 1429 1455 1489
198 172 1120 909 363 661 654 397 1074 812 1182 1461 1327 939 1314 1362 211 126
126.7395
68.6427

33 49 84 187 226 277 326 338 457 475 726 733 989 1020 1031 1080 1139 1324 1368 1382 1414 1455
667 1106 439 1022 198 589 909 1197 391 284 1475 576 1071 1203 966 1099 838 1393 1355 1421 1472 1146
148.2194
75.38980000000001

105 197 328 380 413 442 517 628 751 790 851 943 990 1017 1107 1138 1199 1230 1233 1245 1261 1264 1281 1388 1400 1407 1438 1480
1238 1333 1254 667 1373 1278 176 725 1297 726 1085 762 353 863 243 273 1234 558 872 1237 582 947 740 56 1329 449 650 563
157.3331
74.5642

216 425 656 898 972 1196 1300 1347 1433 1482
1003 1420 1455 373 1209 979 885 1230 27 379
61.8289
29.091

102 136 255 259 309 344 359 423 451 457 487 528 660 778 791 852 868 993 1004 1023 1083 1139 1141 1290 1356 1401 1409
85 862 1354 1197 950 316 224 872 1146 1427 278 1278 1102 589 1291 702 115 917 654 926 956 1262 1061 683 1117 1393 553
162.4023
82.6737

68 105 134 150 169 215 219 265 277 496 554 575 669 682 732 737 759 879 894 910 949 1036 1050 1104 1157 1270 1306 1319 1322 1326 1377 1401 1431 1451
891 294 1203 667 226 224 1387 1123 1291 186 424 87 1475 343 800 921 789 1205 890 702 109 404 1248 961 962 610 46 16 56 147 624 1483 19 1337
190.9513
86.3857

233 284 321 346 436 532 562 702 709 818 946 948 951 1034 1093 1111 1293 1300 1371 1374 1388 1394 1428 1441 1444
845 570 397 316 859 780 366 952 1455 166 9 1415 740 219 1083 880 450 1032 822 449 999 1230 1179 1281 120
151.6803
76.6757

68 236 254 357 415 424 504 526 658 836 894 1043 1063 1196 1282 1300 1324 1403 1481
317 486 294 1254 64 1455 411 109 1338 384 1170 603 36 27 903 1230 964 1055 726
118.5328
59.0516

125 221 432 996 1044 1116 1188 1266 1298 1305 1348 1363 1468
312 294 1433 1395 678 73 1086 16 365 132 309 985 595
90.0364
43.277

174 380 647 728 845 900 1009 1299 1319 1351 1429 1432 1470 1491
945 1467 486 312 186 1251 611 101 624 1157 1110 1395 273 1032
107.8547
52.2735

91 364 527 556 575 588 935 941 1080 1140 1232 1360
294 731 868 17 652 1248 900 244 183 1482 529 179
78.9207
46.5082

223 228 367 368 377 441 699 818 941 1265
1428 878 1167 443 946 1169 900 725 32 317
51.7252
20.9478

2 62 87 326 338 462 520 611 660 802 857 888 993 1073 1118 1210 1388
589 603 667 792 648 661 859 1278 16 466 1362 7 527 1078 998 490 1355
111.6301
55.3183

22 117 173 187 230 265 289 309 344 394 522 537 632 653 670 699 702 723 749 756 757 905 951 996 1021 1072 1164 1264 1324 1351 1437 1451
397 845 1110 508 667 734 740 1131 366 1079 416 1278 589 449 43 1355 1415 1467 945 949 712 1129 554 1495 132 1301 38 296 881 86 7 953
163.9198
76.729

0 92 216 234 236 469 601 760 839 1177 1243
230 1032 1107 243 1345 985 789 420 1040 1163 1405
60.865899999999996
34.0203

46 80 103 177 228 230 234 273 356 431 445 500 622 632 701 702 757 868 914 1139 1266 1283 1292 1361 1377 1394 1424 1470
845 312 950 611 343 647 1165 508 1197 1110 1040 1415 946 1215 878 879 1131 1455 712 956 317 466 1123 765 913 493 407 1345
159.1963
79.4717

103 125 169 191 215 216 233 246 277 279 306 318 340 374 435 504 638 697 709 714 756 781 829 879 1233 1251 1366 1373 1435 1444
294 667 1480 570 397 1291 789 1475 979 1327 359 736 1483 734 910 195 1313 1365 800 78 5 1090 563 1124 330 1089 1227 838 531 546
156.9023
74.5677

76 195 253 269 326 361 697 702 993 1116 1166 1188 1451
845 294 1278 1314 1415 211 678 864 582 1355 259 715 1373
71.9946
33.0776

65 125 265 345 452 492 527 590 606 650 717 737 770 822 835 905 999 1013 1025 1045 1097 1098 1232 1261 1274 1276 1299 1300 1316 1370 1460 1472
667 1333 397 1355 148 649 294 1068 398 1146 1495 698 1297 1455 1053 868 921 198 725 16 1043 1230 416 674 869 623 159 224 77 774 428 977
189.4479
94.2347

2 138 166 220 223 279 292 376 442 717 732 818 829 854 903 918 938 1005 1008 1156 1201 1216 1233 1377 1470 1481 1495
312 1428 780 334 343 792 611 1387 1260 890 1327 776 359 1402 979 1110 975 531 800 1107 272 136 778 946 340 347 563
165.4463
86.0554

2 22 55 57 84 136 137 166 197 230 322 359 527 577 582 626 628 647 660 773 791 906 911 960 1013 1060 1152 1302 1310 1377
1238 1106 101 334 1354 224 1251 649 508 792 1157 1110 1101 868 466 651 678 625 616 863 343 1317 558 176 919 295 917 735 420 1043
181.2554
89.8098

48 234 309 364 393 526 590 625 760 1009 1076 1113 1116 1152 1164 1228 1230 1317 1347 1422
294 1467 745 606 1032 1373 912 939 183 1465 69 94 91 1468 748 991 953 1345 1432 237
109.0316
53.6834

46 81 233 242 246 255 265 408 543 596 676 684 757 760 781 948 1005 1012 1074 1097 1230 1233 1311 1340 1344 1411
397 316 912 1071 1040 667 654 1251 22 1022 416 776 1032 1373 939 78 564 466 1167 40 126 238 334 1362 563 1016
146.6205
73.6739

14 62 434 537 710 951 966 1104 1162 1316 1423
409 1398 366 267 1078 224 34 800 690 802 39
73.1673
34.6049

68 185 207 228 252 300 306 355 377 406 422 445 592 632 676 705 783 784 839 887 951 1118 1164 1212
589 123 1470 294 1123 1169 366 391 878 1060 946 230 317 109 558 495 1413 998 1345 190 869 1468 904 1465
150.1244
76.9333

0 92 167 191 212 254 397 427 497 505 532 554 579 586 650 656 705 728 853 862 1017 1021 1122 1152 1208 1223 1245 1324 1395 1468
1123 1480 1433 981 294 23 1209 466 411 829 780 527 424 1197 543 1291 211 1146 1246 420 273 160 572 450 1086 120 1155 985 658 673
182.6318
93.523

446 447 546 562 617 649 650 684 759 836 947 986 1078 1256 1264
979 704 219 667 952 1 1101 1462 566 1278 872 1087 1040 985 533
99.0579
51.244

113 131 289 360 390 532 588 853 888 891 905 1020 1029 1137 1157 1256 1266 1329 1407 1433 1472
508 397 93 1209 1420 1387 863 1168 5 989 1079 450 1101 1085 903 979 143 1462 1220 1151 56
151.3251
86.3688

62 87 253 390 432 585 652 697 709 755 770 821 835 855 886 1007 1081 1136 1146 1189 1342 1351 1414 1441 1447
667 397 603 172 1106 1203 166 176 1201 73 347 527 945 421 155 371 1417 1288 982 72 607 459 159 1345 1336
137.97390000000001
67.2161

93 127 177 359 622 632 694 703 822 891 959 1009 1015 1245 1467 1481
633 509 363 1354 5 1040 186 869 167 1144 278 19 1104 492 897 157
108.5168
50.9505

48 93 94 134 151 184 212 234 246 252 297 312 505 543 575 594 638 647 649 821 840 1036 1137 1164 1199 1210 1301 1311 1329 1447 1482
633 661 1003 667 891 508 1123 903 1071 1203 648 1251 1157 1106 872 878 1395 22 40 69 812 1248 421 373 582 1417 879 1037 857 1468 773
194.597
96.6546

4 12 44 151 238 277 353 357 386 394 397 415 478 489 491 532 597 634 723 797 990 1001 1025 1056 1082 1134 1162 1244 1322 1326 1423 1477
667 829 294 97 167 981 1373 1197 527 1475 589 450 1170 1114 666 120 7 726 761 448 140 923 998 905 658 866 1493 670 1129 272 1422 36
161.6177
79.1366

6 137 174 188 212 223 255 269 280 383 432 492 496 617 620 622 628 710 720 786 802 888 982 1013 1033 1071 1133 1176 1190 1227 1228 1258 1308 1329 1370
294 912 397 93 508 1068 649 966 398 73 1486 654 448 704 7 543 3 1484 16 857 1148 173 126 965 22 541 1087 416 341 1151 38 673 933 295 446
193.0153
94.0435

46 304 394 404 544 629 756 790 851 1116 1409 1467
294 509 1040 734 780 1254 1104 492 17 1102 1278 1262
88.5517
44.1028

1 232 442 477 565 586 671 884 939 1228
1123 750 576 494 180 912 661 1206 662 980
70.0106
37.2447

18 117 166 219 252 332 385 522 606 617 845 976 993 1298
1333 486 226 1355 334 740 945 704 985 1278 309 1205 1104 101
106.7781
53.0252

82 137 220 268 302 346 420 447 474 479 498 521 760 1033 1152 1238
810 1131 1101 428 1484 1172 1032 529 136 22 117 999 979 1195 737 221
92.1017
44.9707

12 38 49 219 331 443 452 496 700 804 1002 1004 1141 1162 1201 1255 1278
226 1028 862 277 167 391 198 1402 1102 1205 101 909 1194 147 825 1313 1025
108.3169
52.603

432 519 626 690 704 730 821 896 1006 1053 1071 1074 1098 1109 1164 1299 1331 1360 1437 1489
294 1417 508 397 363 1146 73 1167 1433 1237 856 129 1364 426 674 365 338 318 1443 96
122.877
64.4337

81 578 608 704 832 939 974 1043 1104 1141 1331 1482
667 862 1003 224 576 674 36 373 180 1061 494 800
85.3281
42.9358

404 455 461 592 699 1074 1137 1152 1163 1394
1333 224 101 1151 780 445 1167 1278 879 1387
79.0835
41.9061

48 103 380 449 755 786 862 913 996 1330 1438
23 1398 294 824 211 132 530 1031 553 838 900
67.9755
31.688

22 62 86 135 170 216 597 622 733 938 969 1266 1368 1370 1382 1447
1110 398 284 1106 930 1071 77 1146 1449 1154 576 838 347 1387 1248 636
103.1488
52.8693

31 40 145 169 223 309 322 435 516 552 720 797 803 834 891 917 1031 1034 1081 1111 1120 1136 1210 1255 1265 1393
667 97 589 1428 167 397 734 1373 1167 5 490 3 1455 648 661 434 541 725 599 822 449 800 619 1483 1089 629
162.6853
85.5277

57 102 309 338 355 477 592 1096 1208 1411
1071 558 1402 661 953 1129 1420 328 1472 531
57.8586
34.2545

38 96 215 247 397 413 427 479 525 552 575 722 728 757 795 835 852 996 1115 1177 1351 1412 1439
667 294 1123 1028 173 829 981 734 211 1197 589 1107 527 1373 1102 391 15 1248 132 273 58 945 658
151.5514
74.46340000000001

197 230 376 393 409 466 491 585 625 631 684 733 845 946 967 1022 1034 1080 1276 1332
486 570 397 842 1114 1131 508 740 745 1169 173 101 558 939 1146 464 1025 1007 1253 965
145.6076
79.2223

49 72 228 455 471 690 855 926 1111 1277 1385 1394 1423 1470
312 1194 224 1167 891 101 611 1151 277 878 176 1110 946 822
107.3631
51.665

385 408 410 455 489 535 586 790 1038 1363 1380 1438 1481 1495
101 224 267 1151 1254 975 1102 882 1260 1212 1170 1316 652 213
85.3927
44.132

14 53 102 230 318 363 705 778 1110 1122
1480 322 1123 508 1475 1246 1131 1338 339 39
75.719
42.1225

4 65 72 87 259 535 586 637 684 708 716 738 770 918 976 1034 1101 1110 1238 1266 1385 1420
312 1131 322 1118 921 1194 1068 1427 1167 278 603 701 812 1248 428 356 630 1170 1062 108 517 1129
148.2927
78.1174

247 397 469 568 615 893 906 1044 1292 1327
829 981 1197 798 527 466 789 120 658 289
72.502
38.887

49 55 72 81 125 174 224 311 363 445 449 487 545 556 592 733 878 886 895 896 917 946 1001 1022 1050 1100 1123 1162 1265 1281 1374 1414 1422 1433
1467 397 570 845 1480 1398 647 623 277 1061 1420 740 1336 1461 1194 1169 794 745 728 1338 966 176 872 979 1449 796 384 529 1146 438 1393 325 558 1167
197.6898
100.8861

55 86 174 185 215 289 462 495 593 611 679 790 845 879 1110 1128 1200 1201 1239 1276 1324 1363 1377 1467
294 1420 486 509 397 322 101 1040 492 789 1079 1254 343 1402 490 683 466 157 904 1078 9 1362 1102 732
163.118
84.3986

38 46 228 598 650 700 862 876 941 1043 1104 1121 1179 1245 1339 1388 1399
1028 1040 23 878 224 946 36 466 211 391 101 1362 989 790 800 986 900
107.9346
52.914

27 182 207 334 364 381 393 397 679 730 756 853 854
1433 734 829 981 527 1197 120 1380 1336 183 658 495 1076
92.1308
48.5356

57 96 107 127 169 236 379 433 700 821 959 1208 1255 1373 1395 1460
363 1120 101 1040 863 1483 1182 15 1074 466 800 1313 1365 897 1402 823
96.6193
50.1218

119 170 216 223 255 431 596 631 634 671 906 1044 1098 1115 1148 1200 1276 1388
930 397 912 1146 654 1102 211 466 939 1458 1253 960 923 683 126 980 933 1484
108.6883
58.0158

31 84 117 359 497 759 778 799 861 918 990 1006 1031 1053 1080 1261 1342 1345 1412 1433 1482
1003 589 1354 1201 1420 1209 373 1297 740 979 397 1146 725 508 1310 1125 885 1007 630 129 1475
129.7811
62.6123

32 55 292 356 420 427 433 454 496 497 525 850 973 1012 1027 1047 1308 1435
1123 1146 226 1107 704 795 841 712 1124 800 1428 946 168 1172 662 316 1265 716
98.4678
51.53

53 61 62 124 284 322 324 361 372 489 568 608 809 832 878 1104 1243 1268 1347 1455 1468
1433 9 570 845 224 909 745 538 1428 1086 762 800 1107 1332 919 884 458 1189 953 1179 259
124.8552
61.03

338 390 423 434 491 532 575 620 676 884 946 948 1327 1481
316 750 798 397 34 448 1248 740 450 1114 347 289 341 1215
91.0455
47.6717

4 12 36 293 306 338 372 552 708 726 756 778 794 803 809 850 857 923 1025 1038 1078 1093
198 623 734 316 1403 1003 1068 859 108 77 1203 272 267 564 1032 771 1338 457 322 1022 1089 1486
139.9848
71.9199

57 219 289 302 420 449 458 544 608 839 907 1031 1082 1100 1116 1120 1483
294 1398 589 226 1428 794 1063 1300 1104 230 17 1079 172 538 1172 147 829
115.0198
56.2501

43 93 102 345 356 361 415 419 519 556 597 832 946 949 1033 1134 1141 1176 1273 1291 1298 1414 1423 1428
633 397 862 1110 740 294 623 316 1484 962 1170 1258 529 726 652 985 1061 1168 309 558 582 1087 712 1154
149.8814
80.8402

18 61 63 137 188 246 341 346 457 521 832 861 903 1110 1124 1218 1327 1370 1467
509 1003 780 398 322 9 966 143 798 492 289 77 1443 1104 999 1195 671 1399 1248
136.60750000000002
75.6905

27 53 81 116 251 254 269 360 372 410 471 474 551 697 773 891 949 976 1047 1110 1116 1299 1339 1401 1420 1487
294 322 1107 921 5 411 404 167 1427 678 978 962 989 264 148 702 1269 314 670 704 1117 689 1042 339 1032 1456
150.0429
78.3075

18 53 404 528 603 1013 1015 1113 1199 1374 1407 1468
1238 278 1433 186 780 649 8 781 582 751 1086 1278
97.9903
52.6848

81 116 135 187 203 207 254 615 620 723 737 763 799 802 960 993 1007 1044 1045 1054 1088 1122 1133 1136 1148 1196 1228 1239 1322 1331 1360 1379 1433 1467 1470
1420 509 397 436 1238 1358 312 611 1110 294 1101 492 391 448 1209 411 1167 1278 16 979 495 885 7 999 1040 157 1458 866 863 1109 27 1261 912 1412 341
190.9422
91.986

31 124 322 676 749 785 1060 1135 1177 1268 1377 1399
343 1107 625 397 986 919 1189 1428 108 687 3 884
70.9061
38.3942

93 102 139 197 273 294 316 496 671 699 884 1029 1073 1096 1151 1179 1244 1273 1422 1438
633 750 1209 1480 101 450 1300 299 1168 1165 80 404 1005 1262 1282 1362 740 1390 558 97
139.3359
77.2974

363 377 429 441 655 700 793 797 879 1063 1152 1298 1363 1379
294 1480 317 1358 1373 789 985 1169 629 1338 309 541 999 1493
81.2078
35.3102

61 170 299 372 638 661 671 785 798 850 855 888 1007 1060 1111 1338 1344 1377 1394 1481 1489
1131 1028 93 9 1470 343 930 363 625 176 750 377 980 449 822 682 117 1461 1151 564 1090
133.1717
70.57300000000001

63 102 197 394 608 755 757 798 836 906 949 1105 1141 1251 1363 1411 1431 1480 1483
1238 862 93 1467 1071 736 910 195 558 682 117 1061 962 538 1032 1114 466 165 1075
117.7062
60.5939

30 46 160 228 377 432 469 477 497 546 549 704 845 910 1009 1120 1151 1166 1229 1254 1316 1317 1324 1326 1342 1365 1388
1467 891 486 294 397 1398 1480 101 1428 606 1061 1201 73 1146 946 419 335 110 1040 1169 1087 661 878 610 774 242 364
178.6139
95.4386

43 82 220 223 233 409 436 442 471 487 537 606 625 709 759 854 917 947 959 986 1022 1101 1128 1164 1188 1243 1296 1356 1361 1365 1428 1429 1432
1333 570 363 397 780 745 859 810 1355 1118 872 842 624 335 316 1169 110 701 1461 557 221 305 678 878 812 939 1222 1313 732 566 1111 1256 533
197.7891
100.6839

114 127 138 170 184 206 253 273 357 469 498 603 632 634 717 728 851 868 888 903 908 946 975 989 1078 1113 1256 1278 1319 1329 1330 1331 1374 1393
1238 1106 186 397 930 508 780 93 1165 950 824 878 1462 8 740 59 149 80 923 774 434 857 909 1479 1144 33 91 1378 248 1148 7 781 1416 384
196.7893
101.8217

68 81 93 234 338 361 396 579 615 722 742 753 773 793 795 857 891 923 975 996 1073 1078 1081 1116 1148 1254 1306 1317 1344 1379 1435 1477 1483
294 633 1358 173 725 1238 242 167 56 606 859 108 1373 1032 678 966 1348 132 94 977 1458 1416 313 564 1051 310 1472 457 666 1345 259 1449 109
187.26
96.2084

2 41 57 68 124 284 293 305 312 332 462 471 549 594 661 690 795 797 836 842 851 857 1044 1047 1093 1095 1124 1133 1151 1177 1218 1326 1432
570 1107 69 1131 173 1417 792 9 1480 624 1373 270 1439 260 36 610 939 771 322 1269 1003 109 1032 1220 1089 1443 859 397 629 673 933 1102 1338
199.9043
104.033

46 306 326 578 670 778 806 855 943 1239 1395 1444
1420 667 1040 466 176 726 1475 863 1478 1256 700 180
78.5763
38.7847

38 55 221 273 277 408 697 798 1043 1078 1095 1100 1162 1181 1361
312 667 1028 93 794 1165 1416 36 1475 391 117 80 1061 16 682
109.7541
52.2203

139 442 479 496 548 793 798 911 913 1007 1093 1131 1218 1238 1491
1433 101 1032 1101 93 450 428 651 682 529 750 982 278 616 117
112.3964
61.974

37 117 219 263 299 374 425 489 562 628 694 702 749 773 791 803 948 1020 1245 1276 1308 1342 1420
845 1028 316 226 1201 1144 921 5 678 879 740 952 495 147 73 1415 1074 1106 535 873 985 1100 517
135.5909
62.1245

0 22 544 577 592 694 703 784 797 862 886
123 1104 1110 23 1373 1144 211 17 629 334 558
83.2852
40.0089

49 65 151 182 187 233 236 253 326 328 385 424 615 622 649 702 714 745 760 784 854 862 926 938 1044 1117 1139 1258 1273 1298 1345 1365 1393 1467
509 845 23 1003 123 891 277 434 110 312 1197 1415 335 1338 1151 273 985 872 492 1125 966 1090 3 875 1378 1194 309 1 157 1387 1313 347 798 64
189.9312
95.0771

119 316 372 383 415 429 489 514 676 728 990 1020 1082 1109 1117 1290 1391 1412 1470
312 85 912 1209 611 299 1110 273 1300 1146 1170 142 1237 1494 58 1191 446 1215 736
109.7567
50.6731

6 18 22 27 94 150 341 372 406 451 462 554 862 879 1022 1072 1134 1176 1182 1257 1310 1342 1348 1411 1422
570 294 1110 1106 23 661 789 143 1395 424 211 1201 1169 170 397 1104 670 1362 535 965 9 1432 463 203 389
151.2881
76.6094

93 175 230 254 345 622 694 763 804 900 901 949 1038 1065 1210 1232 1317 1340 1368 1381 1431 1433 1491
633 397 912 139 294 667 1333 508 284 648 1144 1251 1420 1209 979 745 661 267 1032 624 1461 741 1390
147.8186
73.815

226 293 304 314 746 888 901 946 996 1128 1140 1422
1022 439 740 284 731 1333 1274 732 132 149 1151 1099
89.0822
51.0762

36 102 182 255 372 449 1201 1238 1322 1411
1131 1101 1398 1403 654 1071 428 564 1402 77
80.0581
42.4455

4 46 68 215 338 346 592 603 791 862 876 939 941 996 1018 1022 1065 1101 1189 1289 1298 1311 1330 1348 1381 1404 1437
294 570 1238 23 589 139 900 824 1169 985 109 701 211 1395 22 781 8 999 558 1092 745 309 1040 365 1288 180 9
164.4434
80.7577

94 100 105 127 174 548 638 660 670 756 967 1164 1177 1257 1261 1296 1339
734 661 1107 1297 725 1362 1193 689 38 1468 1270 237 667 8 650 1154 338
87.0571
41.8219

18 63 138 264 312 363 447 840 850 901 918 1045 1157 1166
1480 1209 69 1028 1300 1333 1387 1220 1291 979 726 1417 1461 1104
102.249
51.9116

89 127 137 221 431 451 551 620 622 711 720 732 793 943 967 1065 1156 1181 1233
312 890 397 745 139 448 834 22 726 16 341 563 416 1260 109 196 1154 242 359
100.1474
47.2639

216 268 300 434 548 577 588 973 1308 1373 1399 1439
1124 34 1413 1055 1193 1040 986 802 690 334 1365 1362
74.80199999999999
43.886

6 81 89 259 419 449 451 487 634 669 682 709 790 1017 1045 1116 1122 1163 1199 1227 1327 1455
294 1480 1398 1110 909 1254 891 87 921 1427 445 732 798 1486 923 1102 213 1222 289 582 1421 530
130.16989999999998
59.077

2 89 146 173 199 236 280 292 346 355 431 441 520 556 643 709 740 853 879 895 947 996 1025 1081 1123 1243
1467 623 647 397 792 789 780 1144 1402 800 1355 732 728 294 529 949 495 438 1203 132 999 1031 220 731 1229 652
150.6805
78.2643

14 48 277 470 489 606 653 726 753 1121 1138 1274 1311 1401
1333 667 725 198 1355 921 353 1495 22 1475 1203 698 26 404
102.8706
47.8999

1 48 62 78 100 117 166 247 376 498 517 543 579 660 717 749 763 783 941 990 996 1009 1025 1162 1255 1273 1327 1393 1420 1446
1467 436 1470 334 921 167 740 391 762 1206 434 947 1123 397 900 289 812 798 1234 662 774 132 989 40 1012 778 712 1313 1237 448
162.80610000000001
80.5303

41 96 109 127 134 300 544 582 603 643 835 1006 1022 1137 1157 1201 1218 1223 1229 1394 1455
1238 667 570 891 1203 260 1061 909 1291 1387 1104 1123 8 1439 903 56 1169 129 1362 1402 1413
156.179
79.4643

48 344 409 422 429 544 592 802 806 850 868 1074 1380 1446 1461 1489
363 842 734 950 878 1087 1104 1167 17 1060 16 1025 558 882 589 1145
105.167
54.9815

72 92 219 221 268 299 477 629 655 878 943 1005 1181 1238 1368 1446
312 1131 1028 845 226 284 1101 1194 576 776 428 745 147 16 1205 838
125.1172
63.8135

49 102 135 251 277 297 311 435 475 498 967 982 1083 1241 1468
667 1475 1433 1086 1427 1327 1449 683 966 6 1089 519 977 740 1416
86.6359
42.1992

31 42 148 182 341 423 435 500 562 591 649 756 1071 1096 1208 1218 1315 1377 1385 1399 1428 1468
294 312 1433 1022 1417 734 343 73 985 952 143 221 872 34 1086 219 1167 986 1 1102 741 7
154.7858
80.8955

41 197 406 429 433 454 585 703 756 1031 1327 1382
589 734 1439 798 1106 1104 841 558 389 795 289 20
76.5636
39.3309

253 406 466 491 568 582 585 601 629 684 704 791 794 939 1029 1043 1044 1101 1113 1129 1139 1431 1446 1460 1472
294 1118 1197 36 674 623 1107 16 576 173 180 411 701 1168 295 494 91 812 1215 624 875 790 1039 137 989
146.453
80.1525

197 216 226 266 328 717 722 1043 1111 1116 1118 1458
294 589 1022 36 439 762 1314 1373 273 558 449 822
88.9576
45.6242

55 68 199 230 786 853 894 913 946 1129 1137 1311 1483
294 780 295 508 740 1203 109 22 1131 1187 1032 553 1337
88.20870000000001
46.6905

2 6 36 81 135 175 236 254 722 746 759 1063
317 792 1403 1198 1373 411 1449 564 1486 77 27 603
79.0564
39.4657

167 293 305 346 363 394 477 917 996 1088 1345 1379 1396
1480 1358 1209 611 391 270 999 771 1338 1009 1461 1125 661
88.532
44.0912

94 309 419 423 496 504 755 1137 1196 1395 1439 1472 1489
1110 661 363 903 879 27 466 16 1362 1233 863 49 1055
92.143
51.4351

107 166 184 230 434 625 845 923 1076 1082 1315 1431 1472
486 334 508 1022 745 101 939 945 16 748 34 531 1074
102.6834
56.7571

37 61 185 253 360 385 475 773 903 972 999 1004 1031 1074 1141 1157 1311 1324 1399
862 589 780 1291 264 1167 73 9 989 1102 986 678 1387 22 1220 1061 495 674 379
124.1042
64.3032

124 136 300 309 353 592 598 655 690 766 818 905 935 967 1082 1230 1245 1411
1428 167 224 1373 1071 558 917 1413 91 343 1053 190 1443 466 1362 541 437 869
103.8505
56.354

38 81 131 212 244 292 294 353 383 455 477 720 745 876 886 903 959 992 1105 1109 1278 1331 1409 1440
101 1203 363 912 780 1028 661 1151 224 167 391 800 543 909 426 486 846 897 1005 1262 1237 59 535 416
157.7154
82.3351

30 63 169 223 293 355 385 497 704 705 708 746 974 990 1082 1088 1133 1299 1308 1322 1331 1368 1380 1396 1483
1123 284 294 1068 108 576 1146 611 391 322 623 1403 674 882 1075 800 1032 1246 494 838 328 1009 199 365 740
135.1101
67.7851

102 119 166 293 377 474 643 647 710 738 913 943 951 977 1006 1060 1121 1133 1188 1216 1344 1420 1441
921 1251 278 366 334 726 1157 397 466 455 1169 625 740 322 129 1395 407 23 553 799 147 1338 517
132.8444
68.9532

57 80 266 304 433 434 625 637 684 704 992 1044 1045 1081 1101 1190 1243 1322 1344 1461 1468
1433 1274 1118 745 734 647 701 34 674 690 939 149 812 1017 318 1402 494 1022 137 381 1449
114.5493
57.8013

62 84 191 364 424 700 835 913 1045 1074 1135 1293 1298 1330 1338 1423 1431 1437
667 1470 824 1291 1092 985 309 1083 624 1167 271 64 101 553 900 799 247 371
100.8668
48.2509

91 169 226 280 443 458 496 528 590 951 1004 1060 1403 1420
294 439 317 921 1022 366 167 625 278 1102 17 172 825 1099
111.4383
64.5886

18 37 84 102 109 195 219 259 290 457 479 516 579 596 617 622 673 737 742 757 790 876 1025 1082 1101 1128 1228 1239 1276 1281 1286 1360 1403 1472
1420 397 226 589 1467 912 495 294 1427 163 939 73 211 1205 1254 704 317 700 56 701 16 147 1104 671 108 1102 376 1314 1393 732 595 989 1319 1329
188.2803
97.7771

1 4 137 148 149 175 177 182 236 356 410 582 586 588 596 661 673 708 710 842 917 996 999 1027 1083 1128 1151 1238 1274 1282 1380
1131 1123 486 1101 864 939 294 316 1470 1495 73 1068 1461 563 36 163 428 921 529 1022 741 712 108 977 662 22 589 335 732 1206 865
196.1699
105.3759

12 27 92 127 174 197 293 326 451 469 643 647 673 701 710 888 938 973 986 990 1027 1088 1093 1140 1261 1268 1293 1371 1395 1411
1387 294 1251 397 284 466 705 1297 1032 985 391 1124 1151 163 1083 533 863 731 7 1157 1114 347 558 322 566 670 650 1189 1338 789
167.6306
89.1021

14 294 363 601 626 637 756 862 1212 1257 1371
1480 23 734 211 1005 101 1338 661 59 1345 39
76.3933
42.423

228 232 353 475 521 525 658 694 722 855 959 1107 1218 1273 1286
176 363 1254 878 1144 1373 1234 946 167 494 1195 243 903 32 1102
100.9169
51.1827

4 69 107 149 410 783 809 853 1111 1344 1379 1382
1358 780 1470 864 391 508 822 1074 999 449 1129 294
87.4383
47.1726

2 18 69 216 232 294 372 376 432 603 653 751 755 854 903 905 1097 1117 1160 1179 1186 1190 1239 1245 1265 1289 1322 1400 1414 1460 1482
1238 397 1333 780 1420 1362 101 73 508 1003 1167 373 494 1104 1237 661 1254 725 838 78 110 466 201 778 792 59 275 1005 1471 781 720
184.139
92.1797

49 69 107 422 425 449 462 551 745 804 821 910 966 999 1110 1176 1208 1345 1431 1433 1461 1468
1398 780 322 409 1420 397 734 979 277 508 267 1060 1086 1209 294 1074 1151 1125 610 885 846 1078
145.5509
77.7129

38 57 91 139 184 207 396 478 562 702 783 806 959 1053 1098 1118 1136 1160 1264 1286 1409 1458 1480
397 1238 589 845 1470 1028 667 391 508 450 966 219 762 952 1146 1314 201 17 1415 1345 1482 1278 495
160.3149
76.1176

86 92 218 504 588 797 896 949 1072 1080 1097 1380
1417 1373 243 629 985 882 420 962 1362 304 49 1493
71.9319
38.5763

78 109 216 419 422 433 436 449 631 722 850 1105 1244 1332 1437 1482
1003 1110 1398 780 859 167 912 1060 56 1373 880 373 883 595 1433 1007
117.3031
63.8005

42 103 203 393 435 477 495 658 938 1179 1188 1232 1255 1404 1439 1451 1472
1254 1387 903 678 1379 1362 661 16 1313 61 1055 1089 670 347 1336 1482 1412
89.1287
46.4212

1 191 212 236 340 360 404 409 469 504 525 650 751 900 966 1004 1065 1082 1139 1177 1200 1301 1451 1472
1333 1480 1123 1071 1197 264 543 1291 780 745 842 1107 1040 989 1102 139 1078 1278 1025 702 683 662 1233 149
162.7034
84.3477

48 221 478 517 757 1015 1025 1071 1120 1232 1282
312 294 486 1428 186 762 272 947 278 16 448
89.7835
44.9712

254 364 379 419 434 452 582 697 896 1034 1050 1347
1110 1120 1417 411 198 1182 1087 34 458 183 856 1033
76.3802
39.2234

37 79 212 279 340 601 845 888 893 1044 1138 1208 1227 1233 1239 1251 1254 1363 1411 1481
1420 486 1480 397 1071 101 910 73 1486 1327 543 195 495 353 736 242 1123 7 1319 531
140.6164
74.9767

151 265 304 431 449 478 596 660 704 708 714 722 878 1097 1139 1199 1293 1344 1370 1458
845 1398 1197 398 1068 762 1373 745 108 1314 582 674 1083 494 77 623 1215 149 1332 1274
127.3242
65.1411

31 42 62 68 149 166 300 446 577 655 1072 1113 1179 1347 1414 1461
334 1362 864 734 109 1413 91 541 1176 404 190 566 869 164 1222 343
83.3105
40.3816

228 383 420 424 592 799 1021 1163 1331 1381 1481
912 878 946 445 1007 1338 558 64 1172 741 271
71.7627
36.9898

27 137 221 228 290 832 975 1163 1298 1458 1477
312 878 762 445 946 1314 16 309 666 317 22
87.9163
46.5769

63 119 188 218 331 356 442 449 466 469 496 658 699 778 799 834 862 948 960 1029 1083 1093 1096 1097 1104 1181 1199 1210 1232 1251 1330 1431
316 1238 1398 667 1101 97 966 1254 211 224 23 903 824 1168 648 661 173 910 789 1032 1007 863 712 1362 549 1075 582 683 900 800 784 359
186.6386
89.9353

49 65 100 107 266 299 334 363 397 458 545 717 720 751 1070 1082 1113 1166 1216 1324 1344 1351 1401 1414 1422
1333 1433 1028 1480 1063 829 981 277 1197 312 120 527 1380 1400 404 945 1274 926 998 91 1387 774 966 702 1338
163.6067
82.57339999999999

63 89 318 322 326 341 442 496 504 505 620 631 742 794 855 900 914 1036 1104 1241 1299 1371 1395 1404 1424 1461
397 891 294 1037 623 176 1417 912 224 863 143 108 1379 1327 734 448 702 732 771 919 800 466 1428 879 705 1007
162.2703
88.43469999999999

4 38 218 230 255 346 363 650 682 703 1256 1347 1480
1238 1028 891 508 921 1104 1040 126 1462 391 1131 23 999
94.4253
48.7989

48 103 301 312 314 326 419 461 519 543 611 634 690 710 895 941 989 1001 1025 1054 1163
436 1333 397 1110 69 284 327 445 623 1387 1362 490 728 466 1417 1167 1261 923 812 900 1078
151.4687
81.9252

93 149 150 199 305 311 314 363 364 442 479 516 755 763 908 938 1131 1141 1146 1212 1257 1301 1306 1308 1326 1348 1446
1433 633 1071 862 1203 1480 284 1106 780 278 270 459 771 1395 347 1222 56 864 155 365 183 1345 1338 773 9 610 411
160.9607
77.479

89 212 334 361 445 552 568 582 714 757 798 809 851 908 999 1076 1404 1422 1451
1433 93 1467 543 1358 1380 734 149 732 117 674 700 69 682 765 102 259 44 977
114.368
61.3249

0 131 167 172 266 328 471 593 781 887
397 1209 1480 1373 835 1274 273 160 1269 1155
71.23780000000001
37.2896

53 82 138 247 253 364 376 415 429 504 526 694 702 851 893 1060 1073 1088 1100 1156 1181 1208 1228 1347
845 810 794 1144 625 912 391 1061 1415 1170 531 778 1319 726 183 1075 49 1064 1129 221 1233 359 108 2
119.4386
55.2068

33 63 102 131 151 263 577 579 783 793 923 1122 1143 1251
1470 391 195 736 910 1358 334 1074 1348 531 740 1075 1012 543
89.3073
48.0908

14 170 263 268 406 435 577 601 653 753 793 829 966 993 1054 1083 1212 1238 1374 1404 1428
409 436 1131 725 930 267 294 1167 979 1101 1278 359 1297 428 529 1379 1251 1124 1281 683 384
144.3981
74.2917

43 145 173 331 425 471 487 528 537 588 620 641 671 701 908 948 1088 1101 1148 1151 1160 1192 1274 1326 1327 1363 1428 1468 1472
397 316 1433 589 1495 1480 698 624 335 219 1355 16 798 391 1086 377 294 278 921 558 341 201 949 1222 1458 1455 1062 705 289
168.96959999999999
86.4689

188 220 305 424 457 593 655 671 751 763 1013 1018 1047 1163 1196 1229 1268 1379 1403
1333 891 1358 64 966 445 771 649 270 1061 541 1400 1338 1107 333 610 1393 999 1172
132.8134
66.5953

174 252 268 269 305 429 438 505 519 592 694 699 702 822 906 1045 1050 1076 1082 1128 1129 1330 1400
845 1254 295 869 38 1415 270 411 771 1144 91 466 610 732 69 748 824 341 275 1237 1364 865 558
118.1544
52.254599999999996

109 297 452 822 851 854 1025 1034 1036 1238 1245 1283 1317 1451
1131 891 1101 1417 869 606 428 56 294 198 529 448 272 1215
103.0148
57.9091

38 89 150 184 302 622 757 770 1113 1216 1371
1028 1467 878 391 91 732 147 23 705 295 1479
62.935
31.5029

0 55 103 136 185 433 551 617 625 637 759 839 943 1095 1113 1238 1361 1447
1131 1101 745 224 704 428 726 1106 1144 917 305 939 529 230 904 407 838 176
100.4651
47.2368

38 93 189 197 215 294 363 495 568 578 622 641 669 791 1006 1018 1072 1081 1095 1139 1148 1256 1385 1409 1477
312 633 1238 667 1028 1197 101 87 219 1167 391 1005 1462 1101 670 666 1262 426 1480 61 1458 1436 558 856 1293
147.4368
71.3522

12 82 134 221 234 265 301 345 372 423 474 549 690 772 773 836 959 982 986 1181 1190 1251 1311 1324 1360
312 810 1123 363 195 255 678 16 1203 623 566 22 736 533 983 1055 6 910 897 416 224 230 313 985 171
142.6289
68.7897

48 215 300 322 716 742 748 842 1008 1118 1182 1216 1274 1398 1411 1429
148 589 294 1495 921 1261 998 1403 698 108 939 1413 1428 865 80 170
124.6617
69.1041

43 137 804 905 1033 1124 1277 1339 1414 1483
1484 1003 22 1032 1417 689 1053 558 1025 307
71.37219999999999
44.8375

197 252 268 436 575 660 799 802 1053 1082 1188 1270 1278 1308 1366 1368
570 780 1203 508 859 16 1248 678 576 284 1387 33 558 880 1007 838
105.6813
50.8512

1 2 22 31 203 346 419 472 516 525 565 868 895 896 1018 1047 1140 1238 1259 1290 1382 1399 1401
1110 1123 1131 85 1101 1107 623 792 1206 1106 731 428 404 1412 704 950 986 702 728 1146 529 956 1313
156.328
80.0382

22 93 182 215 321 326 331 356 415 702 749 835 861 943 1143 1356 1366 1395 1440 1451
667 633 845 294 1110 726 570 872 1415 466 316 1170 863 712 554 180 120 1355 169 1390
115.5277
47.5444

65 206 441 445 652 760 795 878 884 926 949 1004 1047 1348 1403 1483
845 172 750 1032 173 1107 891 745 44 962 1395 704 365 1102 384 64
111.6978
59.3291

31 40 293 661 760 781 795 840 1031 1151 1152 1264 1319
173 667 1131 186 589 1278 1480 397 490 1032 1455 449 322
100.8218
54.429899999999996

109 125 294 300 669 704 795 799 923 946 993 1006 1098 1121 1210 1228 1305 1338
397 173 667 661 740 101 1146 1470 87 648 674 56 1007 912 1278 1017 1005 190
140.092
81.3015

0 253 269 660 673 753 887 966 986 1001 1163 1175 1200 1447 1495
409 725 445 163 1078 533 1106 267 975 683 1260 566 1392 421 1212
95.5793
49.1141

12 36 117 119 316 324 338 443 498 500 504 505 516 586 647 690 818 842 906 992 1012 1015 1025 1111 1141 1146 1227 1255 1373 1400 1433 1440
397 1209 862 1420 1251 1403 1486 299 1428 294 1157 466 186 939 740 1300 1254 278 564 1061 449 77 979 275 167 885 1203 459 1395 822 1472 1233
191.663
97.8348

42 79 131 322 394 422 429 431 434 500 562 986 1316 1412 1428
1398 952 219 1060 58 34 919 533 1343 566 884 1251 165 985 690
91.82000000000001
49.215

12 61 72 86 107 131 138 197 212 236 353 361 380 592 694 746 785 790 999 1083 1128 1216 1233 1274 1361 1379 1395 1437
1358 397 1495 698 1144 1194 9 558 1254 167 543 921 466 1003 674 1092 110 863 1102 358 1074 732 23 582 1114 683 213 563
155.5434
78.491

46 49 63 212 238 328 340 562 655 704 1013 1115 1276 1316 1409
1480 1398 277 543 1040 649 674 1102 952 219 211 273 1075 966 494
107.7088
57.8485

12 87 94 127 139 216 238 255 341 381 396 424 479 579 676 861 895 903 911 946 1259 1264 1351 1395 1424 1480
1238 397 780 966 101 126 667 623 661 450 1278 740 143 651 466 573 616 728 654 853 945 259 449 603 493 140
180.0355
100.3416

207 368 568 895 948 1065 1095 1096 1228 1238 1283 1340 1385 1409 1418
312 1131 912 316 623 1251 1101 1167 745 495 529 428 728 1262 698
113.1765
57.0632

40 63 86 119 150 265 374 381 385 477 577 634 660 722 737 751 802 896 948 1033 1080 1141 1148 1157 1432 1467 1483
1333 509 316 862 1003 1238 1291 624 1455 879 1220 492 1387 1484 490 1400 110 1061 1417 1373 1075 619 661 157 416 923 224
157.2343
77.554

18 41 80 124 289 318 436 469 946 1120 1418
780 1428 859 260 740 1079 1439 698 647 1104 880
93.1668
53.5211

0 184 223 246 478 487 535 757 790 913 926 951 974 1315 1347 1379 1401 1428 1438
1022 1358 1254 878 891 366 1467 404 1222 999 702 1102 1251 799 356 213 1117 1233 1170
115.0891
59.1427

0 169 224 293 321 340 475 505 590 601 697 708 711 861 913 935 1078 1228 1241 1282 1289 1317 1373 1412 1433 1472
294 1480 486 979 1068 108 1209 397 606 1420 912 1327 1483 16 322 58 834 1449 1399 885 94 799 1338 1416 800 1393
142.4891
69.6236

169 226 292 300 344 436 528 728 802 900 1004 1070 1141 1166 1241 1293 1345 1388
780 862 859 1022 273 800 439 702 1327 1061 1102 1083 278 1413 1483 149 16 1099
126.9686
67.6869

6 82 146 169 206 360 381 404 462 474 487 495 514 545 594 748 803 1017 1136 1228 1254 1265 1277 1391 1393
1480 810 312 264 397 1167 780 1494 751 1403 989 434 101 912 1144 316 1316 1278 670 1222 725 1378 873 20 307
152.3945
81.9798

102 119 328 331 394 497 521 606 684 755 1190 1196 1258 1441 1489
1333 1355 363 166 273 1146 27 3 1195 508 737 1191 1027 798 334
86.8285
41.3771

72 145 195 202 230 406 447 458 528 603 711 716 783 793 809 1009 1072 1124 1241 1324 1491
1238 1467 508 1470 294 278 624 1194 979 1063 781 211 1032 1327 391 8 1314 1417 925 619 834
136.3942
66.3268

263 361 380 394 429 577 710 770 806 1100 1212
794 1061 1074 397 1345 578 582 1478 259 159 390
61.0669
33.2874

0 63 136 175 184 188 304 322 346 415 431 449 543 586 593 601 603 650 699 834 862 913 935 1031 1100 1120 1216 1218 1256 1380 1382 1433
1238 294 589 1398 1106 23 1428 966 397 97 1274 1107 794 541 211 224 8 885 999 1170 1420 40 1462 878 1040 1102 553 781 799 149 3 726
194.7062
96.6941

78 134 219 232 419 474 527 637 684 716 797 852 1020 1047 1123 1146 1148
1467 647 226 436 1107 1110 1203 960 494 167 1373 868 1458 629 147 155 1205
111.854
52.0491

172 174 410 434 447 733 840 901 1063 1200 1241 1300 1319
317 186 1480 1373 1198 979 1455 1333 1327 34 1461 1146 683
92.7116
48.7373

14 32 63 160 197 244 253 452 492 556 585 588 597 641 832 992 1002 1008 1074 1129 1192 1345 1360 1400 1468
1433 1203 1068 226 419 1254 295 173 1003 1167 589 1125 198 529 1123 558 275 652 1075 364 438 1455 834 1086 986
144.3502
74.8453

53 63 96 107 151 253 292 340 357 376 396 397 461 545 565 641 643 653 661 711 717 733 790 839 938 1005 1022 1080 1218 1356 1429
570 1333 1480 1131 981 1387 829 1254 966 1197 1075 872 1102 776 15 527 1169 219 998 1146 120 800 778 834 1074 796 774 347 823 32 230
170.3105
80.9953

81 102 172 221 489 615 660 673 759 773 797 834 1018 1083 1120 1146 1239 1244 1361 1365
312 1420 97 1428 1373 1480 459 163 16 335 678 629 110 541 155 700 358 305 1279 926
129.2668
64.1028

238 269 314 377 451 475 477 514 516 565 647 716 728 804 852 967 974 1021 1088 1118 1120 1141 1208 1251 1291 1298 1311 1377 1418 1444 1447 1451
589 862 284 736 1428 1106 343 1258 1395 1169 195 273 22 910 985 531 1157 661 309 1168 998 1025 455 421 1441 1102 140 1129 698 670 527 1494
167.3425
82.5773

87 166 216 246 265 316 326 345 376 386 420 445 451 527 582 611 745 914 967 1095 1115 1137 1201 1218 1255 1429 1480
1238 1102 1209 294 603 903 334 1362 1300 299 868 879 211 466 1402 224 486 97 23 765 1078 1172 1355 490 1313 623 416
171.2138
93.4918

38 650 704 738 886 918 986 1031 1438 1482
589 1003 1028 278 674 373 391 566 533 494
73.1023
37.9461

22 135 247 292 324 424 435 717 728 773 785 832 907 910 982 992 1027 1136 1201 1302 1399
1110 397 1402 1300 273 810 762 1317 678 986 458 6 610 1338 64 800 774 1253 46 736 829
123.5578
67.1049

166 185 207 565 591 622 704 809 876 935 946 1007 1027 1286 1301 1305 1329 1347 1373 1470 1472
312 1071 334 508 397 611 93 1110 740 34 16 148 59 494 495 857 197 1365 904 19 1148
148.438
83.7046

0 80 87 174 184 293 300 447 578 596 655 660 711 785 884 943 1152 1156 1162 1181 1259 1261 1385 1424 1491
312 603 667 750 1297 1167 647 878 1032 939 834 979 1413 725 650 726 179 541 38 869 1256 517 190 322 1479
138.0326
65.44369999999999

33 212 230 255 273 334 424 457 516 552 638 671 740 757 797 974 1038 1076 1135 1273 1329 1370 1495
1433 508 1467 93 734 80 1165 1373 398 543 960 267 654 1338 391 975 980 1380 748 455 857 64 735
164.6327
90.5705

65 203 702 728 832 854 861 1096 1109 1182
845 273 1415 1237 1076 1412 170 458 736 1432
62.775
33.9716

61 79 81 102 169 293 406 420 438 556 701 745 1113 1138 1265 1282 1344 1347 1489
486 363 9 91 1167 172 1455 322 529 1483 846 353 705 1151 1338 389 800 740 725
114.5654
57.339

1 145 146 404 424 471 670 755 832 967 1076 1229 1266 1344 1422 1444
891 1123 780 624 1144 1061 1338 751 1278 564 1269 1206 748 64 734 454
104.9078
54.8995

100 264 423 556 669 682 1053 1082 1135 1140 1276 1293 1487
508 87 921 1209 1028 731 652 891 1300 529 1083 438 978
86.6553
39.7392

44 102 105 252 259 265 297 522 682 702 989 1482
845 1003 891 327 1427 921 373 1415 43 905 519 38
76.9144
33.6624

289 306 340 360 367 381 505 588 709 766 1210
1480 667 264 648 1079 989 661 443 330 335 1022
77.6503
39.9325

37 62 76 100 139 175 188 338 413 431 454 461 491 505 632 711 905 923 990 1010 1034 1095 1137 1241 1244 1256 1393 1394
1333 294 966 1123 903 1387 434 73 1101 97 1462 1327 495 795 450 1114 864 841 531 1033 1234 1378 879 1373 1053 856 573 1395
154.7065
80.1254

55 105 191 244 397 442 454 545 638 669 791 878 887 913 941 1020 1043 1118 1138 1157 1192 1239 1374
1203 1291 589 1420 829 845 1387 981 527 1197 998 795 36 87 264 745 353 658 1187 900 553 1220 398
149.0982
71.0368

53 215 234 259 314 328 377 431 449 477 582 649 711 717 722 763 1006 1036 1265 1382
294 284 1398 872 891 1106 1427 1417 1167 1169 273 774 856 1373 530 1037 834 129 1 19
117.2496
54.5878

289 305 374 432 446 591 753 784 908 947 948 1050 1111 1113 1135 1189 1255 1301 1308 1373
221 316 725 123 1071 1079 879 270 34 771 73 238 411 5 610 822 449 77 1288 773
135.3016
68.6063

220 252 289 312 321 532 948 1107 1113 1243
69 176 316 1079 1234 450 120 726 1417 1220
84.1527
50.411699999999996

146 182 184 197 277 290 393 427 461 489 537 544 585 617 634 641 649 676 726 990 999 1009 1286 1330 1338 1381 1432
1467 1333 667 198 1144 1475 1470 824 624 1123 878 1104 872 704 17 219 558 923 977 1387 1203 674 741 1087 1 1336 1256
151.1356
68.6935

0 113 145 224 252 390 409 466 537 649 716 737 748 793 834 926 1007 1034 1080 1083 1088 1244 1289 1330 1373 1398
148 97 842 891 397 878 824 1261 391 173 872 1003 1449 1403 750 110 1 900 683 1211 1025 1393 347 1076 1279 1033
167.9361
91.396

31 38 57 114 212 224 253 304 363 469 497 517 525 545 626 652 733 756 854 939 948 999 1021 1025 1031 1124 1208 1216 1241 1296 1437
316 1480 589 294 1028 1146 734 1417 1274 576 172 397 1270 543 1092 1327 391 23 1449 1076 180 1338 448 789 947 1456 149 1265 1393 295 977
169.4903
84.7578

360 374 408 429 461 562 590 596 660 745 906 999 1008 1098 1259 1319 1379 1429
1333 1358 186 952 879 264 1151 1146 989 219 466 674 939 1387 486 846 985 459
106.0861
48.8098

221 236 279 322 386 590 598 603 655 670 684 714 753 806 852 1020 1031 1047 1078 1081 1115 1151 1317 1429 1460 1482
312 1238 1003 725 589 1107 606 1327 667 16 8 97 373 397 1428 211 761 734 1102 109 541 1484 919 704 1393 781
153.2045
76.1391

6 151 230 238 302 469 720 763 822 941 1179 1258 1274 1409
508 1495 869 698 1131 3 1362 921 900 404 1262 140 789 416
95.0857
53.9686

84 145 367 383 390 425 441 452 549 578 647 878 914 982 989 1027 1063 1083 1188 1223 1317 1324 1342 1401 1441
845 294 317 667 1106 1251 166 912 624 443 1395 1157 745 606 358 678 1201 404 6 1256 94 879 347 198 572
162.1137
83.0312

197 302 306 367 438 514 552 716 722 737 748 753 851 951 1210 1472
667 725 366 648 734 1022 443 1373 91 558 1403 1316 16 661 102 1494
106.0626
55.568

36 49 69 84 105 124 149 166 242 292 300 302 367 408 475 697 745 1025 1073 1140 1156 1200 1241 1251 1256 1348 1467
397 509 780 1003 1403 334 277 1395 864 492 195 486 1362 443 1151 731 966 910 1413 1462 1327 683 365 1486 244 343 772
171.8789
88.8536

33 131 246 289 410 413 472 496 522 740 760 791 905 923 1088 1104 1156 1162 1190 1342 1368 1447
284 224 1106 391 576 1358 1201 1079 1238 1032 43 531 800 838 535 1402 1053 72 1129 948 1037 543
125.0671
64.1246

57 78 172 415 423 705 738 781 852 996 1025 1110 1162 1409
436 1480 322 1123 278 1373 167 397 1170 1246 835 1262 339 132
94.8898
46.4687

76 109 172 202 216 233 263 341 346 355 368 419 454 492 552 770 772 778 802 966 1002 1006 1065 1076 1146 1177 1208 1261 1316 1351 1368 1388 1446 1467
509 294 409 397 1068 284 1373 1110 1480 1107 267 139 1040 173 255 148 1078 1087 143 1313 1297 56 328 1203 1475 841 745 1074 1090 838 734 999 69 576
200.0504
101.3806

82 94 228 266 269 432 438 527 582 710 772 868 884 887 941 1006 1139 1141 1151 1201 1251 1254 1268 1317 1363 1467
509 862 810 294 661 397 750 221 317 73 1402 255 1480 878 195 1197 606 91 1274 736 129 946 1061 910 900 1215
178.0326
97.2269

18 284 294 504 548 554 714 967 999 1074 1395 1481
570 101 424 9 863 466 1104 1005 674 1193 180 1167
91.8027
54.052

61 150 167 338 379 413 442 454 522 528 592 697 757 972 974 1129 1208 1300 1331 1380 1428 1461
294 1209 1467 278 9 734 295 1455 841 1182 558 411 458 1251 1155 795 1120 1472 882 1230 1281 1211
127.8839
67.4753

46 61 139 230 238 367 383 404 427 505 526 532 591 622 626 802 900 926 975 1033 1136 1255 1259 1404 1446
221 912 1123 891 294 450 508 9 751 34 780 1345 466 1379 1278 702 1484 1131 443 1313 444 140 248 149 517
152.9766
76.58

226 377 532 690 803 855 967 1009 1072 1134 1138 1188 1276 1319
1467 439 186 1022 176 678 353 450 1169 316 1099 991 965 873
92.2301
47.3619

61 236 355 419 520 601 617 748 1033 1118 1199 1264 1347
589 1110 667 9 1278 704 1398 1484 1403 582 1087 731 998
86.6679
44.4036

40 224 289 302 311 360 461 472 527 582 620 628 697 701 853 896 906 908 939 1060 1071 1105 1120 1208 1270 1290 1339 1360 1366
294 1333 85 1203 1387 1417 570 1455 264 1079 576 1428 989 868 448 466 490 619 1129 16 1449 180 242 149 341 553 541 625 1146
182.1114
94.1616

18 80 189 220 268 300 306 368 408 423 438 469 907 1097 1210 1216 1265 1409
667 1022 647 648 91 1300 1362 1413 829 1167 1104 661 1262 147 136 260 23 725
107.3429
55.9083

2 40 48 221 277 556 868 901 948 1122 1136 1163 1239 1266 1368 1470 1483
312 1420 316 667 284 445 792 1333 611 1110 16 1455 490 576 950 652 619
135.1746
67.4704

96 125 148 172 458 647 705 746 923 1029 1033 1074 1152 1218 1223 1324 1440
294 1480 1251 1123 1373 1157 73 1395 1063 1180 1167 1484 15 1168 1246 1102 572
124.5214
66.863

37 102 113 146 182 383 432 487 896 923 969 1133
73 912 1417 1144 495 1222 531 143 740 446 673 1177
74.7841
37.5379

49 206 232 311 312 321 436 601 628 748 798 1060 1098 1179 1278 1299 1329 1373 1428 1432
93 780 859 508 277 1146 397 625 1362 148 294 880 682 33 1251 624 966 117 1365 494
154.8741
88.29860000000001

4 100 131 137 170 259 264 314 331 340 537 591 611 710 756 759 770 783 854 855 1015 1137 1228 1254 1339
221 1480 1028 930 1209 284 294 1427 242 903 734 176 1470 1300 391 466 879 186 1078 22 490 371 2 1362 1076
152.5227
74.0648

87 187 216 311 433 586 726 1053 1100 1122 1259 1340 1344 1395 1444
198 603 912 508 794 1251 180 466 863 1203 1061 1316 517 527 926
92.1015
43.3086

6 22 43 48 86 116 223 238 255 446 495 498 514 601 676 822 851 886 906 959 1007 1164 1190 1241 1324 1342 1382
1110 397 1106 363 1201 294 869 670 654 466 1327 544 897 1468 126 1494 61 750 535 20 140 231 110 558 933 1215 1465
150.7423
81.0147

46 91 102 195 219 226 380 415 562 694 702 818 853 895 914 974 1022 1082 1229 1264 1371 1434
891 845 570 397 1003 1144 1428 623 1061 1169 952 1278 667 1415 728 439 17 211 449 1099 1170 726
148.9453
75.77590000000001

81 86 103 224 252 345 409 461 470 520 579 660 806 982 1110 1188 1245
1333 322 842 878 1387 1449 623 1025 678 6 1123 171 26 578 731 1478 1248
113.6034
62.448

80 96 105 197 199 216 316 368 374 376 419 487 491 492 522 622 641 649 652 748 802 923 1141 1160 1192 1238 1300 1347 1351 1377 1414 1482
397 1003 862 1131 1110 1203 1209 343 1455 780 1068 879 172 299 219 647 1101 872 1087 1114 558 15 16 1313 173 1 373 428 1316 1061 1403 945
192.7037
92.7501

37 107 233 269 328 498 549 591 638 730 982 1044 1244 1268 1283 1306 1316 1380 1396 1420 1483
221 294 1398 611 921 73 1009 273 495 34 1403 56 1074 882 517 6 1313 1090 1032 371 1189
139.887
76.5357

215 236 346 423 469 520 617 634 652 888 895 900 990 1006 1008 1277 1299 1302 1342 1344 1477
294 172 623 704 1201 1106 731 728 397 148 666 129 1253 1317 535 7 856 999 923 702 149
132.1266
69.40690000000001

31 102 174 202 255 363 469 496 658 682 690 699 722 733 763 888 972 1115 1120 1273 1332 1338 1342 1365 1366 1412 1437
1480 570 891 294 335 1254 921 1428 1201 1470 654 1092 508 1102 211 1146 903 1373 1061 110 1357 1194 541 126 7 58 883
169.424
91.0227

218 888 1082 1134 1139 1199 1230 1381 1401 1433
1420 1197 1209 979 1373 404 582 926 885 741
75.1951
43.461

62 76 328 404 415 423 528 532 763 887 1029 1104 1208 1316 1319
186 1398 224 273 780 864 1170 278 1278 1168 450 751 800 531 726
93.0636
45.8191

145 219 478 720 1031 1036 1128 1189 1302 1344 1380
589 226 891 624 1317 1205 147 882 1253 1288 1417
79.867
42.0187

172 297 590 656 757 836 990 1020 1063 1123
1467 317 1480 647 1198 1373 1055 603 519 443
68.5298
30.2213

4 18 103 119 230 246 252 268 292 328 383 525 552 562 746 786 939 966 1005 1128 1133 1146 1210 1239 1258 1270 1332 1393
1420 1203 294 409 912 667 508 397 952 576 434 1387 267 734 219 648 1131 946 800 180 16 273 965 1078 732 776 1378 1180
177.3964
92.2982

114 408 433 588 656 821 906 1017 1128 1232 1391
1480 466 142 732 335 1188 179 364 1021 1377 740
64.8949
36.2041

68 221 246 247 252 353 455 556 590 603 671 798 840 853 862 894 896 1029 1050 1096 1166 1322 1329 1480
1238 312 93 101 23 224 109 508 1417 167 16 1168 8 397 211 682 857 1151 529 1337 980 117 438 59
162.4145
76.6857

36 68 89 136 212 223 230 252 294 314 364 386 520 525 637 703 733 770 793 853 901 911 960 1031 1163 1176 1210 1282 1301 1447 1459
1238 589 101 486 1403 667 284 224 1333 445 648 1101 661 1106 197 97 616 651 732 543 564 1461 109 1146 1486 421 773 1005 146 863 1071
186.51409999999998
90.8464

36 89 117 408 434 525 615 625 760 850 861 1192 1277 1286 1327 1380 1481
745 1403 740 34 939 798 1032 732 1486 564 712 77 882 289 376 690 307
108.4243
59.247

124 146 173 233 253 294 312 328 331 344 457 520 527 549 658 710 722 738 757 791 895 913 975 1107 1181 1257 1291 1317 1370 1438 1447
69 101 589 176 398 273 1467 1355 1254 1373 77 623 716 278 1258 1234 1106 1090 949 1168 903 1144 1220 1313 1005 94 872 243 868 726 799
191.6372
106.5101

79 136 345 514 549 565 611 702 717 773 850 857 886 903 935 966 1006 1122 1189 1196 1299 1338 1356 1374 1393
845 409 780 1078 267 27 678 434 466 1362 856 872 91 1415 490 917 623 774 859 1470 224 607 1288 983 1494
153.2851
78.0486

12 252 290 321 324 361 404 525 670 714 740 794 799 861 967 1036 1076 1109 1115 1146 1160 1266 1281 1317 1340
397 294 891 780 912 1417 606 623 211 94 1203 1037 748 1251 201 1329 1237 1102 316 582 1278 118 1126 1007 734
158.2414
86.4862

2 185 242 496 528 682 770 786 868 896 974 976 1190 1192 1256 1258 1286 1342 1345
397 294 1417 792 891 278 921 1106 1462 1201 3 950 772 1125 535 1101 956 159 72
123.7681
63.4307

107 151 242 377 582 591 606 751 763 818 832 851 903 1025 1101 1133 1137 1192 1228 1302 1342 1360 1414 1431
1333 397 221 1355 1428 780 589 294 912 1201 701 34 1253 879 1169 1310 1400 1062 624 19 772 673 535 1074
159.3243
81.3958

32 78 367 537 893 943 1101 1157 1176 1188 1241 1261 1290
85 167 436 1118 1291 1387 1146 1297 701 1327 678 726 812
96.0251
49.4434

173 206 226 279 289 470 660 726 728 753 770 1006 1013 1123 1189 1190 1232 1290 1379 1412 1418 1434
1467 1358 725 1022 198 85 439 647 397 649 295 1079 698 1146 1355 999 58 273 949 1288 77 1099
149.8294
73.6346

96 312 353 413 445 590 592 593 653 786 1082 1100 1136 1151 1251 1347 1407 1414
294 69 1480 794 167 1085 1336 195 910 15 863 1262 716 1220 558 823 1417 807
114.4766
58.201299999999996

38 124 138 169 191 238 318 438 611 737 778 948 967 977 1076 1329 1351 1394 1440 1495
1028 316 945 466 93 455 1291 508 91 391 1362 1148 490 975 1483 1260 670 857 341 343
135.6752
70.7692

30 184 191 219 221 242 277 279 311 552 565 590 749 1020 1152 1188 1302 1339 1340 1361
312 397 667 226 912 1291 1475 1251 1253 878 1317 1327 16 147 1205 102 678 772 407 1479
119.1267
54.0313

40 94 131 175 197 215 301 322 653 821 888 911 1298 1339 1418
294 661 101 397 1428 1455 985 919 490 616 651 698 7 309 1362
108.0215
62.9271

84 135 199 360 372 537 673 728 949 951 1070 1100 1101 1201
780 366 1118 1203 794 273 989 163 701 1402 962 264 243 812
102.4903
53.8746

92 191 355 413 522 742 804 941 990 1116 1238 1278 1292 1344 1412
1131 294 1101 1291 428 58 43 108 33 243 529 1025 900 985 328
93.0509
46.605199999999996

0 30 32 103 265 277 314 316 423 720 748 772 839 894 906 910 996 1002 1004 1020 1282 1324 1342 1370 1409 1481
667 486 284 1209 398 1403 299 397 466 1300 230 810 416 1201 1102 255 1310 610 1316 226 1258 77 1040 1262 72 838
157.5643
80.5258

1 55 76 81 113 149 174 175 212 220 252 255 344 386 413 525 552 597 647 671 703 973 1044 1056 1137 1239 1244 1245 1407 1428
1420 864 1251 294 1123 1157 97 589 1395 543 903 734 654 1104 264 397 1124 56 1085 143 1206 879 176 102 1281 761 137 980 126 863
172.9883
89.2328

33 61 150 191 199 331 341 357 505 617 628 1060 1082 1162 1306 1439
9 780 143 1291 391 625 704 888 1203 56 463 735 457 1055 815 203
88.4502
43.3726

78 82 215 311 328 517 562 596 697 802 804 886 887 888 935 1044 1045 1047 1281 1301 1420 1455
294 810 1107 436 909 921 952 219 762 167 1191 704 939 947 16 7 197 1025 1151 273 773 1421
136.7714
69.1296

18 91 125 312 452 455 708 766 853 972 1071 1196 1199 1232 1255 1257 1373 1398 1447
294 148 69 224 1151 198 1068 101 108 1261 509 1365 623 27 1076 1220 625 379 1482
136.1029
70.2201

22 228 457 472 556 620 751 791 1188 1322 1344 1347 1411
1333 1110 878 317 1071 946 448 242 678 652 341 529 1400
90.0057
45.9367

40 381 427 478 676 717 786 836 854 857 901 908 960 1012 1045 1063 1196 1216 1245 1322 1332 1339 1385 1433 1480
1238 312 294 397 1123 1420 317 1167 27 1209 490 1101 1333 619 979 23 1461 1237 1455 885 863 859 147 149 965
153.61169999999998
70.7284

36 84 269 361 409 443 586 615 661 670 723 737 852 884 1098 1105 1110 1143 1291 1293 1345 1347 1429 1441 1455
397 1131 167 1403 878 322 750 842 909 1146 1258 564 1083 166 1486 1168 1125 582 1025 226 1348 1421 1316 259 1248
155.4755
83.7937

27 78 173 188 289 312 441 495 543 585 634 637 720 773 798 832 975 1050 1080 1107 1143 1162 1189 1283 1326 1382
436 294 966 93 176 1106 1355 678 1079 1234 670 416 69 40 812 923 167 1288 1037 117 949 1387 61 649 77 1215
165.8595
89.7793

150 232 233 364 438 457 548 568 579 590 708 946 1006 1060 1199 1228 1239 1254 1268 1459
1420 397 108 1068 912 740 494 625 91 700 623 1146 1022 146 20 582 1193 341 242 671
135.8956
77.6237

422 704 803 1015 1038 1073 1111 1251 1317 1377 1394
343 186 1060 195 267 910 736 606 494 822 449
77.2982
40.9697

72 102 135 151 169 175 184 224 284 360 385 447 554 697 781 795 821 876 886 907 935 960 1029 1100 1164 1298 1315 1363 1404
1238 570 397 173 989 794 1101 9 835 424 1449 878 979 863 1300 1379 1194 985 1168 1022 264 1483 309 1061 1465 1393 800 1468 607
175.8492
86.7647

138 146 167 187 215 247 254 265 277 279 334 386 436 472 527 603 703 806 842 896 948 967 990 1143 1156 1230 1382
294 667 1238 316 780 1433 1106 1417 859 1209 868 1373 224 411 1144 939 1327 8 1380 909 880 761 97 1155 36 557 781
176.6662
90.6248

109 242 269 284 297 410 454 489 498 551 586 593 594 649 669 821 951 1012 1116 1120 1152 1208 1218 1326 1438 1444
294 397 570 1428 87 366 1 9 56 872 841 772 795 1316 1102 734 1129 595 541 652 229 1177 1103 599 1179 531
134.6758
64.6643

81 151 318 425 461 637 839 886 1013 1098 1135 1137
1333 649 1146 1387 230 879 903 1043 397 607 420 32
70.1742
35.3407

429 474 525 545 701 898 907 982 1078 1283 1308 1404
1455 979 1379 1416 6 1215 705 363 644 1300 86 829
69.0403
38.6757

96 230 457 592 794 1056 1083 1315 1412 1424 1481
1022 508 1131 623 15 58 558 823 683 1393 493
83.4577
49.8505

2 30 37 48 53 82 102 548 608 770 895 1036 1212 1447
810 891 792 1417 73 623 728 495 221 1345 1193 19 538 421
95.1133
48.5356

187 228 496 643 673 699 853 905 1005 1098 1100 1120 1163 1251 1299 1440 1446 1470
312 611 397 878 794 1428 195 1146 445 736 910 776 1110 1061 1 541 946 317
119.6822
62.1147

6 127 212 215 495 554 608 620 682 730 797 803 878 948 1027 1109 1117 1118 1264 1305 1308 1370 1373 1380 1385 1407 1447
312 294 589 316 845 667 891 398 424 921 1167 148 1278 543 745 77 629 242 538 670 448 863 882 1085 1106 449 1493
170.7955
83.3203

22 62 174 305 331 374 393 409 546 565 637 649 658 671 716 755 798 802 996 1005 1012 1053 1097 1109 1116 1129 1131 1166 1179 1244 1277 1351 1368 1460
1433 294 1110 945 508 842 93 1362 1254 295 284 16 278 878 411 270 771 879 872 576 1 610 903 1237 38 1025 1461 132 1087 980 5 1248 838 307
189.6283
91.8624

65 160 219 233 338 357 504 514 661 720 917 1101 1264 1283 1292 1306 1331 1418 1432
226 1131 1118 667 419 1278 1205 1461 624 701 698 56 1090 147 812 1398 1494 1472 1256
123.7976
63.6321

65 151 220 273 284 445 451 520 525 526 585 649 679 709 757 784 845 951 969 1036 1135 1230 1243 1244 1327 1371 1407 1472
570 486 123 891 1123 9 397 366 101 872 80 798 1165 1373 1085 136 863 289 16 56 1195 1177 774 765 44 731 19 1179
163.9983
80.2681

22 31 37 247 592 671 797 1008 1230 1461 1481
1110 1373 734 73 495 558 629 554 566 980 1493
67.8907
32.9159

31 40 103 135 219 477 487 517 582 593 652 737 740 855 862 894 1050 1053 1134 1229 1245 1255 1264 1331 1374 1391 1433
891 226 397 508 23 172 294 176 667 1061 1455 490 211 1209 1278 1420 947 147 1222 1449 1402 885 449 979 1205 384 661
154.3261
74.4758

22 297 385 447 918 992 1004 1065 1122 1282 1345 1361 1428
486 1110 745 1102 1125 964 979 630 554 1281 407 1251 519
74.3111
37.1984

174 280 353 431 556 606 722 726 959 973
1333 198 363 1355 167 1124 1373 529 38 438
73.5115
33.5637

91 292 390 445 526 568 649 655 660 684 726 728 887 1054 1157 1238 1290 1305 1311 1338 1398
148 1131 436 1291 1146 1261 85 273 1101 1470 1387 428 872 1 1076 1167 17 22 529 1203 800
148.5971
73.6457

150 207 441 577 593 597 629 660 785 786 839 903 1020 1022 1107 1164 1223 1245 1289 1311 1447 1470 1481
570 312 1110 294 176 780 611 1169 230 1234 334 495 734 1154 243 914 421 572 110 649 466 237 1106
129.1598
64.8176

42 87 89 116 221 264 266 292 309 361 631 684 879 999 1131 1133 1218 1317 1491
312 1433 603 1209 278 1028 789 16 1300 606 674 1032 912 800 294 1274 732 1253 1432
137.209
70.4246

300 322 704 749 884 903 917 1001 1133 1136 1181 1326 1381 1414 1468 1470 1480
1238 1433 780 750 312 611 1461 674 919 1413 1428 741 190 1110 494 869 1345
115.8402
61.175

14 44 46 117 182 265 268 372 491 647 658 753 884 913 1095 1101 1261 1351 1391
725 397 1251 750 1395 1040 1157 1118 1297 740 701 1254 553 812 1114 945 903 712 416
119.5339
55.2256

81 114 135 169 202 221 441 498 519 551 643 697 723 879 884 1033 1111 1117 1156 1166 1230 1244 1255 1278 1414 1420 1429 1441
312 294 750 789 921 166 397 1484 508 16 1373 33 1483 449 866 1313 800 822 925 909 1100 1188 655 7 407 517 768 1336
145.4309
70.6906

394 454 582 620 728 738 1015 1137 1433 1460
278 1420 397 186 979 903 1209 273 795 879
78.1301
43.2941

182 425 597 634 671 703 751 756 1021 1043 1351
1333 945 734 1104 36 1154 1400 923 980 377 1172
74.1722
36.9917

32 62 100 632 690 740 748 986 1022 1101 1152
570 1118 701 1403 1169 1398 566 1234 812 1126 533
88.4722
52.783500000000004

86 117 492 653 697 783 969 1138 1345 1388 1446
1470 1068 740 391 353 1125 989 712 5 173 110
67.8587
34.069

4 37 48 103 174 252 311 376 404 420 424 471 671 710 784 818 911 1008 1015 1023 1043 1162 1324 1360
1428 397 101 73 186 123 36 780 316 1338 1278 553 495 616 115 1172 38 64 271 1037 838 751 117 651
140.16140000000001
72.617

49 182 292 798 1001 1027 1277 1348 1388 1423
93 277 1395 800 365 117 966 682 595 307
66.127
35.666

89 114 139 172 429 432 479 487 554 684 745 884 943 1210 1281 1441
667 1480 750 1373 334 648 424 486 450 73 846 732 661 726 1222 426
110.0487
57.2421

92 244 380 728 778 959 1060 1105 1116 1317
294 1203 363 625 606 1475 273 94 243 985
84.3864
47.9799

2 93 280 394 454 554 673 705 935 1001 1029 1034 1050 1210 1404
633 667 1123 792 163 648 424 1379 661 91 1168 1246 841 856 795
102.4068
50.0601

2 207 419 454 474 521 661 708 730 946 1047 1306 1370 1399 1434 1483 1495
397 1131 1110 398 1068 740 792 108 1107 841 975 77 495 795 623 903 986
120.6451
66.8499

44 48 149 292 306 309 314 522 535 738 740 851 900 903 972 1104 1120 1239 1377 1401 1451
1420 780 1428 284 278 702 224 864 800 343 397 1402 1170 1126 926 164 43 404 948 330 905
139.9524
72.9786

57 107 596 852 895 999 1004 1031 1045 1327 1385 1468 1472
312 1433 589 1167 728 623 798 939 674 1102 16 1086 197
90.4654
44.7479

172 259 301 359 441 603 821 835 898 1317
1238 667 1373 8 1427 606 1354 781 371 1432
80.2196
38.1275

255 277 297 364 429 492 1001 1038 1265 1414
667 1068 1475 1167 654 267 173 126 183 725
70.0756
34.9201

57 195 247 415 748 797 1054 1071 1095 1098 1422 1451
294 436 1373 1146 1167 211 1314 1403 1170 1261 629 1316
87.8528
45.0813

41 202 268 311 356 470 575 578 701 845 886 893 943 1033 1302 1339 1345 1396 1422 1438
486 667 1009 101 260 316 611 1484 1317 726 1439 1248 945 1125 689 712 1253 9 1455 1076
117.717
59.0407

93 124 381 435 498 592 960 1015 1379 1396
633 1238 1358 1101 186 1009 611 558 278 343
74.9299
34.9069

53 84 96 139 167 187 242 390 422 474 549 634 647 661 770 853 876 906 926 976 986 1022 1043 1045 1137 1156 1181 1230 1300 1365 1470
397 570 312 1209 36 1251 611 1060 903 1110 879 335 1373 1157 1131 15 1169 891 1455 466 772 450 110 923 1155 566 347 823 790 983 533
180.2934
90.6579

63 146 174 242 338 470 491 596 676 684 699 783 1289 1365 1374
397 1470 110 391 1144 335 939 1114 772 384 26 926 1075 442 334
84.7716
37.3378

1 4 61 65 91 795 799 917 1018 1136 1138 1241 1281
173 1123 9 17 1327 1007 1003 1461 353 888 1206 1329 872
95.1458
53.0886

46 53 173 197 203 269 290 355 406 451 500 650 699 737 759 793 868 943 973 1022 1115 1117 1137 1228 1244 1282 1388
570 1040 486 950 726 879 1355 1169 903 305 211 1124 455 694 1102 949 389 956 1412 207 964 1075 1064 913 416 97 796
143.9208
72.1524

0 40 234 244 294 408 442 479 522 591 615 638 655 679 682 690 708 773 784 852 868 888 1047 1076 1088 1140 1241 1282 1345 1393 1407 1440 1480
1238 221 486 1107 123 101 891 1203 921 34 23 1068 589 490 69 391 1327 661 43 748 108 397 956 56 1085 731 678 641 1455 619 1125 863 7
203.876
109.3618

36 137 188 224 234 279 280 321 458 522 528 556 615 656 702 705 757 770 893 898 900 907 914 973 1056 1109 1135 1189 1256 1266 1342 1361 1380 1381 1482
1003 845 1123 966 1403 1063 278 1201 172 77 1449 1300 1327 1415 43 1462 879 529 22 1310 829 373 199 149 1319 120 1246 1486 741 72 535 1288 1101 438 564
183.1188
86.7347

1 22 68 80 175 238 334 345 390 969 1006 1111 1122 1138 1186 1446
1433 1110 1123 109 1206 294 856 647 353 822 1380 623 347 838 909 449
108.711
57.3587

37 206 220 234 242 244 300 537 556 590 714 732 853 905 1065 1070 1129 1258 1305 1345 1371 1401 1437 1477
397 1203 73 1123 295 890 411 745 1092 702 404 495 772 1413 466 926 1260 438 1125 798 652 1053 243 136
145.1068
77.0838

22 94 96 134 146 175 242 324 433 452 475 489 492 498 514 592 682 740 947 959 982 993 1175 1186 1189 1199 1218 1289 1394 1401 1441 1489
397 363 1110 891 661 1068 1123 921 166 1102 1144 1278 772 15 1402 173 582 1494 823 838 1362 897 110 702 6 198 762 495 881 948 811 558
172.1656
80.96979999999999

361 383 551 592 669 766 886 923 967 1025 1233
912 87 582 272 531 558 607 563 448 259 446
72.1035
40.6842

119 136 226 312 452 634 1034 1124 1332 1404
69 1022 198 439 1417 224 965 917 1379 294
92.6538
54.216

103 125 189 445 447 723 759 891 907 910 938 1023 1098 1136 1274
167 698 1146 1495 5 979 1300 921 610 1387 7 115 46 1032 347
104.3435
60.5192

14 49 57 114 137 138 139 151 170 206 406 408 425 427 528 596 628 647 726 803 900 914 939 1038 1054 1065 1243 1281 1292 1298 1305 1370
436 198 294 316 398 1123 745 1251 930 1167 267 1157 180 277 278 22 985 1203 1395 148 1261 77 309 702 450 879 39 149 872 701 576 1345
173.9787
84.0998

6 311 409 466 504 535 631 974 1076 1238 1270
1131 1203 1101 842 912 878 173 748 428 1025 16
104.0412
62.5751

167 173 299 318 562 579 598 611 632 855 1007 1095 1166 1199 1342 1398 1418 1487
148 1028 1209 1355 952 219 1076 1201 1106 176 1362 1261 978 708 490 582 1078 949
130.478
69.1092

223 311 314 331 357 446 458 554 699 716 742 785 851 917 949 1018
1063 284 424 108 1461 172 1102 962 137 1436 1256 304 456 1303 12 553
81.05160000000001
40.4776

57 72 138 202 324 334 367 404 431 537 548 794 834 1006 1495
1433 97 1194 623 780 1380 909 751 856 1193 443 762 1047 1279 925
107.4506
59.7096

84 119 269 341 413 471 495 851 1105 1230 1373 1401 1420
921 404 143 702 1003 926 1269 1291 463 1191 670 1100 546
85.4749
49.7737

0 2 14 92 263 293 316 413 525 671 760 802 906 1018 1044 1182 1298 1302 1396 1431
1009 1209 985 299 792 611 1032 309 486 1300 16 466 624 1253 1074 243 1317 322 170 27
123.9887
66.3085

145 202 263 474 649 760 783 835 907 976 1181 1258 1345 1414 1439
667 1470 391 624 1032 1300 798 872 1125 829 1 619 3 1074 925
103.1849
52.7125

116 269 301 385 433 469 728 960 1141 1188 1232 1273 1283 1368 1374 1396 1437
1238 862 284 1101 576 1009 273 384 1092 611 549 1061 678 789 863 179 442
107.6951
53.5636

62 81 188 251 551 590 598 679 684 757 1045 1138 1360
966 1467 353 1427 437 334 541 834 1434 25 1208 1393 1230
63.3503
33.4368

46 255 299 415 469 532 671 690 793 818 926 1223 1274 1330 1414 1451
1028 891 1495 1428 698 824 921 1040 654 377 450 726 1461 914 1170 499
112.7511
59.5687

33 324 419 454 551 592 757 862 926 1050 1308 1326 1458
1110 23 891 762 211 1467 391 735 841 1314 558 1265 795
85.51820000000001
42.1423

84 172 226 255 479 500 526 785 891 977 1074 1186 1301
1022 1071 1480 167 1373 5 439 455 838 654 1099 1167 933
95.8004
51.1565

2 81 173 363 433 673 708 756 917 975 1166 1179 1192 1329 1330 1455
1480 93 508 734 108 792 909 1355 824 163 1068 1256 1362 1338 857 949
112.6818
57.5254

1 188 269 357 778 886 975 990 1065 1120 1332
1123 966 541 1428 1475 745 1206 139 662 1061 965
81.2915
44.7114

149 160 223 410 446 478 514 535 579 702 717 749 793 829 900 1045 1071 1074 1080 1097 1124 1151 1192 1345 1347 1373 1432 1483
294 845 1480 419 624 1417 1167 1256 1415 1125 1365 1455 979 864 359 1012 1494 1362 531 1170 1003 985 1222 986 774 7 381 1403
159.63479999999998
83.6734

37 265 269 556 829 839 888 903 938 967 996 1027 1074 1081 1189 1218 1366 1447 1489
570 363 780 294 979 359 73 230 1123 1102 495 1106 1387 438 421 652 7 132 529
126.0251
69.7201

93 218 314 381 452 568 588 732 832 878 1128 1212 1361
633 845 284 890 745 198 1345 1332 458 1390 953 335 1146
83.2817
41.8839

146 318 346 420 723 753 786 1033 1080 1181 1270 1277 1324
725 294 1203 1144 1484 999 1172 16 117 655 7 1387 866
83.9718
43.6078

87 151 195 218 224 253 312 397 579 585 669 710 784 793 993 1013 1020 1027 1053 1120 1129 1138 1232 1400 1447
123 508 829 603 981 295 527 69 649 1428 1197 1254 1393 179 1106 1278 1449 726 1220 120 275 789 353 1358 541
166.3025
84.3784

102 279 292 413 435 652 694 790 797 851 853 914 967 989 1095 1151 1342 1347 1374
1106 1238 1373 1144 1201 1254 629 879 1102 1327 800 535 384 1262 213 1428 172 701 1089
116.50750000000001
62.9412

61 136 253 300 340 359 462 551 701 756 862 894 1128 1302 1477
1480 1354 23 9 224 1253 211 1455 732 1317 917 1413 1337 705 190
96.0706
47.4591

41 78 150 280 321 441 442 549 601 650 742 751 878 891 1076 1097 1116 1138 1181 1218 1233 1241 1345 1424
294 1333 167 436 845 745 108 5 1327 260 1400 748 1439 493 1040 1102 353 865 1362 563 1125 230 1032 1332
147.3146
75.2964

0 80 107 177 224 299 305 316 409 637 969 973 989 1044 1310 1340 1344
1106 1028 878 1209 912 1251 1449 771 842 270 1300 1233 1124 1395 610 1025 1074
125.46
63.1364

166 175 202 212 228 338 422 500 505 527 537 545 656 746 773 891 959 993 1017 1082 1489
1480 334 1060 363 878 167 317 543 678 868 1278 5 946 619 1180 897 455 1021 428 32 1472
126.4373
62.5966

134 172 376 546 676 732 879 908 992 1072 1122 1256 1283 1470
312 611 789 1480 890 1123 1215 1373 1110 1462 1203 149 786 1087
89.61
43.4437

55 393 415 491 626 702 901 1148 1227 1278 1393
845 434 960 1486 1415 1458 1461 33 1170 1333 176
77.1421
40.9857

37 134 302 396 413 500 1009 1029 1177 1186 1483
1467 966 1168 73 1107 495 838 1123 1032 1203 1403
67.5256
31.4831

117 138 185 187 215 234 290 324 380 383 397 443 457 516 527 552 554 582 597 606 641 702 703 720 732 756 876 879 969 1080 1138 1315 1363 1420
294 845 1333 1022 829 734 167 1355 740 890 589 424 219 912 762 921 789 868 1104 1197 981 1393 1415 712 416 1107 529 658 38 5 1100 1260 904 353
202.06980000000001
100.357

96 119 177 207 223 226 234 242 251 357 383 432 457 617 626 631 822 1163 1190 1257 1338 1348 1418 1458 1495
397 912 1022 1470 439 445 869 704 762 1395 1314 73 772 1099 1253 975 365 1345 1260 1393 823 671 495 595 446
149.0823
74.0023

0 42 65 174 294 420 625 626 658 772 868 884 887 908 974 1118 1138 1175 1223 1241 1281 1487 1489
589 363 745 750 101 255 1254 978 661 353 117 1191 939 1005 872 903 1327 1436 956 59 998 149 950
143.8537
77.7552

406 410 505 778 791 818 1076 1080 1157 1166 1330 1371
1428 824 1475 1291 1387 389 69 705 900 652 865 1195
69.4528
34.7076

40 48 62 92 226 255 292 504 537 543 625 694 722 903 1017 1054 1097 1298 1332 1472 1481
1480 436 1022 745 780 985 439 1373 812 1144 654 490 619 1167 243 1455 1261 939 800 965 420
147.3919
80.07300000000001

46 57 65 78 80 94 102 151 251 306 314 345 393 410 626 638 732 851 862 1006 1012 1071 1080 1196 1227 1258 1293 1340 1368 1385 1398 1472
294 148 312 284 436 23 661 167 1022 576 1251 890 397 1083 1261 211 1427 1362 798 1076 623 856 129 912 838 16 7 625 1167 1402 1040 742
192.108
94.8795

44 197 203 263 264 268 284 379 469 474 806 896 1025 1065 1078 1176 1186 1238 1331 1379 1388 1477
570 1131 1358 1209 1028 1101 1300 294 9 1417 1120 529 745 428 558 272 1403 1416 1074 666 838 1182
143.2314
73.2324

113 346 368 390 554 656 673 778 798 895 943 951 1146 1196 1244
623 93 424 366 1475 728 163 294 726 682 999 27 459 347 143
98.6114
49.8686

82 117 124 138 277 284 311 363 381 424 705 818 851 1004 1007 1015 1120 1121 1245 1254 1361 1487
1428 667 570 1480 1123 242 810 186 740 1338 1475 9 278 1246 221 1102 199 20 1357 553 712 599
140.6326
67.3449

93 107 139 279 309 368 449 496 505 521 658 700 733 742 818 857 1044 1241 1306 1308 1441 1467
633 509 1398 1428 1254 1327 166 1040 108 859 492 56 450 1146 101 903 1390 1074 1195 261 888 157
143.8029
73.1608

57 69 76 134 170 206 228 338 404 415 433 461 549 708 730 804 862 908 982 1004 1038 1111 1301 1305 1388 1396 1399 1404
1333 780 1123 1071 23 930 1203 878 267 148 108 1068 211 611 508 946 1170 32 1278 1387 864 1025 1102 1009 822 6 1379 986
170.0528
83.162

2 72 127 138 184 187 220 255 265 302 356 394 466 562 625 676 699 709 722 757 829 1001 1005 1010 1139 1146 1201 1432 1433 1438 1447 1472
397 979 1420 1467 745 294 1197 1209 1194 219 952 624 359 1215 173 1402 340 654 27 1373 776 1106 16 792 224 1203 316 1039 126 459 1256 531
174.79070000000002
88.6528

136 220 294 454 504 967 1076 1083 1093 1109 1175 1189 1326 1374 1435
224 101 264 1265 716 795 1032 1005 683 69 917 661 1237 1288 384
104.249
61.7991

188 273 471 601 603 669 749 759 894 1020 1101 1111 1124 1290 1324 1377 1433
1238 85 1118 294 1209 1420 343 966 1165 979 80 397 8 305 701 822 1417
126.2167
67.1968

265 552 568 676 710 973 1122 1123 1135 1160 1439
1467 397 647 201 1124 734 416 1055 443 102 224
72.3902
34.8537

114 203 232 247 326 356 368 415 526 532 545 594 746 760 773 803 857 974 1013 1233 1327 1339 1345 1373 1432 1433 1480
1238 397 1420 316 649 859 798 678 624 1032 450 494 294 979 295 1089 1209 1170 712 885 1125 1172 689 726 873 289 1043
155.1465
80.5339

89 96 149 167 246 280 311 357 443 462 742 908 1054 1140 1151 1181 1431 1460 1477
436 1209 1480 864 108 731 1167 732 1261 666 1155 15 160 426 359 823 244 164 1262
104.83709999999999
50.9209

189 244 359 585 598 626 738 842 850 1137 1229 1305
891 1203 1354 278 1061 903 148 939 879 36 865 543
89.5682
48.4191

230 361 586 601 908 1005 1118 1128 1152 1163 1261 1310 1481
589 1106 445 1297 508 776 1131 725 582 149 732 259 650
82.3572
39.4761

175 232 242 269 386 462 682 716 746 836 1257 1283 1370
397 398 891 921 494 97 761 77 667 772 1215 1180 1055
82.4963
39.3198

18 63 105 197 247 321 380 447 458 474 492 565 585 850 894 900 946 1004 1015 1124 1128 1176 1182 1396 1399 1440 1472
1063 740 1467 845 1068 186 173 1102 611 294 170 1104 853 732 558 979 16 986 278 903 172 149 1 1114 311 1075 1337
146.1178
75.7304

252 309 537 655 661 806 935 999 1010 1097 1111 1128 1340 1374
1131 912 1251 674 822 91 449 732 541 977 578 1478 1362 442
86.1611
48.0867

427 504 586 592 597 670 1135 1137 1182 1200 1291 1422
1123 1258 903 879 170 1168 683 558 1154 49 1316 1233
74.67
39.4402

105 149 220 297 471 565 714 720 772 835 901 1115 1124 1128 1152 1160 1208 1210 1298 1316 1487
667 397 1398 864 661 1333 201 1102 255 648 985 309 1461 211 1269 978 531 1484 1153 136 732
131.1227
62.4106

188 263 289 376 606 809 834 1006 1344 1467
1333 509 1355 97 966 1040 1079 492 2 856
92.39789999999999
50.2126

36 65 234 331 385 427 438 442 492 544 546 700 756 839 1212 1422 1459 1482
1003 1123 1403 734 1087 1068 1345 373 17 77 230 173 564 1104 1486 101 146 341
104.4392
48.6038

36 160 244 740 790 798 804 809 886 901 960 1122 1201
1238 1203 1403 93 1402 1101 419 1254 1333 682 1461 1486 77
104.97149999999999
54.5647

0 175 255 306 353 355 420 461 477 521 522 562 565 653 728 793 887 973 1128 1227 1340 1414 1487
1333 912 397 1387 273 1251 952 1124 933 167 978 126 219 117 661 1233 732 1172 1195 1486 43 737 330
133.9241
67.1156

79 254 359 394 446 548 552 673 797 1175 1182 1300
1373 1354 411 163 734 1455 170 1193 102 1493 629 1015
76.702
40.003

166 340 449 454 551 568 586 700 1072 1232 1330 1461
1398 1480 334 734 824 264 1146 179 530 795 900 101
75.8484
34.6811

38 324 427 462 472 521 546 628 878 906 949 1050 1082 1216 1232 1244 1340
1123 845 1028 912 1251 745 466 391 962 23 1332 1087 1195 762 304 147 737
99.2088
48.3212

299 326 332 487 757 818 850 949 1081 1162 1251 1283 1351 1438
1028 945 1428 195 1467 736 910 1222 962 933 1215 1037 125 1456
90.2705
45.397

55 149 233 364 601 701 973 1027 1078 1199 1233 1292 1348
864 1416 1395 397 1090 1124 1455 582 979 164 1313 183 365
83.9666
47.7196

69 82 131 150 220 452 470 701 857 879 898 903 966 1022 1076 1115 1212 1241 1278 1344
780 570 409 810 267 1169 789 859 909 1102 211 1327 294 1078 748 33 198 136 508 1345
143.5585
75.0012

44 55 228 259 359 379 394 419 441 578 582 676 756 760 854 918 941 949 1031 1063 1141 1146 1286 1347 1368 1370 1434
294 317 397 667 862 284 589 1120 1354 878 1110 398 1427 576 946 1182 77 1032 176 900 838 734 1087 1256 1061 1076 376
166.9303
82.2981

76 89 376 632 641 643 799 803 923 1088 1121 1393 1489
363 219 434 391 316 1007 732 1378 864 531 873 778 2
76.2812
37.6712

12 84 182 189 420 445 575 588 592 660 711 717 755 829 879 947 949 951 967 1017 1081 1095 1101 1160 1189 1212 1254 1282 1292 1299 1373 1374 1394 1461
397 1480 486 294 589 366 734 979 1123 789 335 359 201 384 701 962 834 2 740 1428 242 558 495 1288 1248 1345 1237 1172 812 531 811 459 881 774
182.5982
93.7085

148 199 242 284 334 535 742 1156 1270 1316 1326 1356 1440
397 570 1433 1203 1417 9 73 108 780 872 1380 1387 1398
104.74289999999999
53.4313

46 136 197 206 292 326 346 579 709 967 1088 1136 1138 1292 1311 1319 1338 1403 1424 1432 1468
1433 186 1470 391 1040 624 224 353 558 1086 917 1355 22 1345 800 999 384 64 1137 946 743
124.0812
64.1798

0 294 641 649 732 821 1033 1105 1270 1330
1203 890 219 824 101 872 661 1005 1484 1
89.9941
56.914

86 191 294 305 699 723 760 763 1223 1393 1399 1461
1291 270 434 771 610 1032 1005 986 1378 734 661 572
87.7853
51.5966

22 273 304 318 429 545 716 783 894 1025 1036 1208
1110 891 1470 1165 1417 391 80 1037 149 1337 272 448
89.3531
49.0645

220 306 356 404 454 474 477 673 700 753 795 913 947 1020 1045 1182 1273 1347 1401 1429
173 725 264 101 780 163 1278 1291 170 1022 136 661 712 1494 751 495 1432 1348 926 1117
121.3479
64.9974

40 53 55 284 321 449 487 519 653 658 679 705 862 943 947 948 975 1031 1201 1223 1255 1274 1278 1306 1330 1332 1340 1373 1435 1495
570 589 316 294 1398 23 1123 1254 211 909 824 1251 9 726 921 698 1402 1246 903 490 33 56 176 572 248 493 888 912 1222 1061
192.3588
104.5775

65 116 124 125 218 277 363 367 516 588 596 617 632 637 669 670 704 905 1029 1095 1128 1133 1166 1230 1332 1374 1411 1444 1480
1238 667 294 1475 1373 87 384 443 734 939 674 1338 1168 335 442 965 494 325 732 1053 1437 464 23 883 1061 318 673 436 343
150.6713
76.3926

12 87 166 172 207 264 299 311 344 429 521 575 611 660 730 786 803 806 834 935 941 947 1036 1140 1141 1256 1315 1317 1363 1365 1418 1483
1028 294 603 1209 891 862 97 1022 1362 335 495 1300 466 334 1480 606 1417 731 490 110 1248 1462 1373 589 698 1078 900 553 1061 65 873 91
191.7739
95.6691

280 294 441 472 586 641 697 878 918 1093 1104 1124 1277 1482
845 224 219 1003 745 373 1417 101 953 1032 800 1005 630 307
92.3348
49.153

105 114 206 355 457 634 717 770 778 821 852 926 1002 1009 1100 1257 1265
1467 891 1167 794 1475 1061 923 725 774 991 328 1188 1393 671 667 1237 1336
94.5471
48.324

124 220 321 326 372 420 425 457 487 498 521 549 568 708 759 766 785 806 822 896 1017 1054 1104 1156 1166 1189 1210 1227 1259 1286 1345 1414 1423 1424 1446
436 1238 667 1123 224 1068 648 1167 869 589 1261 108 343 800 661 1125 120 671 1288 983 989 1253 376 1480 1195 493 740 737 1222 1393 881 1478 328 1172 517
187.15619999999998
95.2162

374 447 516 556 822 946 1261 1368 1400 1439
284 1254 576 740 1297 879 869 979 652 438
82.7442
47.8589

109 223 253 379 708 751 1023 1347 1438 1459
1333 1068 108 1120 1182 1400 623 56 458 1456
67.789
32.065400000000004

36 38 53 79 124 135 187 302 331 332 341 367 385 429 449 470 593 620 628 658 661 682 809 939 996 1074 1081 1096 1137 1291 1326 1431
1028 1398 903 1131 891 397 576 391 1403 921 143 1168 1254 1167 879 1258 77 180 443 448 1486 624 564 1449 1031 343 26 530 1064 1090 1237 463
163.5873
75.6912

76 138 166 188 228 269 344 367 368 381 386 435 520 622 655 711 905 917 1134 1239 1266 1282 1292 1300 1310 1317 1382 1407 1428 1455
1106 486 1420 294 909 966 97 878 606 541 1461 863 946 443 1230 334 1085 1281 864 56 94 317 1176 731 1256 964 1089 1109 589 374
165.4039
79.2364

174 228 253 264 321 341 344 361 367 386 410 438 445 466 492 773 1054 1121 1273 1274 1277 1365
436 1028 317 173 878 1209 921 698 91 678 1167 1495 143 946 1300 1261 97 110 443 335 652 582
149.8227
77.5159

61 79 232 265 316 380 390 424 498 556 586 671 720 737 795 829 893 913 914 996 1095 1117 1118 1148 1157 1201 1212 1227 1255 1257 1258 1411 1439 1440 1460
589 294 1209 173 1238 998 9 299 979 1387 359 416 494 1300 1486 3 1319 1402 1338 1220 224 1458 1291 1313 438 553 1345 980 652 64 529 879 531 977 1316
201.5367
108.6835

36 253 355 445 458 632 745 809 939 969 1136 1151 1331
1480 1063 1403 576 426 1486 564 180 846 486 294 765 328
86.5141
47.2462

135 216 441 471 526 527 585 682 799 804 906 990 1034 1065 1097 1164 1186 1338 1344 1388 1495
891 745 921 1449 868 1470 316 466 1260 139 132 975 1011 1025 1007 838 1362 661 564 179 1471
113.3815
57.435

63 232 269 385 472 548 913 1289 1293 1374
494 1083 110 1075 799 442 1193 384 553 1298
50.2463
25.5247

216 277 326 673 888 1098 1140 1186 1201 1301 1414 1451
667 1071 1475 1146 163 1402 397 838 1151 244 731 773
87.1404
47.408500000000004

2 42 55 134 148 187 269 331 478 528 755 821 878 1006 1047 1100 1229 1276 1315 1361 1422 1428
1123 845 891 1022 1061 794 792 73 278 1107 745 856 532 129 563 704 1203 454 356 1251 1332 953
136.1839
67.5634

65 328 469 489 622 708 730 763 832 845 850 887 1002 1021 1121 1261 1283 1286 1365 1451 1468
1433 486 1068 101 108 1297 273 1086 335 110 789 725 945 926 482 1215 376 623 774 458 1076
119.6362
60.4582

63 78 125 166 293 408 447 546 603 697 701 857 977 1110 1151 1179 1188 1273 1306 1365 1366 1395 1439 1444
1238 322 334 466 436 167 1362 335 570 859 397 8 678 56 863 979 455 926 1176 1455 1123 180 110 1262
149.9824
76.03020000000001

105 290 474 1008 1291 1296 1329 1332 1345 1398 1420
148 93 508 921 1258 1261 1076 1061 1168 1125 857
92.9439
50.9733

63 69 187 202 234 338 385 522 585 992 1015 1156 1188 1420
780 508 921 186 278 43 678 517 1075 1100 1345 1472 925 1435
82.7768
42.9599

31 55 125 185 212 223 601 650 656 669 959 1012 1013 1233
363 87 649 1040 543 563 904 325 420 1043 176 1468 295 897
82.4171
42.8122

30 44 61 166 185 232 318 344 406 661 737 745 751 974 1020 1073 1157 1189 1277 1308 1394 1396 1451 1491
1333 1131 1387 9 1009 1151 334 1291 611 1032 494 486 905 264 1220 1400 589 1288 71 389 1319 307 811 1176
141.0849
71.2581

43 103 113 116 139 167 191 203 226 269 290 334 377 469 489 544 629 653 694 730 790 895 1033 1044 1054 1063 1105 1118 1192 1283 1286 1345 1420 1472
589 294 436 1209 317 1022 1254 1291 1433 439 1104 450 921 1144 1167 728 1125 1253 1102 1087 1099 655 1215 1261 623 1380 909 261 1169 17 143 573 603 1403
203.0022
105.9269

0 42 44 139 145 160 221 289 294 326 409 419 478 556 591 603 669 728 818 999 1101 1107 1109 1175 1189 1286 1327 1370 1377 1393 1411 1431 1482
312 1238 397 1428 589 101 176 624 1110 77 1003 842 878 398 798 1355 34 1234 273 450 1079 343 652 701 1288 1087 661 1237 781 16 1005 59 373
220.6529
120.9319

127 254 620 709 791 914 923 1101 1175 1196 1363 1438 1444 1495
701 1118 411 448 397 1260 27 975 341 879 531 812 1456 1212
84.4268
43.4245

6 22 49 246 340 346 374 377 404 431 478 491 520 679 772 835 913 939 959 1025 1034 1078 1082 1096 1177 1186 1306 1373 1420 1422 1495
667 1480 1107 1110 294 397 780 921 576 751 56 879 255 1278 1365 455 363 1169 277 553 180 465 1033 5 1494 975 1435 897 799 554 979
182.2236
95.28

38 48 174 324 359 380 590 592 701 785 923 943 973 1210 1241 1371 1381 1461
667 1028 1354 648 734 661 705 391 726 1327 1124 558 531 1455 741 762 566 882
106.9393
52.1864

42 151 189 197 216 244 280 380 431 562 598 641 778 821 839 893 917 1004 1015 1081 1115 1189 1241 1310 1363 1393 1396 1438 1455
1106 1203 219 186 1102 611 952 909 434 230 1009 1475 1461 1327 558 211 1484 1378 985 278 740 77 374 1479 1471 437 1256 1288 1456
154.3
71.4929

30 57 84 293 297 404 853 861 1120 1135 1162 1385 1440
312 1428 1167 780 1402 1278 519 541 322 751 1338 169 1280
74.41329999999999
36.9934

43 63 80 138 234 247 279 372 457 472 475 477 492 641 643 694 723 783 821 857 900 918 986 1043 1072 1073 1162 1192 1227 1308 1477 1487
1470 1144 1068 294 1486 219 391 859 647 702 1327 173 671 978 1037 666 1393 36 661 533 1075 149 1022 1256 790 866 558 735 313 487 118 630
158.2711
78.8296

4 634 658 781 832 908 986 1210 1310 1412
667 1106 397 648 661 1254 566 58 923 149
75.7894
38.7777

466 537 631 728 733 914 947 974 1008 1009 1044 1131 1298 1351 1368
1433 1467 284 397 139 273 173 985 137 879 278 1146 309 838 701
112.3692
61.9121

78 309 699 763 772 803 836 1109 1192 1331 1424
167 436 255 1237 1055 493 873 465 316 953 1256
66.7349
36.648

38 63 96 119 264 321 341 363 443 457 477 500 592 631 740 906 966 1023 1110 1143 1192 1257 1310 1361 1444 1467
1028 1106 1209 1480 409 509 1040 322 1300 912 492 143 15 1402 391 661 120 823 671 529 167 115 463 466 1126 1338
172.99099999999999
90.6055

189 423 495 552 578 606 842 888 1002 1483
1333 1355 667 734 939 1032 36 865 1256 7
81.5528
46.7107

18 92 182 207 302 356 372 429 491 601 608 818 923 1115
1428 316 1104 1114 712 1102 211 243 531 538 985 495 528 1484
79.6429
42.0035

84 167 219 264 294 306 684 746 790 839 884 888 895 896 1071 1228
1209 1028 226 1417 623 1300 750 7 101 728 1102 1254 230 1151 1005 147
125.6688
68.1066

46 96 139 149 150 252 332 413 454 491 585 726 759 790 809 894 898 938 1025 1045 1128 1273 1330 1347 1388 1407 1414 1432 1459 1461
198 397 1003 264 1387 824 734 1203 15 450 624 1254 1085 466 864 863 146 1040 1345 56 1114 305 732 563 213 448 823 795 347 1256
165.4974
84.8126

131 175 266 305 380 562 704 939 1121 1382 1467
509 270 952 294 576 219 771 180 1106 492 1274
94.3672
55.0852

6 30 78 84 89 138 226 228 259 279 299 455 527 577 737 766 781 783 878 879 972 1010 1054 1286 1395 1404
436 1470 397 1028 167 1151 1022 845 789 439 101 1427 224 391 1379 868 835 946 1261 863 1327 466 1167 732 953 1099
172.43970000000002
88.0688

12 38 135 184 223 230 284 289 452 470 562 740 876 878 948 993 1073 1166 1200 1282 1324 1399 1451 1477
486 570 316 1028 1131 952 1278 508 1079 845 391 745 985 683 9 219 1332 666 986 1402 1129 26 198 1449
140.5414
65.03

113 119 408 492 738 806 1070 1116 1232 1255 1329 1444
294 93 1068 508 278 143 173 179 857 578 243 1313
83.6178
41.4136

69 94 191 226 334 419 628 658 669 722 737 778 834 851 938 946 1001 1012 1056 1070 1111 1113 1123 1133 1162 1163 1199 1238 1340 1377 1414 1424 1472
1467 1433 1110 780 1022 97 439 1387 1291 1251 343 1101 1254 661 1475 87 912 740 582 428 1373 1279 965 445 1131 1380 91 529 1099 1362 822 16 1313
204.8309
104.6607

103 127 206 254 290 294 299 306 344 346 367 394 427 525 537 554 592 679 716 753 756 773 791 903 917 1005 1010 1038 1076 1124 1290 1365 1435 1482
1123 85 725 1028 734 424 589 335 411 397 373 267 1003 678 443 110 780 1022 101 59 776 558 838 1146 313 999 1256 1436 137 292 1456 69 89 926
174.5962
84.5148

55 80 357 546 603 632 760 832 911 923 938 977 1227 1331
1238 101 436 616 647 1032 8 651 781 1432 466 1087 1387 531
101.0459
57.0678

81 127 134 247 321 356 445 500 649 694 763 804 852 896 948 996 1001 1008 1017 1063 1080 1097 1105 1133 1157 1162 1186 1261 1299 1482
1003 1480 316 1123 317 1291 1387 1144 455 1297 397 1203 1198 712 872 113 725 838 120 1021 1362 373 1220 365 1025 44 1430 673 1417 165
156.5948
72.7527

6 33 40 113 174 215 228 311 445 532 568 606 634 682 702 726 770 938 974 1007 1044 1045 1097 1273 1432
845 294 1333 198 1203 1355 891 38 921 1387 624 490 450 1455 946 1415 143 137 923 878 619 735 391 1362 347
161.5397
82.7193

55 273 408 491 575 794 797 851 907 972 1008 1021 1033 1131 1152 1266 1327
1433 1373 1165 1114 798 278 80 623 1248 176 629 1484 1300 1416 379 1493 289
108.7429
55.6881

57 246 470 804 900 1136 1201 1259 1404 1439
1402 702 1379 455 149 1025 26 517 1345 686
60.9439
34.5072

40 92 127 187 236 252 266 568 608 611 620 625 638 726 760 832 895 917 1012 1104 1111 1120 1175 1182 1190 1210 1212 1258 1264 1270 1351 1377 1418 1434
397 667 1203 198 224 745 490 1428 343 623 449 1003 1278 1032 1387 648 1461 16 1362 1078 661 466 798 728 1345 945 619 939 541 1274 170 822 1455 599
203.1767
103.4497

36 103 116 145 148 189 265 429 435 438 722 723 798 803 893 938 948 1045 1065 1096 1105 1317 1342 1379 1401 1414 1477
316 1358 294 93 1403 397 1201 1417 73 745 606 624 1486 564 1373 999 666 535 682 702 404 91 94 532 1089 77 416
170.7374
90.8524

251 299 321 328 423 425 466 479 525 556 591 726 766 770 835 854 855 951 977 1021 1060 1078 1088 1096 1151 1152 1310 1401 1432 1439 1472
667 221 1028 1480 1106 198 176 391 366 1203 624 404 173 371 625 34 1416 926 457 16 652 482 702 529 438 273 19 1427 1076 1262 1256
180.0585
88.4648

103 221 543 740 785 840 853 861 990 1128 1268 1286 1348 1432
312 1395 812 624 40 16 1402 365 1155 732 960 1189 376 595
95.54129999999999
51.0238

6 68 94 138 759 778 960 1007 1148 1310 1438 1461 1477
1238 1106 661 1101 734 1475 109 863 305 1458 666 750 1362
88.7093
45.1066

42 314 334 367 519 660 690 990 1115 1257 1371
1433 284 211 443 1380 1102 1484 1364 705 909 655
72.8251
39.2132

100 160 166 224 265 279 575 598 798 834 853 923 1006 1038 1081 1152 1200 1228 1347 1374 1404 1431 1432 1444
97 334 93 267 294 419 397 1393 912 1358 1449 129 117 624 682 384 1248 683 986 1455 856 416 1176 1234
142.9564
75.7009

356 361 435 442 562 794 840 900 914 923 1007 1118 1121 1146 1212 1239 1340 1380
589 1420 294 219 1203 912 316 1251 459 952 702 623 882 712 771 1482 879 582
134.02439999999999
75.1054

36 100 138 172 221 265 363 419 422 432 489 504 545 628 647 722 738 748 973 976 1012 1111 1186 1254 1277 1286 1299 1458
312 1480 1403 1110 1373 1251 397 148 278 1060 1157 762 1395 564 73 822 1314 838 416 242 1486 20 2 1124 16 1338 307 1233
172.6216
84.4178

49 86 300 309 368 431 474 549 615 626 784 821 966 972 1005 1020 1031 1056 1080 1115 1128 1278 1302 1310 1311 1418 1429 1439 1451 1468
1106 1433 409 123 589 277 267 397 1317 1102 211 1078 1253 1086 33 983 698 22 909 776 1062 1413 869 732 1484 379 1055 110 197 903
165.6385
80.466

86 172 188 251 322 356 357 470 496 498 526 577 632 650 804 806 888 1115 1121 1160 1164 1179 1196 1208 1261 1302 1451 1483
397 966 1480 1297 294 1373 316 1102 712 1427 211 1362 7 1468 27 1025 1253 1428 725 1317 919 201 578 404 1032 1478 1011 1403
153.2543
78.0718

79 169 269 546 660 1013 1157 1192 1212 1301 1437 1460 1481
1071 649 1387 1291 1092 1483 1345 1087 1220 800 773 459 620
79.3773
41.0552

46 91 220 316 359 390 436 608 793 836 876 939 946 1310 1434
1106 397 1209 780 1354 859 1040 576 299 740 17 1300 180 538 880
113.2353
59.0139

81 294 385 489 546 702 703 759 795 852 918 982 1034 1098 1124 1152 1175 1179 1201 1259 1296 1308 1429 1444 1458
845 173 762 397 1146 1314 101 1104 1402 1417 1415 1362 1270 6 661 404 630 1005 305 1033 1348 856 59 38 977
147.2613
78.8013

91 131 175 184 191 221 302 304 306 420 478 626 732 918 1182 1265 1363 1489
312 363 890 1291 878 1022 16 149 1167 170 1274 1172 1003 922 17 630 725 117
111.0782
53.5483

40 114 139 148 150 212 233 252 277 305 390 517 598 625 649 653 717 745 804 832 898 951 999 1005 1044 1065 1105 1177 1251 1274 1302 1487
667 397 1123 366 1470 776 486 195 455 1455 490 1107 947 736 610 1151 762 1317 872 921 771 450 270 1495 1475 619 1253 678 347 939 73 910
194.10410000000002
107.7714

42 116 169 311 367 423 495 611 625 992 1060 1063 1482
1003 317 745 466 443 1362 1198 490 373 1078 1483 670 800
85.2936
42.4853

42 53 81 212 224 455 458 472 597 703 786 992 1009 1020 1050 1128 1135 1243 1305 1339 1477
294 1467 1063 1151 1449 101 689 543 589 148 1393 172 1064 666 732 991 853 1075 1395 1163 1346
111.7607
54.995

33 40 43 44 94 109 138 167 220 238 244 341 346 390 438 452 478 526 710 740 756 794 806 946 1005 1027 1095 1218 1233 1268 1379 1418 1433
397 1209 1358 1203 294 589 734 661 143 999 391 56 490 698 776 563 1455 885 91 1420 1402 1189 198 136 558 960 463 905 979 623 1362 347 619
191.9356
101.4188

6 109 116 172 269 443 471 527 601 733 760 905 975 1044 1083 1230 1299
1373 1480 167 316 56 868 1032 1146 751 1416 365 248 683 1053 1265 595 428
112.9982
64.961

69 103 216 309 471 738 755 770 793 926 1010 1121 1136 1141 1227 1230 1327 1418 1429
891 862 780 278 1373 1486 698 798 1061 1269 508 289 838 78 116 953 1265 1147 1471
102.8069
47.2042

103 380 537 568 862 876 893 918 967 1097 1129 1332 1388 1460
23 211 295 464 411 1319 1362 883 965 1146 989 389 143 630
77.2101
40.1591

114 277 314 344 377 419 514 554 575 611 673 708 733 886 1031 1060 1078 1162 1164 1290 1347 1382
589 667 85 1110 1146 284 1068 108 424 1475 466 1248 625 1362 490 1106 1169 1494 20 163 1188 979
137.24349999999998
64.1113

53 91 212 242 253 331 363 425 429 549 661 1025 1120 1133 1176 1232 1319 1472
397 1131 186 1480 1428 543 17 1482 1403 16 179 772 1064 1022 1075 541 448 673
112.9577
57.6578

6 134 138 191 220 269 318 340 357 386 475 891 949 1131 1302 1381 1429
1433 1480 1123 278 5 1291 167 1317 1253 1203 962 741 97 136 761 1399 1032
103.4371
51.563900000000004

36 57 63 125 174 177 345 454 528 601 679 726 738 785 893 967 1023 1143 1186 1244 1256 1258 1340 1418 1423 1429 1491 1495
278 397 912 198 1403 264 1251 1203 698 795 115 975 1032 1486 1319 77 998 564 1462 838 1260 1075 180 623 1212 38 3 1348
153.7871
77.3285

57 393 396 519 521 552 592 597 702 1053 1136 1188 1259 1286 1460
845 508 966 1415 734 558 1154 1402 1336 1364 678 102 1345 38 1195
93.48310000000001
49.8861

46 53 87 117 166 263 279 302 326 338 413 446 457 682 797 853 896 1038 1054 1056 1083 1157 1189 1233 1283 1331 1398 1434 1451
148 436 397 603 334 921 1387 891 740 1040 1167 1417 1291 1261 1373 267 1076 466 343 1327 1355 629 1393 1220 1288 683 735 712 671
176.3104
88.1712

18 49 127 170 232 622 842 851 1129 1181 1188 1265 1274 1315 1381 1435 1489
1022 277 930 1495 363 698 921 36 295 678 494 1167 1123 939 1104 741 411
109.3381
55.3887

61 127 173 361 526 730 851 917 1004 1009 1012
1467 9 1355 1461 1102 582 949 259 991 708 132
67.588
35.0276

38 124 138 212 383 393 500 526 543 554 577 617 673 783 959 1007 1018 1029 1163 1256 1458
1470 912 363 391 1028 445 704 424 1168 762 334 1314 163 750 1462 40 343 1006 897 1101 658
119.9807
53.0102

197 247 311 359 383 433 592 903 1139 1210 1300 1344 1440 1467
509 912 780 667 1354 558 1455 661 1197 648 492 1040 1230 1025
106.8411
54.9373

69 117 150 228 353 415 778 1115 1140 1296 1388 1396
878 740 780 167 1009 611 1270 1475 211 1170 731 712
98.4226
55.9061

321 425 492 568 737 951 986 1021 1076 1121 1146 1277 1327
366 1068 798 1203 173 482 533 294 566 69 289 1319 307
86.6
49.9009

14 170 202 836 855 917 1100 1141 1163 1382 1396
862 1106 794 1009 930 445 176 611 1461 20 1061
85.9066
44.832300000000004

62 86 91 185 232 353 359 409 434 474 492 537 582 594 611 751 753 802 893 939 993 1117 1137 1152 1227 1229 1289 1340 1370 1395 1459
1333 1354 891 397 903 725 466 878 1003 398 1251 912 576 317 1362 1278 167 494 180 1061 842 110 16 1486 490 17 1400 34 879 863 146
196.5486
101.1641

6 247 379 442 449 504 537 679 857 917 969 1027 1241 1361
1398 1120 859 1327 1182 1461 458 1101 49 1233 1230 1089 407 1434
80.0441
41.4968

53 124 185 189 224 242 328 469 548 590 597 598 625 720 732 759 895 905 923 1002 1192 1210 1306 1365 1377 1414 1481
397 343 667 623 745 335 110 273 648 294 939 890 56 661 904 1449 728 926 772 1154 1395 1193 416 508 437 761 531
163.5063
86.16460000000001

78 263 353 436 597 670 772 906 960 1034 1239 1257 1315 1339 1366 1480
1238 1420 167 570 780 1101 859 255 734 466 667 856 1154 1022 1033 880
121.40129999999999
62.0483

33 61 182 220 236 436 546 652 720 722 753 785 1053 1070 1257 1316 1422 1467
509 725 780 508 1398 859 1040 9 172 243 735 391 492 880 667 136 157 416
121.4071
58.5017

68 207 408 469 690 705 917 1002 1013 1033 1038 1105 1243 1491
1123 267 1461 649 109 1032 1246 1484 495 295 1043 789 199 952
93.2092
50.2037

96 167 238 247 265 363 385 434 676 708 728 845 861 900 908 966 973 1151 1177 1255 1290 1344 1409 1432
1480 409 85 1107 486 101 149 108 624 1068 1262 1124 273 267 1078 34 1146 945 15 1338 823 9 564 160
154.0887
75.3379

61 136 360 470 544 556 679 716 1065 1070 1199 1379
1358 224 9 264 17 989 745 917 529 243 652 1087
86.7701
46.5502

33 105 182 377 438 479 603 606 690 694 748 778 832 879 887 939 1076 1115 1118 1121 1123 1163 1188 1189 1212 1366 1401 1489
1467 1238 1333 589 647 294 1355 570 445 1102 576 1169 1144 1475 363 8 91 789 391 211 781 678 404 1403 926 735 1316 180
184.4356
91.4526

92 236 299 410 526 598 1031 1073 1429 1459
1028 589 243 985 146 420 437 652 432 132
58.6795
31.8971

6 146 233 311 345 367 435 516 598 714 720 793 876 1105 1152 1258 1281 1424
1003 1144 3 1022 623 443 798 493 171 989 1313 998 1191 529 1089 965 416 872
100.2927
55.4616

53 57 109 166 233 238 346 357 364 415 427 442 575 661 755 853 913 1001 1031 1034 1056 1139 1270 1276 1278 1310 1407 1423 1481
1106 1203 1131 589 1123 1197 56 334 1090 1248 1085 294 1387 1170 863 33 909 553 183 856 16 1402 99 1313 595 140 336 1176 1075
165.0944
84.5372

43 212 340 532 598 684 694 728 748 1012 1015 1233 1245 1311 1447 1489
1480 186 543 273 1106 1144 22 1403 563 450 558 1316 278 363 334 421
102.8036
53.9634

238 332 441 548 598 746 943 1044 1140 1152 1379
1358 731 726 999 563 1180 933 1193 140 437 670
66.8817
35.5886

169 264 273 435 527 548 1015 1038 1104 1115
1028 1209 224 1300 800 1165 868 80 1102 211
86.1419
49.5148

43 82 136 175 244 254 345 498 586 766 785 794 839 996 1043 1071 1131 1257 1293 1317 1365 1391 1422 1472
294 810 1433 1203 623 335 224 36 606 1083 667 917 110 278 411 230 16 926 1316 558 142 132 171 1031
150.2947
73.1259

0 32 68 172 234 294 318 324 355 364 452 472 522 578 669 682 799 914 935 939 947 1001 1017 1063
1480 667 317 397 1373 891 101 109 198 576 87 762 43 1007 921 495 180 226 879 91 1256 1123 661 800
154.7785
83.5609

46 69 113 150 379 420 543 656 730 742 896 943 1012 1199 1298 1310 1316 1391
1106 780 1398 1417 1040 1120 1182 985 108 812 40 309 582 1172 508 726 458 117
105.1921
48.0286

32 94 109 151 191 264 396 543 565 593 611 628 629 682 784 832 851 878 893 948 1005 1007 1065 1166 1455 1459 1468
1433 1028 845 909 1209 123 745 661 891 1362 921 466 490 1291 56 966 226 1086 316 458 1078 139 662 812 750 146 595
164.5008
81.78999999999999

27 191 312 361 422 429 438 548 737 855 888 905 911 969 1047 1074 1110 1123 1163 1311 1461 1482
1467 1003 69 322 1291 647 176 1060 445 1167 373 101 726 651 616 259 1151 670 7 582 1107 339
151.1805
79.6236

182 212 244 682 853 1050 1093 1095 1182 1241 1308 1331 1432
1203 921 891 543 624 1032 1327 170 982 1256 579 535 3
73.3245
35.1543

131 233 385 537 637 794 960 966 1031 1053 1074 1345 1381 1437 1440
1238 409 589 508 1101 267 1167 1078 1092 1125 1090 863 623 771 169
101.9221
50.4239

63 131 226 353 461 479 495 594 626 682 699 748 797 806 907 999 1002 1013 1020 1050 1118 1233 1293 1319 1344 1447 1451
589 1333 1022 167 186 1373 439 1403 649 829 421 921 1106 674 629 420 891 1300 1083 578 1099 1316 998 1387 563 1075 670
154.1587
75.4181

0 46 169 445 449 804 926 966 967 1001 1005 1065 1151 1282 1305 1315 1495
409 1398 486 1480 1022 891 1040 776 975 1483 1078 1011 139 267 1260 530 765
128.3909
71.461

33 65 114 137 218 357 475 546 598 628 670 778 836 855 879 1254 1298 1315 1396 1420 1468
294 789 242 1467 1475 921 1022 176 1433 391 611 1086 985 1100 735 22 517 310 309 20 1087
131.28629999999998
68.4031

0 177 265 269 284 357 379 410 472 548 585 586 704 716 832 959 966 1241 1370 1396 1398
148 570 363 409 267 1120 1009 9 458 1076 1261 1078 674 1182 416 1327 398 611 1193 494 77
143.06
70.327

148 442 519 652 772 861 879 1100 1107 1179 1210 1268 1316
667 172 1417 176 794 255 789 648 661 73 1234 1398 1362
109.3459
62.3833

49 89 91 173 191 251 332 345 360 479 546 554 597 620 722 763 845 853 900 1043 1083 1098 1143 1291 1298 1329 1347 1363 1431 1489
397 486 264 363 93 294 277 1146 36 1427 508 424 989 101 623 857 1258 966 1355 309 1168 985 732 448 1087 774 9 1373 563 949
181.3748
93.8364

42 76 92 228 487 638 822 900 905 935 1216 1230 1245 1254 1365
864 397 878 335 1373 869 946 110 91 1387 702 310 1222 926 466
106.95270000000001
62.438

228 422 423 457 554 578 585 906 1104 1467
509 667 224 1060 424 878 1040 492 946 466
91.0891
51.1849

48 72 84 251 252 338 441 606 778 832 1020 1229 1439 1482 1487
1333 891 1003 1194 1061 1475 1355 373 1427 978 1055 1472 454 458 815
89.2867
38.9342

63 76 79 81 86 170 187 263 269 363 455 504 532 699 702 793 804 832 974 1012 1044 1081 1118 1176 1232 1283 1316 1356 1377 1379 1455
845 1480 589 1398 930 101 224 909 864 1358 872 343 1415 1338 1074 450 1028 1025 999 998 1151 1421 965 1437 391 49 1373 927 1233 1075 137
164.6628
79.768

127 131 280 345 404 661 766 835 1140 1162 1273 1292 1420 1433 1472 1483 1489
667 363 397 921 780 1209 731 1278 1032 979 885 1131 751 1100 16 1494 517
112.2598
58.8167

76 138 172 297 345 548 634 900 1273 1277 1348 1438 1440 1480
1238 1373 864 1395 923 702 365 623 1193 1 171 595 629 519
88.1146
45.9783

273 363 394 548 552 638 723 726 763 803 852 990 999 1005 1022 1179 1257 1305 1327 1344 1363 1435 1439 1446
570 1480 1165 198 674 798 776 1169 734 667 316 1362 80 397 1193 148 1338 564 289 1055 989 796 7 1203
141.3788
73.9872

116 139 357 497 585 586 597 628 652 884 900 1005 1151 1227 1230 1317 1380
1480 750 1373 450 606 94 1486 1146 1432 882 149 702 776 1154 1262 1345 1316
109.0903
57.9435

1 149 184 263 311 356 408 545 562 625 732 737 760 806 898 951 969 1008 1054 1074 1097 1164 1176 1261 1432 1458
1123 436 745 864 1167 762 1206 890 952 624 219 1297 1032 1468 725 712 939 1314 316 294 1256 376 366 878 1362 1253
153.8038
73.4687

6 32 188 372 432 495 535 634 745 806 836 878 879 960 969 1015 1238 1344 1385 1412 1483
312 1101 845 1131 789 966 1167 186 294 1151 73 1403 428 278 863 1170 529 670 226 168 923
146.3009
76.5572

82 236 519 526 562 655 784 989 1008 1097 1296 1467
123 810 509 327 1040 952 219 1270 492 1364 985 157
85.7764
40.4676

31 125 167 215 312 445 545 556 591 652 684 778 878 910 972 999 1033 1053 1223 1254 1324 1332 1377 1381 1393 1404 1489
294 172 397 845 508 363 1209 343 221 69 745 34 1155 1123 1484 160 810 1475 529 726 610 1403 1220 572 2 977 765
179.9664
98.86110000000001

12 40 244 340 429 477 525 679 684 798 803 910 972 1070 1123 1365
1467 1203 1480 93 647 490 335 316 682 619 243 110 117 1455 661 926
115.9202
59.115700000000004

177 238 253 353 408 474 475 537 806 999 1129 1385
312 1167 167 295 1478 674 977 411 140 578 670 952
73.8781
39.302

131 223 393 415 441 479 522 658 702 740 901 972 1340 1366 1377 1458
845 570 762 1254 343 1251 1402 1314 1170 43 1461 903 1336 1415 960 1333
99.6752
48.1568

44 80 124 134 175 188 264 380 491 597 606 759 795 989 1148 1182 1342 1460
1333 1028 1355 1106 1209 966 1123 1201 1300 173 960 170 647 1203 294 1154 1114 1348
138.6122
75.55799999999999

169 230 334 379 441 492 565 726 784 795 857 896 907 1013 1021 1031 1095 1105 1135
1433 173 123 589 198 1120 1068 1417 649 508 1182 859 1300 1380 420 1483 180 458 977
134.06
64.9883

68 284 316 379 436 491 527 548 723 1033 1070 1266 1278 1311 1317 1363 1395 1458 1470
570 1107 312 1110 1120 780 299 859 868 611 294 9 109 606 762 1314 909 1182 458
148.2312
81.6624

0 4 114 185 216 264 279 332 376 423 489 500 591 626 634 798 803 852 853 891 905 939 1009 1036 1332
221 1467 1209 93 1037 576 294 5 1028 1300 34 563 1417 904 167 923 19 117 921 991 96 1053 873 1032 1425
163.7519
89.96509999999999

37 86 184 427 446 457 521 525 588 690 766 778 840 884 910 974 1015 1050 1123 1163 1218 1238 1363 1431 1482
1467 1003 1131 1101 750 647 73 445 186 1475 878 428 1443 495 529 1195 278 610 373 671 1155 1102 1479 810 1393
154.0834
77.0522

55 498 601 617 709 804 887 891 969 1013 1097 1289 1319 1326 1431
186 167 649 5 704 110 1025 1043 1187 1011 295 624 1362 176 743
84.4066
42.5946

82 102 124 160 188 216 314 326 363 413 423 436 620 638 720 722 730 791 793 855 1010 1017 1063 1095 1116 1136 1164 1258 1283 1299 1385 1458 1495
294 1480 312 317 810 966 780 284 762 419 859 176 397 1167 1314 3 740 1373 416 975 448 880 1338 1006 1455 941 237 541 1345 1468 557 341 986
193.2092
92.5474

46 57 72 173 212 247 353 356 409 462 479 495 526 582 588 592 615 638 726 802 993 1008 1027 1056 1081 1299
397 878 198 167 1040 543 1203 1194 842 1278 1402 16 735 316 670 949 558 708 1025 61 1355 712 148 365 335 416
144.7242
74.3096

331 525 606 854 886 908 1118 1134 1223 1458
1333 589 1355 762 1314 998 149 1076 572 607
73.851
36.3464

96 119 219 1031 1038 1070 1254 1379 1438 1480
1238 226 1358 589 242 267 999 15 243 823
79.5276
40.374

86 135 238 552 714 1038 1081 1095 1412 1461
734 58 267 1449 140 566 110 1178 102 768
58.5293
31.1615

6 215 290 302 368 385 419 466 565 708 717 781 799 868 967 1009 1101 1136 1208 1256 1261
294 1467 397 1110 589 1297 1462 1068 950 667 701 1087 1007 173 725 956 812 774 991 108 1039
132.8908
68.3389

37 149 169 251 452 471 498 617 620 723 785 836 857 891 894 1070 1156 1162 1270 1276 1296 1310 1411 1428 1459 1480
1238 1106 397 1203 167 5 1387 1071 73 1427 704 495 448 316 1032 16 859 165 1055 1251 146 866 1089 1408 198 1337
152.5216
77.3652

22 139 146 151 188 202 203 224 311 318 326 355 422 445 532 543 568 575 606 649 755 798 893 973 1008 1104 1121 1177 1228 1340 1371 1394 1437 1438
1333 912 1110 1355 450 93 397 1 1251 966 1144 508 872 1107 1060 1248 1124 328 1092 682 40 1395 554 541 553 925 1319 1412 800 1393 705 740 765 185
186.2733
91.744

94 160 215 318 568 575 711 753 1223 1255 1274 1399
294 725 661 1495 419 921 698 986 834 1313 1248 572
89.4234
47.0378

4 79 150 226 324 363 434 535 620 628 669 694 888 1022 1044 1101 1164 1251 1268 1373 1418
1480 570 397 87 910 1118 195 698 1169 1144 448 736 439 34 701 762 7 1338 1189 1099 812
143.8289
77.916

166 236 432 517 592 597 701 711 795 906 914 1082 1101 1140 1186 1218 1268 1293 1329 1348
173 589 508 334 93 1395 731 73 762 947 365 558 1003 857 1455 879 838 1102 466 705
133.1547
71.9965

94 113 136 166 187 234 269 289 316 363 397 420 432 519 606 643 699 977 1005 1054 1107 1115 1138 1176 1177 1190 1229 1244 1265 1266 1393 1399 1404
1333 891 1480 436 1167 176 981 661 829 1355 299 1061 334 527 434 1300 211 1079 1172 1197 1234 1362 120 1102 224 1338 986 1379 73 508 1261 353 1461
202.7151
100.1747

294 396 446 682 737 906 1098 1128 1188 1208 1212 1254 1404
397 101 1146 891 921 966 1379 678 466 732 1345 1005 242
97.6514
57.6693

434 487 537 615 717 772 868 887 901 926 935 939 943 996 1100 1134 1422 1434 1470
312 397 891 950 794 611 576 1110 1333 180 802 255 34 132 726 1031 1061 1461 1222
120.2525
61.7843

36 68 82 119 187 266 306 475 496 626 632 671 759 770 794 896 977 1009 1034 1109 1157 1229 1277 1310 1329 1420 1451
1467 1106 810 891 1403 921 93 508 455 1291 109 1417 623 1387 1022 1486 1061 466 1148 771 1220 307 96 856 517 1033 77
171.472
86.6696

44 65 81 425 470 975 992 1022 1163 1339
570 1169 445 248 905 689 796 26 36 751
55.8113
26.9146

12 18 65 233 264 328 357 376 449 585 709 850 908 938 1050 1176 1268 1270 1292 1298 1322 1458
1028 1398 1209 1203 1387 985 1300 397 725 762 273 1314 309 347 1104 1189 1090 523 1313 530 778 16
135.1253
69.57339999999999

80 81 203 324 374 487 671 804 1105 1245 1468
1433 879 1086 647 455 1222 762 1025 1412 980 113
72.4288
41.3662

72 93 102 268 441 505 528 673 766 784 832 1025 1118 1135 1190 1233 1371 1411
633 589 123 1194 278 163 1071 998 1390 272 563 705 458 196 448 740 1027 927
96.7337
43.0348

92 223 236 359 443 900 990 1229 1254 1347 1418 1428
891 242 1354 167 1061 698 702 1071 1251 454 985 243
89.1169
50.3991

4 12 46 72 94 232 394 422 472 551 579 592 594 749 790 798 803 842 845 948 973 1007 1015 1223 1289
316 397 486 661 101 93 1040 494 1060 186 1254 1194 1124 939 36 774 572 117 750 865 80 9 682 1362 278
155.7182
78.0188

93 174 185 207 220 269 290 470 472 520 578 606 641 661 670 705 710 717 722 726 840 886 895 948 969 977 1023 1238 1241 1258 1365 1481
1131 1333 633 316 667 1123 1101 1355 198 623 219 335 1203 1373 455 115 428 110 570 529 728 1246 798 904 926 3 1390 466 734 1237 26 553
185.3749
90.5323

41 55 81 82 96 119 135 172 188 189 206 233 247 345 436 466 489 495 577 578 579 653 671 728 1080 1245 1332 1340 1365 1388 1394 1412 1420
667 780 810 921 1480 966 294 859 335 173 1251 912 1373 1439 397 260 176 221 110 880 273 623 1090 1449 670 58 15 1313 823 1233 926 883 965
184.9166
95.3932

69 100 472 861 923 1044 1139 1148 1290 1351 1487
85 1197 945 1146 780 508 1458 960 531 1234 978
75.6976
38.3293

105 127 244 269 340 410 519 670 738 742 748 798 884 923 1124 1233 1270 1315 1331 1338 1424 1467 1480 1489
1238 1203 509 294 1403 93 1022 278 1470 108 492 682 1040 157 117 1417 1456 397 1316 1387 1364 23 734 16
154.64600000000002
79.8031

22 107 139 148 195 255 259 316 321 372 471 504 528 546 548 597 620 625 658 763 785 793 832 999 1115 1163 1199 1210 1398 1455
667 1110 397 1209 211 745 1417 278 909 1427 1076 582 73 299 445 1102 648 1254 450 661 126 1261 1074 448 654 1154 939 1300 977 1314
185.0256
94.0579

69 175 233 277 294 321 334 346 408 415 424 445 498 527 537 622 656 852 913 1031 1179 1218 1245 1273 1310 1348 1370 1394 1487
1433 1106 780 667 589 398 101 466 1475 1362 726 1090 1170 59 365 508 1380 978 868 64 1313 1395 1338 1005 765 909 952 553 428
172.812
91.0358

37 40 145 167 187 216 252 292 293 316 372 420 423 441 442 496 525 527 638 650 903 935 966 1071 1093 1192 1223 1264 1283 1301 1373 1396 1404 1435 1446
294 1209 409 780 667 1455 624 299 73 490 1278 946 1078 1009 868 495 1365 221 1428 619 267 1172 1379 800 197 1338 1215 1155 1032 773 449 989 91 985 644
210.7452
113.4922

46 150 216 422 429 631 679 740 783 948 1115 1120 1308 1326
316 1470 1428 1060 1040 1102 912 211 1402 203 1253 960 1484 541
94.9432
48.9037

124 290 324 544 601 868 886 888 972 1117 1163 1268 1363 1400
1254 445 1104 1107 17 762 379 1151 1189 956 7 950 343 275
95.9347
56.315

6 42 61 84 93 127 134 151 160 265 489 578 903 911 935 1078 1232 1361 1366 1432 1446 1468 1477 1489
633 667 1433 419 780 363 101 1123 9 570 1256 666 624 416 1416 651 616 1203 1086 989 986 1390 1479 1455
143.2759
68.3623

81 277 334 345 794 834 840 1033 1181 1291 1470
1433 667 312 623 97 611 1110 1258 1475 1484 1380
91.696
46.772

89 109 145 292 314 334 356 790 923 1096 1116 1218 1258 1306 1412 1441
1433 294 56 284 624 1254 1102 316 732 58 1380 800 712 3 166 595
109.5738
55.2785

76 79 91 117 136 184 355 441 452 454 475 608 625 632 660 661 861 918 959 1022 1111 1121 1128 1146 1238 1254 1324 1330 1332 1338 1374 1379 1424
1131 570 1101 1358 294 745 397 1203 224 1107 824 999 740 1470 529 384 939 538 1482 965 363 428 732 822 17 900 712 795 841 917 1169 464 328
190.4306
96.9758

18 65 119 264 277 361 381 409 432 436 443 525 549 562 629 632 652 710 809 969 1020 1025 1074 1100 1264 1283 1437
667 1209 780 172 1028 842 794 859 397 1300 878 219 952 1278 449 1167 167 1061 880 1475 1104 73 985 734 1237 1191 1092
176.2086
91.5241

1 6 62 195 279 699 700 804 842 973 993 1004 1009 1020 1073 1128 1135 1258 1316 1356 1379 1433 1439
1467 1358 1398 1420 397 101 1209 979 872 939 1278 1124 1102 885 1206 211 36 1123 1314 732 798 789 1025
144.94389999999999
73.3676

242 252 273 302 304 487 522 992 1110 1117 1232 1264 1292 1310 1327 1329 1344 1489
397 1106 93 363 322 508 667 1165 1278 80 43 1274 772 449 1222 1248 857 59
123.33370000000001
61.9013

12 279 367 376 383 443 556 568 671 711 772 845 1100 1162 1439 1461 1480
1238 486 912 734 167 397 255 794 834 1327 802 1061 438 652 774 1076 566
124.0074
68.1097

321 522 535 784 949 966 1076 1104 1186 1326 1329 1331
409 123 93 224 508 1078 962 1148 267 1170 43 748
92.3325
47.6894

4 41 238 301 332 386 404 415 425 445 455 562 694 700 751 785 795 845 855 878 982 992 1009 1135 1148 1166 1182 1218 1257 1344 1363
1333 1467 101 486 173 1151 224 397 176 1144 952 260 780 44 564 1439 933 9 1400 1170 1458 170 97 1278 726 6 219 960 765 774 1332
187.8852
92.5368

84 299 301 363 469 478 522 593 694 1107 1109 1138 1238 1281 1301 1366
1028 1131 1071 570 1101 1144 176 1234 353 428 243 1338 1480 1461 529 773
113.4978
60.4878

149 195 230 242 316 360 472 590 634 770 822 834 900 989 993 1076 1105 1139 1265 1339 1400 1458
397 294 1209 97 1106 299 1197 1300 1167 211 1314 725 508 1278 1131 762 864 748 869 1237 772 1254
154.1741
83.0506

30 68 167 359 466 923 1023 1290 1327 1423
85 1209 1354 109 1146 798 173 289 1155 160
74.252
38.7848

44 173 306 328 367 548 608 703 705 851 884 938 975 1305 1315 1327 1338 1347
1022 750 1123 1470 798 443 1355 1104 1387 273 949 289 538 248 1193 1246 905 708
118.34519999999999
63.475

22 372 374 489 521 634 732 832 840 853 972 992 1241 1382
1110 890 294 1106 879 1327 923 1169 1155 5 1195 458 737 20
85.4729
45.4213

40 69 84 221 253 363 377 527 577 590 634 638 653 661 809 818 967 1020 1117 1140 1208 1257 1420 1440
312 1480 780 1131 921 1428 508 667 16 1455 868 731 490 1169 517 619 1338 923 1 1100 78 941 777 1437
147.3429
77.3397

4 46 206 207 220 228 230 242 312 340 432 436 535 598 649 676 763 802 845 1001 1005 1029 1053 1065 1146 1289 1324 1370 1393 1395 1396 1399 1418 1428 1483
397 508 780 486 1480 859 776 1123 398 611 1168 317 101 1203 466 1040 872 1107 434 745 946 139 1378 73 110 1131 1220 880 9 1170 774 807 69 1009 485
213.8426
113.7494

139 355 441 746 842 907 914 1063 1138 1460
317 294 1300 450 829 353 36 865 939 603
81.4796
49.2893

36 89 100 113 189 246 304 345 359 393 427 492 544 552 703 770 772 832 862 960 1025 1047 1076 1097 1129 1134 1210 1273 1290 1300 1347 1403 1437
1238 667 397 85 1354 317 1104 294 23 1123 1101 143 1107 17 1455 648 211 255 732 1146 661 1362 564 1274 384 734 295 1230 623 1092 1234 173 411
186.7201
89.9684

14 131 136 268 300 377 396 410 455 551 554 749 781 790 836 854 857 896 947 992 1021 1078 1139 1146 1177 1258 1340 1412 1424
224 397 1107 101 1417 1151 1197 1251 424 859 912 835 294 1076 58 966 1102 798 1169 917 1254 1416 457 3 1413 869 493 495 1055
171.9965
89.132

96 167 302 306 332 356 363 368 454 487 520 638 773 852 879 887 973 993 1017 1078 1104 1109 1129 1245 1286 1347 1368 1370 1398
148 1480 1209 294 284 224 397 398 1076 1278 789 1261 1237 576 1124 678 800 15 1416 1338 712 1155 841 979 731 295 160 838 376
177.7806
90.8043

4 545 562 710 845 1017 1179 1361 1381 1393 1434
486 1480 397 434 952 101 219 9 1378 404 774
85.8216
46.9917

76 184 203 316 406 434 592 632 653 673 701 759 778 818 832 886 974 1117 1176 1404
1428 1209 294 878 299 163 1300 305 34 1379 864 705 436 1455 965 690 607 802 458 1412
121.9027
66.455

124 172 216 218 254 259 314 338 363 491 577 582 714 728 760 783 797 839 851 901 966 975 1002 1050 1105 1140 1182 1276 1302 1379 1395 1458 1489
1480 409 1470 1358 1373 1333 284 273 294 267 762 391 1427 1032 1078 863 466 1461 230 999 411 1114 1253 334 1314 731 170 629 248 1472 1357 1437 1432
189.0461
92.3711

42 253 364 413 590 749 876 996 1018 1176 1317 1431
624 606 94 132 1031 965 1399 1286 989 1283 529 270
54.6787
27.9902

0 31 32 43 63 76 135 263 475 526 620 655 694 1010 1044 1139 1157 1251 1399 1444 1455
397 1197 909 1291 1144 226 195 1387 864 448 736 910 1449 1074 558 541 1421 341 986 1075 1220
123.2658
61.5232

0 238 334 341 344 1013 1199 1241 1276 1348 1403
1433 649 143 1395 1327 294 909 582 1380 295 64
84.4337
49.1468

177 228 242 374 451 551 615 717 756 797 1065 1095 1175
397 1373 734 878 879 745 946 772 774 317 1237 629 139
78.4442
37.7284

226 300 363 611 802 901 1071 1254 1265 1296
294 1480 439 1362 1022 242 1333 16 466 1461
91.7109
52.6625

30 228 255 264 280 328 363 432 433 487 504 582 594 596 638 660 679 732 821 839 855 941 949 1001 1025 1196 1218 1229 1243 1340 1401
891 397 1028 1209 1480 878 890 317 1251 912 1061 73 126 939 404 946 176 1300 1233 273 230 1102 900 27 1338 1222 1437 1291 32 962 448
181.0768
89.3368

36 187 479 521 525 653 1054 1266 1391 1409 1429
436 1403 1167 1261 142 77 1195 1262 564 737 1253
69.1187
35.318

114 290 637 701 839 886 951 1025 1031 1138 1216 1382
589 366 1106 353 230 147 272 23 20 1455 705 448
78.17229999999999
41.0213

33 251 419 469 742 1096 1097 1233 1257 1459
1110 108 1427 1362 563 391 789 146 735 1313
68.3931
37.9369

22 221 252 311 363 419 425 705 738 895 1115 1255 1399 1441
312 1110 1480 1123 278 623 1313 166 211 728 1102 199 986 16
109.00240000000001
54.1799

221 265 300 332 374 441 478 793 1296 1411 1461
312 734 16 879 563 933 5 1413 1071 869 416
72.6183
35.9004

6 92 96 131 184 289 297 312 383 461 544 554 670 798 861 926 938 959 973 1100 1118 1124 1190 1230 1265 1296 1482 1489 1495
1003 589 363 1333 1387 69 912 891 1417 794 93 424 1167 1104 17 878 1079 117 726 1373 1061 725 807 734 1260 1220 975 897 373
185.947
90.9571

72 134 137 244 367 472 543 590 699 781 835 878 1022 1156 1189 1200 1399 1401 1422 1495
667 1203 570 845 397 1123 745 1194 443 404 975 683 812 1288 926 986 22 1260 1169 1332
135.3486
66.6658

86 219 703 809 1043 1181 1258 1268 1270 1296 1455 1458
226 909 1203 762 1104 36 1314 1205 147 1387 3 1421
91.39150000000001
50.5963

125 135 187 197 202 514 893 1009 1115 1177 1192 1201 1254 1438
1467 242 1107 619 211 1102 1402 1319 558 310 20 1449 1484 1494
94.6383
51.7382

65 137 588 596 773 972 992 1053 1095 1123 1373 1491
1467 508 647 678 1032 939 22 335 313 1040 379 546
81.5288
41.3274

4 27 33 43 78 84 100 138 145 173 174 185 232 301 306 324 543 592 620 660 710 791 795 834 1047 1229 1230 1259 1308 1315 1380 1382 1385 1412 1434
312 397 1022 891 97 436 1106 294 1107 558 494 762 167 1167 1373 1355 448 391 58 882 670 735 40 949 812 624 86 904 977 94 1348 356 1279 20 1061
195.6123
98.3304

1 65 69 93 103 252 316 341 364 455 597 632 673 723 748 785 900 910 943 975 1002 1018 1096 1097 1291 1351 1489
633 397 1123 363 224 1209 780 508 1300 101 1151 299 163 248 143 726 1258 1403 810 1168 945 1441 1206 1316 149 610 702
172.1431
88.6648

76 109 253 277 309 436 526 582 781 1076 1129 1162 1306 1351
667 397 780 56 859 1475 864 295 880 945 411 748 595 1151
101.5003
49.7925

78 226 355 704 708 733 737 821 887 996 1034 1124 1329 1431 1472
436 1022 508 439 93 1068 1417 108 167 623 16 59 1146 1319 494
119.3443
68.8729

102 238 255 304 311 334 367 385 431 588 629 647 676 755 923 966 1015 1080 1143 1255 1299 1472
1433 409 294 1251 1395 1157 186 278 654 267 909 1078 443 1274 1380 1313 16 365 149 126 335 4
139.4249
72.9614

22 376 477 969 1047 1196 1232 1316 1399 1440
1110 1398 1107 27 704 661 179 986 554 778
63.102599999999995
32.3496

92 96 160 293 331 364 598 676 829 992 1227 1264
667 1278 419 359 979 1486 449 531 183 243 823 15
89.1139
51.4875

55 233 297 311 364 455 466 527 655 673 783 941 969 1123 1133 1344 1363 1371
1467 1470 101 1151 224 647 391 868 173 163 176 183 900 1090 1313 541 1416 443
117.8082
61.1506

1 82 116 117 264 594 722 1020 1120 1429
1123 1209 1028 810 1428 740 1373 1206 1300 712
79.3093
41.2461

44 182 187 294 340 632 660 794 840 975 1117 1128 1186 1241 1277 1300 1311 1324 1327 1371 1428 1491
1480 101 623 798 22 1455 661 1032 436 257 705 1251 905 1005 1230 59 307 838 118 248 289 751
138.3614
78.9714

2 48 125 277 355 431 441 449 821 888 1002 1368 1418
667 1398 284 792 1475 698 576 328 7 530 325 838 1151
89.889
47.3407

49 269 346 367 472 477 478 489 634 702 845 1036 1138 1409
486 891 1417 277 101 443 923 1415 661 353 945 774 1262 966
86.9937
41.7734

114 172 182 184 226 346 359 363 390 410 413 436 451 477 525 548 565 625 670 679 737 783 908 989 993 1151 1186 1212 1360
1480 1470 1022 780 1373 859 1354 391 439 397 939 327 745 1278 661 999 880 1099 878 834 1262 838 149 1345 1193 734 557 1437 1403
165.5893
80.554

220 254 372 839 1047 1148 1227 1308 1326 1470
611 312 411 1486 1110 1107 960 230 1458 704
63.9725
31.178

44 114 174 318 324 345 361 368 393 424 551 611 629 647 1029 1140 1199 1347 1437
1251 1395 582 1168 731 1157 466 1078 1362 1092 490 623 1338 64 38 171 71 259 1188
110.4706
56.9563

175 187 232 233 246 269 300 469 519 620 803 852 913 1056 1315
1022 448 316 494 1413 667 242 1313 799 784 549 869 499 1364 341
87.6481
46.4975

22 92 113 170 207 284 301 321 582 606 669 738 773 887 895 973 977 1121 1179 1238 1276 1289 1338 1351 1437
1333 397 570 1131 1110 1355 930 1101 9 278 623 455 678 87 728 1124 428 529 243 945 1362 404 420 1092 495
163.6491
83.5976

32 46 233 254 264 356 363 396 445 606 625 806 835 1123 1290 1291 1432
667 1333 1467 85 1480 1028 1258 1300 624 1355 647 1040 1209 745 226 411 1168
143.5713
73.4663

14 174 332 504 548 592 593 670 868 878 879 969 1012 1143
845 950 789 745 933 563 1332 558 786 1193 956 734 38 913
93.4756
53.0885

385 514 649 802 850 1078 1116 1162 1244 1381
294 1 872 16 741 1416 979 457 1494 97
58.6969
30.7449

36 72 86 166 279 309 355 397 496 521 568 676 708 709 720 728 1467 1470
509 829 312 981 1068 334 1403 108 1040 611 623 273 157 527 1110 1327 564 1194
142.9254
77.7918

86 119 220 242 252 273 277 446 452 458 527 585 617 669 972 1201 1233 1254 1276 1331
667 397 1063 704 1475 1165 1402 87 80 1071 868 136 172 772 310 734 198 1191 563 761
128.4823
70.888

49 55 102 109 420 669 730 854 1259 1265 1338 1373 1434
397 277 87 1470 1167 1003 56 1172 740 1365 966 725 1076
85.8795
47.1368

36 72 125 172 185 203 264 306 322 340 435 528 702 704 717 728 772 804 876 887 967 996 1072 1111 1196 1273 1283 1311 1344 1348 1440
1480 845 1028 1209 1403 397 1373 1395 273 294 1194 1300 255 674 564 1022 1415 278 27 22 736 1428 449 904 1486 822 1 1089 132 774 919
184.89170000000001
94.0523

36 79 117 148 202 203 228 255 301 548 658 784 793 821 834 879 887 905 907 966 1010 1208 1281 1326 1361 1395 1477 1489
294 97 409 1254 123 363 1403 73 789 1417 740 878 903 933 654 1300 1078 466 1191 267 712 564 1193 863 77 126 619 532
178.6187
92.57169999999999

38 57 62 105 136 151 301 340 367 380 454 853 886 900 986 1097 1098 1129 1189 1259 1368
1480 1028 284 1146 576 295 224 397 443 917 795 391 533 1288 838 411 841 149 811 1362 511
123.9207
62.8823

30 53 68 306 424 705 891 1097 1105 1388 1422
1123 167 5 109 165 1022 1338 64 1246 330 113
76.4301
43.3297

22 69 92 102 137 174 182 220 230 324 385 423 435 491 565 592 617 620 671 704 742 840 949 986 1056 1101 1111 1122 1298 1363 1388 1393 1401 1428 1470
1110 508 780 397 611 312 1131 985 1118 434 486 1398 38 1114 674 822 962 558 701 448 309 1155 762 1291 812 1265 404 243 533 1281 136 108 318 740 554
185.6345
93.923

182 294 355 548 670 1018 1265 1301 1317 1344 1365 1391
101 335 1167 606 661 110 197 1193 725 1005 59 773
84.4282
49.0036

253 322 353 359 527 545 671 702 760 784 948 1044 1053 1076 1081 1129 1182 1300 1339 1361 1371 1477
845 508 123 167 1354 316 295 1455 868 1415 1428 666 1032 705 1373 411 865 1461 689 428 69 407
138.4101
73.7621

31 247 300 301 419 458 469 472 549 578 585 597 745 786 840 879 894 896 986 999 1015 1135 1137 1188 1344 1348 1418
294 1123 1110 667 789 186 1063 1395 1151 903 1155 172 365 678 589 278 698 1413 566 564 490 486 674 846 595 1256 916
152.90540000000001
76.5848

40 167 169 446 514 753 757 852 969 992 1131 1137 1192 1437 1447 1487
1433 725 1209 278 1467 1455 903 490 879 978 1106 619 1483 1494 1155 421
103.9779
52.2125

0 93 136 150 189 259 331 368 432 487 552 579 593 622 652 676 699 714 790 793 845 896 910 947 1044 1093 1123 1190 1201 1232 1286 1360 1380 1422 1460
1467 633 486 397 172 1427 647 101 224 1254 73 1032 734 1402 1102 589 917 1390 882 495 686 610 1222 1441 834 261 443 1417 9 213 1012 46 376 137 203
178.7148
86.7942

49 93 131 259 326 383 404 408 409 410 470 500 622 804 842 906 993 1133 1139 1281 1286 1361 1409 1429 1437 1495
633 912 1278 455 1197 878 1427 1025 277 780 751 939 1092 466 872 1262 865 975 80 1260 36 421 1298 1212 1390 26
159.1641
80.6803

37 53 269 386 474 487 514 590 637 658 766 781 791 794 896 946 1009 1027 1063 1076 1095 1188 1216 1278 1385 1444
312 397 1467 317 294 903 73 623 667 740 1167 1417 33 909 495 97 678 1254 1222 147 23 1494 1098 1178 761 853
144.789
69.4396

100 138 266 410 517 582 588 594 748 778 868 1179 1361 1434 1468
1433 950 397 1403 762 1086 1475 1274 947 404 1362 1316 1127 335 956
95.9267
52.6331

14 42 62 87 109 117 119 151 360 443 462 603 625 632 638 896 1074 1243 1396 1411
1238 167 740 1417 745 989 1009 611 1071 39 8 781 56 264 1167 712 939 179 595 1206
127.39920000000001
62.8292

135 160 254 304 410 434 537 603 723 973 1043 1073 1160 1270 1345 1379 1403
397 1238 1358 1203 411 419 8 201 1124 866 999 1125 149 384 364 781 16
130.5312
70.6589

103 424 432 447 702 710 903 917 1181 1283 1301
845 1071 780 73 1461 1338 979 1415 64 1215 773
84.1236
46.6431

340 532 682 783 834 938 941 1227 1302 1381 1422 1467
509 1470 97 1480 891 921 1040 1486 391 1387 492 1317
100.2723
52.2037

0 116 273 374 442 498 702 1281 1368 1399 1423 1451
845 1165 284 576 879 80 1415 838 5 872 1191 986
81.13719999999999
41.4714

146 346 357 374 390 393 445 592 629 748 852 1072 1182 1395 1418
698 1144 879 1403 466 170 863 1316 999 180 765 347 1432 558 5
92.8409
51.2509

12 69 127 172 247 427 549 669 785 836 990 1080 1199 1311 1368 1437 1459 1467
509 780 284 492 1040 87 1480 576 22 1373 508 1092 582 1123 1055 78 157 146
115.151
55.4992

91 119 207 264 294 537 591 760 794 799 975 1065 1277 1324 1377
221 1209 1028 623 101 34 745 1300 1005 17 1007 495 661 343 1032
128.0402
76.4366

1 22 55 103 114 146 207 215 355 380 472 637 653 682 705 722 728 755 791 794 852 855 905 947 1020 1078 1347 1489
1123 294 1110 363 891 176 495 1144 273 1206 1416 623 921 1373 1246 736 1053 979 771 838 662 457 1188 554 168 199 800 3
143.12369999999999
65.1349

32 36 138 247 300 304 360 377 504 578 586 757 793 891 982 1053 1157 1200 1238 1244 1340 1433
667 294 508 1209 1101 1467 1420 1403 1251 912 5 1291 989 1233 1169 428 683 1131 564 869 1387 979
151.5784
80.7259

12 68 94 113 116 117 131 149 170 221 268 301 316 357 436 447 469 650 730 914 939 1031 1111 1123 1146 1329 1351 1385 1388 1495
312 1467 397 859 589 1209 780 661 93 109 647 299 930 294 1300 740 16 576 864 1167 508 979 975 1203 712 180 449 789 143 1260
196.5162
96.3183

14 46 48 65 100 182 232 234 279 289 309 311 364 419 423 543 568 579 641 653 690 703 888 895 967 993 1018 1029 1105 1122 1131 1255 1365 1404 1411
1433 1110 294 623 335 226 1104 1358 1040 1313 278 110 40 728 1278 1087 39 1168 494 7 1151 926 1079 466 1146 553 1012 1283 165 812 19 1129 881 113 1327
189.2845
98.3441

2 40 57 72 137 187 189 215 252 269 292 357 364 386 394 449 457 458 462 629 699 700 740 773 783 1015 1152 1257 1302 1311 1332 1424 1483
294 1470 1398 1238 1194 1403 792 22 678 1063 97 391 1455 1253 490 1402 800 186 619 1032 101 559 667 761 313 1393 1126 1317 671 4 278 172 530
173.7943
82.5981

6 32 42 119 184 226 396 497 528 755 914 1083 1157 1160 1394
397 1022 1387 439 966 1291 278 1146 878 201 879 1479 1099 1191 683
102.1216
51.9639

0 145 175 230 236 244 269 372 458 487 491 590 625 647 652 682 732 766 993 1065 1123 1181 1292 1340 1363 1365 1377 1418 1491
1467 1251 745 172 1063 1203 343 508 891 1157 921 335 912 1278 110 1233 624 1114 1395 890 139 1222 443 1131 698 922 939 579 735
162.2253
69.0692

2 46 91 172 177 238 404 470 886 895 896 947 1098 1216 1266
1003 623 1417 792 1480 1373 780 1146 17 728 751 670 1278 140 1040
106.0887
58.4658

102 169 383 449 452 562 795 913 951 973 1131 1223 1274 1483
1433 1398 912 173 278 1495 366 698 952 1124 921 219 800 799
113.05630000000001
61.3741

12 368 551 723 894 900 1054 1071 1078 1138 1245 1356 1391 1438
294 436 7 353 872 1167 985 702 1261 979 1393 142 25 1337
93.1468
46.849

37 93 189 346 353 422 477 556 597 629 697 699 723 740 795 895 913 1047 1331 1342 1431 1439
633 173 1107 623 73 1060 1201 1106 728 529 167 652 495 455 7 704 1348 1055 535 1402 799 661
142.578
75.2983

18 30 48 107 182 215 253 368 479 522 526 527 565 591 730 851 878 973 1045 1096 1124 1210 1239 1243 1428 1460 1467 1482
294 221 1420 509 845 1003 667 648 492 745 19 661 868 34 1104 43 373 157 1074 371 641 1456 953 1251 1332 1281 700 1163
160.712
75.5102

32 119 145 160 175 191 218 299 324 380 381 390 544 565 603 700 759 803 829 1023 1045 1047 1073 1074 1076 1134 1228 1302 1394 1491
1238 1028 294 624 1291 1107 419 979 912 1104 8 168 359 1032 115 781 101 704 1167 1123 748 1317 69 347 873 17 305 1455 531 986
166.8603
81.0538

36 135 136 151 195 263 280 290 299 532 590 601 603 643 682 703 760 793 898 1065 1228 1244 1311 1332 1370 1435 1447 1468
1238 1028 397 1403 398 224 1433 1106 921 745 917 891 77 211 8 22 1086 1486 1032 1074 912 564 781 716 1071 1449 1314 464
161.6787
76.5831

146 169 175 436 489 525 669 694 757 760 839 900 906 990 999 1009 1063 1071 1098 1122 1129 1152 1182 1332 1418 1432 1444 1477
294 1467 780 1144 317 859 603 466 1032 1146 230 624 295 397 698 702 880 800 674 666 965 7 170 411 1256 149 991 734
159.2065
75.5102

18 30 187 340 408 413 427 443 451 498 548 620 673 728 794 1074 1113 1116 1164 1391 1396 1400 1422 1489
294 1480 1123 167 611 623 242 1167 1193 273 1009 142 1104 143 91 1254 275 448 1237 163 363 1468 736 740
134.8219
65.128

31 184 410 492 582 723 948 977 992 1216 1373 1481
316 1068 878 173 455 7 1365 1040 23 147 866 466
77.57
42.9989

31 102 109 195 207 224 268 355 361 385 404 424 441 497 545 562 620 716 818 842 879 888 911 960 993 1088 1131 1151 1162 1254 1296 1396 1422
1433 397 1238 101 1428 789 780 1278 611 219 952 448 56 1009 1146 242 1101 1314 7 495 211 939 259 616 1338 651 740 391 1449 985 328 1393 751
199.3854
103.8622

12 14 72 125 321 356 413 451 470 532 594 701 705 730 759 809 832 888 901 1001 1033 1047 1070 1093 1129 1274 1317 1351 1391 1424 1451
397 1123 1333 294 698 1387 1032 1194 921 305 1495 26 1246 945 1461 712 450 1484 704 316 1455 120 411 7 39 1151 142 94 295 694 1107
163.6322
83.6088

427 562 591 637 641 700 705 723 795 850 868 888 974 986 992 1021 1025 1190 1241 1270
1123 221 1203 173 219 7 950 952 264 101 34 1327 1246 1387 272 1151 1348 533 448 956
141.6893
73.4064

4 84 89 138 175 212 251 363 379 504 527 629 637 673 861 893 959 1006 1020 1116 1163 1302 1356 1368 1377 1477
294 1120 1480 284 445 576 872 543 868 1338 1253 1427 163 1182 129 666 732 856 1317 897 426 1233 1319 49 343 448
137.934
63.7079

100 290 340 341 356 357 436 479 505 597 697 888 947 973 1034 1097 1190 1241 1292 1331 1339 1348 1360 1440 1458
1480 859 780 143 762 1327 589 1395 495 1124 1314 689 712 316 880 856 1362 463 7 365 595 1033 9 800 1234
140.409
71.6902

2 55 119 135 252 309 318 390 406 410 419 455 461 537 592 601 861 941 976 1047 1095 1277 1301 1305 1306 1345 1368
1333 1071 1110 224 792 284 1151 101 1387 148 1125 558 397 652 1107 56 900 1087 838 307 853 773 576 1449 389 32 1191
163.6838
85.9925

236 396 451 578 647 852 939 1096 1107 1216
667 176 1251 1157 576 180 966 1234 1395 147
77.5977
41.8113

93 124 138 145 233 280 374 429 455 514 746 772 1038 1083 1141 1151 1223 1261 1317 1394 1407
633 862 101 624 224 294 1480 255 1297 606 267 863 879 1061 1180 725 1090 1085 221 572 1262
138.4987
72.1672

4 224 244 341 423 514 525 755 783 854 878 906 1117 1156
1470 1203 845 466 1449 745 391 463 143 1332 1393 1494 1129 1076
90.9765
44.7688

41 61 184 203 234 253 309 322 332 364 475 551 575 620 783 862 1008 1021 1031 1111 1124 1143 1163 1175 1199 1257 1310 1439
589 1470 1106 397 23 9 1428 1248 211 878 448 667 445 933 1456 143 822 582 391 919 1417 563 1412 482 260 457 1345 420
159.6849
79.0332

12 33 48 254 280 299 340 381 415 470 514 625 631 650 714 722 993 1027 1128 1189 1208 1210 1305 1377 1395 1460
1028 1480 667 343 745 411 648 735 1040 391 863 661 148 1170 1253 912 1278 1373 881 466 180 531 1288 1494 367 1007
151.24699999999999
75.8717

41 151 332 372 379 442 457 495 594 626 969 1033 1166 1393 1418 1472
1120 1182 698 1484 434 563 1439 933 260 670 458 671 16 1378 1226 61
94.2766
48.5157

96 279 300 397 469 474 500 545 1105 1440
829 981 1197 527 903 15 1327 1413 455 226
87.8169
54.9683

55 264 449 520 608 629 634 704 798 1265 1360 1385 1489
312 1167 1398 1209 1028 363 93 1300 923 921 117 530 674
103.3342
52.9256

109 294 326 424 433 525 527 594 660 797 894 1129 1186 1296 1393 1481
1373 101 295 434 868 1270 1338 56 411 1378 1005 629 661 1355 59 595
103.71209999999999
59.4671

4 65 117 151 185 230 344 442 495 714 722 728 821 1001 1013 1027 1143 1162 1251 1268 1274 1338 1423 1459
1470 508 1495 736 649 740 1131 921 195 1373 273 295 910 670 589 712 1189 904 529 146 377 1043 61 698
143.6082
76.6913

33 57 81 94 116 189 254 259 266 289 346 355 415 419 422 551 626 653 661 669 711 722 893 914 917 976 1044 1113 1166 1301 1345 1360 1435 1495
397 1071 1131 1110 411 1427 1060 1260 87 834 1373 734 1079 879 1170 999 975 391 735 1125 1362 328 1265 773 726 1319 1042 701 1256 91 1402 1274 197 1313
171.9386
84.4648

413 433 742 753 763 806 876 1100 1123 1257
1467 725 647 794 108 1061 667 1478 989 443
63.9994
26.6643

48 76 96 103 279 322 331 598 658 676 770 806 836 935 969 989 992 1044 1118 1176 1189 1200 1257 1261 1310
589 1106 1254 667 1297 1327 91 725 864 903 683 1428 998 823 3 1288 650 15 1055 838 884 374 811 965 1392
138.6721
70.2287

107 151 187 228 297 302 376 422 554 626 699 701 737 738 772 903 908 1025 1140 1166 1233 1251 1259 1283 1301 1308 1345
1071 780 278 397 424 195 1060 255 878 317 910 946 1125 244 731 773 1074 197 149 929 778 705 448 1455 58 137 1215
164.8031
90.1998

1 43 87 113 228 236 280 332 360 429 454 469 477 525 652 705 728 818 911 959 1027 1134 1136 1151 1232 1233 1273 1289 1299 1344 1345 1351 1360 1414
1123 397 1480 264 603 1428 878 179 101 273 989 1003 945 143 1246 172 616 897 317 1125 795 661 946 365 199 662 363 1483 563 564 221 1242 789 1206
187.7767
93.0704

312 346 381 457 528 578 717 751 755 923 946 972 974 1105 1245
1333 667 69 740 278 1123 726 1237 226 531 774 1220 113 1393 807
117.2321
68.2893

6 102 105 195 244 273 314 368 379 443 489 532 582 603 615 647 669 697 797 868 898 903 973 1017 1050 1131 1182 1382 1391 1400 1451 1481
1433 1238 780 294 1203 167 1254 1373 284 1157 1120 1106 278 1395 629 740 1124 450 781 8 170 1165 950 956 211 1251 275 458 579 87 1314 929
187.9989
95.1979

93 332 385 471 535 631 652 748 1101 1282 1395
633 486 172 1118 912 701 863 563 466 1269 1316
95.9231
54.479

125 160 166 234 251 305 381 413 435 497 514 526 551 594 653 655 671 717 726 732 853 926 951 1105 1143 1256 1259 1270 1274 1282 1290 1331 1379 1432 1495
1203 486 198 1358 1146 85 294 419 890 1260 891 366 1427 334 270 771 698 921 975 624 1345 1101 725 999 1462 774 132 1362 1089 16 1387 1455 377 541 964
194.0093
92.9037

18 103 160 218 219 244 306 470 521 617 697 726 794 1012 1025 1111 1208 1212 1228 1296 1371 1395 1458
1203 198 226 397 466 623 419 704 762 1314 180 912 863 1205 1104 1195 531 147 1455 771 449 1006 822
145.1188
73.4563

18 27 84 187 207 345 427 433 438 517 565 628 717 720 746 821 901 951 972 1129 1137 1345 1382 1422 1424 1441 1468 1489
1433 1123 363 1333 1106 366 903 762 1086 91 295 879 670 411 623 1104 1125 1461 166 20 1180 314 1237 341 416 379 493 947
150.7069
73.6312

33 641 726 746 806 1021 1053 1065 1072 1151 1162 1311
198 508 1480 219 22 391 745 578 735 1180 1203 1478
75.8601
37.807900000000004

68 114 185 254 396 551 554 730 740 822 935 1038 1105 1156 1164 1339 1396 1418
267 611 1009 869 424 1402 109 411 226 698 966 689 1468 91 1188 1126 904 960
105.413
52.5347

2 27 89 100 151 195 297 443 479 492 597 629 711 722 791 802 853 886 935 969 982 1070 1175 1200 1218 1223 1227 1251 1258 1289 1327 1404 1433
294 1209 1068 798 792 397 1420 1358 91 1373 979 1387 910 173 289 3 1486 211 167 670 732 1314 519 885 6 736 834 314 683 572 16 1154 789
180.8847
96.522

37 107 169 206 264 341 390 449 472 634 649 670 679 783 795 898 1023 1128 1137 1162 1166 1329 1382 1385 1446 1455
312 1028 173 294 909 1209 93 1470 1398 1167 508 391 73 903 1106 872 1 463 857 495 1148 143 923 1483 1230 732
168.63739999999999
85.325

1 42 92 170 277 331 356 420 427 626 732 794 1082 1088 1116 1291 1348 1491
1123 294 667 316 890 623 930 1258 1395 391 1032 1206 243 712 365 1168 985 1172
116.681
55.5504

14 79 80 100 263 284 383 504 528 552 554 671 757 791 910 1012 1063 1070 1072 1082 1148 1286 1332 1420 1470 1472 1487
294 570 312 317 611 1110 424 278 921 9 1467 960 734 243 39 912 1458 610 647 227 1074 1061 376 883 517 16 1233
167.9958
90.1695

279 290 368 385 409 475 784 879 993 1001 1060 1266 1331
123 842 878 789 1327 1278 625 1025 735 786 108 336 586
84.5693
45.115

0 145 185 224 314 326 427 433 436 489 528 532 585 593 694 702 738 804 901 989 1076 1081 1157 1182 1218 1327 1385 1411 1424 1429 1439 1446 1459 1477
312 278 780 284 845 1123 1387 859 1144 624 327 294 798 1393 1415 1167 1333 1449 1291 666 748 450 289 1025 170 1355 1461 38 880 1011 1102 815 58 1220
184.4546
88.3276

170 301 355 360 368 469 543 591 703 1005 1111 1152 1196 1373
221 264 930 989 776 1104 27 812 822 449 40 789 19 328
96.8019
53.5083

84 146 406 491 568 722 835 1146 1268 1296 1437
667 1144 1114 1373 1092 1189 389 155 1203 459 371
71.0728
36.16

203 413 647 738 742 802 854 884 913 923 996 1200 1233 1306 1371 1385 1441
312 750 278 1251 1157 166 1167 1395 108 56 683 531 563 553 58 705 132
108.94630000000001
51.9759

226 242 491 603 717 851 1043 1083 1179 1199
1238 397 1022 439 36 8 1114 1362 781 772
88.5744
49.8369

82 94 113 160 172 215 221 302 338 359 425 445 470 516 543 577 596 603 660 723 746 851 868 905 947 1029 1113 1121 1329 1342 1437 1467
312 1238 294 810 508 93 509 1373 419 1354 16 950 492 812 8 1201 40 1092 781 939 1168 661 1106 143 857 1148 91 495 765 1362 956 364
198.6382
100.1412

41 113 151 218 304 331 346 374 457 489 495 528 701 726 786 876 1002 1105 1175 1228 1289 1407 1431 1446 1461
294 198 734 260 278 989 912 1274 1439 1203 863 143 624 1455 1037 999 1085 879 56 5 1393 149 670 165 705
131.7676
65.4602

22 94 135 138 230 617 676 694 722 778 1201 1241 1245 1363 1461
1110 661 1144 734 1475 704 1449 1402 1327 508 1373 566 554 1131 1362
92.1106
46.9371

4 62 79 100 134 477 641 656 673 711 740 895 1121 1212 1259 1305 1368 1429
1123 284 623 219 728 576 163 1203 1402 834 661 1126 1129 838 960 948 517 220
108.9996
56.978

242 429 471 505 551 742 917 1255 1257 1446
397 108 1461 1269 989 1313 772 667 1256 761
48.1415
21.0952

48 102 197 386 427 682 702 974 1380 1477
845 1123 891 921 558 1415 882 666 97 761
67.9581
33.6249

30 57 62 131 199 322 470 585 947 1027 1270 1483
1203 780 919 1032 1387 725 16 1402 495 1428 26 3
75.4477
44.3855

32 124 226 255 521 575 578 821 906 948 1329 1363 1374 1433 1480
1238 316 667 1022 93 508 1420 439 1248 397 1209 654 466 384 857
129.3093
71.7774

1 14 48 207 367 415 434 451 596 809 894 1134 1223 1228 1360 1368 1411 1422 1461 1480
1238 1123 284 734 1071 576 443 397 1170 912 1206 34 23 221 495 838 572 726 1337 662
128.5953
68.4367

0 82 107 135 246 381 390 436 472 585 653 730 772 783 791 1070 1072 1256 1257 1281 1292 1371 1393 1395 1487
810 780 1470 859 255 667 434 466 315 243 1101 978 1449 1462 1378 557 768 1074 872 661 347 465 1108 705 180
134.6651
66.4456

31 42 119 170 254 364 427 537 544 611 625 634 643 1073 1078 1241 1265 1274 1361 1407 1423
1123 1495 745 930 1416 1167 17 1104 466 921 490 1362 939 1085 1327 923 863 457 1456 407 56
119.5554
54.6978

40 78 125 150 177 207 215 232 346 441 455 475 516 591 658 679 699 972 1022 1036 1063 1083 1095 1228 1251 1310 1315 1344 1345 1370 1398 1481
294 148 570 221 436 1106 167 101 1151 317 1169 224 1254 195 398 891 619 1417 490 34 910 494 19 1125 796 1261 1455 495 903 77 1076 397
197.9974
92.4688

37 72 81 102 113 170 233 263 293 455 525 852 853 884 939 1083 1131 1134 1163 1286 1298 1371 1388 1418
1433 397 224 278 139 930 750 73 101 1151 1194 445 495 698 309 985 1074 1195 180 1090 358 740 705 143
142.0865
69.4093

62 65 93 219 374 383 415 423 487 514 549 577 638 757 836 850 862 905 1010 1021 1025 1093 1190 1395 1467 1470 1477
633 509 226 312 23 611 294 912 492 211 1110 863 334 1205 1032 1040 879 143 1170 508 1222 666 466 1494 180 482 147
162.7366
82.83879999999999

55 89 284 324 381 434 798 1005 1088 1135 1266 1431
570 93 9 176 34 776 732 117 391 762 682 690
78.4124
39.5441

84 452 679 705 710 851 895 949 1015 1073
623 1123 186 728 1246 962 278 199 220 198
65.338
34.3103

139 149 246 255 299 302 431 455 590 628 697 756 763 799 1080 1141 1151 1227 1244 1257 1274 1302 1382 1388 1461
1028 862 294 734 1106 224 126 1480 864 1495 450 1486 921 101 1007 1317 698 1147 1253 97 654 377 667 1345 1262
143.9924
67.1465

76 107 197 340 498 535 546 601 656 918 999 1034 1212
1480 864 674 558 1170 630 856 1074 1345 1087 1114 1033 977
74.6153
38.9106

117 760 793 923 1018 1020 1080 1101 1296 1298 1306
1118 701 740 812 985 1032 1270 56 309 531 712
69.3786
34.0155

1 38 57 139 182 253 264 273 367 525 658 784 794 917 949 1009 1104 1162 1177 1310 1330 1342 1374 1396
1467 1028 1106 1107 123 1165 224 1254 611 824 450 391 623 80 1201 1300 1206 903 900 1123 1461 126 962 662
162.6359
81.2652

31 44 82 116 284 346 383 489 525 629 742 802 878 974 1023 1033 1044 1080 1151 1254 1293 1305 1431 1441 1468
1433 810 845 570 312 242 108 1480 1083 115 166 9 1484 16 20 1086 1262 912 148 1332 446 2 310 905 999
139.4891
68.8026

173 406 469 537 653 682 795 836 1006 1239 1371 1459
1420 921 891 1355 1055 856 949 294 1480 705 1348 146
89.22070000000001
52.7607

68 160 284 393 406 491 669 795 901 923 992 1181 1196 1229 1361 1459
891 570 173 87 419 1333 1061 9 109 1114 294 27 1336 1461 364 146
112.2732
57.1142

92 173 197 218 233 266 368 427 504 554 670 679 893 949 977 1228 1261 1291 1356 1420
1123 921 424 912 397 455 1355 1258 872 725 1441 1168 558 1297 962 1274 243 1313 1090 1319
124.1895
65.253

170 413 622 669 720 851 1139 1244 1422 1489 1491
87 1197 363 930 1032 1258 1071 1215 416 734 97
64.9786
32.573

57 134 150 185 191 226 265 280 316 355 419 433 521 527 592 594 650 723 730 896 901 903 1050 1060 1166 1255 1282 1308 1322 1366 1373 1423 1440 1451 1461
1123 570 1110 486 780 1209 1291 1333 439 299 1040 1087 1313 625 868 1300 558 1022 1399 1099 1365 904 964 416 929 566 866 737 1203 1195 1402 224 169 734 328
178.5153
85.9914

81 107 109 113 182 218 268 477 500 608 722 835 1088 1143 1316 1319 1330 1388
667 186 1398 824 391 1373 56 1074 595 538 1211 900 455 661 529 371 143 1348
94.10510000000001
39.5632

92 124 127 172 206 216 266 301 431 590 622 710 794 821 879 888 891 907 911 973 1118 1124 1146 1175 1266 1420
589 294 1480 167 1373 5 101 789 1417 921 1203 397 616 651 1300 771 459 7 243 985 1456 356 1274 829 998 420
163.4614
90.8014

44 145 284 312 318 514 528 684 794 854 1009 1116 1177 1189 1228 1230
294 570 1467 69 278 1107 624 9 623 1373 726 1288 1220 334 1179 905
112.8984
57.059599999999996

76 203 255 326 477 514 556 615 650 658 670 711 795 802 835 888 918 993 1007 1010 1116 1156 1283 1317
667 294 173 1254 1278 654 606 1480 16 438 834 864 661 750 7 903 1040 1494 529 126 1215 1087 977 652
143.1838
72.3765

264 326 445 620 746 918 1230 1394 1447 1460
1028 1209 1373 448 1300 242 341 765 630 44
70.4154
39.4518

62 182 228 279 345 438 519 682 742 1162 1365 1403 1480
1238 891 878 921 91 317 946 108 110 1327 335 384 64
97.4553
50.8123

40 49 82 84 167 224 251 263 338 522 620 647 745 809 852 886 891 966 976 989 1008 1116 1135 1140 1143 1151 1179 1228 1259 1327 1411 1414 1423 1431 1460
294 810 409 1209 1251 1157 277 1395 397 327 798 1480 267 912 5 1362 1427 490 221 1455 1078 1074 1449 731 448 426 1155 43 619 486 1032 517 1042 289 607
192.0773
93.2077

86 87 89 116 197 372 466 497 606 660 716 793 836 878 1015 1054 1080 1228
1333 436 603 845 1355 1167 732 186 1146 1261 745 558 278 912 953 1332 179 173
113.8619
52.1462

14 36 89 116 199 254 273 293 294 297 397 470 495 606 634 649 722 785 896 900 1017 1072 1074 1080 1107 1117 1128 1136 1188 1301 1360 1411 1422 1444
1333 1480 1123 981 1403 829 732 101 176 1165 872 1355 678 780 1167 1197 1373 1071 527 1234 80 411 1203 564 1486 120 26 1005 1436 923 1338 313 670 322
198.0608
99.4049

170 244 292 372 408 443 457 474 475 496 504 714 806 938 959 1093 1105 1138 1210 1268 1332 1428 1434
667 167 397 1203 363 930 661 1393 648 1387 1032 1251 825 897 165 347 671 800 464 466 1478 1233 1477
148.19310000000002
79.7533

37 427 594 598 650 669 773 798 842 1096 1110 1115 1146 1239 1258 1308 1331 1366 1438 1480
1238 1420 1123 93 73 322 87 570 495 1102 211 1040 117 678 36 939 700 3 459 1298
143.3809
73.15090000000001

100 207 290 326 409 420 423 433 489 577 643 702 711 785 895 1006 1043 1111 1137 1139 1301 1345 1409 1455 1495
845 1071 1197 842 909 623 36 903 728 856 1260 879 38 1172 197 495 834 822 1262 449 1234 1025 1415 878 975
154.4966
80.28960000000001

185 263 360 447 479 658 766 773 781 855 1053 1060 1111 1189 1229 1298 1300 1411 1472
891 508 397 667 176 625 1061 678 985 1254 1455 989 309 449 1288 904 1230 264 16
122.6367
62.755700000000004

199 341 424 454 487 495 615 793 852 1018 1182 1228 1270 1447 1487
1203 780 143 841 912 1387 170 978 1338 795 463 670 61 1222 421
88.5148
46.0762

37 149 215 218 338 433 435 656 1080 1148 1199 1293 1300 1361 1399
294 1455 73 864 960 495 1083 1458 1230 1089 986 582 1472 687 833
83.2444
40.4152

81 87 242 709 992 1017 1025 1073 1093 1293
397 1480 603 1083 1032 772 448 179 1021 527
65.3712
32.345

76 246 377 684 733 850 1160 1239 1259 1299
397 1420 864 1169 201 1265 700 1482 365 1109
66.4456
34.1838

79 425 431 434 491 521 579 861 1018 1076 1160 1216 1274 1310 1400 1420 1423 1429
397 1106 921 1495 1254 698 201 1114 34 69 1195 275 517 1237 748 737 147 23
117.8846
61.7459

629 809 907 926 986 1118 1121 1166 1366 1461 1481
589 734 891 566 570 829 1300 533 1265 1237 998
66.9567
30.5622

68 254 346 363 497 592 652 766 910 938 946 969 989 996 1050 1070 1104 1122 1156 1181 1344 1351 1371 1377 1382 1444 1489
1480 1106 397 343 224 740 1387 411 172 1146 109 800 20 945 132 610 810 46 636 1195 999 558 1437 705 1338 347 1456
144.1448
69.6879

100 134 135 145 461 516 520 588 617 676 716 740 786 876 1043 1259 1300 1326
1333 294 1123 624 1387 36 704 1203 1455 1234 1449 1230 1402 960 529 731 1126 1102
108.9224
54.2235

174 195 228 259 263 264 266 294 393 432 438 519 634 641 710 726 755 778 943 960 1015 1088 1096 1107 1156 1164 1305 1374 1401 1432 1491
1238 1028 397 198 878 1101 73 1427 176 101 624 391 946 1032 219 1300 91 404 1203 1209 211 384 1074 317 923 1475 186 1274 712 926 1314
189.6092
99.1101

44 232 306 322 496 525 601 879 975 982 1073 1082 1098 1228 1259 1338 1342 1360 1379 1467
509 1358 294 1201 397 1146 1470 1040 494 789 1022 492 999 1428 517 6 248 1310 919 535
130.6808
69.7986

84 92 304 356 393 406 441 458 469 549 586 588 901 1025 1053 1060 1070 1266 1366 1373 1458 1467
509 294 508 570 1333 243 1063 1040 762 625 1314 1274 492 157 335 1461 272 712 1006 149 789 316
142.0086
71.8742

107 175 277 304 322 344 367 379 432 442 457 458 471 594 818 974 999 1022 1045 1098 1177 1199 1201 1254 1340 1433 1483
570 397 1428 294 1107 667 1063 1251 1420 1475 172 1182 1169 73 674 1402 1146 979 1074 977 582 1274 2 589 912 443 1120
169.1654
86.1985

4 55 87 93 188 246 289 334 357 528 549 554 649 1122 1218 1278
633 1433 603 966 278 909 424 1079 1129 1 872 1380 33 1390 541 1102
112.6538
55.1597

30 31 38 43 113 146 148 169 218 394 427 441 443 455 498 537 545 582 629 705 710 749 797 900 959 960 1020 1072 1131 1141 1233 1244 1316 1345 1428
1433 1123 1028 1238 224 862 101 563 1373 167 278 363 1101 73 1144 1151 863 741 1483 1246 1061 702 149 4 1398 800 558 391 532 1125 1251 897 1071 886 199
195.9334
94.3828

100 125 175 280 367 413 466 608 661 742 763 895 966 974 1012 1107 1115 1188 1245 1266 1409 1423 1455
409 1131 176 909 623 1234 108 728 1078 678 538 211 267 173 1102 1461 443 325 207 1262 1039 243 220
137.0122
67.9515

65 107 113 136 182 224 292 520 671 760 901 967 1141 1164 1177 1322 1360 1361 1385 1394 1403 1431 1437
312 862 1461 1167 1433 1333 1449 1032 64 1107 1393 800 384 834 1137 143 1061 731 1092 946 980 1465 317
131.4294
67.9145

91 103 215 266 410 470 479 568 596 1017 1255 1455
1480 294 909 17 1274 939 1313 1482 1421 26 838 1021
70.284
34.0045

14 33 187 292 462 652 717 785 809 1152 1324 1368
284 172 576 391 800 735 1237 774 946 838 39 137
75.3501
39.659800000000004

113 136 138 148 338 431 498 588 772 946 967 977 990 1212 1396 1481
1417 224 740 255 73 1009 741 466 945 917 1345 611 1472 532 143 853
101.4463
52.2552

42 92 148 167 174 218 312 383 466 594 626 649 660 791 806 851 876 901 1008 1010 1047 1050 1063 1118 1162 1189 1241 1296 1342 1467
294 589 317 509 69 912 1107 173 73 1333 1106 1417 1270 1201 872 603 1327 563 704 160 1288 1461 985 532 1039 1 1155 1209 807 157
178.9828
91.131

43 57 80 206 588 596 632 772 835 913 914 1082 1160 1239 1379 1401 1444
397 667 1420 1358 255 404 939 201 647 879 999 702 1291 701 1109 700 799
119.4013
61.143299999999996

33 36 380 404 519 682 884 947 1123 1192 1470 1482
1467 1003 312 1403 891 611 921 750 647 564 373 1110
105.1703
55.741

57 68 69 76 78 151 191 197 221 266 279 304 353 397 410 528 631 705 742 766 836 905 1044 1083 1227 1256 1292 1374 1460 1472
312 167 780 829 864 16 1274 1123 981 508 109 1291 436 278 912 527 1253 1197 120 108 558 1327 1462 1246 1055 1114 652 1486 442 137
182.6035
89.8983

109 127 300 305 311 427 443 487 492 525 551 578 586 592 704 726 740 778 798 836 903 907 1020 1050 1101 1274 1298 1388 1394 1396 1398 1411 1423 1470 1491
148 667 294 611 198 1123 780 167 1118 1203 1068 270 1300 93 1261 1495 56 173 312 309 1151 921 1032 1110 771 1076 812 494 1009 1475 674 1413 698 1402 1055
205.9265
103.1133

6 37 94 253 653 835 948 1098 1120 1216 1324 1432
667 316 661 1428 624 73 495 1146 147 541 238 1362
91.3603
46.4249

294 697 1022 1050 1053 1076 1157 1266 1291 1316 1371 1422 1470
570 312 508 1169 1398 611 1258 1387 1110 101 1005 661 1168
94.3501
49.7414

63 445 526 611 829 839 1010 1029 1166 1176 1177 1261 1289 1330 1342 1495
1107 979 294 1297 824 1201 359 230 1168 900 1310 466 975 1362 490 765
111.6198
60.2855

72 175 187 266 331 478 514 537 730 822 835 886 891 1063 1081 1098 1109 1139 1162 1199 1223 1255 1256 1324 1409 1412
667 294 317 1197 167 1194 1146 869 5 1462 58 397 582 221 603 1274 1313 1101 572 1237 673 607 1262 1215 1226 1032
142.4337
66.9308

46 65 167 175 216 230 309 331 419 514 545 579 594 611 682 710 717 853 926 996 1034 1115 1122 1254 1266 1296 1347 1451
891 397 508 1209 1110 1040 1270 466 1362 921 774 1484 211 1131 132 242 1155 490 1494 310 20 1078 1265 398 856 2 1471 207
154.3196
78.4187

1 27 68 167 284 324 390 408 650 670 710 760 803 896 914 949 951 982 1036 1117 1227 1273 1302 1391 1422 1455 1470
1123 570 1209 312 909 611 366 1110 109 891 9 1486 1206 1032 762 879 1417 962 1253 1317 6 1155 662 1040 347 1088 397
161.9588
81.0638

185 290 306 344 445 491 638 656 661 716 728 794 834 853 855 878 926 946 1004 1023 1034 1074 1111 1115 1151 1230 1278 1301 1324 1345 1363 1365 1481
845 397 1022 1102 1131 1071 891 97 176 1480 273 335 740 110 589 1373 1167 1114 211 33 1125 1484 115 773 765 856 822 904 449 1332 745 736 909
194.28719999999998
102.1031

38 53 82 124 206 242 300 306 328 356 367 372 397 409 424 433 461 491 577 590 631 679 684 835 888 900 946 1004 1050 1111 1118 1216 1251 1403 1422
667 810 589 1028 1333 829 294 998 878 842 1197 316 527 1022 195 64 1387 1102 334 740 443 658 1114 736 1338 981 910 712 869 1025 912 273 772 391 330
213.2819
107.8046

62 182 218 254 324 364 380 423 451 661 703 755 836 935 1022 1081 1100 1164 1259 1310 1396 1483
1106 570 1131 794 1009 762 1104 1169 411 611 91 879 183 1032 1055 1465 1403 168 796 237 1468 847
128.3745
64.6756

109 238 293 321 458 543 544 755 834 836 907 948 1020 1088 1182 1239 1255 1296 1300 1308 1418 1489
1420 294 97 1063 316 363 698 17 391 1104 172 1055 56 170 1455 812 1270 322 1087 1151 595 829
138.4788
70.4837

31 100 182 306 438 462 521 551 582 625 631 671 829 990 1034 1050 1179 1188 1258 1360 1440
745 294 1123 912 979 359 678 1253 798 1362 91 939 3 1234 330 998 1022 341 1195 1033 980
127.6208
71.8137

62 69 131 177 199 212 224 246 251 302 312 380 429 516 798 854 868 948 999 1009 1023 1097 1110 1157 1177 1270 1296 1338 1374 1385 1409 1412
1203 1467 780 316 322 93 1167 1387 1220 543 1427 1291 1107 1449 508 58 674 950 117 115 1395 1393 1248 956 1262 553 384 682 168 1362 807 421
181.5108
90.8294

0 334 423 431 438 469 475 568 617 631 989 1245 1301 1316 1366 1382 1489
1433 1106 1071 1398 570 363 704 91 1380 1253 909 197 1147 773 789 1007 341
115.11070000000001
57.5638

30 46 55 232 264 361 446 629 684 722 748 851 939 943 1015 1044 1124 1199 1212 1238 1251 1283 1293 1311 1344 1347 1365 1411 1434 1482 1489
1003 397 1131 1028 1209 1101 335 582 363 22 736 195 576 1083 1215 1300 110 1417 186 494 180 529 428 1403 926 1071 1316 726 1040 910 1345
177.0487
86.4398

43 137 166 170 356 422 461 591 701 710 717 755 778 913 1131 1146 1208 1238 1292 1438 1482
1433 221 1003 1333 930 1060 316 1387 428 278 1101 1203 22 1455 774 19 712 529 371 469 531
146.2374
76.0103

135 150 226 305 306 446 638 647 656 759 852 923 969 1111 1166
1022 1251 1157 439 270 1395 771 1449 449 610 822 531 1099 411 1227
98.9891
50.0572

30 65 195 203 324 344 425 520 537 556 568 591 620 660 766 773 781 834 836 857 918 959 1105 1109 1140 1259 1315 1399 1407 1412 1458
221 397 762 1022 363 1314 731 859 97 667 678 589 1107 1085 34 448 58 211 529 371 341 19 863 244 1237 56 652 986 313 1279 1055
180.2795
89.421

234 259 284 420 436 548 682 733 740 757 763 840 996 999 1020 1063 1073 1074 1120 1182 1306 1394 1396 1422 1423 1459 1480
1238 570 294 780 317 891 1467 1428 1427 921 859 9 1402 170 1172 1167 56 611 1146 1155 23 132 589 880 1126 1345 1193
162.5229
78.383

12 91 626 634 742 972 1081 1141 1243 1266 1270 1342
1203 862 1201 1061 108 923 17 1482 725 1310 379 535
81.978
43.309

2 89 218 290 367 458 474 641 949 1096 1123 1274 1326 1401 1438 1481
1467 1063 792 443 647 698 219 1495 921 702 404 732 172 926 1456 1291
109.26089999999999
53.2646

30 81 228 396 537 711 786 887 1047 1212
294 966 878 1345 946 1107 317 834 32 704
59.4932
28.6976

255 312 361 376 478 495 876 891 1083 1136 1179 1190 1329 1356
93 69 167 508 5 654 778 872 1417 726 1362 582 857 1220
116.9824
71.7267

12 160 289 300 415 495 496 504 697 708 726 783 795 818 829 901 1071 1257 1310 1380
294 1106 198 1428 1470 1068 108 173 1333 1079 979 419 359 391 1413 1480 1170 670 882 985
144.9337
74.4841

304 331 356 443 462 516 606 759 822 851 901 969 976 1022 1060 1098 1113 1117 1420
1333 570 921 1355 167 1169 869 625 397 1146 517 712 1144 149 1100 1461 1042 796 316
122.3768
59.1886

136 149 233 314 328 367 471 516 577 723 732 895 992 1076 1458
284 864 623 890 273 224 762 1314 443 917 69 1090 1269 748 866
104.7628
57.0109

55 127 386 420 582 598 703 797 893 1029 1227 1264
667 1373 1278 1486 1104 1168 97 629 1172 449 1319 117
78.9411
41.898

79 81 131 139 221 332 537 638 784 822 894 1010 1101 1276 1278 1319 1374 1468 1481
312 1433 123 186 1118 450 869 1062 701 1086 33 1345 812 563 442 941 384 16 933
124.0539
59.0468

55 226 244 322 603 684 798 804 900 1038 1113 1120 1133 1152 1289 1301 1428 1459
1238 1071 1203 1022 267 93 397 439 8 117 965 176 1099 781 91 919 455 1025
133.636
74.0156

87 117 252 355 379 634 638 652 704 840 855 861 888 891 908 959 973 990 1157 1216 1308 1315 1363 1393 1446 1480
1238 294 1022 5 1387 1120 167 603 434 674 23 740 1182 172 176 712 1291 363 1124 1032 338 149 1155 923 328 7
159.7054
80.4182

43 63 297 326 393 492 526 908 974 1080 1137 1244 1296 1306 1330 1423 1444 1451 1460
1068 824 294 1270 903 558 879 149 1355 1075 1336 519 56 888 173 132 1065 1103 125
96.8762
49.385400000000004

0 68 246 434 554 590 660 717 804 832 1006 1078 1152 1264 1282
486 455 1278 424 109 667 449 34 856 774 458 1025 690 129 964
90.1011
47.184

89 92 138 184 219 359 374 394 475 520 546 760 887 947 1029 1056 1063 1379 1407
226 317 1358 294 1354 999 1205 878 879 1168 863 1085 1032 1087 731 732 56 243 729
117.9231
58.3063

0 12 124 139 355 364 404 451 477 579 670 708 710 745 821 829 840 851 887 893 1002 1095 1136 1137 1138 1268 1411
294 780 1068 1238 486 108 979 1345 426 450 328 359 353 751 879 734 1278 1151 183 881 1319 623 903 846 797 1494 107
159.8255
88.9666

4 14 36 82 86 150 304 312 364 404 457 593 598 653 737 738 753 798 822 905 906 938 1078 1096 1122 1124 1177 1212 1293 1391
810 1107 725 780 93 1417 294 278 1403 869 508 77 1274 1278 751 564 466 1083 726 58 347 1416 1486 117 682 1345 1220 149 671 1393
183.944
97.1602

0 72 87 173 233 297 374 415 419 487 498 514 532 537 701 748 757 766 773 784 888 1025 1110 1128 1199 1241 1301 1344 1388 1403 1477
603 123 294 322 397 1194 1123 317 1313 384 678 879 1170 1327 1087 582 7 1355 1398 949 450 1455 732 197 666 726 1222 313 448 519 1090
176.9374
93.271

1 105 114 177 212 236 363 406 516 711 723 806 938 943 947 974 1045 1122 1265 1366 1368 1393 1411 1437
1123 1480 570 294 576 543 1092 284 1206 834 434 1378 1387 726 1167 838 1338 495 7 1478 866 347 389 1248
133.5204
65.9348

46 174 221 273 344 383 593 601 603 679 802 939 951 959 960 974 992 1025 1083 1296 1360 1420 1468
312 1238 397 912 16 921 1101 1165 366 1003 576 80 363 1433 863 1086 38 466 683 8 781 153 517
154.3884
75.4229

41 63 309 344 492 670 701 726 766 852 926 993 1004 1044 1111 1227 1257 1293 1308 1441
198 891 1068 1278 1439 166 260 1486 173 1203 1083 1455 449 705 1265 1147 589 1075 822 137
112.7451
54.9739

0 6 14 289 297 376 415 556 592 722 772 803 842 901 903 1005 1036 1060 1081 1113 1129 1136 1137 1152 1188 1265 1315 1332 1381 1382 1385 1393 1432 1433 1491
312 397 1022 1167 891 1123 1420 780 1209 939 624 1106 1333 294 295 885 91 879 255 36 1170 434 678 1373 1461 1079 979 1032 1298 465 1378 883 316 652 873
208.5802
109.7949

1 187 338 361 367 385 432 495 585 598 887 1015 1050 1053 1070 1088 1175 1189 1238 1264 1268 1300 1391 1433 1487
1123 397 508 667 1420 1101 391 1209 278 186 1278 73 1206 428 1230 582 885 979 978 142 529 443 1288 243 808
154.1558
79.9301

44 117 135 224 232 246 331 367 381 424 443 498 500 517 521 586 682 948 972 1160 1216 1268 1300 1420
397 921 167 762 1449 316 494 294 1455 891 201 740 1338 947 64 712 1195 1393 1230 905 147 1316 1358 459
149.6822
77.5816

57 65 72 81 93 109 127 312 385 408 469 525 562 582 661 682 732 745 793 822 834 887 1001 1063 1065 1141 1277 1281 1292 1338 1361 1391 1435 1480
1238 633 317 69 294 862 397 219 97 1131 890 921 891 1061 869 486 952 1194 1470 716 56 1191 985 1107 1151 846 1417 872 307 139 121 1279 1265 726
199.7169
99.8888

6 280 472 568 655 857 946 972 999 1070 1136 1164
859 740 674 243 379 397 541 853 1146 977 1089 1345
73.50450000000001
44.3462

12 328 525 545 661 797 900 948 993 1082 1373 1439
316 1131 702 273 1278 629 149 1040 1365 398 1090 546
79.6457
43.3612

62 290 293 297 301 314 321 380 404 429 593 606 676 749 770 786 905 910 976 989 1038 1146 1166 1175 1257 1361 1411 1438
1333 294 1355 284 327 267 1203 780 1053 1215 667 1278 322 459 610 159 1338 46 519 1042 120 155 810 407 168 490 715 1208
134.6672
60.9966

92 381 429 435 457 492 504 517 548 588 746 836 1230 1257 1261 1291 1404
1068 1373 1297 1258 725 173 762 1379 166 1168 667 420 243 947 985 1193 1393
108.7023
60.095

44 103 124 173 311 601 857 1050 1118 1188
589 859 1355 678 949 998 905 658 1089 343
62.6289
32.8808

134 149 167 434 562 699 710 737 745 751 876 893 911 967 969 1043 1074 1101 1137 1139 1228 1274 1299 1306 1319 1330 1370
1333 589 1209 294 570 1197 1123 1400 186 398 864 1495 36 1203 921 903 952 698 824 701 219 616 879 34 1151 101 651
186.1621
97.83109999999999

368 390 434 479 554 575 745 926 975 989 1021 1071 1116 1139 1190 1200 1308 1329 1332 1363 1379 1438 1458 1472
294 1106 1358 1197 93 508 424 891 1151 762 1248 16 482 857 999 34 846 347 248 683 464 1456 690 965
160.5658
83.7447

199 202 212 300 435 447 489 495 520 579 705 773 959 1013 1076 1233 1277 1329 1351
945 508 1123 93 363 780 731 649 678 543 1203 979 1413 1246 190 670 857 295 420
135.7058
70.6298

0 36 42 81 94 116 251 255 299 304 312 406 452 491 548 611 703 786 793 803 809 906 1093 1098 1117 1241 1256 1293 1319 1373 1385 1395 1414 1437 1441
294 1028 466 69 198 1362 1403 1107 661 397 186 490 1146 1104 1427 654 1167 1417 1220 1092 1032 166 1078 564 1462 1327 1193 1083 180 1486 1274 863 1114 126 1044
195.2769
96.0834

1 116 145 170 189 199 206 236 294 338 340 374 552 578 615 634 791 887 959 966 973 992 1002 1018 1047 1083 1116 1138 1368 1398 1420
148 1480 1123 409 284 667 624 930 921 780 1107 1203 576 734 353 879 1261 1206 661 1078 1076 363 923 267 102 1124 101 137 838 1005 5
186.9388
93.3639

18 42 62 79 215 234 269 341 346 357 383 406 409 420 520 537 671 703 740 746 851 886 923 977 1022 1047 1107 1115 1163 1186 1308 1371 1411 1477
294 570 1104 842 176 878 445 1169 1234 704 1461 143 1102 666 211 1345 1402 455 1180 466 1484 960 1172 1025 243 210 912 1195 227 796 705 355 1126 463
178.149
86.7962

2 137 151 390 422 601 650 887 959 1107 1251 1281 1296 1326 1345 1366 1414 1432
363 570 792 1060 176 1040 624 195 1125 736 1234 1191 1461 872 910 22 1270 347
111.1447
56.2461

96 223 434 577 579 690 732 784 790 853 935 1002 1113 1216
123 890 91 1254 15 823 1102 34 334 147 1012 802 213 720
92.3451
49.694

57 263 277 334 364 379 386 469 575 661 701 804 951 1012 1023 1096 1110 1115 1140 1301 1344 1429 1440
1433 667 1071 322 1120 1248 455 366 1475 1182 909 97 1022 339 211 1131 882 458 1484 1102 773 1074 197
159.38400000000001
87.2769

91 203 458 495 505 608 711 738 851 1017 1128
1480 1063 278 58 17 834 1482 732 670 61 538
69.1466
32.9004

63 487 489 495 551 598 658 959 1073 1190 1273
363 1254 670 1222 903 897 1075 61 437 159 15
52.1541
24.2225

33 109 173 346 376 551 601 606 643 722 854 868 974 976 1007 1095 1097 1201 1487
1333 1355 950 391 1402 1373 735 56 1362 978 778 956 999 750 949 595 1076 686 416
121.1301
65.153

79 105 150 172 377 433 487 966 990 1001 1012 1022 1265
570 409 1169 1373 1480 267 1078 1167 796 725 1222 203 1335
85.8035
41.1699

89 114 233 265 340 740 876 941 1031 1033 1056 1433 1482
1003 1480 589 1420 1209 979 1484 373 732 1402 885 416 1188
85.6498
41.515

61 100 113 189 218 306 360 438 525 565 611 709 720 905 943 1027 1076 1081 1122 1281 1292 1316 1338
397 264 9 466 1398 1329 1362 989 91 490 726 1078 143 1470 1234 179 872 416 865 330 1022 69 1393
123.1464
63.8492

92 135 294 379 419 1036 1098 1182 1467 1477 1487
509 891 1110 1120 101 1146 19 1040 492 978 1417
101.2218
60.91

18 32 37 72 238 293 328 446 526 548 592 617 697 756 799 972 999 1008 1029 1074 1113 1228 1393 1422 1459
734 674 1194 73 434 1167 226 294 1007 704 273 322 558 1144 427 132 912 495 1193 1378 140 1168 977 1338 91
129.7486
62.4261

145 451 582 656 751 893 917 975 1001 1166 1431
1333 624 1461 1400 248 1319 317 1256 224 700 715
66.5069
33.3273

43 203 585 857 862 918 959 1004 1022 1063 1266 1356 1385 1407
312 570 23 317 363 294 859 872 211 630 1169 1085 1102 863
107.4899
53.6962

146 340 376 505 637 701 702 760 888 1146 1201 1241 1254 1256 1424
845 1480 397 1144 294 1455 1032 1203 1327 2 1462 1415 7 1402 310
108.76089999999999
61.903

44 82 131 289 290 344 495 516 543 545 626 748 804 829 868 918 969 1031 1047 1115 1160 1299 1302 1319 1422 1455
810 589 397 1107 294 909 1403 979 704 1079 186 359 201 950 211 455 1253 1316 1317 1102 812 905 531 421 1421 956
157.2559
81.8157

41 72 723 759 784 804 835 851 855 868 989 1015 1093 1122 1300 1439 1468
667 123 1433 327 186 1194 1455 950 176 1032 1086 260 278 694 371 1230 305
111.3966
51.9403

49 109 166 172 189 265 379 586 759 967 1238 1254 1331
1131 277 1101 242 1120 1373 334 1182 1071 56 428 416 966
103.981
56.8884

86 207 212 300 385 424 477 495 532 544 554 556 577 601 647 702 708 711 755 895 901 1017 1038 1116 1131 1264 1291 1356 1371 1433 1437 1468
294 845 1480 623 1251 397 1395 1420 1068 267 278 1104 108 872 1333 1278 1258 1209 543 1338 1086 1415 979 449 728 834 529 1168 667 1157 670 450
187.1779
93.3866

80 189 199 218 304 376 394 894 967 1006 1033 1315 1322 1423
1022 780 1203 1484 1274 856 647 149 778 1337 129 356 786 665
79.7572
40.5797

93 404 597 726 756 1137 1139 1330 1348 1366
633 198 570 1197 780 734 824 1395 879 751
88.3994
48.2095

6 292 372 385 397 442 447 454 472 492 521 850 855 888 996 1093 1110 1139 1163 1182 1273 1308 1327 1330 1433 1460 1483
1197 829 322 981 795 176 824 1420 979 445 527 1068 1032 798 294 339 1209 170 1195 800 173 132 841 1403 7 900 1151
170.2564
89.6524

38 89 100 105 356 521 544 598 622 697 714 740 751 785 852 969 1056 1133 1151 1164 1261 1268 1305 1322 1324
1333 1028 1480 725 1104 17 1297 316 712 391 1402 148 1400 1262 732 1126 1468 1189 1470 960 737 1195 673 1234 1301
135.8312
65.278

169 498 537 556 948 1017 1182 1363 1400 1435 1441
1480 316 166 1254 529 652 800 275 438 1483 170
76.0186
40.8772

556 658 673 822 888 1001 1045 1238 1255 1306 1310
1106 1131 529 1254 1101 869 1313 163 428 56 7
83.7373
41.574799999999996

89 188 302 357 368 408 462 470 590 629 694 973 1072 1111 1140 1143 1181 1212 1329 1483
508 93 966 1144 731 1124 244 822 1345 857 732 1148 541 449 529 1032 26 1348 952 59
112.34819999999999
56.884299999999996

48 72 94 125 135 136 221 251 289 413 438 475 491 519 598 694 851 939 966 1007 1098 1148 1274
312 409 397 661 576 91 1079 1107 224 921 1078 1495 1146 16 1144 1427 960 1194 180 267 1362 1458 698
152.2846
75.9265

89 537 592 676 763 798 993 1017 1289 1377
1480 343 93 1278 732 558 682 740 110 1021
62.8484
28.8821

81 107 218 233 255 273 321 328 379 406 410 445 615 723 753 785 829 845 947 966 989 1013 1033 1036 1162 1163 1291 1308 1329 1374 1431
486 409 725 891 508 93 1120 101 267 359 1037 1417 327 1165 294 654 649 1441 1484 80 1182 774 1258 857 1074 1168 1148 295 655 495 1078
199.0368
102.2917

136 138 207 246 505 722 756 772 972 1277 1289 1404
224 734 255 1379 1373 917 495 379 110 307 465 1169
69.5732
36.1485

55 82 131 244 273 334 449 496 505 701 733 862 1115 1223 1245 1282 1363
1433 810 486 1203 211 23 1398 1165 466 221 80 1380 909 1102 964 176 530
126.4997
63.4549

27 135 226 266 284 300 413 519 535 578 699 704 726 753 770 781 783 908 969 989 1104 1156 1212 1377 1399 1404 1434
397 667 570 198 1470 343 439 224 327 1203 391 986 9 674 1107 1379 1022 725 494 1449 1099 149 1170 670 1413 800 1364
169.9463
87.3057

53 114 136 167 410 423 836 900 1070 1129 1423
1209 224 295 702 917 149 1188 160 243 1155 411
71.3853
38.4349

2 76 82 146 185 202 394 601 709 720 783 821 853 896 1056 1060 1074 1216 1232 1270 1276 1339 1365 1393 1447
810 1470 1203 792 1417 1387 335 294 1144 110 625 434 1167 391 397 1378 864 508 179 689 619 16 925 926 421
148.1343
73.7256

93 94 103 266 304 306 312 355 452 590 606 637 702 737 791 851 857 903 908 966 989 996 1031 1060 1074 1123 1140 1188 1290 1345 1400 1411 1422 1441
1467 633 845 1333 85 409 589 661 647 1106 267 1274 69 149 1146 1355 1415 859 1022 198 166 1078 1254 678 780 1399 625 731 1220 1125 1167 807 244 132
210.4435
102.3002

119 268 301 357 424 452 466 615 697 726 795 894 923 947 960 986 1002 1111 1115 1188 1277 1380
1238 198 173 1101 294 678 1338 822 211 495 1123 1348 882 1102 863 64 533 455 1037 210 531 1484
143.482
79.4685

63 68 84 86 252 273 322 381 419 449 653 708 891 1043 1096 1181 1238 1257 1261 1296 1330 1340 1347 1370 1412 1422 1470 1491
312 1101 1131 912 611 824 398 167 1398 36 1068 1251 1110 1297 5 428 1032 109 80 529 1313 108 58 1270 900 1165 1420 725
171.0174
84.4411

105 135 268 328 372 377 381 383 385 397 410 413 436 578 637 647 661 982 1060 1104 1107 1111 1268 1282 1289 1339 1482
486 1003 829 912 780 1131 667 176 981 1157 1251 1197 1395 859 224 527 1234 1169 625 373 689 120 822 273 880 800 449
167.1794
81.4972

22 91 139 173 230 232 268 300 340 357 451 708 714 733 745 795 834 878 947 990 992 1257 1345 1401 1422
1480 845 97 1110 108 1068 1003 1291 1355 450 404 494 623 508 1125 1348 1146 1332 1265 869 949 729 846 953 426
160.2344
86.8121

169 195 230 233 305 562 652 722 839 906 907 939 1128 1138 1163 1244 1276 1292 1299
172 445 270 508 1131 576 771 353 829 952 219 466 1300 1373 1314 610 1090 180 211
122.2876
62.7021

91 94 166 172 294 372 425 521 554 620 622 708 723 794 804 829 850 868 879 901 993 1243 1257 1259 1400 1403 1441
1238 623 1373 101 661 1333 950 979 1068 789 424 334 1362 108 1278 1123 242 359 1195 448 238 1005 7 771 956 1480 531
174.9135
96.2543

14 266 360 579 617 649 694 832 879 893 894 982 993 1002 1017 1076 1088 1093 1101 1104 1175 1179 1257 1340 1345 1420
1480 294 1251 224 912 921 1144 1118 789 391 989 701 1278 264 1 1032 517 872 69 6 704 748 800 1362 667 1125
160.0757
82.2895

40 89 149 184 226 254 322 449 593 682 821 898 986 999 1196 1292 1308 1356 1366 1407 1480
1238 1398 570 864 891 439 921 1455 872 490 878 1085 619 732 411 1022 863 56 919 674 27
138.659
69.9335

100 215 219 304 380 717 891 896 1120 1241 1472
294 226 167 1428 1417 5 1205 1327 1274 149 147
81.4228
41.4232

49 63 109 131 253 386 489 497 532 575 634 700 746 773 822 842 1200 1256 1257 1270 1308 1379 1423 1424 1455 1467 1470
509 1203 1358 312 611 909 277 1003 678 56 36 1110 101 492 939 1248 264 157 97 1146 1075 543 1387 683 450 869 1462
162.6219
81.0863

79 160 202 265 474 551 606 637 652 705 972 1023 1073 1076 1138 1166 1438
1333 172 1123 1355 419 508 1169 748 353 903 115 364 925 1246 416 1455 1393
106.0979
52.055

32 80 195 251 273 360 383 475 577 703 781 836 1070 1113 1138 1282 1317 1360 1370 1381 1407
397 486 912 398 264 1165 294 863 211 1085 989 606 647 1104 1314 835 334 94 91 1055 741
147.3281
82.2754

65 87 116 135 169 284 703 861 996 1007 1098 1109 1182 1245 1278 1395 1403 1412
603 570 466 1146 9 397 800 384 33 58 64 170 1237 909 1449 1137 132 1432
120.2529
66.1457

61 94 105 116 119 166 263 289 346 356 409 429 458 469 479 554 632 717 803 806 861 894 913 1038 1259 1277 1298 1361 1382 1385 1403 1420 1438 1439 1447
312 1106 316 294 1167 397 661 317 921 1079 9 878 424 517 334 1362 1055 842 267 774 985 172 457 712 553 1025 1456 309 407 578 999 1100 421 307 1191
197.2621
99.9894

138 199 220 280 338 380 552 671 740 755 822 911 972 1071 1166 1327 1368 1411 1414
294 284 1203 734 780 798 576 869 1402 651 980 838 960 985 136 289 1472 1126 948
119.9061
62.8712

92 326 338 363 408 409 434 442 447 474 497 545 594 641 702 711 781 797 852 908 989 1134 1189 1232 1282 1283 1299 1302 1374 1431 1467
845 397 509 486 1238 1106 1003 842 219 492 1146 1025 835 1373 1317 384 834 979 34 629 243 878 1253 157 179 78 1472 985 1288 1493 988
186.2634
97.2038

322 332 379 397 585 586 1027 1036 1210 1283 1477
829 891 667 661 981 648 1120 1417 1197 527 1182
104.0093
62.3737

0 6 32 44 68 69 100 166 177 185 280 284 302 355 357 521 611 641 755 760 822 845 853 900 938 960 1133 1232 1257 1298 1395 1477
1238 486 780 334 466 226 9 1362 397 1387 570 101 869 1101 508 1032 109 490 666 985 863 1078 309 1195 1234 774 328 149 667 219 916 347
184.7798
92.03960000000001

218 368 383 475 641 723 917 943 1110 1121 1176 1283 1431
912 322 219 1461 726 624 1215 866 339 644 7 1248 965
80.545
43.586999999999996

36 42 49 221 273 292 297 314 341 363 385 406 452 461 532 697 722 738 784 795 836 851 862 895 1025 1033 1138 1179 1239 1273 1274 1298 1317 1487
312 1333 1480 1420 173 123 1403 397 277 1165 284 1495 294 278 211 623 698 985 564 1373 80 921 143 1362 450 23 978 1484 728 309 353 1486 519 1348
208.2123
103.0401

119 167 177 234 266 284 360 397 406 420 525 548 669 671 760 784 836 862 935 939 972 1002 1004 1115 1136 1139 1156 1230 1233 1257 1329 1342 1414
570 1197 1106 23 829 211 1209 123 981 508 1102 93 87 576 9 1201 1345 1215 527 1373 1274 1032 734 1172 180 1155 120 989 857 1191 658 143 1193
207.7685
103.7961

127 146 169 289 625 1029 1036 1043 1351 1368
891 945 284 745 1079 576 1417 36 1144 1168
80.4357
41.3384

33 37 223 255 318 489 809 868 969 1175 1243 1315 1391 1409 1461 1467 1472
509 1022 1040 734 950 73 654 492 391 16 157 495 142 1262 126 735 933
116.0938
62.9822

0 1 38 266 273 367 596 603 703 923 941 960 1047 1082 1101 1111 1117 1338 1356 1391 1480 1495
1238 1123 1028 397 1470 1165 589 1107 1260 8 391 80 939 872 975 1104 142 822 701 812 1206 704
155.1176
81.2549

6 289 346 423 505 601 625 658 748 861 893 1043 1135 1361 1391
1254 745 1403 1079 939 999 1319 142 1316 36 1129 903 407 1341 1206
79.3842
38.5433

43 109 114 185 191 223 230 259 345 420 492 532 543 705 760 795 840 894 986 1022 1045 1080 1177 1199 1233 1241 1301 1342 1370 1377 1480 1482
1238 570 1003 173 397 1123 343 1068 1169 398 1201 1071 1107 1291 508 373 1427 1327 1032 623 1310 23 582 533 977 812 773 450 199 1172 487 796
197.6964
99.4173

68 81 195 264 289 544 643 679 853 1010 1121 1177 1491
1107 1028 1079 109 1104 17 1314 1032 1300 211 1209 1087 1129
81.6388
39.8697

44 167 184 221 246 264 301 334 445 684 710 722 857 901 966 986 1036 1122 1135 1239 1289 1317 1370 1379 1393 1487 1489
312 1333 409 1209 363 1358 1420 1028 294 1300 891 1417 1433 434 978 566 878 1155 16 859 533 77 1078 1373 1380 398 1461
174.9375
84.6829

116 363 436 477 556 622 720 1095 1339 1351
1480 780 859 945 1338 661 438 529 652 880
72.637
37.3393

49 119 188 394 527 886 900 908 935 1036 1306 1470
966 891 277 149 1417 611 312 1110 868 56 702 19
87.0206
42.1125

230 299 413 452 684 742 790 854 918 1137 1156 1190 1363
1028 508 1254 903 108 879 198 334 1076 293 630 1102 213
76.0448
36.5506

1 31 49 131 280 305 318 385 409 489 601 637 1071 1186 1228 1229 1276 1368
294 891 1123 284 842 878 277 838 270 1206 771 1061 576 610 912 1025 454 137
120.6842
55.4977

53 100 116 117 139 232 324 328 353 361 363 535 537 588 591 759 896 948 1029 1031 1054 1080 1100 1104 1143 1188 1190 1196 1257 1311 1385 1401 1437 1459 1467
312 509 436 1480 316 589 1167 224 794 1003 34 1168 221 1417 19 22 494 167 157 450 492 740 197 1261 1345 1092 712 404 27 582 702 678 1338 273 1061
209.3931
102.9804

61 89 135 149 326 357 363 386 404 408 422 436 535 544 593 701 717 740 759 974 996 1007 1018 1070 1135 1228 1238 1289 1296 1351 1380 1396 1404 1438 1467
397 780 509 1131 294 912 1203 9 859 589 1060 17 1387 611 1040 492 732 97 1104 882 428 1379 864 1402 1278 880 1101 1480 1456 157 774 1126 751 80 945
205.17680000000001
105.7825

1 169 189 292 469 977 1239 1277 1414 1491
1420 1123 800 1032 1206 789 700 1483 466 946
71.6748
36.3684

30 81 127 189 207 419 487 746 755 795 842 918 1022 1025 1278 1289 1423 1429
570 173 1110 1169 36 397 1087 1348 939 33 1180 448 495 1222 977 865 796 630
107.8369
55.320499999999996

68 124 206 334 380 429 438 491 679 798 879 949 993 1083 1233
1433 93 789 294 1278 109 91 358 1114 1380 117 683 909 962 682
101.11880000000001
52.615

4 18 42 57 109 134 185 216 242 279 321 415 477 525 556 594 658 671 711 726 766 821 835 857 862 918 967 1080 1123 1188 1201 1381 1460 1477
667 1467 397 198 1203 23 1402 647 859 834 211 1254 56 772 903 1170 1104 438 661 1327 980 1089 120 904 652 741 1461 595 180 443 371 735 666 678
186.176
90.7266

38 105 189 242 266 301 305 436 471 487 498 582 722 730 732 755 766 772 784 795 840 861 951 999 1013 1081 1101 1140 1156 1177 1373 1382 1407 1435
397 1028 780 1107 173 123 890 859 270 589 294 649 771 366 1274 391 255 1106 977 1085 701 674 244 731 56 1269 465 1155 1260 1265 1062 812 1222 880
190.4981
92.4738

22 188 247 279 332 345 380 383 386 408 461 522 598 733 740 757 763 794 798 834 840 893 903 1223 1233 1254 1258 1264 1345 1396 1461
397 1110 97 1467 1333 623 912 780 966 93 611 294 734 667 1387 563 1278 221 1125 933 1402 1146 43 449 242 641 682 735 1319 20 566
194.6202
102.6424

33 177 242 254 304 452 461 528 671 772 1044 1344 1360 1477
397 1333 1387 278 255 411 735 666 391 32 198 1274 149 980
95.1841
49.7062

14 42 107 116 125 216 324 396 442 457 469 472 582 615 625 737 756 757 891 935 989 1208 1327 1477
1467 745 294 327 5 966 734 167 939 798 1254 789 671 1074 1393 254 1032 91 1129 762 549 499 165 1471
138.0171
74.5033

6 172 207 220 299 363 376 408 451 669 738 756 786 795 822 832 834 895 1025 1047 1164 1177 1315 1374
1480 294 1107 1028 97 1022 173 734 87 623 1373 278 869 728 704 136 1348 272 58 285 1338 356 778 495
156.7751
78.0466

46 100 117 148 268 304 361 745 748 772 786 803 832 842 884 976 1031 1045 1101 1129 1138 1166 1243 1251 1306 1370
589 294 397 316 1417 398 1403 195 750 73 255 1151 1040 353 295 812 701 1274 77 939 910 736 712 582 740 846
171.7603
91.6316

138 255 311 733 842 1082 1122 1135 1196 1216 1470 1481
312 611 654 1110 1146 36 865 939 27 80 147 1298
74.8001
38.459

78 86 167 184 429 472 517 656 679 751 1122 1176 1283 1345 1470
1333 312 436 1209 611 878 762 1110 1400 1125 947 1155 1215 160 1403
99.1891
48.0036

91 661 804 842 999 1009 1050 1182 1244 1245 1274 1433
1467 1420 455 17 979 698 921 939 1495 1209 1482 170
97.4705
58.788

42 92 170 238 318 367 393 447 454 492 545 749 895 992 1074 1101 1105 1176 1281 1368
284 1118 1068 264 576 623 728 701 930 173 443 1167 398 979 243 1400 872 1336 812 420
139.3925
79.6095

0 38 42 116 134 151 166 220 253 434 457 500 504 626 784 895 905 910 935 948 1043 1229 1245 1420
891 1028 316 1123 123 294 334 728 36 921 623 1061 1203 1233 391 136 466 34 1053 91 1176 517 690 1362
153.4566
79.4674

96 452 552 594 676 790 802 1074 1117 1273 1468
1433 1254 15 1167 198 734 1086 16 823 213 102
68.0713
34.5496

91 117 199 372 381 429 452 457 705 716 746 756 770 1001 1022 1080 1098 1308 1351 1385 1414 1431 1438 1444 1467
570 509 397 312 740 1203 734 1003 492 780 1169 1180 1146 198 17 945 712 1393 624 1167 671 157 796 159 19
140.8317
67.3867

109 138 160 230 277 353 404 408 413 433 445 521 537 543 546 549 631 676 709 717 862 986 1006 1083 1093 1115 1121 1124 1135 1200 1216 1258 1400 1446 1472
667 1003 397 23 211 912 419 1475 780 1254 683 40 1131 364 56 508 566 1417 1278 1032 1102 1237 129 167 856 1087 16 491 1195 977 1484 765 533 1345 737
206.2492
109.1903

76 137 146 167 251 321 404 458 475 514 537 703 708 822 832 893 901 906 993 1005 1093 1128 1181 1186 1414 1437 1444
1063 1278 1333 1209 780 172 1494 108 869 864 1068 623 466 776 1319 1032 1092 1461 1427 1144 1104 22 732 838 160 120 1345
143.0587
65.8496

48 355 431 543 714 732 755 914 1278 1365 1398 1407
148 890 335 110 1076 1261 812 1085 879 33 863 40
89.07169999999999
47.2236

44 379 552 591 622 679 711 839 911 1045 1176 1208 1317 1380
221 294 606 1120 734 230 34 834 651 616 1182 101 94 458
106.9157
59.8407

125 187 309 410 429 447 489 495 857 972 1053 1095 1244 1273 1472
508 859 16 979 379 61 670 953 325 652 1089 1178 1071 97 76
75.8189
40.551

174 199 301 332 372 397 699 704 861 948 1083 1345 1395
316 829 981 780 1203 1197 527 674 466 683 1125 120 658
101.19
56.8464

218 316 478 701 704 746 1164 1302 1403 1444
1209 1455 299 384 674 494 1317 1253 64 1300
77.9542
46.1917

0 36 72 139 149 219 289 293 294 299 314 332 356 487 491 544 650 716 793 1063 1157 1368 1374 1433 1446 1470 1477
284 397 1028 317 226 312 611 1209 1291 1104 1079 1110 101 1403 1420 979 838 1222 797 1194 450 564 1387 563 1114 712 1486
183.1859
98.5134

4 301 445 479 504 590 641 876 1098 1461
1146 734 219 566 397 49 765 1233 1129 44
58.9599
30.8847

116 145 160 226 246 314 332 360 446 479 500 548 554 565 603 606 655 676 684 733 778 906 913 1004 1072 1095 1104 1109 1120 1138 1277 1310 1315 1477
1238 1333 1022 1106 264 1355 1428 397 419 224 541 284 424 624 8 439 800 781 1475 353 1102 563 466 1099 495 666 989 1146 1237 553 1193 364 799 307
200.2025
97.7052

31 116 220 221 284 332 338 500 597 637 655 673 682 972 1025 1270 1331
312 570 1203 16 921 891 397 9 1387 163 455 1154 933 1427 563 1179 541
110.5322
51.3653

61 84 340 381 435 495 520 628 911 959 1013 1018 1023 1151 1299 1330 1447
1480 101 824 649 9 1106 1003 897 616 115 363 295 365 1043 731 421 670
106.9072
53.4348

182 253 328 367 379 409 470 543 753 1001 1020 1107 1116 1139 1190 1306 1310 1377 1412 1438
294 1106 725 1197 878 176 343 842 1120 1234 1182 273 58 812 56 443 1025 458 888 243
128.9359
61.9165

33 49 127 264 294 331 410 742 760 1023 1036 1080 1265 1360
1209 277 1028 1417 891 101 1300 108 1167 1032 115 735 1005 391
103.9969
56.7433

125 167 228 253 355 396 593 606 1036 1210 1233 1277 1299 1374 1379 1441 1461
1333 397 1358 667 878 1355 1209 1417 734 648 966 661 166 946 891 1037 1155
131.1634
69.9235

458 601 628 711 757 759 966 1082 1188 1446 1470
409 1063 312 611 267 1110 1078 1467 834 678 172
74.3631
33.871900000000004

38 94 124 138 263 279 385 471 495 582 603 608 772 778 786 799 977 1008 1036 1115 1129 1210 1268 1327 1338 1374 1400
1238 294 667 661 891 1254 316 295 1417 255 1028 211 1470 391 735 648 1102 538 798 8 781 1007 275 1074 1362 466 411
171.7719
88.1745

0 62 86 100 173 187 212 294 458 469 489 520 723 772 798 853 900 986 990 993 1007 1071 1201 1239 1274 1286 1322 1380
1420 1238 93 101 397 1495 1355 1063 698 533 255 702 7 1278 882 1402 543 1005 172 566 921 1234 750 661 149 59 731 376
181.535
104.4658

14 76 92 93 116 311 393 406 458 492 728 1265 1316 1394 1412
633 1398 1063 1167 1068 864 173 243 273 58 1336 1390 736 985 389
103.4777
52.6971

81 167 174 228 280 292 305 363 364 383 436 441 452 505 643 699 708 803 923 972 1078 1082 1097 1230 1264 1308 1339 1447 1483
1480 780 1209 912 317 667 946 859 878 1106 294 1278 610 108 270 1338 1373 198 449 771 1032 1403 880 183 800 979 421 38 1362
170.17680000000001
85.7632

37 81 109 316 474 504 629 887 901 1009 1021 1038 1109 1120 1199 1276 1317 1326 1380 1435 1444 1470
1467 312 611 1333 1428 1209 299 294 1110 73 267 56 495 1300 1461 882 582 94 541 1237 229 991
138.13139999999999
69.6166

160 355 377 404 461 478 537 577 887 1053 1208 1286 1451 1472
1333 508 419 780 1387 1169 1278 16 334 364 1494 376 564 328
93.4379
50.1841

36 63 232 321 377 495 535 643 898 1065 1110 1117 1151 1239 1468
1420 1433 322 1403 1480 139 494 120 1486 1086 1169 564 670 61 700
104.7721
55.4483

32 175 228 253 299 477 638 700 738 795 803 861 862 884 1071 1116 1122 1151 1261 1273 1370 1411
294 1028 173 1480 750 278 23 878 211 398 946 101 725 1297 226 317 650 143 1348 316 873 77
141.4368
67.3566

63 91 127 386 470 491 974 1031 1134 1137 1374 1398 1431 1460
148 589 97 1261 17 1076 1114 903 1482 761 879 1075 442 988
86.0405
40.7188

87 145 236 306 427 449 470 491 679 732 778 806 876 910 914 1002 1022 1023 1054 1060 1063 1080 1101 1131 1151 1196 1259 1326 1339 1356 1398 1495
148 1433 436 570 603 1123 317 294 1118 1261 625 890 624 278 701 872 1169 517 975 1475 1480 1114 1076 397 610 989 1167 115 27 1262 578 1040
190.5031
89.8819

27 244 293 372 433 452 647 655 728 753 818 1072 1078 1238 1292 1332 1340
1251 1131 725 1203 912 273 1428 1395 1101 1157 428 1416 670 541 1338 965 529
117.1097
57.24

14 61 172 191 338 408 479 498 585 722 745 746 839 918 982 1093 1109 1143 1298 1438
1373 1480 9 1291 230 630 1032 985 309 6 1151 1237 486 846 426 529 1472 1180 457 1456
113.1318
56.3277

188 244 543 590 649 959 976 989 1017 1020 1078 1166 1200 1470
1480 312 1203 327 966 611 1 979 872 1110 897 683 1416 363
98.8424
50.5575

6 57 166 174 234 246 311 312 394 442 477 554 702 709 728 733 793 850 903 926 974 986 1015 1071 1116 1218 1238 1257 1302 1308 1409 1460 1461
294 1131 845 780 1028 1101 891 424 273 566 1146 734 1415 69 1265 334 137 1317 1220 1417 529 929 1102 533 428 1253 667 1443 7 397 807 38 278
188.2875
95.2266

170 294 340 410 549 625 710 879 918 1160 1200 1391 1432 1433
397 1480 101 930 745 789 979 201 1420 624 1209 885 683 939
107.7405
57.2452

138 182 390 487 516 737 862 1277 1356 1418 1477
23 698 211 872 666 1222 347 1319 307 1098 478
63.4618
32.9319

31 82 289 306 381 546 617 699 748 763 973 1025 1101 1107 1273
810 176 1118 1079 1234 704 272 1398 701 1403 812 1124 448 1461 1022
95.7234
47.5248

36 40 109 189 252 290 294 324 328 408 447 454 528 532 543 575 578 705 740 781 914 1005 1071 1083 1117 1177 1192 1251 1254 1261 1278 1299 1301 1382
397 667 1123 1107 1403 1106 1297 101 1238 1455 780 910 725 278 316 195 979 490 1246 1256 1486 197 564 773 812 879 795 841 2 242 77 33 1248 273
208.7785
116.565

63 89 277 301 361 368 376 424 435 497 537 544 597 608 617 629 703 716 757 770 781 798 802 992 1005 1020 1080 1138 1177 1326 1380 1403 1437
667 397 1104 1107 93 1087 1475 704 17 64 538 353 1467 732 1146 16 384 1102 1092 1338 117 776 682 882 1154 259 159 582 1089 4 317 1075 1345
174.4412
85.4045

2 221 252 279 328 386 419 474 597 608 726 749 799 802 943 982 1012 1027 1031 1073 1098 1179 1189 1251 1324 1422 1458 1459 1467
312 509 198 589 1146 1110 16 762 1314 1203 1362 492 1003 197 1327 736 195 273 157 910 6 792 761 27 146 77 1087 1288 538
169.593
83.036

0 4 38 134 220 265 393 396 475 549 565 620 634 638 669 723 898 907 966 1056 1098 1111 1138 1190 1192 1201 1257 1289 1300 1326 1404
397 1028 409 1123 87 1146 353 667 391 1402 1379 1455 448 1203 1078 983 1230 224 923 7 267 449 822 416 1336 1441 734 110 1256 829 1129
165.3261
81.0877

6 49 65 177 290 294 316 334 355 622 626 661 684 709 755 976 1015 1054 1056 1065 1072 1111 1179 1278 1305 1373 1374 1420 1455
909 436 1433 101 299 278 397 1209 1167 277 921 745 186 33 966 1362 139 148 822 1380 1261 1005 517 1365 1042 328 384 1100 1421
168.9203
88.4441

135 148 197 264 380 394 454 532 592 705 906 1113 1139 1227 1258 1281 1338
1123 1028 1209 1470 1197 558 73 1300 466 1246 1486 1329 450 199 3 91 179
125.5055
67.702

124 246 268 293 314 353 363 431 458 496 579 853 898 1109 1113 1228 1265 1322 1345 1468
1433 1480 284 1063 1338 1167 167 1086 1125 322 1237 91 912 1012 343 172 658 725 825 1284
112.1056
55.1781

31 61 191 280 290 478 519 551 622 834 896 918 1047 1123 1244 1261 1391
1467 97 647 1279 1107 9 1297 1291 142 725 443 704 1364 1417 650 630 1377
92.5575
39.4007

145 346 461 505 638 658 697 903 1070 1176 1377 1388
1333 780 1254 343 1387 624 999 1399 89 32 1286 965
76.9639
39.83

37 65 100 146 232 246 259 299 397 497 498 504 516 528 556 628 676 716 751 851 906 910 966 975 1053 1129 1327 1363 1365 1377 1423 1437 1439 1455 1459
1333 829 409 981 1028 508 335 1144 909 343 1197 527 466 73 798 1146 494 267 1400 110 1427 495 1092 39 120 610 295 652 1078 529 926 438 658 278 1234
196.6519
93.7551

42 55 63 134 137 203 226 314 345 346 408 425 449 562 622 643 679 732 772 861 887 907 923 1002 1163 1216 1298 1467
509 1398 439 397 1022 952 1040 445 985 890 284 255 1300 492 1203 1099 22 531 999 309 623 1123 1075 23 922 530 465 1416
157.299
74.5044

116 185 215 341 986 1005 1043 1054 1060 1131 1210 1292
1433 436 294 667 648 278 36 625 143 1167 776 1261
96.078
49.863

55 117 221 374 520 598 606 773 795 926 1434 1451
312 1333 1355 5 740 173 879 678 891 397 16 712
101.0142
49.6202

124 187 377 397 728 862 1107 1109 1230 1233 1239 1393
1420 176 829 981 273 23 1197 527 1373 658 1169 1234
106.8323
60.927

72 137 175 226 284 289 372 446 449 466 647 840 923 949 1270
570 1398 1203 1251 1387 439 1079 9 962 22 1194 1157 1022 1395 531
117.6371
65.9743

42 109 173 189 265 293 324 355 380 514 783 786 914 959 1009 1020 1118 1138 1233 1241 1258 1276 1414
589 1467 1470 294 363 998 1355 798 391 416 353 56 3 762 949 563 701 897 595 328 224 1327 1494
135.3533
65.6622

91 372 380 386 441 537 568 785 842 986 1100 1136 1163 1266 1299 1363
794 1482 445 17 1061 939 1345 761 566 365 533 36 97 865 80 1298
90.1748
45.0843

12 107 177 230 246 268 312 346 410 415 449 489 562 632 653 793 893 908 911 982 1036 1152 1189 1251 1283 1291 1301 1399 1438
294 508 1417 1398 891 219 952 726 69 910 985 1258 195 1288 1074 651 616 986 6 736 807 1441 101 1168 149 530 1319 773 509
167.7896
82.73

150 197 253 277 322 655 670 682 835 1300 1373 1407 1428 1433 1467 1470
667 509 312 611 891 1040 921 492 1455 1085 1475 397 558 1209 863 157
133.18359999999998
73.6413

12 49 100 306 344 458 528 670 676 746 799 966 973 1023 1056 1116 1143 1302 1324 1368
294 409 284 277 1063 267 576 1124 278 1253 1078 1007 172 1180 1317 838 1234 115 137 1215
123.6828
61.7733

86 148 149 167 170 177 297 449 469 575 590 594 638 732 738 766 884 900 901 1056 1131 1371 1470
1433 278 312 1209 864 750 611 930 1417 73 890 1248 1333 1110 702 1155 1398 1461 530 563 741 164 532
140.7654
67.9062

32 49 78 125 137 160 302 409 634 660 975 1233 1255 1308 1365 1400
1254 436 277 842 419 110 878 335 167 397 226 248 923 22 856 1025
117.0089
63.4957

31 82 93 125 146 160 228 314 331 356 422 424 433 475 590 615 647 652 656 684 757 784 834 972 1044 1134 1316 1360 1428 1446 1455 1467 1468 1491 1495
633 1433 123 1398 1251 172 509 810 97 317 1060 294 284 1032 1395 1157 419 878 221 909 946 975 1338 267 1047 492 712 1399 1421 364 1390 1281 1025 1144 1086
202.0165
97.9404

38 82 87 113 150 169 218 316 404 454 492 577 601 622 626 641 676 694 702 704 804 901 908 935 939 947 951 1100 1177 1256 1286 1296 1324 1379 1483
1028 845 1358 603 1107 810 1333 674 1068 794 1300 780 1144 366 173 800 576 1270 219 1215 391 1061 494 180 1462 143 1032 1025 1278 179 376 149 1209 1461 91
199.9378
97.466

68 174 259 516 522 684 791 862 949 999 1131 1210 1218 1230 1259 1324 1432
1433 667 1427 23 648 278 1373 109 624 962 674 211 43 38 139 977 1256
107.8842
52.1183

38 82 116 189 206 273 367 381 408 409 446 472 517 543 545 628 629 679 723 766 891 900 967 1259 1308 1311 1340 1437 1441
1028 810 167 878 912 397 842 5 1251 166 1092 22 762 80 947 40 149 391 1165 7 221 812 734 443 364 1025 702 4 952
165.20080000000002
85.2216

2 53 280 332 344 360 442 544 579 588 669 723 755 760 770 855 938 948 989 1001 1044 1113 1116 1135 1233 1298 1299 1324 1370 1373
294 316 397 398 327 792 176 87 1104 17 1087 1032 1387 563 985 264 27 589 309 77 221 7 335 1012 636 91 493 881 347 1145
176.23940000000002
91.456

38 44 265 338 452 489 617 671 723 853 876 1005 1157 1322
1028 198 1387 1291 776 704 391 905 1472 980 224 416 1220 989
83.9978
44.0664

259 294 454 799 917 976 1021 1107 1243 1342 1495
1427 1461 176 1201 1260 101 1007 1234 975 1005 795
96.1925
60.4453

48 78 105 215 226 396 404 517 658 852 1097
294 780 439 1022 1254 436 167 966 751 1278 947
78.129
38.2407

42 202 203 367 396 433 546 702 763 975 1283
845 966 443 1415 1087 619 1412 1215 248 751 925
67.8075
36.2896

27 44 72 302 445 477 620 703 977 1022 1139 1239
570 1420 1197 455 1194 448 1169 1104 905 466 670 242
92.7684
49.2833

86 479 590 701 733 888 951 1111 1368 1467
509 284 366 1040 576 1455 1146 492 449 7
85.376
49.3136

53 81 304 353 438 475 682 845 878 888 973 1113 1122 1299 1356 1385 1396 1420
312 921 486 397 167 91 611 101 1167 1009 872 149 1151 891 1124 517 7 774
132.3089
68.2981

2 137 138 170 177 216 372 390 793 879 1045 1078 1208 1331 1347 1481
792 294 930 789 22 347 979 1416 27 1129 457 1471 381 531 583 91
77.6133
38.3452

109 125 160 353 383 408 435 452 470 475 632 804 891 910
912 167 5 419 364 1003 198 610 56 595 1025 1455 1151 986
97.9771
55.7969

184 292 324 374 505 517 522 671 818 1098 1101 1109 1192 1286
1428 762 1118 1146 878 800 701 879 812 1237 376 5 1461 1062
87.1052
42.7315

36 61 79 81 113 160 230 326 338 433 451 492 520 597 742 886 905 1001 1005 1082 1110 1136 1138 1175 1228 1299 1385 1398 1404
312 148 508 322 912 1068 9 1167 1403 1131 108 353 1261 1355 1379 564 1076 1154 143 1486 339 77 776 1455 365 364 1393 986 1472
173.8439
86.9427

31 76 81 100 113 146 185 232 284 305 458 517 527 543 575 669 701 749 1009 1015 1025 1118 1166 1229 1258 1293 1310 1401 1404 1422 1431 1440
1467 891 1106 570 589 1063 771 404 270 294 87 1144 143 1379 494 762 610 998 868 186 1248 278 1083 947 702 3 1455 864 1234 272 904 624
187.2535
90.036

38 105 215 228 289 445 496 500 505 526 545 732 781 1093 1124 1137 1230 1238 1278 1292 1437 1481
294 1131 397 1028 1101 878 890 1079 317 946 1032 835 391 1373 903 78 879 529 1092 765 909 428
139.5265
69.9418

27 78 86 273 427 446 757 938 1070 1083 1282 1293 1319
486 1123 186 167 436 1387 1165 80 683 670 110 314 964
95.4498
50.697

33 38 182 207 519 568 590 711 993 1188 1223 1259 1261 1489
1028 363 391 1297 678 735 834 725 650 1278 495 572 1364 517
89.9748
45.6266

53 170 189 441 498 517 708 740 861 898 1001 1063 1201 1255
317 1402 930 1198 108 762 947 603 623 1068 1126 1313 1075 686
78.0243
35.135600000000004

6 43 292 381 544 565 585 740 804 878 926 977 990 1047 1136 1160 1245 1400 1418
397 455 845 891 1254 466 201 1107 745 17 800 1402 698 1237 1025 1428 275 960 1332
123.6437
63.4192

22 203 230 266 394 425 469 471 521 634 682 853 946 1004 1017 1060 1095 1115 1388
1480 1110 1102 921 891 740 508 211 397 625 1269 923 1131 1412 1484 1195 554 737 1274
121.1682
61.7374

86 89 127 219 263 264 435 477 556 655 660 720 759 783 1022 1043 1131 1351 1480
570 1433 1238 945 1028 1470 1209 278 36 226 1300 1169 391 732 652 1074 147 438 529
128.9297
61.4979

41 173 187 251 268 390 419 433 435 466 496 504 522 546 593 703 785 862 901 908 1096 1116 1201 1212 1232 1274 1278 1332 1403 1480
1238 294 23 1110 1333 1087 1355 1104 211 1495 1439 921 909 33 1427 1098 698 384 1402 143 43 1461 1345 1089 49 949 1233 260 1039 179
172.9267
87.289

55 91 135 471 551 760 868 1120 1123 1196 1298 1331
1467 647 950 1428 17 176 985 1482 309 1032 1449 1269
86.8334
44.3664

2 27 109 175 234 264 277 302 304 435 504 598 638 649 660 701 740 982 1022 1078 1104 1141 1233 1261 1277 1286 1289 1365 1366 1396 1398 1422 1440
148 570 667 862 1028 1209 294 224 792 335 1009 1 1169 872 1076 1297 1300 110 725 56 800 1402 670 1475 6 1061 611 563 149 650 457 979 437
202.6971
101.5052

33 191 221 263 311 457 478 525 556 626 730 737 862 911 914 966 972 1071 1151 1176 1196 1208 1255 1257 1317 1342 1374 1446 1451
294 312 409 23 1238 606 1291 1106 267 16 616 101 391 1201 671 651 27 211 529 94 735 535 1393 652 1078 1262 879 384 1431
183.9524
95.2488

27 40 135 172 203 218 264 294 357 377 383 479 517 545 608 617 628 730 757 835 878 1031 1072 1074 1135 1228 1241 1245 1329 1348 1380 1431
667 589 912 845 1209 93 1028 1480 397 1373 101 1455 508 762 538 1395 704 59 745 490 1169 953 1148 1005 1167 670 1327 1467 1293 882 857 9
189.3431
93.6167

100 149 224 637 697 720 1227 1251 1257 1385 1393
312 195 864 1167 1486 434 1449 910 736 1378 164
75.4174
35.9113

1 89 93 105 135 169 184 191 195 234 284 309 353 408 471 489 504 517 522 548 625 638 879 996 1047 1096 1157 1292 1296 1348 1455 1480
1238 633 1291 570 1123 789 1107 745 9 1483 909 397 1387 1395 1206 762 1314 1220 732 939 167 43 1193 1419 365 786 1449 947 878 1421 1269 1088
178.8903
82.9828

48 57 86 173 265 360 423 554 577 594 629 728 791 1005 1012 1018 1050 1083 1133 1255 1290 1310 1326
1106 85 264 424 776 416 1355 273 1146 949 708 989 358 1313 734 334 224 4 673 110 683 137 1402
126.807
63.2064

109 119 125 264 318 361 374 415 441 461 492 514 546 562 594 597 778 791 966 1012 1013 1025 1038 1137 1139 1140 1393 1400 1438
1333 879 409 1209 1254 1028 1197 1387 649 267 1068 1300 434 903 219 1078 173 56 952 731 272 1475 244 275 1170 1087 1154 1494 420
187.8541
97.0478

86 182 185 254 273 326 353 380 454 526 546 670 772 876 943 1017 1121 1134 1138 1140 1160 1166 1239 1264 1296 1361 1380
397 1420 1480 167 667 201 255 1278 411 80 731 1087 1270 882 734 1355 449 726 904 1109 264 407 989 795 1021 110 700
151.1909
75.8923

119 312 394 436 469 548 549 656 891 917 1098 1163 1192 1196 1223
780 445 167 1146 859 5 1256 1461 726 69 983 572 1417 1032 1220
111.3082
62.9198

114 169 265 433 759 845 914 1255 1310 1365 1483
486 1106 110 101 335 879 416 945 701 1076 305
79.19
42.6705

1 38 41 135 169 297 309 376 491 546 710 845 911 974 1056 1160 1190 1212 1467
397 509 486 1028 101 1040 1483 492 1123 391 1439 651 201 616 260 1114 1206 1345 662
137.3944
70.04

38 48 57 189 206 230 264 284 302 312 357 455 466 475 492 620 641 670 730 910 926 1074 1097 1128 1141 1148 1177 1230 1319 1351 1370 1435
1028 397 570 1107 862 69 173 1068 101 891 1151 224 508 398 186 219 716 9 1373 448 1167 391 726 610 1300 1458 945 960 1209 1402 1362 341
197.9186
96.9353

131 228 252 253 328 423 545 682 703 705 748 852 1009 1018 1027 1192 1373 1382
1467 891 878 921 1106 946 1246 1316 1104 273 317 20 398 1403 1123 1040 199 421
112.7784
59.5776

14 114 137 301 420 433 549 634 652 730 755 861 974 1073 1133 1139 1243
172 1197 22 923 117 983 1188 1172 39 1215 673 1163 367 230 841 875 641
83.1307
41.8008

69 72 102 117 264 304 433 723 1027 1129 1141 1277 1283 1299 1327 1361 1366
862 1209 570 780 740 1194 1300 1028 295 294 508 1274 798 1215 1061 712 149
122.1387
64.4733

279 321 424 427 489 514 652 660 1097 1292 1344 1388
1123 172 1327 1338 120 1362 1494 64 271 586 564 376
62.4934
30.404700000000002

175 185 302 306 314 367 422 615 628 650 854 855 1282 1438 1447 1489
363 486 284 176 1060 1040 443 904 1106 1076 421 330 1022 448 1227 1468
86.2722
40.5159

93 247 309 328 489 638 742 894 905 947 1097 1305 1444
633 108 273 148 1390 1362 1053 1337 953 495 800 338 1103
80.0098
44.4088

57 80 114 127 357 361 368 390 577 597 615 637 647 660 699 893 1002 1017 1072 1239 1251 1283 1388 1398 1459 1491
148 1420 1480 1157 1395 195 910 1154 736 700 1032 1261 1076 334 459 1319 347 146 1022 1215 1402 1188 1021 1109 582 1155
136.5606
63.0398

63 197 420 526 647 649 690 1151 1228 1310
1106 1480 1251 1157 1395 558 872 1 912 1172
73.0388
37.6439

46 87 105 191 216 328 637 911 1073 1081 1100
603 1291 794 1040 1061 273 651 101 616 466 1471
68.8719
32.647

55 105 470 552 652 803 1095 1324 1409 1460 1477
172 734 316 26 1262 666 1301 176 102 873 1178
60.4725
32.4826

197 219 244 364 466 552 586 632 861 868 891 1015 1141 1401 1467
509 1203 862 226 1040 167 5 186 173 404 1205 950 734 702 558
125.129
69.8555

63 216 381 393 397 413 434 452 603 703 1101 1179 1258 1286 1331 1339 1366
1238 829 570 998 981 34 8 1197 527 701 1362 589 1104 198 120 658 3
125.6123
71.2293

91 94 127 131 136 169 218 394 441 446 526 628 660 684 795 969 993 999 1116 1157 1278 1347 1381 1394 1447
294 173 1291 661 1358 1387 224 909 977 1483 917 800 741 33 674 1348 1106 1220 17 1482 1017 1098 1362 8 421
123.06
56.1113

49 69 188 255 359 634 647 658 671 855 879 1043 1109 1117 1186 1283 1289 1292 1351 1360 1401 1435
966 780 397 1354 277 176 1254 1157 1251 36 923 789 654 1395 508 838 110 702 945 1237 404 729
144.9564
72.7367

18 40 172 218 230 232 277 379 496 592 626 711 720 738 756 778 900 918 974 989 1012 1118 1138 1166 1176 1210 1261 1305 1347 1380 1439
667 589 734 1120 278 1373 1475 327 1480 702 648 490 1297 834 494 1104 1182 661 882 353 1455 508 148 558 725 149 458 650 619 998 58
186.1866
93.2482

65 81 102 137 151 346 397 451 489 497 525 565 575 620 626 650 745 795 839 888 906 959 972 1107 1186 1264 1289 1347 1404 1434
829 173 363 176 981 1003 1151 667 1197 1146 230 527 448 1234 1278 7 1248 1348 1379 466 846 658 22 110 838 379 740 449 875 897
169.4451
86.2922

37 42 119 160 202 277 301 363 477 611 682 840 853 906 918 935 939 1082 1160 1208 1270 1365 1382
397 667 1480 891 466 921 1203 73 335 576 419 1475 1362 1003 110 16 1106 495 619 1387 1147 1078 490
156.1879
81.0321

0 355 631 737 742 749 781 783 910 974
1470 397 912 391 108 835 610 1253 1007 46
73.8415
41.0539

206 253 447 457 470 532 652 658 669 690 784 854 861 887 901 992 1006 1022 1111 1160 1302 1305 1396 1433
397 570 123 172 979 1420 87 1009 1254 903 1333 450 822 1209 611 148 1169 1253 885 1317 129 1393 1076 796
148.1074
69.9977

2 4 72 84 236 318 341 360 363 385 551 608 700 703 732 947 960 1021 1029 1123 1136 1292 1298 1373 1380 1481
1238 1467 647 264 792 1101 989 1194 890 985 1168 312 143 1104 309 538 101 1040 863 882 1365 1480 1338 463 1129 27
151.5337
73.3958

4 78 93 113 137 182 252 406 451 474 556 601 670 766 773 785 839 852 884 895 999 1036 1146 1259 1360 1379 1381 1382 1398 1404 1438 1489
148 633 1358 436 1203 891 294 363 1106 623 1417 167 678 728 1076 230 1261 459 22 529 750 438 313 652 1147 19 220 674 977 724 1129 389
179.5585
87.3845

273 514 545 598 641 748 850 1002 1053 1422
1165 508 219 80 1316 398 1494 1403 437 1284
64.6204
33.7909

32 62 175 212 219 269 292 435 462 497 658 660 704 714 1022 1034 1115 1338 1365
570 335 674 1254 226 1102 1169 1205 1470 543 110 1146 1484 903 211 926 800 147 494
123.0441
61.8911

57 87 166 244 294 340 413 446 457 522 543 628 653 673 702 732 795 822 834 887 891 993 1117 1131 1286 1310 1401 1451
1433 845 1203 1480 1106 173 603 97 101 890 167 1278 278 1415 5 869 163 43 1005 812 40 376 1291 1393 1348 334 139 1402
182.2154
95.2491

322 406 445 514 598 697 781 903 939 1033 1044 1104 1156 1162 1340 1356 1368
576 397 284 780 224 1251 1037 872 919 912 1484 835 137 1428 800 44 389
120.2498
64.1235

107 197 230 266 314 377 396 491 520 585 598 620 711 917 1043 1121 1162 1201 1227 1257 1338 1495
284 397 966 1486 1114 508 1470 1169 1260 1131 975 448 1461 1074 36 834 558 667 1402 1256 437 1212
128.87030000000001
63.859

14 27 31 36 48 68 78 127 195 442 445 520 556 588 596 622 690 746 784 852 903 941 947 1029 1033 1043 1070 1105 1122 1196 1228 1245 1428 1439
780 294 167 1403 939 436 123 912 39 1168 211 77 1314 900 397 529 165 1484 109 670 243 564 652 1281 438 1055 226 1486 790 1180 1154 314 26 335
186.7129
100.4923

22 92 268 269 279 316 321 328 353 423 546 578 586 632 670 772 794 802 836 917 935 993 1013 1070 1129 1163 1243 1244 1270 1298 1305 1317 1371 1377 1403
667 1110 294 1203 1209 295 16 397 649 623 343 985 1087 445 299 606 1278 1300 420 255 1256 309 273 243 148 734 735 94 64 384 725 317 1327 554 97
196.8553
98.306

338 383 434 669 684 784 901 976 1116 1241 1286 1428 1446
294 123 912 87 1333 1327 34 734 1251 446 989 376 1472
87.7661
45.6976

293 302 321 498 537 562 611 794 1056 1104 1363 1391 1472
219 224 623 952 466 1362 490 322 142 1078 120 16 771
81.8407
42.7937

49 107 202 380 408 520 598 626 785 893 906 1105 1123 1186 1192 1338 1459
1467 277 647 1470 966 1074 466 1319 146 619 810 838 952 925 179 1430 437
102.9607
52.8473

302 447 449 472 496 504 590 611 728 738 1123 1148 1239 1424 1441
1467 1420 1398 647 278 960 166 979 466 273 1362 1458 490 1233 825
104.5072
51.4198

127 224 386 435 446 504 554 669 757 907 996 1232 1244 1363 1404 1409 1458
762 1467 97 87 424 1449 1314 1379 1300 829 1006 1071 1393 1262 761 49 132
103.8063
53.671800000000005

12 107 505 575 842 896 999 1015 1054 1420
436 1417 186 921 1167 1261 517 36 939 278
80.5216
44.3856

116 187 422 438 528 603 795 1139 1201 1208 1388
1238 173 1197 91 1060 278 8 781 1402 531 1348
87.1133
45.2215

46 175 184 189 203 293 322 443 565 590 821 852 1010 1025 1316
1398 167 878 1040 448 272 1428 919 1338 1412 466 884 1479 3 989
84.5036
42.7352

22 76 82 117 136 150 215 397 479 521 535 631 656 737 878 923 974 1133 1210 1239 1299 1327 1371 1422 1437
294 1420 810 1110 829 845 667 648 224 745 740 527 1197 912 864 120 312 1195 798 661 917 981 1332 712 881
177.2955
94.4608

49 114 146 177 372 532 552 795 887 891 906 982 986 1020 1200 1245 1254 1348 1370 1439 1459 1491
173 398 167 242 1032 277 294 466 1144 734 5 450 966 2 1395 1055 365 683 6 310 9 77
142.1527
74.9294

12 63 113 114 251 273 290 318 326 332 438 641 694 737 751 822 918 1020 1078 1096 1098 1107 1261 1332 1370 1396 1451 1468
1333 1433 1467 1144 176 294 1165 869 1427 398 80 1234 1297 91 219 1400 1086 143 1146 611 1355 965 563 1461 933 725 77 630
167.5542
83.5609

63 102 219 455 491 498 694 798 941 1006 1111 1162 1259 1301 1458
101 226 93 1151 224 762 1144 1071 1314 449 856 1114 900 117 822
107.5132
53.6544

195 233 264 615 993 1006 1414 1423 1435 1491
1209 1028 1300 1278 1032 1090 211 129 1314 1313
73.2395
40.7721

27 33 44 218 346 427 445 452 629 650 748 753 773 793 821 854 879 1254 1276 1429 1439 1480 1481
1238 725 1123 294 242 1403 789 310 678 735 999 391 198 734 1040 1316 765 39 23 1055 313 905 989
138.5245
70.9182

61 255 309 429 441 521 949 1074 1096 1290 1322
85 9 654 1167 1146 962 1420 1195 953 737 933
76.0344
40.5023

145 166 207 293 419 478 565 620 699 728 733 770 1141 1181 1327 1360 1398 1400 1467
148 509 862 397 334 1040 624 1110 492 798 273 1254 1146 1076 1261 289 448 495 275
137.2434
69.7054

197 242 332 443 458 514 520 526 709 999 1101 1489
397 363 1063 1118 167 701 812 558 674 772 172 563
90.9598
47.5524

238 615 773 794 903 1135 1162 1238 1244 1388
1131 780 1101 678 623 428 529 294 140 837
75.1436
41.3958

114 135 185 223 525 590 1001 1141 1152 1201 1238 1315 1344 1439 1458 1477 1491
1131 862 1022 1449 1101 428 666 1314 1402 762 1032 529 1055 1061 564 1188 904
116.2915
62.5371

36 55 65 82 360 404 449 495 579 603 629 649 652 682 946 947 989 1013 1078 1083 1096 1122 1244 1245 1361 1394 1483
1238 810 1416 1403 1398 921 891 397 327 172 740 221 564 780 264 8 295 1 872 1278 751 153 734 77 457 781 1494
170.3392
86.6948

6 18 27 76 139 173 309 406 452 491 516 658 711 783 790 891 905 967 969 1010 1034 1044 1063 1162 1245 1278 1281 1393 1414 1418 1428 1482 1487
1003 317 1470 1254 1107 864 397 450 1329 198 434 167 1355 5 373 1198 165 391 670 603 903 1033 872 1104 978 834 1378 1251 949 314 698 1408 213
189.5148
100.7428

4 172 221 353 441 527 594 611 701 737 943 951 1036 1072 1110 1289 1381 1395 1477
312 891 1480 322 466 366 1123 1373 167 1362 16 863 868 428 1078 666 490 726 741
131.6442
67.455

79 173 234 344 346 447 793 1251 1332 1371 1396 1440
195 1009 910 736 979 1355 611 883 949 389 705 1345
75.6688
40.6155

124 372 419 434 497 629 676 730 790 911 1176 1210 1340 1345 1373 1407 1441 1458
1110 667 1254 762 912 648 661 101 1251 1146 1314 1087 863 616 641 1125 1102 651
132.6371
73.9758

6 55 169 172 232 311 363 379 433 565 709 756 806 840 894 1017 1082 1097 1104 1152 1156 1382
1480 1120 1373 224 800 734 1106 1182 494 1483 1338 20 1155 176 578 458 1362 1187 1437 1337 257 1478
126.3794
62.05

55 86 160 409 525 588 622 891 989 996 1045 1082 1141 1143 1283 1332
1106 862 842 294 5 419 878 167 176 110 1215 1025 464 165 529 132
119.2032
70.4954

124 127 136 436 514 535 643 679 700 868 1038 1124 1146 1261 1317 1324 1391 1394 1459
294 780 859 950 224 101 267 1417 1297 606 725 917 94 880 1170 146 956 1203 650
123.5946
66.1017

91 232 259 289 461 472 596 658 703 821 918 1228 1241 1254 1330 1385 1423
312 1333 1427 242 1387 824 1167 1079 939 1104 494 17 1482 310 900 20 1327
113.097
54.762

63 135 234 263 300 324 458 565 603 802 845 852 939 946 1054 1105 1228 1244 1311 1327 1370 1381 1418 1439
1238 486 436 397 101 398 1167 1063 798 576 740 22 8 698 1449 289 180 762 912 16 1413 774 853 9
161.9297
86.3942

30 69 103 174 191 195 253 322 474 537 586 649 661 742 803 887 946 969 1065 1134 1146 1201 1208 1289 1317 1424
780 1131 397 294 1203 740 1 211 508 872 745 1316 1291 606 1314 108 459 38 139 1402 919 110 316 873 1129 838
150.6628
81.9575

148 212 265 277 312 393 489 585 935 1071 1351 1435
294 667 945 1417 69 543 726 73 1475 716 416 532
105.8753
55.2355

30 207 396 419 517 579 679 969 1134 1156 1289 1432 1439
1110 966 762 624 495 1087 1055 110 397 1256 1313 254 39
76.3204
41.8717

37 53 61 84 149 166 174 218 263 277 302 346 487 714 879 935 1157 1182 1186 1200 1254 1256 1265 1286 1290 1338 1401 1407 1422
667 85 294 1291 334 242 1387 1167 1475 9 1146 73 1470 864 789 38 1462 404 1085 310 1222 1123 170 683 838 999 1015 1101 863
173.1514
86.836

167 228 359 526 751 960 982 1110 1137 1232
1333 1238 322 1101 1209 878 1354 317 946 1400
97.3533
53.8013

33 38 40 78 182 226 304 309 346 386 393 406 420 466 492 748 760 835 1004 1097 1116 1131 1156 1164 1324 1361 1394
667 294 1433 1028 391 1022 173 436 1068 167 439 278 1403 1032 1274 490 1102 619 1455 1316 1099 97 117 139 1172 149 1465
168.6087
80.7653

36 100 331 413 714 836 900 1029 1200 1210 1266 1299 1319 1327 1399
667 186 1403 648 798 661 702 1168 1486 683 289 77 149 564 986
95.5463
46.9265

1 91 103 265 491 670 700 749 876 886 976 1007 1015 1065 1093 1131 1156 1190 1254 1340 1342 1370 1394 1422 1431
1433 1123 278 398 912 1201 139 1251 186 242 745 17 1206 750 20 1032 982 1114 416 1310 1482 838 624 224 310
146.0043
69.0006

38 49 228 246 255 297 324 379 386 396 434 435 446 462 479 504 568 593 799 893 938 943 977 1008 1054 1074 1098 1101 1109 1176 1189 1199 1201 1360
436 1028 397 966 1167 1120 1146 878 1118 1261 294 97 277 317 726 946 654 34 701 1402 1182 1387 812 582 1007 466 126 1288 455 1319 1237 458 686 519
188.5265
91.3121

2 107 127 146 148 377 396 409 451 549 577 625 669 676 793 799 835 845 887 891 894 918 1008 1060 1116 1156 1175 1190 1223 1228 1338 1371
667 294 486 397 1470 792 1417 842 167 745 87 73 912 734 1144 1169 1007 5 939 741 1025 630 572 983 966 179 9 1337 334 101 1074 774
188.4665
95.4248

57 174 223 236 277 355 431 478 545 669 845 900 1047 1082 1088 1137 1264 1278 1316 1345 1468 1481 1483
667 486 1433 1398 1107 87 704 391 101 903 945 149 1125 879 909 1475 1032 774 328 33 137 398 9
137.6843
66.63719999999999

0 44 216 232 312 353 684 896 1122 1256 1281 1298 1299 1435
1417 69 167 716 985 494 1462 726 872 1329 309 1220 1191 365
96.6637
52.7369

14 173 218 244 312 322 474 525 676 701 730 1071 1131 1315
294 1433 1203 69 1022 278 1355 1417 1428 1455 919 139 39 716
116.7181
65.5857

1 145 146 195 381 457 637 670 697 852 946 1047 1054 1370
436 1123 398 740 624 1144 1167 211 1107 671 77 1261 1393 1314
97.9235
50.4408

33 36 174 304 447 458 598 684 857 1045 1105 1110 1121 1133 1201 1254 1277 1282 1331 1348 1380 1468 1481
294 486 1403 1433 322 397 859 391 1395 1063 172 735 77 1274 1402 1086 1486 882 964 979 564 149 595
153.6062
82.235

0 1 78 79 89 175 223 259 302 364 451 500 568 699 709 763 798 840 903 911 917 1008 1036 1251 1270 1327 1373 1391 1418 1435 1444 1459 1481 1482
1123 1003 1203 780 101 891 93 1427 397 436 195 167 373 725 910 651 1037 616 117 732 698 1206 1387 16 1461 183 667 1365 289 19 1256 146 1011 546
181.9178
88.5096

195 238 302 376 886 948 1060 1070 1239 1298
1420 316 625 1314 985 309 211 243 670 1109
80.2068
46.8397

92 102 137 202 311 441 653 740 896 1013 1034 1373
649 1417 508 243 960 420 22 619 856 295 1040 948
77.4479
43.5971

14 27 80 87 116 306 438 505 544 552 620 669 709 716 793 879 926 992 1033 1095 1156 1162 1424
603 397 891 734 1022 789 341 1104 448 647 91 1484 1037 786 39 1102 102 493 17 670 26 314 1087
129.4704
66.7525

33 69 82 124 149 160 321 331 332 334 361 396 409 438 582 603 694 697 755 839 854 1050 1179 1181 1189 1308 1373 1441 1460
1238 1433 810 780 864 508 842 1003 419 878 1362 909 8 1144 1358 781 221 1365 391 91 1380 120 343 341 986 1025 563 811 1288
179.2032
93.2847

87 191 197 220 297 413 457 545 650 766 854 989 990 1017 1018 1047 1095 1104 1157 1212 1332 1360 1363 1393
603 1291 1480 1107 327 1387 224 1040 434 558 1076 1378 800 704 1345 1220 883 464 1021 389 671 519 179 797
135.9936
67.68900000000001

62 78 80 114 139 146 408 419 517 606 632 705 709 723 770 884 910 948 1043 1060 1071 1105 1122 1162 1232 1259 1316 1468
294 1333 316 436 1433 1123 750 1355 1398 1110 36 1144 625 7 167 647 762 1086 947 1087 179 810 1246 159 46 610 790 952
178.5327
87.4893

33 119 242 255 413 433 785 907 1074 1308 1329 1338 1409 1439 1444 1467
397 509 93 508 1040 1470 391 492 1167 654 1300 1436 857 735 126 1148
116.1093
62.8663

94 309 359 406 611 694 699 717 722 742 840 1088 1097 1100 1270 1366 1414 1418 1438 1482
1003 1362 1203 661 794 698 1144 1354 391 108 466 570 1373 490 1387 1078 16 1061 389 774
122.3549
57.3767

2 113 220 238 264 374 442 470 517 551 617 757 926 947 1017 1036 1120 1162 1199 1239 1245 1289 1296 1298 1368 1398 1403 1435 1491
148 1480 891 1028 284 1467 1420 1209 1428 792 879 1265 576 985 110 1300 762 1261 1037 670 1076 582 143 1417 309 64 317 1211 700
181.659
90.7365

167 359 565 611 620 738 749 809 1412 1423 1424 1444
1354 278 1209 58 242 448 466 1362 1078 490 341 1155
75.8936
36.6257

12 18 41 277 520 679 753 861 884 1020 1060 1110 1301 1308 1331 1338
667 725 750 1071 1475 322 1470 1439 625 1104 1230 260 773 973 197 339
104.9712
51.9784

119 175 228 367 673 906 949 1306 1395 1432
878 466 163 443 624 317 56 946 863 962
73.3838
39.2775

37 42 79 93 188 312 314 368 470 489 586 615 671 694 697 798 834 855 947 999 1182 1199 1289 1319 1340 1401
633 69 912 186 284 97 495 966 1144 1251 73 176 110 117 1417 404 509 682 726 582 170 702 980 1291 1279 26
156.6604
77.0301

4 18 43 96 103 172 277 316 344 353 423 446 466 517 544 701 728 760 876 903 917 959 967 982 1045 1088 1097 1134 1199 1232 1296 1345 1373
667 1480 1209 780 1104 299 397 173 1032 1461 1270 17 391 589 1125 363 273 1300 897 558 15 1362 6 582 179 1040 167 823 1365 343 1242 1039 989
190.0126
102.3982

63 107 169 226 269 277 422 519 548 551 704 749 851 887 901 935 972 982 1072 1176 1212 1259 1293 1317 1388 1391 1418 1420 1451 1489 1495
1333 667 397 294 363 921 1060 439 517 1475 1403 698 674 1022 455 1260 975 800 1083 1099 1461 6 494 91 1193 1345 1364 379 94 1483 1074
169.601
85.9722

43 55 105 113 166 212 233 242 331 338 372 381 422 429 543 629 730 935 982 986 1031 1152 1166 1200 1229 1238 1296 1374 1403
397 1131 891 589 1022 1061 1060 384 334 1313 64 558 1101 428 566 772 91 143 683 40 1270 1137 6 442 1416 529 454 1392 533
162.6985
80.6765

174 182 309 314 514 679 702 737 923 1100 1176 1278 1401
845 284 794 38 1415 1061 33 531 1494 926 1098 1319 909
94.5993
53.616

80 151 331 360 364 457 653 723 938 966 976 1027 1097 1120 1166 1257 1327 1414 1439
409 1428 264 647 989 798 671 1362 1387 183 1042 1078 289 1393 347 1055 267 541 229
123.1149
67.9813

41 119 145 216 244 269 360 363 425 469 497 504 545 568 585 597 737 895 948 966 1001 1012 1083 1124 1177 1227 1308 1317 1360 1403
1203 1480 409 1107 623 264 1003 624 260 606 316 1439 989 1417 728 1146 1078 661 384 1062 64 1338 1154 1486 1137 683 1233 466 220 499
179.3707
92.5824

89 96 268 331 344 353 357 434 489 500 597 601 714 738 755 798 862 913 926 960 990 1038 1118 1141 1143 1151 1227 1299 1371 1433 1440 1480 1495
1238 589 1420 1209 891 93 23 294 278 397 211 1486 979 1260 1101 34 998 553 975 1011 365 1061 799 705 885 823 802 1265 267 624 1212 732 169
183.156
89.5421

105 107 148 195 321 328 345 380 446 527 601 670 684 851 967 1045 1063 1116 1141 1276 1388 1424 1480
1238 294 317 1417 862 73 397 868 1061 273 211 1074 623 1314 532 563 734 741 664 493 428 440 168
134.9731
67.8413

37 87 442 461 546 586 617 717 822 893 1056 1093 1228 1282 1374 1422
603 486 1333 73 869 1387 704 1032 495 912 1087 1319 384 774 964 1316
95.92960000000001
44.2331

92 185 223 290 299 408 594 709 1177 1432
1028 624 243 985 904 420 1107 1256 743 952
60.3297
32.2199

234 238 383 413 728 756 1135 1138 1276 1317
912 734 606 273 94 353 1116 736 446 140
61.9191
31.9456

42 79 102 149 269 280 385 396 431 491 565 661 726 740 901 908 1060 1098 1305 1444 1446
1131 198 1333 864 966 625 1146 1114 1461 1402 148 1126 1203 989 960 164 1090 1222 1103 948 180
110.2707
53.9892

232 520 784 910 999 1006 1128 1179 1190 1243 1257 1380 1414 1434
123 397 667 494 674 129 882 1362 732 46 610 856 404 731
84.8454
45.9802

134 167 177 410 413 556 568 631 676 703 926 1007 1274 1278 1286 1407 1423 1447
1203 1123 1495 1209 912 891 698 652 1104 1085 921 160 529 863 56 33 1155 1146
119.4473
65.96379999999999

68 119 268 302 491 528 941 975 1002 1063 1093 1131 1495
1433 278 317 1198 109 900 1032 1114 1133 1212 248 1191 139
78.3939
35.0863

87 207 361 409 526 594 650 795 835 935 1050 1072 1116 1208 1245 1274 1298 1306 1412
294 667 603 173 1495 878 842 921 698 56 495 527 309 985 1040 1025 58 582 1129
130.0301
66.1466

48 49 69 87 92 100 119 367 544 551 578 649 745 854 868 910 923 943 951 967 1018 1033 1056 1065 1070 1121 1140 1190 1274 1302 1388 1470 1477
667 603 294 611 780 950 1110 1495 312 243 486 366 1104 17 244 1 872 810 921 508 1151 443 726 846 139 1253 1317 731 666 1484 966 1462 277
188.8124
94.7203

14 107 135 255 290 359 425 441 495 505 544 632 717 748 753 770 845 886 914 972 1001 1031 1100 1118 1139 1181 1274 1327 1447
589 486 725 1354 1197 1495 698 798 1104 101 794 774 921 654 1106 17 879 1169 1403 1449 126 9 1316 701 1074 1087 670 945 289
174.8025
85.6839

76 268 376 438 449 451 469 491 737 756 770 894 1021 1110 1111 1118 1156 1157 1189 1316 1401 1483
1398 589 322 1291 1387 864 91 1114 404 734 822 1032 702 926 1288 789 1337 77 339 1117 811 784
137.1364
70.9739

27 116 188 487 532 711 742 1097 1308 1348 1388
966 108 1395 450 1362 670 834 9 1222 541 595
69.2872
38.455

0 169 253 304 479 522 554 799 1060 1162 1189 1233
424 625 1007 563 77 1274 1483 149 1288 43 800 495
77.8064
43.9518

37 43 177 185 202 290 302 346 381 466 489 532 579 591 652 671 694 783 784 888 893 941 943 1078 1135 1164 1305 1326 1365 1381 1470
312 172 123 294 1110 34 73 397 391 335 173 1123 495 110 1151 508 726 221 741 904 900 611 558 1461 979 19 450 1319 926 1039 619
173.0851
89.5254

218 226 322 380 556 946 1100 1208 1227 1380
439 794 1022 1486 740 294 919 882 652 529
86.6113
52.3975

44 92 184 334 355 625 756 757 918 1257 1315
1433 745 1022 734 1467 1380 905 243 939 878 420
80.0367
42.0342

79 189 292 383 394 427 457 579 590 643 809 855 1118 1152
589 912 1123 176 800 671 998 881 1393 946 1428 1012 1226 927
76.487
37.2224

137 203 294 302 356 368 413 497 520 554 629 697 728 1036 1140 1230 1264 1270 1317 1439
891 667 1203 731 424 1417 101 661 606 1278 316 1373 1387 273 1005 1412 1037 22 712 449
134.60150000000002
73.5475

57 72 138 221 259 314 353 380 436 443 455 489 520 537 554 596 606 730 804 886 901 982 1036 1082 1101 1128 1324 1480
1333 312 1238 167 284 1194 101 589 859 224 1427 424 891 701 16 780 1355 939 1151 732 1417 812 23 6 880 1062 1461 1025
180.1574
87.1334

76 206 738 755 804 896 939 1188 1291 1451
278 1417 576 864 1258 180 678 1441 1025 1168
59.2052
27.132

61 137 188 232 264 300 341 364 379 551 594 723 778 783 840 845 1012 1080 1128 1134 1208 1258 1363
486 1470 1028 1209 9 397 1120 1300 966 101 463 143 494 1182 458 1413 22 531 7 1076 1475 798 391
151.3811
78.106

18 212 233 279 292 345 472 525 551 582 703 716 852 966 1005 1022 1033 1036 1156 1177 1196 1296 1495
570 409 891 1107 1104 267 543 1270 1078 1417 1484 975 1169 1327 1260 19 946 776 1037 735 171 27 800
141.8903
72.5619

46 78 89 91 114 131 167 244 253 299 394 413 443 552 591 661 896 947 976 1001 1071 1310 1380 1394 1409 1422 1439 1460 1477
294 221 1028 1106 436 1209 1203 1131 1417 734 466 34 17 1042 732 1262 160 882 1155 666 7 1055 1040 521 495 825 1188 102 579
170.019
84.5758

72 146 259 356 419 457 631 684 711 842 861 868 910 999 1009 1036 1101 1146 1186 1212 1339 1382 1399 1470 1472
1467 1110 312 950 891 912 1118 1144 611 1194 1427 316 939 36 1203 1417 294 810 701 834 16 334 712 865 671
172.7426
92.9641

41 63 84 102 228 390 406 598 700 822 908 996 1018 1053 1129 1251 1424
508 878 1439 195 869 736 295 946 910 149 101 260 132 347 389 411 32
105.9104
55.0435

1 18 22 42 146 160 169 251 359 363 393 749 908 966 1017 1140 1227 1345 1428
1480 409 1123 1110 1354 267 1483 1078 731 1486 1125 1206 1144 1427 1338 800 662 149 244
140.4673
73.2762

100 259 562 699 996 1065 1162 1379 1391 1441
1358 1427 166 745 219 139 952 142 999 132
61.8674
29.4995

84 134 177 264 462 598 784 857 1082 1131 1289 1331 1351 1361
1433 945 123 1209 1028 278 1123 1300 859 1203 110 407 1089 437
83.8098
35.5036

32 78 173 650 742 783 794 1007 1181 1370 1404
1470 436 398 167 1355 623 391 1379 226 108 77
92.9021
52.2525

117 254 264 322 466 579 941 959 1012 1070 1136 1141 1196 1329
862 93 363 1209 1028 508 740 411 173 1300 1061 27 1428 712
120.6983
68.2101

385 528 772 842 853 1133 1138 1261 1277 1332 1379 1458 1482
1003 1358 762 278 255 1403 1297 373 939 1298 1314 353 999
106.2563
59.0717

318 341 355 489 821 876 1093 1162 1189 1201 1210 1370
667 77 398 648 1402 143 661 1032 989 1288 881 463
80.8995
41.2606

2 43 49 166 191 216 359 582 598 656 660 1129 1163 1232 1446 1461
334 277 792 1354 445 1291 295 411 966 989 734 179 566 1362 558 735
99.7317
52.3999

374 376 433 598 818 879 913 960 977 990 1074 1162 1229 1281 1298 1360 1431
1238 891 789 1428 1061 1101 1167 985 294 863 778 466 872 624 309 799 455
105.705
52.3754

94 103 138 279 528 586 594 656 974 992 1053 1097 1162 1177 1181 1229 1404 1428 1477
891 508 661 1362 1107 278 1061 1379 1327 666 838 1316 8 1281 454 359 1037 1251 848
104.3194
49.2432

30 49 117 131 170 708 939 1071 1104 1131 1135 1179 1229
294 1433 891 224 930 277 1068 740 278 139 108 1061 1362
108.9221
54.7657

91 311 423 568 836 1029 1033 1192 1391 1412
1168 1484 58 17 1482 142 1055 1377 166 1146
56.3359
30.0454

393 458 472 505 737 793 989 1095 1151 1216 1223 1373 1407
1063 327 1480 1085 863 572 1336 56 23 147 221 673 1365
87.1454
48.6649

61 254 432 521 753 821 822 911 972 1022 1072 1141 1148 1265 1274 1483
570 862 725 101 1169 1495 73 9 411 869 921 1061 1167 651 1458 698
125.8304
65.307

69 82 136 166 182 461 487 806 1023 1216 1329 1398 1404 1429 1447 1458 1491
148 810 508 1333 93 780 334 762 224 1387 1261 1106 1032 1379 917 1076 59
132.9914
67.0168

212 364 622 888 946 976 1118 1160 1264 1296 1409
397 589 740 543 1278 201 667 1270 183 998 1042
83.4844
44.484

94 297 357 471 526 653 660 728 778 840 1124 1129 1208 1255 1273 1422 1432 1481
661 1475 624 295 1003 273 1417 1155 411 1269 1313 531 736 1362 519 1256 8 15
94.0277
44.9343

69 80 218 311 312 316 383 409 420 436 443 489 498 505 520 746 802 840 900 903 1056 1081 1115 1259 1306 1324 1423 1446 1483
780 1209 912 878 859 1300 299 294 842 1102 1220 647 167 56 1032 397 508 1172 888 1417 726 117 880 1155 211 1111 149 1025 702
179.8472
95.0158

109 197 253 364 496 585 700 941 973 1053 1122 1148 1428
508 1238 101 1124 558 56 1458 183 900 1251 1281 595 825
81.9396
46.5515

113 124 251 340 360 386 461 497 592 652 722 730 737 795 822 839 913 969 993 1023 1033 1199 1259 1310 1393 1394
1106 1480 1333 173 434 1387 264 1278 1373 230 869 1427 1146 553 558 1348 989 1378 115 582 799 1484 517 374 343 977
145.5317
67.89750000000001

92 206 424 452 514 737 797 905 1188 1347 1447
1373 198 508 243 629 1338 678 985 64 1494 421
72.5214
42.1196

33 68 92 197 254 268 280 314 345 383 394 406 546 554 637 673 723 760 1021 1080 1096 1133 1157 1218 1243 1310 1398
148 912 1106 1387 294 284 1291 424 1076 1032 163 391 109 1456 420 1102 558 1261 171 735 7 985 1087 1220 623 446 482
152.8844
72.1055

91 242 338 341 361 554 705 710 1107 1290 1310 1404
397 1106 85 1123 17 176 424 1234 1003 1379 143 1146
96.7576
49.6637

89 102 131 244 284 292 332 425 445 478 578 597 626 709 733 745 839 861 879 1074 1078 1156 1190 1229 1340
570 891 1203 667 397 589 9 1251 230 1061 789 1151 1167 846 732 294 933 1428 800 740 457 563 1146 934 44
149.6663
75.865

41 65 86 145 216 218 344 432 458 730 941 969 993 1036 1073 1121 1162 1342 1398 1407 1487
148 1063 891 1037 624 1417 1085 1076 1261 1278 73 1201 1439 1310 978 260 863 56 172 900 72
123.7704
54.7046

33 189 206 207 265 266 326 374 562 588 606 622 671 682 742 760 784 785 876 989 999 1025 1029 1190 1326 1361 1391 1467 1482
1333 509 1003 1355 123 397 952 921 891 879 327 108 1168 373 219 335 1032 391 1358 495 674 142 492 157 407 1274 1040 980 985
167.4709
78.3112

14 269 284 290 427 466 474 528 669 795 977 1083 1097 1100 1151 1298 1305 1338
173 1480 1123 570 87 794 1470 9 278 985 1061 309 1262 148 39 1362 734 358
120.0227
60.6837

12 89 491 669 949 1082 1121 1361 1400 1438
87 1254 732 962 1114 275 1237 734 407 304
55.8428
28.2896

32 135 182 244 268 280 477 498 517 629 723 766 857 895 1081 1181 1243 1414
1203 623 226 859 762 728 1449 947 168 661 7 866 1336 1089 466 1229 4 1443
98.0849
50.6356

191 238 376 406 517 562 738 751 759 834 888 894 1007 1060 1208 1210 1277 1420
1333 667 97 921 278 294 648 952 219 625 1291 661 762 947 7 108 1400 1151
144.5229
83.403

76 138 360 435 479 601 603 893 895 907 959 1152 1276 1379
1238 1358 623 864 781 264 989 363 728 8 999 1300 1089 829
97.6124
47.7608

18 38 69 72 76 86 457 658 908 1081 1244 1286 1291 1432 1460 1483
1028 780 1254 864 508 1194 1393 391 1258 110 97 1104 1168 78 1441 376
108.0519
58.108200000000004

6 55 92 96 119 199 220 290 344 446 504 638 757 821 829 834 910 1007 1023 1060 1223 1239 1282 1319 1326 1381 1401 1470
486 312 1420 1203 97 611 186 1110 1467 780 979 359 625 531 243 15 985 176 404 926 136 1279 343 340 741 610 420 572
179.1704
96.504

4 224 331 585 620 652 748 1002 1045 1308 1428 1451
172 1449 1403 448 1316 242 1393 341 1251 165 1129 661
75.9268
43.0667

41 93 166 191 264 284 314 321 340 436 496 585 647 716 722 733 1047 1056 1078 1124 1157 1281 1310 1351 1472
1107 633 1106 1480 570 780 1291 945 334 1028 1251 1387 859 1300 1395 1439 9 872 260 1373 16 1416 1209 120 880
162.8931
77.7004

14 65 138 357 449 454 470 517 617 634 656 722 855 1010 1254 1273 1374 1440
1398 242 176 704 384 1373 762 795 923 947 841 26 530 2 20 39 1280 1211
93.8514
44.3781

68 207 253 381 393 410 489 517 549 710 728 746 770 894 896 906 1080 1096 1324 1363 1420
1417 921 397 273 109 495 466 762 983 1180 1337 1317 947 1336 736 1301 159 1435 1100 652 399
107.1608
54.8862

174 202 252 259 290 386 404 409 419 475 489 532 565 643 653 669 737 746 759 773 803 908 947 948 969 999 1025 1072 1081 1111 1128 1306 1409 1423 1477
316 1110 397 842 1427 878 87 780 678 674 751 97 1180 56 450 925 1278 1087 732 666 619 734 449 961 305 1262 822 448 38 149 761 313 977 495 974
173.1827
82.9886

167 169 223 228 280 318 429 522 786 868 1199 1351
294 1209 945 878 950 582 43 1483 946 1155 160 800
78.2381
37.9248

30 36 49 294 454 505 601 702 730 753 809 900 938 1001 1110 1264 1393 1477
845 667 725 1403 322 1278 434 101 264 77 1415 666 564 277 449 1005 661 1378
131.9471
72.4979

4 42 191 233 294 300 353 415 423 436 443 470 487 491 528 565 591 603 799 949 996 1137 1146 1182 1227 1256 1327 1344 1360 1440
1238 167 221 780 1291 397 1107 278 589 101 859 1203 34 798 1462 1090 8 962 1170 190 1005 879 170 371 903 1486 1007 1222 1436 1432
194.6822
107.9529

53 125 316 324 445 709 1208 1273 1283 1319
186 299 1209 1215 1300 325 765 397 531 762
73.2867
43.7104

93 103 135 146 236 495 673 684 697 1078 1133 1199 1210 1251 1291
633 667 661 1144 195 648 1258 163 736 1168 910 582 1416 979 1449
98.9918
48.9749

37 259 594 632 671 716 879 894 943 1004 1338
789 1427 726 495 1102 1470 73 980 1337 786 1461
71.7296
37.9733

2 55 61 93 177 218 311 363 432 441 650 658 694 778 999 1009 1175 1192 1227 1283 1371 1482
1003 633 1480 1467 9 792 1144 1475 1254 73 1486 674 903 1215 1338 1437 1390 977 176 1256 991 705
128.8278
59.4842

119 197 269 318 492 500 622 894 1001 1121 1141 1146 1233 1338 1439
862 1068 1470 397 173 558 1203 1061 459 1337 455 155 1055 752 563
93.7589
52.184

100 103 170 174 284 300 472 749 755 806 854 935 966 1001 1029 1117 1152 1310 1380 1398
148 570 1106 409 1076 930 9 1168 267 1078 1261 720 1413 38 1362 91 1234 838 869 578
124.7978
58.8262

119 255 263 264 268 304 328 355 359 565 588 620 749 781 855 857 876 908 943 1020 1141 1160 1192 1200 1281 1296 1391 1412 1429 1472
397 862 1028 1209 667 859 1354 149 335 1300 16 1191 654 273 142 726 683 176 1274 1074 201 1061 58 872 116 126 1436 1089 1392 1377
163.6903
76.2685

254 435 442 625 628 705 737 906 918 1008
745 1123 411 466 1246 939 630 199 1482 1089
60.6688
29.593

1 57 69 93 125 174 188 265 289 360 413 427 521 546 622 626 669 690 708 854 949 975 1036 1257 1306 1348 1361 1398 1411 1437 1455 1482
1003 1123 148 633 780 891 909 966 87 264 1068 1076 108 1071 1261 623 1395 1206 989 373 56 365 962 38 248 508 1092 1390 1037 1421 325 1129
194.3584
93.6428

220 293 475 652 1082 1176 1238 1289 1326 1482
1003 1131 1101 172 373 322 428 529 1338 136
70.57079999999999
35.3436

32 167 300 364 521 551 556 578 717 1308 1431 1489
667 1209 363 624 226 1413 652 774 1155 529 168 190
86.8403
49.9229

14 195 232 396 717 763 784 862 972 1131 1190 1428
1433 123 23 211 278 966 1314 494 1281 774 39 379
91.254
47.1791

30 134 226 269 341 492 551 565 592 714 1080 1189 1315 1418 1438
1022 1068 439 1123 143 698 1203 173 558 1099 1288 463 77 356 881
85.7254
40.511

78 94 189 293 568 575 673 720 781 850 923 1001 1120 1210 1230
667 661 436 397 167 1428 1373 648 163 1248 531 1362 1338 322 229
107.7254
56.4015

379 802 822 878 884 900 941 969 1461 1481
845 1120 750 734 869 745 1182 1332 458 16
70.7506
35.2299

80 124 224 318 331 359 452 592 671 702 1005 1017 1022 1131 1133 1199 1268 1340 1348 1401 1470
1433 845 570 312 1395 1480 1251 1354 278 1169 1449 611 1110 776 1291 404 1415 1189 558 926 1393
151.0583
79.29429999999999

266 290 301 306 318 363 433 521 545 655 720 891 990 1007 1027 1063 1160 1179 1199 1296 1459 1495
397 317 1480 294 167 201 5 975 1362 582 1022 1338 1270 1195 404 737 146 416 330 1212 750 1437
134.9389
72.0976

44 151 160 182 255 273 381 575 701 778 891 1005 1034 1056 1071 1258 1311 1361 1404 1428 1451
294 167 419 1455 1358 1475 397 654 1165 80 1248 165 776 1251 3 905 22 364 1281 856 705
142.216
80.4505

31 49 65 79 134 139 277 332 353 367 585 969 993 1005 1060 1140 1233 1338 1403 1409 1447
667 1123 397 1470 1475 167 625 563 1278 1203 1358 966 776 108 64 450 1345 731 126 384 1262
137.8329
77.9328

2 175 185 191 434 702 786 845 974 989 1045 1073 1104 1243 1276 1429
486 294 792 224 327 1291 101 1415 800 34 904 945 774 690 1076 9
105.9435
54.0631

2 76 84 127 138 166 189 199 263 328 331 457 470 491 543 593 596 611 669 733 794 829 861 939 948 1038 1081 1160 1181 1255 1296 1326 1371 1444
397 316 294 1203 623 87 979 359 576 780 1362 792 267 334 1393 1114 201 466 180 238 490 671 812 273 771 1313 1074 26 864 531 91 340 1176 734
170.8761
78.1758

100 188 218 326 438 489 522 585 620 656 806 887 1007 1135 1431
966 341 448 91 750 242 43 1478 578 661 624 1234 541 982 125
80.7941
40.173

14 30 38 62 150 472 519 520 577 594 649 737 784 887 1015 1073 1083 1098 1152 1163 1218 1273 1274 1278 1281 1308 1351 1424 1440
397 1028 123 872 1 1146 1495 445 921 186 698 945 278 1102 1191 683 33 334 1364 1416 358 39 391 86 377 1329 909 1280 731
153.8206
74.2596

6 33 84 86 134 151 169 175 269 312 355 361 368 386 458 477 492 516 525 643 649 781 799 914 1025 1110 1116 1124 1190 1216 1257 1264 1356
294 667 397 1123 322 69 872 1068 1238 1203 448 735 1483 97 1063 701 391 173 147 1007 807 582 716 509 879 449 761 328 1278 23 1417 661 259
185.48
92.64320000000001

2 78 80 94 150 216 220 447 497 522 546 568 586 622 643 701 708 738 842 855 861 907 914 1002 1047 1054 1104 1113 1282 1324 1340 1440 1477
436 486 294 224 1107 1251 661 1167 1146 1068 278 108 979 176 1455 704 939 167 912 800 1362 1261 792 43 91 36 964 647 879 666 865 1298 705
179.2017
83.9982

116 135 137 254 305 360 447 470 504 537 579 593 740 842 857 868 895 913 935 1146 1189 1223 1230 1282 1363 1373
294 950 486 264 411 623 270 859 221 728 989 1238 979 771 881 1203 1402 1449 939 1012 459 610 22 1365 1288 956
166.1459
91.1206

69 82 114 145 174 244 263 299 311 472 477 519 684 694 705 717 756 757 783 879 906 911 1008 1113 1124 1299 1302 1329
1123 1203 810 1028 508 780 1470 93 1144 466 734 1003 789 624 101 334 391 651 616 661 1253 579 1074 774 857 59 1148 1317
165.4552
76.6187

89 212 280 322 328 367 409 429 432 451 491 492 554 617 634 745 790 842 857 868 893 901 903 1080 1139 1223 1256 1315 1381 1489 1495
1022 1333 363 780 543 1197 1107 294 1068 1254 1462 73 704 859 424 939 443 1428 173 1151 486 750 923 1461 865 875 975 1025 732 1319 878
192.543
101.7707

125 137 187 224 457 469 478 544 670 740 799 861 949 1002 1012 1038 1227 1283 1316 1322 1423 1432
1398 267 1238 1449 1393 1486 624 17 1007 294 962 22 1126 671 1402 1395 1147 325 1104 1087 789 948
124.3821
65.0719

36 100 103 134 151 175 232 353 457 717 923 951 1038 1282 1322 1348
486 366 1403 1123 167 77 494 1395 1486 564 1203 1393 531 774 964 365
108.6168
59.0826

30 31 46 134 203 434 457 628 829 835 976 990 1012 1296 1322 1395
667 1123 1040 466 863 979 34 359 1203 531 1042 1265 340 371 1412 690
100.8554
50.3728

280 353 381 385 394 477 500 556 596 606 628 700 711 720 733 772 786 818 901 903 911 914 949 966 1020 1104 1138 1238 1254 1305 1317 1347
1333 294 409 101 1131 780 1428 1355 224 939 167 1101 529 148 255 428 1078 834 616 652 651 1146 242 267 1461 800 962 837 438 879 1265 20
188.8303
93.1592

80 82 273 328 429 590 661 703 708 821 907 1156 1371 1424 1435
810 1131 1165 1068 108 647 1104 1300 623 829 1022 221 1265 493 1195
99.4839
53.0824

63 109 188 202 289 364 592 617 641 658 684 772 907 972 1053 1072 1200 1254 1377 1400 1437 1482
1003 508 966 343 1433 255 219 397 704 683 1079 1300 903 558 1075 56 1237 541 373 925 183 310
132.065
67.6195

61 116 191 230 238 331 526 773 886 926 989 1036 1063 1071 1081 1166 1398
294 148 891 317 508 1291 9 327 1417 1261 1076 678 1131 1037 670 1265 140
121.8086
56.1854

42 127 233 625 629 649 701 740 855 1015 1072 1078 1128 1139 1251 1305
186 745 176 1197 195 910 1 736 872 278 939 1090 1402 732 1455 979
104.1435
53.3978

2 221 264 297 311 326 368 377 383 419 588 594 625 671 710 766 791 851 879 982 1020 1036
312 1209 1110 912 745 891 1028 789 792 1417 1300 294 16 6 939 1169 563 980 1087 519 27 125
136.5826
65.1966

12 18 37 42 134 169 199 218 385 409 419 543 582 669 756 759 982 1023 1140 1385
312 1123 1110 87 1203 878 73 1167 734 842 731 224 40 812 800 780 1483 495 6 1025
132.9762
66.2358

184 203 436 477 505 594 766 898 1080 1261 1424 1459
780 859 878 880 725 661 650 1297 146 493 1479 1412
71.7798
36.0296

18 172 223 263 404 472 628 632 653 832 834 835 947 1239 1244 1286 1444
667 1420 97 1373 1480 780 751 1278 1494 495 376 1074 1104 700 1279 371 339
106.8617
51.4412

500 622 730 749 1080 1243 1342 1404 1440 1491
1201 1032 1310 1379 535 1 72 1011 1280 169
51.1301
25.1764

124 146 441 632 704 755 778 802 888 975 1050 1116 1179 1382 1388 1391 1480
1238 294 1144 674 1475 1106 16 1362 142 751 7 248 494 343 658 23 1381
104.9158
54.9734

149 299 368 413 457 495 556 705 710 786 790 803 839 893 977 993 1053 1122 1188 1330 1342 1361 1373 1394
294 1028 1123 508 824 864 1254 1278 1201 529 1246 678 466 1102 1365 199 438 670 455 1310 652 535 1319 316
139.54670000000002
68.5536

96 105 151 197 251 338 356 424 545 568 653 655 656 733 738 1022 1027 1043 1053 1070 1072 1116 1163 1175 1404
570 294 278 445 508 64 1169 1146 15 1379 36 558 316 712 1427 1338 823 243 271 796 790 541 58 1472 174
128.5439
60.8972

53 136 340 344 451 552 592 710 1010 1029 1047 1053 1082 1179 1324 1339 1345 1458
1480 508 762 224 1107 1168 1314 1125 734 1362 689 558 917 704 404 102 1064 1075
99.813
48.1727

223 259 331 344 397 425 451 469 498 546 582 661 753 756 793 914 948 1006 1070 1088 1121 1131 1216 1244 1319 1351 1361 1366 1373 1391
1433 725 316 570 829 186 981 1427 278 1197 734 527 589 391 1071 142 789 120 945 658 1387 1087 856 107 1365 701 224 1377 147 97
157.3829
71.5767

38 127 138 173 221 228 234 255 381 475 492 527 544 577 632 650 676 887 903 974 1006 1083 1131 1160 1329 1338 1340 1348 1351 1409 1418 1441
312 397 1433 1028 93 780 278 508 878 1068 912 16 1395 1003 1355 126 1104 166 391 1251 945 1470 868 857 946 1399 1262 595 17 683 365 654
205.9235
104.6807

84 93 94 150 188 218 324 353 406 424 549 608 631 822 951 973 996 1008 1115 1292 1332 1435 1437 1459 1467
633 509 661 1102 912 366 966 492 869 389 167 211 1040 1106 1092 1362 1124 1338 538 64 1253 1484 541 146 132
160.1647
82.9459

127 233 306 368 1192 1201 1345 1360 1437 1438 1444 1459
1022 1402 1092 1441 146 1125 686 1313 330 261 1154 834
66.81790000000001
35.8306

4 22 41 189 199 207 246 381 385 431 489 669 709 717 835 969 1100 1116 1124 1175 1227 1244 1302 1311 1393 1487
667 294 1110 87 794 434 780 1203 1439 1417 260 495 978 1486 1253 97 1107 1061 1317 774 266 1147 1456 554 1129 1378
138.3917
63.3954

116 149 212 436 443 588 608 785 1015 1138 1251 1254 1411
780 1071 167 859 543 242 186 910 195 538 864 278 310
100.3907
53.463300000000004

48 72 151 177 185 195 423 427 527 549 565 705 755 770 783 791 894 900 989 1044 1143 1148 1251 1301 1319 1332 1363 1470
1123 312 294 186 611 327 1110 391 397 868 910 983 1314 1246 736 702 197 960 211 1194 1337 965 1071 904 159 773 1348 464
158.899
80.8453

113 312 344 380 631 632 878 910 935 1396 1441
845 69 1009 611 166 912 745 1417 726 610 1332
92.2552
55.0338

84 102 221 290 617 626 669 702 714 720 839 926 1071 1166 1186 1192 1230
312 294 845 891 87 16 230 704 1373 1415 7 838 740 734 1265 38 1256
105.0698
47.9955

4 76 84 265 292 359 528 617 632 914 1098 1109 1281
1354 1146 278 800 704 864 879 416 1237 701 946 872 1129
76.8347
39.4846

2 79 113 175 226 598 679 1045 1134 1148 1179 1266
439 792 1022 960 1362 143 1458 1099 922 404 27 448
77.4915
42.3316

87 234 284 302 305 491 913 969 974 992 1015 1107 1110 1403 1438
603 570 322 176 771 186 1234 270 9 610 384 411 278 64 243
109.0524
59.3948

36 301 438 525 578 628 976 990 1009 1190 1200 1315 1382
1467 667 1022 1403 91 683 1486 564 20 1106 77 1042 1256
84.78790000000001
41.4531

137 216 223 236 368 413 455 497 671 745 832 857 908 943 993 1054 1101 1135 1212 1232 1239 1342
1420 436 1151 101 224 1118 1146 1201 1167 1261 701 859 22 812 1278 1310 846 726 486 72 980 535
140.7153
69.3932

33 234 259 269 379 438 504 606 679 703 746 756 850 1006 1160 1186 1210 1228 1270 1286 1363
397 1333 1120 667 1427 1355 734 91 1203 1104 661 1182 856 201 735 912 1387 458 838 1180 16
138.7291
66.5389

242 297 471 498 682 700 772 879 996 1047 1138 1156 1186 1398 1409 1429 1447 1458 1491
148 397 789 891 921 762 255 1106 1076 1261 1107 101 1269 353 1032 704 1314 838 132
117.6099
56.1347

68 81 252 716 914 938 943 975 1007 1018 1128 1134 1151 1257 1308 1423 1432
726 1480 624 248 732 1387 109 879 750 667 701 347 982 1262 751 1256 86
87.1587
43.6576

0 100 131 277 431 434 436 455 652 703 708 784 794 975 1136 1162 1189 1278 1283 1338 1423 1428 1431 1489
667 123 780 623 172 859 224 1470 101 1475 1068 363 108 880 34 909 1151 33 248 1234 1251 1288 624 802
164.29
88.2035

191 252 356 376 682 710 1044 1047 1060 1111 1391
891 921 1107 625 1291 822 316 449 712 142 704
74.8419
41.027

150 341 434 521 606 650 697 702 740 803 1306 1310 1330
845 1333 1106 316 1355 1415 143 1402 1040 56 34 463 960
98.54599999999999
50.7018

68 124 187 195 221 246 302 338 355 374 408 466 535 641 661 756 778 784 938 1005 1111 1117 1136 1182 1229 1241 1257 1327 1385 1401
312 891 123 1131 734 1061 173 879 798 109 1475 1167 219 404 16 1432 170 449 1387 328 822 211 1170 289 1314 702 347 1039 667 658
176.8572
85.3978

48 191 206 212 215 236 290 367 492 601 650 784 917 939 990 1196 1241 1296 1480
1238 294 123 1068 1291 576 1040 543 1327 27 173 180 443 1461 1270 544 23 629 535
109.58970000000001
48.7488

38 150 167 215 233 238 306 423 445 497 522 568 590 622 625 647 700 763 784 822 840 975 976 1022 1045 1080 1239 1274 1282 1299 1319 1338 1363
294 570 486 1028 123 1420 1157 1251 1470 1169 1209 1395 186 1146 869 1155 148 391 1495 921 745 101 964 939 248 751 160 796 1313 43 365 1042 330
185.3877
86.3169

72 305 306 340 671 903 947 1015 1331 1342 1363 1399
1480 780 186 1194 270 771 1201 1310 610 986 980 1022
89.0645
47.2857

46 63 146 277 322 519 535 669 746 763 797 802 939 1151 1233 1310 1472
667 1106 1040 1480 16 576 1475 87 1144 734 1428 919 1373 563 466 1180 180
115.3927
60.6578

6 94 195 197 410 443 525 682 702 710 918 999 1139 1232 1251 1273 1310 1327 1342 1470 1480
1238 845 1106 312 167 1197 921 661 611 1201 910 1415 674 736 1110 211 558 891 289 798 1314
146.8095
73.6536

72 146 216 328 478 487 543 593 598 839 893 976 1017 1036 1065 1074 1141 1176 1199 1324 1373 1433 1482
1003 1480 862 891 397 1420 1209 1417 1194 1144 1167 745 230 979 273 812 1319 582 885 1042 40 1222 373
145.4508
73.8447

41 86 94 105 212 220 397 478 489 543 556 711 714 742 766 804 829 884 966 967 1017 1071 1129 1139 1188 1190 1201 1228 1255 1264 1273 1291 1422
294 1197 1480 409 981 667 661 912 295 750 267 1258 979 455 1441 1402 1278 359 527 108 1439 529 1168 834 531 449 678 658 40 1362 652 1313 260
189.7194
89.4177

96 114 166 233 268 519 528 590 992 1078 1146 1281 1342
334 1201 278 1203 1106 15 823 459 872 1364 1090 155 979
88.747
51.4047

37 305 422 445 469 578 626 938 1095 1218 1259 1316 1401 1418
667 1398 698 73 1060 404 495 270 1387 771 610 702 926 789
106.6388
59.075

80 146 300 306 722 726 749 852 855 947 999 1101 1273 1293 1439
198 1118 176 647 1373 1022 1144 674 701 1083 812 1413 495 190 1203
99.5719
52.3745

91 102 220 263 309 311 346 357 363 380 381 458 487 495 568 704 705 834 879 941 960 1166 1189 1233 1283 1411 1461
1238 294 1123 97 734 1101 674 397 1063 789 17 172 199 1246 1074 900 1288 1338 1480 863 953 1222 1146 136 1279 330 563
162.1666
87.233

87 212 334 380 424 496 498 973 1122 1124 1282 1480
1238 1433 486 543 603 1380 1338 1417 655 1482 909 64
86.9051
42.7646

40 160 184 202 292 301 328 469 474 500 514 528 551 590 631 751 772 852 879 891 893 966 1033 1152 1156 1160 1182 1266 1339 1340 1401 1459
397 1333 409 789 912 419 1455 167 1251 255 273 508 878 201 267 5 490 1484 278 170 1400 1319 364 1494 619 702 1078 455 146 655 903 800
194.9897
98.31790000000001

139 169 264 396 445 781 786 835 878 947 993 1054 1098 1122 1123 1210 1344 1363 1366 1395 1437
667 1467 436 397 294 570 845 1028 1209 1300 647 745 648 450 466 1146 966 863 1261 800 1092
158.1664
79.8305

86 172 233 234 273 424 497 516 751 1036 1044 1045 1076 1134 1157 1166 1199 1254 1261 1282 1424
1333 486 891 1480 242 1165 1373 1417 1146 80 1291 1297 1387 582 725 69 20 1220 1090 310 1338
140.6095
71.4762

109 409 435 548 634 845 943 1258 1327 1382 1460
486 798 101 842 1106 726 397 56 878 289 20
94.5642
55.8134

191 290 393 537 670 699 879 946 992 1238 1243
1131 1101 1291 789 428 740 529 1336 1351 786 837
70.4491
35.7799

86 94 102 207 215 345 368 451 477 489 615 637 993 996 999 1047 1105 1116 1148 1186 1245 1286 1351 1382 1482
294 661 945 1106 960 1278 1003 1107 623 373 1362 495 376 1458 466 132 674 226 838 740 20 165 110 8 113
131.03
61.6326

173 244 326 423 703 918 999 1002 1073 1259 1292 1403 1461 1467
509 1203 1355 734 1040 317 1104 949 19 674 708 64 630 384
98.61149999999999
53.7815

72 116 117 136 203 216 290 355 386 537 579 611 766 786 911 1088 1216 1233 1270 1274 1338 1339 1396 1400 1458
294 397 1203 224 740 1495 101 1254 762 490 1470 466 1314 616 1387 1194 391 275 917 1362 1009 97 1078 651 147
158.7557
82.6708

2 44 253 326 535 554 565 597 710 714 836 914 993 1002 1050 1076 1081 1093 1137 1148 1290 1322 1345 1365 1374 1391 1422
85 1146 879 424 589 110 335 397 1055 903 1238 1278 792 1458 748 701 1170 905 27 384 1125 1265 137 18 69 125 1498
147.4298
75.6963

107 314 326 334 374 425 469 526 629 641 855 1006 1007 1151 1186 1326 1481
1433 284 176 750 789 219 129 856 1480 1380 1074 838 1262 5 909 1355 426
100.7974
50.469

167 264 306 359 380 383 535 643 720 809 1036 1065 1374 1394 1407 1459
1209 912 1354 1417 1028 745 1300 891 1085 384 160 1170 1037 1022 139 442
110.31700000000001
58.899

53 79 117 166 174 292 425 478 608 1015 1107 1120 1146 1162 1348
1428 334 176 186 740 1395 1234 278 365 800 538 712 243 9 1176
101.8891
54.9268

18 114 284 415 504 505 631 704 711 821 896 949 1008 1113 1137 1160 1330 1339 1351
397 570 1417 903 9 824 879 1170 962 1253 1104 726 834 91 945 689 1144 494 900
126.1796
65.7533

22 96 102 145 150 185 197 228 299 338 364 424 578 596 653 759 804 854 868 903 935 1143 1244 1270 1276 1283 1315 1317
1028 1203 1110 294 1022 667 780 624 878 939 1387 455 606 16 15 946 1144 1338 950 94 317 305 1025 64 91 644 529 32
174.9397
90.7336

63 81 113 138 234 305 408 443 517 742 836 900 918 949 959 966 986 1008 1009 1036 1072 1131 1135 1151 1230 1331 1370 1380 1409 1439
1433 1467 409 1480 167 278 1262 1373 398 891 771 702 270 108 149 762 143 610 962 1078 267 533 947 1417 363 19 630 897 39 1345
171.7608
82.7134

127 145 173 177 187 326 374 376 451 475 514 590 679 699 705 829 862 914 1004 1082 1182 1186 1232 1360 1401 1411 1460 1481 1491
294 1123 1355 23 624 879 404 211 979 1032 702 359 1246 1102 778 1399 949 340 1291 838 5 1494 179 170 531 199 231 708 143
154.1358
77.1438

1 61 68 89 301 309 331 345 404 443 445 447 457 472 498 532 840 910 1005 1124 1128 1243 1455
1123 909 732 397 9 167 780 776 109 979 1206 623 810 662 610 450 1421 751 1393 765 1278 46 44
142.169
75.8378

1 22 84 173 174 220 253 289 332 338 340 620 733 770 786 822 893 977 1074 1370 1373
294 1480 1110 1123 1079 1167 398 1355 869 397 933 455 1365 1206 38 1146 949 159 1319 1040 662
134.7158
69.288

2 293 447 455 479 498 582 658 746 781 821 845 992 999 1082 1208 1223 1227 1228 1230 1239 1356 1477
101 1420 397 486 224 792 1373 1151 1486 835 674 774 1254 872 572 903 322 912 78 9 666 700 1109
141.9597
68.7155

53 102 151 175 247 413 525 532 543 592 615 661 753 913 1020 1096 1148 1239 1254 1331 1351 1412 1459
1420 397 725 1131 1071 450 960 1458 812 945 58 558 242 40 799 553 146 1075 2 1470 310 448 797
129.8724
66.3963

312 356 390 394 432 477 516 628 716 726 901 903 967 1073 1093 1098 1152 1256 1330 1340 1401 1411 1447
198 780 912 316 1203 73 824 397 1333 69 1251 1146 1032 712 1462 1461 1220 926 661 1417 347 1071 180
136.4424
68.1835

72 146 166 218 224 238 273 318 376 386 432 446 451 458 586 611 643 730 766 989 1131 1157 1175 1254 1290 1370 1428 1433 1440 1467
294 397 509 85 398 73 1387 327 466 1420 1165 1291 1251 979 1063 1362 172 2 1209 1040 490 97 1146 80 492 1449 157 278 310 165
189.6449
100.1831

22 33 92 93 145 184 410 588 1033 1105 1373 1438
633 1110 878 624 243 1484 391 335 1040 735 1390 985
94.4579
54.5885

6 252 420 475 487 591 641 748 797 996 1050 1063 1082 1138 1200 1293 1316
221 1398 317 1373 294 219 34 1083 353 629 603 1172 589 683 1403 371 19
112.9627
58.6713

12 166 169 290 364 436 455 520 579 588 1151 1190 1196 1255 1283 1331 1467 1477
509 334 780 101 859 224 1040 1480 492 1483 880 426 666 27 157 183 731 1464
126.9132
67.6382

32 202 269 393 422 611 650 700 708 822 1005 1009 1012 1123 1188 1322 1330 1382 1401 1423
1467 647 1060 1068 108 702 869 1106 404 1078 776 466 101 1362 623 824 226 678 508 490
131.57319999999999
65.8945

48 109 197 238 246 328 376 404 427 435 521 527 749 757 821 829 840 926 1017 1070 1074 1128 1131 1135 1152 1162 1208 1310 1316 1377 1411 1423 1458 1467
294 509 1106 1480 1433 1398 762 891 780 343 868 278 359 1167 1123 558 492 1278 531 1040 979 56 273 751 157 243 40 19 732 1314 1006 1195 1155 1089
195.6056
97.5791

62 80 81 82 87 114 212 215 218 462 489 703 716 742 857 903 1022 1056 1264 1281 1382 1396
810 294 603 570 780 1106 859 1169 1009 1104 108 543 647 1278 611 872 667 796 449 1102 179 527
137.1897
66.7007

72 103 251 383 489 697 717 959 999 1001 1031 1071 1179 1228 1257 1283 1290 1317 1428 1472 1477
294 912 85 363 589 1194 1427 1146 606 674 1362 16 838 666 1281 774 977 1215 7 1251 897
124.3908
60.5621

53 175 234 255 264 301 312 353 424 452 496 522 568 679 732 799 861 895 1015 1076 1192 1228 1281 1327 1356 1370 1440
69 1209 398 623 890 1028 872 198 397 798 1300 278 912 1123 1007 654 186 807 77 132 126 167 1146 728 748 1220 43
171.61
89.1786

38 114 119 169 173 184 226 232 293 305 477 537 794 935 1290 1401 1411 1437
85 1028 771 878 1022 623 1355 270 1092 322 439 610 1146 1483 1291 404 391 1099
130.34210000000002
69.2411

32 113 207 242 357 408 435 492 535 565 611 658 676 733 738 861 862 906 960 986 1022 1164 1176 1179 1239 1324 1338 1441 1446
1238 1420 397 570 466 1362 1068 23 1101 278 1169 211 863 1146 143 1078 490 173 495 1470 772 1254 903 166 1065 1123 965 566 1482
176.187
89.2856

4 14 81 100 119 177 321 551 579 726 918 1017 1047 1163 1255 1326 1330 1374 1432 1440
1480 198 824 1107 624 445 1203 384 39 900 120 740 704 1012 1280 1021 630 1256 1129 169
109.0762
54.6756

100 107 116 119 166 173 238 284 346 360 429 432 446 551 590 773 797 851 972 996 1047 1050 1238 1394
1131 570 1107 1101 1373 1355 73 334 678 428 264 989 529 629 9 949 837 1362 999 132 704 140 1493 313
141.5369
70.8467

30 31 37 53 149 151 340 381 525 548 586 591 641 676 778 797 910 959 973 982 1081 1104 1111 1189 1332 1495
221 1480 294 224 1373 73 864 219 1475 1124 495 34 975 822 1260 363 629 800 610 19 1288 6 449 1193 371 1075
160.1016
84.8474

191 346 353 410 517 773 926 1080 1151 1216 1256 1332 1396 1439 1467
509 1238 167 1040 1291 678 492 762 611 891 1462 1262 947 157 999
109.1558
60.8876

65 151 312 427 436 438 521 548 711 732 746 901 1140 1201
1123 780 890 859 1333 91 731 1461 880 69 1402 834 1180 726
110.4605
62.0617

151 182 647 977 1098 1101 1133 1189 1212 1291 1365 1391 1428
1251 1118 335 1258 1146 77 1395 701 812 455 1168 1288 1157
99.498
56.8495

31 189 202 328 454 475 585 596 989 1022 1074 1266 1458 1481
570 762 327 1169 508 795 939 273 1314 1167 841 1006 796 1211
87.8129
44.9151

41 103 136 137 344 376 377 406 442 449 471 552 562 682 791 842 879 886 974 996 1071 1100 1107 1138 1148 1175 1216 1264 1265 1322 1340 1374 1412 1423 1432
294 1398 176 260 912 734 589 921 891 224 985 1167 1238 667 1278 624 1251 1439 952 794 1169 219 316 939 22 353 838 2 1458 58 36 1061 1234 384 243
200.4928
98.91329999999999

12 175 246 372 376 410 475 528 601 647 656 660 745 759 876 884 896 901 1044 1063 1072 1143 1310 1438 1491
1106 317 294 1251 750 1157 278 1333 1395 1417 1151 529 1032 1461 305 486 426 961 778 603 137 1348 374 694 1456
128.8588
59.8998

31 114 284 289 316 359 368 492 592 682 891 959 973 977 1017 1023 1078 1189 1283 1291 1311 1316 1331 1381
1480 570 1398 1354 1209 5 921 1079 173 1124 1068 299 1300 1168 363 1258 1441 22 115 9 1416 1288 455 167
155.3557
78.3146

136 184 340 383 408 446 637 714 733 854 908 911 1017 1143 1164 1223 1301 1366 1377 1395 1451
1480 101 570 1071 343 863 224 616 878 651 1146 912 466 917 1076 773 529 1021 1479 572 149
130.7496
66.8879

40 131 233 318 409 451 568 575 608 923 1005 1176 1403
878 842 1455 776 1248 490 64 1090 619 1025 538 1313 384
98.7951
60.3046

33 91 146 167 169 206 230 242 322 372 410 527 656 851 986 1124 1218 1283 1315
397 1022 1209 508 1144 1003 1428 17 1417 1483 735 868 566 772 1102 533 644 1155 391
129.484
71.1264

197 265 309 356 562 730 759 786 806 903 977 1013 1017 1105 1115 1120 1138 1210 1459
1480 294 667 780 316 952 1428 649 648 226 353 661 1102 712 211 305 455 1144 295
143.3972
79.9307

148 169 215 268 471 519 577 601 638 973 1006 1010 1080 1163
294 1417 445 73 856 1269 1483 741 1124 532 563 1364 129 334
82.959
40.8807

12 27 82 91 199 300 338 404 431 433 438 474 489 545 601 658 702 745 798 809 887 1012 1050 1088 1093 1278 1327 1393 1412 1418 1438 1446
845 780 810 294 93 1203 1254 1470 1151 117 391 17 434 1032 289 58 751 1413 909 846 903 1472 682 1378 486 398 314 670 1415 989 190 1456
171.6048
84.4885

4 81 89 116 119 265 496 500 658 740 839 861 868 901 903 938 1212 1261 1289 1301 1368 1480 1491
1238 1071 284 780 1333 1254 1297 230 23 1461 576 732 1387 110 416 956 650 224 773 390 948 1191 1402
144.0937
74.6618

31 86 109 125 137 170 253 446 504 638 818 835 850 941 1070 1122 1151 1164 1216 1268 1347 1423 1460
667 1428 930 1480 294 243 56 22 1433 900 325 595 1189 147 1233 23 371 167 49 1262 237 39 110
123.2724
64.0331

79 169 410 596 742 982 1025 1182 1255 1331 1433 1446 1455 1491
397 1420 909 939 1209 1032 108 979 800 885 170 1313 6 448
87.3691
46.4169

63 103 372 650 749 1022 1047 1083 1109 1113 1160 1190 1210 1268 1292 1327
397 570 667 798 1107 1169 704 201 661 289 648 683 1040 1189 91 1075
98.3037
44.9155

18 82 87 160 224 253 316 326 332 338 521 655 684 728 918 1034 1038 1076 1218 1230 1326 1340 1342 1414 1441
603 810 1209 419 912 1251 397 299 273 1373 267 166 69 1310 1449 1201 1455 1102 221 364 1195 541 986 748 563
162.7452
87.5017

32 82 92 124 188 301 306 377 420 438 447 491 705 778 791 851 854 914 918 976 1043 1056 1060 1078 1081 1093 1115 1156 1299 1329 1338 1351 1381 1401 1433
1123 397 979 93 294 36 1209 1169 1470 1420 810 625 1475 508 1102 91 404 966 945 211 1032 343 885 702 857 741 1172 985 1484 243 117 879 226 457 341
202.1646
105.0199

0 57 172 242 353 424 429 455 673 763 795 840 951 976 1008 1071 1083 1177 1212 1264
294 397 1480 173 1107 224 1373 366 101 163 1278 667 167 1151 772 1338 449 1345 1402 1042
143.8193
75.8649

117 169 199 228 233 238 548 631 684 1031 1104 1111 1131 1210 1233 1255
1433 589 224 740 878 667 648 800 278 1313 780 1203 912 1483 563 712
126.0723
66.4944

43 119 215 234 368 386 452 479 491 556 591 597 742 939 1012 1081 1134 1179 1424 1472 1487
294 221 576 34 108 97 1037 978 198 1362 1114 1154 652 761 558 529 495 438 19 404 1242
125.7695
66.3776

202 356 406 447 525 655 660 694 704 751 853 986 1063 1070 1107 1192 1347 1368 1434 1470
1333 397 312 317 176 294 611 576 243 284 1144 1234 1110 566 979 674 1400 494 541 603
140.1832
73.318

113 206 380 419 660 806 852 1065 1095 1109 1117 1135 1216 1223 1338 1339 1380 1394 1433 1434 1441 1458 1481
1110 397 1420 312 762 1003 1209 139 1314 1087 885 166 745 179 1237 882 979 578 1478 1006 572 143 689
128.9885
67.6746

174 216 318 338 452 505 647 708 794 832 911 946 966 1135 1160 1218 1268 1330 1339 1361 1363 1438
397 409 623 740 1251 1395 101 1157 1068 108 201 824 616 651 1078 198 689 771 38 267 1102 900
138.1865
67.4402

408 451 532 578 710 759 850 926 935 986 1109 1278 1296 1447
667 891 450 91 566 533 33 305 1237 909 421 1270 1106 1256
86.4295
47.0276

32 41 203 223 293 299 341 367 462 470 516 544 556 795 806 862 894 914 1096 1133 1146 1254 1266 1274 1283 1302 1332 1371 1440
294 1028 173 1123 397 23 1495 143 698 211 1104 17 1203 1439 1403 921 260 443 226 1253 1348 529 652 1317 322 1087 1412 464 26
179.0202
95.8151

578 641 690 732 893 949 982 1022 1045 1444
570 667 890 1169 219 962 6 796 1319 1256
69.9161
36.2451

27 82 199 345 436 989 1096 1109 1160 1370 1447 1482
397 780 1003 810 1106 398 859 373 1203 77 201 623
100.9295
52.0745

33 49 96 244 246 252 293 344 491 514 521 597 708 709 746 798 821 851 903 908 1010 1021 1109 1115 1291 1329 1331 1366 1412 1414 1431
93 1203 780 277 570 508 397 108 1068 211 589 294 15 966 391 117 857 682 1102 1168 58 1114 1399 322 1195 1338 1180 1494 1484 735 579
178.4579
91.5081

137 139 264 306 436 532 896 913 947 959 990 1006 1034 1116 1366 1385
312 294 570 1209 780 450 363 1028 1300 1417 856 859 129 1167 22 880
125.6269
63.047200000000004

91 113 116 408 441 491 568 628 778 888 941 982 1081 1151 1162 1188 1381 1394 1483
1480 1475 1003 17 678 6 741 143 900 1114 1032 7 1403 1123 1146 1211 1431 1393 1262
97.6293
51.5613

30 41 151 266 284 380 413 420 429 454 457 498 738 756 840 1071 1175 1232 1258 1277 1480
1238 294 570 734 278 1274 260 1439 9 1343 117 179 841 1172 257 671 1393 23 1155 795 58
129.9709
63.5747

46 76 169 244 394 500 545 593 620 755 785 900 913 1018 1031 1139 1444
1203 589 1197 864 1040 466 448 1483 341 702 242 800 799 398 553 1011 1436
93.7098
41.5992

43 185 367 578 591 797 845 1036 1093 1239 1366 1398
148 1420 221 667 486 101 891 570 1076 1373 19 1417
120.5535
64.261

0 42 203 234 292 304 489 521 603 684 697 723 759 907 948 973 1018 1063 1210 1291 1374 1429
1238 294 316 667 317 648 1258 661 1124 1300 800 7 1274 1441 1168 781 149 563 866 1345 1195 655
133.4451
64.8976

280 301 334 356 360 363 368 390 420 452 454 521 617 622 631 728 794 923 996 1189 1200 1201 1254 1311 1377 1379 1393
1433 1358 1480 264 397 343 1123 589 273 294 434 1402 912 989 22 704 1380 1378 795 1338 1172 683 909 1253 1288 367 132
173.8257
94.4931

69 78 93 175 268 461 649 660 763 1109 1143 1162 1182 1239 1467 1468 1477
633 1420 1333 509 780 1433 1040 167 1387 436 492 872 508 666 1 1086 1390
123.5757
59.5412

44 114 219 224 251 415 591 749 829 898 986 999
221 226 294 979 359 1449 34 1427 1170 1480 1395 674
91.892
50.7451

344 353 543 548 903 1115 1175 1254 1306 1342 1441
780 166 242 167 1102 589 211 56 2 1310 20
92.4316
57.0854

1 87 135 357 462 577 585 615 671 716 1005 1115 1136 1216 1258 1270 1277 1361 1411 1446 1482 1489
1003 603 1123 1203 363 1387 397 373 1102 211 334 989 3 23 980 1449 1484 16 1071 662 776 725
140.7688
77.2739

63 134 218 273 353 359 556 638 650 842 853 1012 1210 1300 1326 1348 1472
1123 167 667 1354 648 1395 1455 1040 36 80 661 16 172 939 1284 365 529
123.3438
69.5828

14 182 367 379 422 455 545 855 891 976 1004 1152 1239
1420 101 167 224 1151 5 1120 1060 176 1182 458 1102 1042
96.4028
47.8226

92 94 177 216 219 242 244 381 385 419 431 451 520 545 575 632 671 770 799 855 935 1093 1148 1186 1210 1296 1306 1308 1327 1441 1480
1238 397 1203 661 226 667 1110 798 176 1362 648 436 1032 1248 772 243 985 56 91 166 980 1458 147 838 289 1461 23 254 1007 888 420
176.558
84.6957

92 334 345 432 519 568 575 596 671 710 728 829 990 1021 1056 1270 1403 1461
1433 1203 734 979 273 359 73 1387 939 397 531 1124 980 420 1380 16 1248 623
122.3434
66.6153

215 216 230 254 263 381 433 449 601 641 730 799 853 862 923 1031 1176 1281 1411
294 1398 589 23 411 219 211 508 1131 1007 1074 872 197 1456 530 531 339 1471 965
110.4839
54.0207

2 218 372 851 853 878 905 1070 1073 1111 1340
845 792 912 1251 745 449 1332 822 243 1053 953
76.0389
40.5265

137 289 293 297 316 353 368 396 415 441 452 660 726 755 793 802 895 900 907 923 966 1208 1228 1286 1316 1481
198 409 1398 1209 1300 623 531 299 912 16 728 1129 1203 702 1170 1078 167 22 267 149 220 376 1338 1079 1229 180
155.0267
75.737

57 78 105 119 137 244 477 578 804 913 923 1189 1257 1265 1281 1286 1296 1365 1495
667 1203 436 167 335 455 1167 110 975 22 1260 376 531 725 1288 1256 661 1191 799
118.932
60.4325

2 207 269 277 328 466 551 684 732 861 969 1073 1096 1122 1210 1245
667 792 890 648 1475 173 661 273 495 1420 1177 1039 334 27 1237 655
92.7101
44.9988

312 427 446 625 701 705 751 760 976 1036 1095 1196 1259
1123 1333 69 891 745 1246 27 1032 1400 1455 1220 1417 939
103.03790000000001
52.4719

62 94 151 344 436 606 617 629 723 886 966 1036 1160 1276 1302 1434
397 1333 409 891 1355 780 661 1417 859 1253 704 1078 201 267 1362 1037
126.3635
62.9258

42 48 203 598 785 790 901 1020 1131 1218 1238 1385 1388 1418 1439
312 1433 1101 1333 278 1254 1102 1167 428 1461 529 1412 437 698 815
95.7
44.1874

31 78 197 268 316 491 746 832 1002 1036 1123 1401
1467 1209 891 647 436 1300 299 1114 702 558 404 167
91.50450000000001
43.2499

172 202 203 224 446 585 620 699 701 790 835 862 982 1015 1029 1043 1047 1101 1162 1233 1319 1374 1451
667 186 397 23 1373 589 1107 36 278 1168 211 1254 1480 1102 1449 1455 448 508 143 705 704 1412 1393
143.7288
71.6324

27 53 220 242 321 344 345 422 424 545 592 606 669 705 732 757 923 948 959 974 975 1008 1050 1060 1162 1179 1266 1283 1310 1393 1395 1429 1459
1333 397 1106 363 316 1123 1355 434 87 890 294 625 623 1362 1246 466 863 670 306 1338 1378 772 146 1203 136 404 314 897 176 1265 558 248 1215
185.9349
91.7951

32 146 280 321 340 368 423 477 527 588 631 690 749 766 791 832 855 906 913 960 1005 1096 1116 1131 1133 1157 1212 1277 1311 1404 1434
294 1238 1433 397 1387 278 912 1291 1144 1101 176 863 22 1379 1007 868 776 226 1480 1443 1253 466 335 532 553 307 1108 1345 168 741 1220
168.1938
84.77250000000001

0 68 187 215 432 478 516 632 671 740 818 1038 1070 1109 1141 1176 1368
294 862 284 1428 267 576 73 109 1402 1061 838 948 1233 980 1461 243 965
106.7888
54.5874

344 519 641 806 982 1045 1244 1274 1281 1393
1495 219 698 921 434 589 6 1329 578 1478
67.3011
36.9893

38 40 44 134 174 189 199 309 355 379 409 521 562 582 586 652 690 694 714 791 854 898 1021 1053 1071 1081 1163 1196 1208 1241 1356 1363 1374 1379
294 1358 172 1028 1123 508 1120 780 842 952 872 1203 878 1144 490 985 1455 1182 999 1327 27 1025 445 1195 219 328 224 1316 384 482 1129 442 458 737
189.9775
90.6407

338 380 423 442 449 537 625 704 730 737 835 977 999 1078 1395
667 1398 745 466 674 863 939 1416 494 455 1319 457 530 979 1472
97.3104
47.4666

68 466 948 990 996 1128 1135 1137 1139 1157 1261 1301 1423
316 1071 1197 1291 1387 1297 903 173 109 879 732 197 1220
88.7069
45.2991

48 65 79 81 206 221 234 247 420 422 427 451 475 544 592 852 1015
312 1123 1060 186 17 1104 278 1172 16 558 117 1345 1087 109 1399 107 156
89.8426
38.1735

1 27 49 79 84 107 134 253 332 346 376 390 427 449 578 670 702 732 910 969 972 999 1001 1013 1033 1080 1109 1258 1283 1338 1395 1489
1123 845 667 1398 1470 1238 397 1203 890 466 649 1484 1028 1415 1206 363 1237 1260 1074 674 295 778 347 798 734 966 314 933 3 1040 1043 563
183.3646
95.443

42 114 368 406 413 461 466 491 527 791 803 895 935 1118 1366 1431
589 1333 173 1387 728 868 570 623 1114 316 998 389 428 1108 624 91
101.9524
51.9825

46 57 91 236 324 364 549 601 611 658 716 798 842 947 1036 1230 1238 1261 1289 1291
1003 1131 891 1254 1101 93 1417 1362 466 1297 903 939 1373 1258 529 110 428 1040 1168 490
147.2192
82.2175

394 436 598 620 791 821 854 884 911 1105 1351 1396 1429 1433
397 780 859 750 611 1420 1009 1209 448 101 651 979 885 945
109.82
60.071

107 311 415 578 943 960 1008 1020 1255 1300 1377 1379 1424 1455 1487
1238 1358 667 909 1101 726 343 863 1074 1170 978 1421 1230 999 1313
93.3988
42.1447

84 107 169 224 242 289 355 517 544 554 596 716 723 785 839 840 918 969 1070 1117 1133 1140 1200 1201 1254 1281 1300 1339 1398 1444
148 397 1387 731 939 424 800 589 17 1455 1076 762 230 683 1079 20 1261 2 1087 7 244 1449 1230 1441 1074 772 692 1393 872 777
185.3478
101.5509

134 177 280 318 396 415 443 568 653 722 1083 1188 1338 1370
1123 167 398 966 1373 1203 77 1470 678 1170 358 459 1416 683
87.0082
45.0862

137 202 221 284 312 443 466 475 632 676 679 759 766 798 900 967 1146 1208 1238 1433
570 1107 294 69 1420 93 397 1101 9 167 173 1220 1131 979 22 1203 682 885 16 428
153.4352
87.8942

61 79 102 324 471 487 622 632 647 655 679 911 923 1023 1044 1095 1243 1388 1458
762 1251 1157 9 101 1395 1314 616 651 1269 397 115 531 1006 1222 137 159 1230 1178
112.3353
58.9833

63 107 189 290 297 324 367 551 575 594 622 658 763 975 986 1010 1160 1381 1451 1461
397 1254 903 566 734 443 1248 248 1075 762 533 1074 741 519 751 118 201 1147 444 980
93.4468
40.8072

79 117 124 177 182 185 236 254 269 284 306 415 491 601 629 694 700 730 766 851 878 894 896 900 1001 1006 1033 1050 1109 1179 1278 1311 1366 1455
570 909 845 294 1123 1144 397 740 9 1107 33 22 411 726 1170 745 1332 1040 101 1362 1484 712 1237 904 1421 953 5 1114 1456 149 404 1337 1098 313
172.1737
85.1869

138 311 670 853 926 1005 1025 1139 1151 1241 1291 1299 1381 1418
1197 1480 891 1258 698 272 776 1168 1327 741 1441 365 1215 1265
92.8295
51.4001

326 360 367 454 498 548 568 601 699 806 857 910 939 1139 1181 1322 1472
1197 264 576 859 989 1215 443 180 795 1193 610 1146 875 810 578 1478 16
99.8811
50.3746

1 251 253 346 756 802 1129 1162 1266 1277 1330 1437
1123 824 295 734 1427 1092 411 16 900 1206 999 307
69.7373
33.068

41 78 167 199 223 263 265 360 374 432 438 462 586 641 703 749 772 832 898 941 1002 1020 1045 1117 1123 1291 1293 1340 1394 1420
1467 780 260 1209 647 912 921 1258 219 255 1203 91 436 1439 989 879 5 1074 1104 73 1251 1168 160 1083 900 1155 341 416 1233 1441
169.3955
82.2497

42 226 301 397 544 565 582 597 628 794 876 1076
1022 829 981 439 623 1197 527 1104 69 17 120 1087
97.7074
54.3511

2 22 113 169 187 228 289 292 332 364 491 638 684 699 753 763 778 785 790 803 926 977 992 1138 1160 1164 1201 1239 1243 1290 1391
397 1420 725 1110 85 891 878 316 800 1146 201 946 1079 101 1402 466 1254 143 317 1114 183 1483 334 792 933 353 1102 563 1129 1163 873
182.0412
88.4725

202 230 332 434 446 491 545 593 631 632 839 850 967 974 1054 1074 1134 1339 1342 1365 1455
436 508 1167 397 909 110 1253 1201 1131 1261 1114 912 34 563 1421 335 535 689 1310 933 690
137.7067
74.6709

18 38 76 167 170 223 301 306 331 420 471 521 637 699 704 714 876 946 969 993 1004 1047 1053 1128 1176 1256 1259 1310 1411
1106 1107 508 1028 930 397 740 1071 391 1102 1278 1104 674 160 1101 494 732 1022 1155 1269 1172 318 1403 1462 737 1195 330 1209 438
149.897
71.7977

138 148 169 273 316 363 368 433 449 526 546 585 656 682 710 842 852 855 887 910 917 1044 1081 1239 1424 1428 1432 1447
1420 397 1480 1209 891 80 1417 1106 299 73 1300 624 176 36 921 1461 1165 939 1256 563 46 1338 610 1398 532 800 700 741
174.1681
91.7645

102 175 216 228 252 280 470 491 652 716 746 803 900 917 939 1071 1134 1199 1278 1283 1339 1423
294 172 878 316 576 1215 1461 317 33 180 946 1114 582 1102 689 1180 702 32 149 26 1098 644
128.3319
65.0485

57 148 236 242 265 419 423 432 471 492 522 601 632 650 722 781 790 851 895 973 1182 1302 1326 1393 1411
397 73 1417 1110 623 1068 294 434 316 1040 728 835 1432 43 170 173 1254 1373 532 416 1124 1102 741 1378 1402
148.1675
74.7397

107 137 189 191 269 326 397 611 632 690 711 783 862 967 1120 1227 1254 1332 1347 1477
829 312 23 1428 294 1197 527 981 1362 834 211 1486 464 466 1291 22 310 490 242 120
137.1635
74.4666

49 137 173 191 359 404 422 451 543 551 552 746 868 993 1038 1070 1233 1277 1322 1403 1446
1354 1278 1291 950 1060 277 1355 267 780 751 22 812 563 243 956 1180 949 307 1494 40 1137
134.6888
72.5207

37 247 309 312 457 590 629 756 804 806 832 1009 1010 1258 1439 1458
1467 69 734 762 73 1314 455 726 495 1025 1055 3 671 578 1393 807
116.7698
67.8938

32 41 114 224 305 364 446 611 853 975 1044 1083 1096 1107 1148 1164 1212 1228 1495
397 1416 270 176 466 771 1362 1439 226 1234 960 490 1449 1260 1458 1461 358 248 183
137.3712
81.8005

232 474 626 682 730 845 926 1036 1190 1243 1460
891 486 101 921 1417 494 945 1265 774 9 19
76.8807
36.4874

145 226 738 745 857 923 1015 1188 1290 1366 1396 1409 1461 1489
278 85 1022 363 439 611 1009 624 186 734 859 678 1146 1262
104.5979
50.3252

72 203 242 355 394 404 475 479 551 620 751 840 891 894 939 1025 1050 1063 1104 1141 1255 1298 1319 1379 1447 1477 1495
1333 397 317 1358 862 186 224 294 167 448 780 576 1106 1194 180 666 985 1278 1047 1400 772 975 309 800 1212 999 341
167.5985
80.5999

46 96 125 232 254 345 359 457 673 895 943 1001 1050 1245 1308 1363 1412
623 1354 1040 411 466 728 726 163 58 15 494 823 1254 220 1393 1226 671
106.0377
54.7447

113 148 203 238 247 299 344 419 723 742 802 972 1020 1023 1189 1218 1245 1283 1394 1403
1028 1110 1417 294 1087 108 73 115 1102 16 384 143 64 741 1412 1169 1137 532 77 7
128.8008
71.0892

100 273 284 299 353 396 470 478 784 840 895 943 1036 1232 1261 1347 1363 1432
570 123 1028 891 167 624 9 623 1297 966 1417 1037 650 80 1165 1234 726 728
121.891
60.071

2 328 469 697 790 908 1034 1038 1070 1136 1238
1131 1101 267 792 273 1254 1102 243 428 149 27
85.5652
48.9152

22 32 124 673 853 1044 1045 1181 1276 1447
1110 163 226 168 658 554 343 1123 421 1106
61.4434
34.9452

135 247 372 385 699 716 918 1133 1245 1265 1345 1407 1412 1420 1489
363 1167 921 1085 1125 863 725 1449 517 630 56 58 1100 1102 673
92.8179
50.429899999999996

174 290 452 470 684 797 821 845 862 986 1095 1164 1301 1433
486 1071 1420 1373 397 101 23 1209 211 979 566 197 533 629
105.4503
58.1918

82 100 151 353 372 383 443 526 546 579 620 653 660 676 690 840 887 898 917 1020 1029 1045 1050 1096 1107 1124 1129 1254 1316 1339 1435 1444 1446 1468
810 294 242 176 1398 912 167 1234 1433 1461 221 295 1086 1168 1123 448 881 310 989 1101 1456 341 1087 446 2 1155 243 716 20 1265 491 1012 1191 649
171.7483
83.4726

38 212 259 338 345 363 396 431 565 603 643 834 879 896 1007 1034 1036 1143 1208 1230 1266 1338 1446
1238 1417 1028 97 891 397 1427 789 966 543 1373 1470 8 856 294 391 1480 781 750 1033 1472 356 1279
147.4227
71.74719999999999

6 148 361 655 716 879 1034 1045 1060 1186 1201 1455
789 1417 73 625 909 1402 397 741 582 838 1102 1421
96.0569
60.6182

172 554 606 631 705 781 829 911 1123 1265 1411 1433 1468
1333 1467 979 1355 647 1480 294 1373 424 1420 1167 45 101
124.3274
68.986

134 139 280 393 429 585 655 703 711 891 972 1071 1152 1156 1281 1411
294 1123 5 167 1203 1104 834 450 1336 541 1032 7 379 661 872 126
103.7516
56.4476

40 151 170 185 238 266 424 457 670 690 756 783 791 799 803 818 959 976 1034 1082 1117 1164 1166 1196 1218 1238 1289 1308 1315 1480 1487 1491
1131 1470 734 1428 1022 397 316 930 490 1007 1101 294 1274 529 619 978 110 1455 904 1443 428 1102 23 1042 1477 1338 391 1393 140 1033 671 237
180.2549
94.4359

131 246 311 376 477 552 711 795 898 972 1135 1138
173 734 353 661 102 834 1348 778 379 25 421 44
72.18939999999999
40.852199999999996

236 341 427 717 748 876 1006 1020 1063 1189 1422
317 1123 1198 143 856 774 1316 1403 1288 129 603
73.138
36.9178

18 191 316 357 374 415 545 546 551 759 798 893 943 972 1009 1031 1166 1177 1223 1245 1251 1380 1395 1398
148 1467 1107 589 726 466 93 195 1291 910 879 863 299 5 1300 1261 1076 1087 682 305 1104 736 398 1319
155.8648
77.75019999999999

114 116 215 280 290 299 431 474 516 554 728 1050 1080 1162 1276 1298
294 1028 424 273 985 309 736 1188 1037 137 955 1216 903 782 724 79
74.8977
34.7854

41 269 300 345 452 492 496 597 603 634 694 803 1023 1151 1156 1351 1368 1407 1411 1461 1495
1238 397 1068 284 734 576 1144 1439 316 945 198 173 975 1260 1071 923 8 115 99 781 1413
140.3079
73.6224

96 207 273 344 438 474 526 546 620 694 749 751 753 851 861 893 1137 1176 1212 1356 1365 1487
1333 725 903 1144 335 1165 91 397 872 341 879 110 80 1400 978 1319 15 823 495 1087 1345 448
125.85510000000001
57.9174

76 92 96 166 226 301 379 409 436 458 462 472 597 606 632 660 699 711 716 766 857 861 893 938 1001 1188 1229 1298 1319 1403 1409 1470
1333 891 294 1022 1355 1120 186 312 859 780 878 334 611 317 842 985 678 1110 834 1182 439 1387 15 864 172 1025 880 1061 1053 1262 1111 1154
192.4791
93.44669999999999

386 424 452 470 522 611 701 918 1013 1044 1489
363 198 649 97 1362 1078 1043 43 1455 466 490
78.7019
44.8523

69 103 114 220 353 381 385 496 525 755 1038 1148 1472 1482
1003 780 167 960 373 136 508 1458 16 267 838 1188 1298 825
82.8119
41.9825

62 135 203 338 344 364 434 554 670 733 972 977 993 1071 1100 1101 1124 1245 1257
294 589 794 466 1123 397 34 424 1278 701 455 1456 183 1146 1472 812 1062 1061 1449
124.1909
66.9332

1 4 113 234 253 309 311 321 344 441 457 517 617 620 638 702 763 770 832 854 943 1007 1023 1029 1038 1157 1192 1399 1480
1238 1123 845 267 1387 1168 397 143 726 115 704 1206 448 1415 986 947 159 23 120 1291 589 1393 671 1345 662 1076 982 38 750
153.08440000000002
75.7516

203 381 432 462 472 489 519 809 1004 1015 1113 1141 1434 1439 1489
862 397 363 186 278 1102 73 91 1061 1055 1412 39 1364 540 1237
84.8315
41.6886

18 42 182 247 266 340 383 404 449 458 532 603 650 708 714 804 862 895 923 926 946 959 1076 1117 1134 1157 1229 1266 1276 1366 1440
1238 891 397 570 23 294 780 623 1068 1398 108 1061 1291 211 740 1387 363 912 1104 728 1040 8 450 1278 1274 1063 781 1172 897 454 853
186.4494
90.7798

76 151 436 471 842 845 878 943 1050 1292 1300 1482
486 780 1003 859 101 939 1455 864 726 745 373 1373
98.9298
54.6122

36 49 102 331 406 449 495 588 601 749 760 839 845 1020 1122 1316 1326
1398 486 1403 277 397 101 1032 230 9 564 1486 77 530 389 670 966 740
102.9942
48.4688

12 38 46 76 81 188 195 360 413 420 434 455 479 603 694 705 711 751 806 832 886 960 1002 1004 1015 1033 1053 1074 1093 1118 1182
1238 1333 589 1028 1123 508 101 224 966 781 1040 1400 864 1144 391 1167 989 34 1151 1484 8 1102 1032 1172 186 211 863 1246 466 1314 117
188.9433
88.9156

87 92 146 236 252 367 383 419 425 436 514 537 629 795 943 946 947 959 1065 1076 1093 1095 1177 1182 1196 1241 1293 1299 1324 1363
603 912 1110 780 173 859 363 1144 745 748 27 1107 740 443 148 170 726 1087 1327 179 985 527 1083 897 880 1040 139 1032 243 1494
178.3191
92.2439

160 277 441 634 638 786 852 982 996 1036 1070 1104 1255 1301 1403 1495
294 667 224 1417 419 891 1475 1037 975 1137 64 1071 6 197 1313 384
118.3357
65.2222

46 496 594 702 879 973 1021 1177 1266 1290
845 85 789 1040 1124 1107 1146 1415 786 825
68.4948
31.8742

91 195 263 300 360 364 372 435 588 629 653 730 926 1096 1166 1245 1363 1388 1455 1482
1003 909 891 264 17 373 211 989 1074 1314 1413 466 190 183 1088 1362 1420 1089 1421 335
111.1298
56.3261

33 69 167 221 357 393 410 436 519 546 601 656 773 839 938 973 975 1034 1101 1104 1360 1423 1438 1459
312 780 1209 224 859 1118 508 678 701 812 880 391 1155 16 248 856 735 1124 1387 800 1336 1364 230 1033
151.8578
78.19839999999999

42 195 359 363 413 799 910 1029 1073 1120 1166 1268 1273 1371 1377 1385 1403 1459 1461 1470 1489
312 1480 1354 343 611 1110 1428 734 1167 1168 211 1007 541 1314 610 1189 317 146 705 64 46
132.0868
66.6071

137 166 224 253 575 638 786 1018 1029 1489
294 363 334 1248 1449 1168 22 1176 1393 490
63.8185
31.1922

253 264 316 433 449 525 608 643 655 682 845 854 855 878 1105 1136 1189 1216 1257 1266 1327 1385
312 486 1209 921 1300 101 1028 1398 891 1167 176 1076 745 945 798 1288 530 289 1332 953 774 113
144.4056
67.7853

0 80 102 105 119 293 386 478 549 577 891 986 1088 1270 1394 1432
1203 167 97 647 533 5 1022 391 1387 566 322 16 334 1032 230 1256
98.89489999999999
53.8571

94 146 220 442 447 500 505 628 638 834 966 974 1023 1027 1031 1241 1259 1278 1371 1482
1003 409 589 661 97 267 1144 979 909 136 115 1327 517 33 705 1362 553 1078 1107 373
121.6793
60.0146

18 109 134 445 514 516 522 634 717 751 888 914 993 1020 1137 1181 1483
1333 1123 879 903 1278 1151 923 1203 1400 56 774 43 1104 7 1032 595 293
110.6108
58.6446

69 92 148 195 197 233 290 528 784 818 895 914 1022 1025 1031 1261
570 589 123 780 73 1417 1428 397 1169 278 1297 728 623 1314 508 211
128.6794
70.9134

4 49 81 125 169 221 751 1081 1189 1308 1319 1366 1407
312 1333 186 277 570 16 1085 966 1288 863 56 1483 800
98.9718
48.1019

18 96 203 228 233 238 265 302 457 551 760 840 893 996 1047 1116 1188 1259 1374 1385 1424
312 294 946 878 1167 1107 1032 416 15 317 384 1319 678 1022 224 132 493 140 517 1412 671
129.3009
69.2162

89 103 107 170 197 230 255 265 306 309 379 397 406 419 445 470 497 597 598 670 697 1018 1164 1190 1192 1245 1329 1331 1385 1399 1409 1412
312 508 829 1110 93 930 1120 1167 981 1146 527 1197 1131 732 120 589 654 458 416 658 1087 1148 986 1022 558 26 1107 58 59 1256 857 1313
184.61599999999999
91.0187

355 396 554 582 596 620 653 748 1038 1100 1196 1264 1290 1363 1385
312 85 267 794 667 424 1146 1167 939 1398 242 1278 448 966 1061
109.0108
54.881

55 80 91 96 102 265 269 309 340 353 359 390 408 446 452 474 495 552 628 643 852 903 1029 1356
1480 780 294 167 1354 647 734 872 1168 198 15 416 17 823 1482 176 740 1022 729 670 224 952 61 89
131.7244
68.8895

61 84 113 117 169 234 355 380 433 452 479 500 543 653 757 818 887 1227 1441
1428 1467 9 740 166 1486 812 1483 198 1345 40 5 168 143 712 1432 1147 1011 800
104.2719
51.4344

14 31 72 89 172 185 202 219 316 376 424 451 475 479 528 562 770 790 851 888 898 974 1043 1047 1053 1093 1109 1175 1305 1418 1441 1467 1472
509 226 508 1107 1480 1040 492 299 1194 1254 1373 952 166 278 698 1300 36 148 1032 1102 147 1025 904 1338 16 1205 778 732 619 159 1237 704 1209
186.5695
92.0082

174 230 277 340 344 474 578 766 773 785 893 910 982 999 1009 1021 1033 1163 1181 1230 1327 1385 1409 1411 1418
667 312 1467 1480 798 1475 445 810 508 1484 1373 698 678 1319 977 1167 1262 6 674 1131 289 610 1071 482 38
142.0018
64.09140000000001

80 160 221 268 346 390 406 585 593 669 673 772 784 845 852 989 1013 1029 1228 1238 1241 1273 1379 1403 1460
312 1131 486 1358 123 1101 397 419 327 1168 163 999 255 16 649 101 87 912 428 647 347 1327 384 9 774
168.8524
83.188

49 131 173 244 265 361 451 532 551 579 597 647 839 918 972 974 986 1083 1117 1138 1176 1182 1218 1370 1391 1495
1203 1251 277 397 398 1157 1003 416 1395 230 1355 966 975 353 949 450 170 172 142 1260 1154 533 77 683 1377 1393
168.0992
91.2566

42 55 87 146 169 182 203 234 424 577 592 658 918 1004 1060 1290 1308
85 603 1254 1144 1146 625 179 1102 558 1483 1338 176 800 1345 334 64 630
104.142
51.7781

139 549 891 923 982 1008 1015 1017 1033 1056 1063 1071 1151 1192 1379 1385 1431 1433
294 1480 312 1358 317 1209 186 450 278 1167 1420 397 1484 979 167 6 885 1262
138.1623
70.7009

42 203 299 311 326 363 377 397 452 496 652 690 745 834 938 1008 1244 1299 1306 1329 1437
1480 1028 981 829 93 508 1197 527 172 198 1387 1169 97 1092 120 56 1338 857 658 148 486
145.48160000000001
77.5665

80 82 102 223 259 449 749 887 943 1025 1140 1162 1179 1315 1322 1385
312 1022 810 1398 647 1167 726 356 1427 731 244 1362 272 530 1037 448
101.0207
47.42

30 94 105 305 436 457 504 517 562 701 703 738 770 989 1257 1365
661 780 270 859 335 952 110 219 1104 327 762 771 278 610 1455 1226
118.2636
63.0379

46 48 170 197 234 277 290 381 671 676 705 770 834 852 1098 1133 1241 1264 1266 1268 1289 1296 1380 1403
667 97 1123 1146 930 1040 1475 397 1270 558 1327 1246 1278 384 1107 466 64 544 110 1345 1189 882 449 1461
138.3783
68.8107

37 116 191 359 397 546 552 757 793 806 852 854 1017 1043 1141 1210 1276 1356 1360 1377
667 1480 1467 862 1291 981 1354 343 648 73 36 872 527 1197 1061 495 120 829 661 1076
136.4633
67.9703

33 81 187 191 631 705 733 790 896 1004 1036 1138 1491
1123 891 1102 1291 1254 912 353 1417 391 735 1146 1246 1032
93.5385
47.8546

79 174 195 311 331 346 406 442 491 520 545 585 592 703 926 938 939 982 1001 1005 1120 1136 1139 1201 1216 1254 1400 1441 1470
312 891 611 1197 1110 1387 1428 242 1402 576 398 1104 166 1107 776 180 211 999 1314 1215 6 2 23 20 310 541 1265 389 275
172.5168
92.524

30 37 100 131 187 312 340 357 376 432 436 477 521 556 625 714 723 839 861 972 1104 1129 1133 1136 1278 1342 1440 1458
1480 780 73 397 1106 762 859 224 745 1201 1123 295 230 495 880 411 939 69 509 529 1220 661 1314 7 33 778 673 438
179.6557
95.1454

14 92 100 107 212 219 221 224 410 429 470 549 551 597 638 655 676 730 791 854 879 946 949 1017 1063 1073 1074 1098 1104 1164 1265 1302 1322 1422 1460
312 1480 294 226 317 740 1167 397 543 789 1146 1449 16 589 1253 147 1317 39 26 725 243 800 1395 420 1076 1393 985 1468 962 941 853 237 1205 541 1459
182.4699
86.2208

218 304 505 532 728 759 806 888 1227 1331 1420
921 1486 273 294 7 450 578 305 1151 517 736
79.2391
46.8674

27 63 94 185 397 496 606 653 700 711 799 908 1004 1009 1033 1063 1164 1176 1192 1259 1278 1356 1394 1399 1403 1422 1446
1333 1467 294 317 981 661 829 1355 527 872 101 1102 33 1197 909 834 1484 986 1007 120 264 1362 508 904 64 989 517
170.5034
87.7109

87 114 117 137 145 301 309 311 326 462 475 528 532 592 594 620 661 783 809 832 891 923 939 986 1093 1097 1139 1322 1437 1491
1470 603 1131 1032 5 1197 576 391 167 624 740 278 294 1037 1215 242 558 553 1092 448 179 450 533 712 875 1188 1362 341 22 566
170.2961
84.972

363 376 379 397 487 670 840 887 966 1088 1301 1400 1444
409 1480 1120 1071 829 981 1197 1254 267 527 1182 1078 120
115.8955
66.7389

230 353 451 537 593 690 818 898 926 1072 1348 1437
167 1428 508 1131 1395 891 1092 365 9 595 1265 914
72.6781
37.5984

27 127 148 216 238 279 311 376 394 404 434 449 470 477 517 519 526 543 656 746 759 939 977 1025 1029 1078 1315 1331 1332 1374 1447
397 1417 1022 294 1106 73 576 751 455 1327 812 1278 670 466 34 180 762 1168 780 1180 1398 947 778 305 690 532 40 421 883 140 661
175.186
93.4825

92 172 187 280 441 887 923 973 976 1021 1031 1100 1270
589 1203 1373 1480 794 1387 1124 420 1061 985 531 16 482
88.7861
46.2775

89 92 238 709 785 1009 1072 1212 1315 1394 1412
1467 1022 732 140 58 243 1345 985 420 356 670
70.8884
37.2225

357 381 423 517 598 842 903 1031 1081 1088 1181 1316 1395 1433 1487
780 1398 589 1420 391 1209 466 978 979 939 762 947 36 197 885
103.9906
54.7884

452 470 597 759 905 1007 1023 1095 1111 1133 1361
198 1154 750 115 449 305 822 1053 1178 26 1408
63.2224
36.1376

80 187 203 364 372 492 649 730 793 855 907 908 926 938 993 1131 1136 1230 1257 1292 1374 1388 1472
1433 1068 278 891 176 647 1373 1278 829 183 872 384 173 16 1387 149 1022 1300 347 1 1265 442 636
121.39829999999999
56.271100000000004

33 277 312 386 396 720 757 759 766 770 908 1021 1152 1395
667 69 966 1467 1475 735 466 97 391 863 726 482 149 761
103.0858
57.1204

80 197 228 238 374 381 424 457 549 611 697 710 745 832 923 938 989 1013 1060 1128 1188 1251 1306 1317 1480
1238 294 397 327 1387 649 606 195 946 736 879 23 1022 910 490 1338 466 878 1362 5 732 1432 1393 1123 558
175.7252
101.3057

312 363 470 491 505 517 522 611 631 658 699 710 751 770 786 887 894 903 1005 1009 1025 1083 1088 1093 1117 1143 1289 1301 1345 1365 1407 1438
1333 294 780 1467 1480 335 110 1254 762 466 69 1114 43 1125 1220 272 391 490 776 947 1362 912 1085 926 1071 773 1417 726 1078 778 683 56
193.341
96.4487

172 184 268 277 312 322 427 446 489 578 596 625 643 690 730 732 742 759 797 798 868 891 895 913 1143 1326 1385 1418 1422 1455
667 1123 69 1373 745 950 93 939 5 909 1480 1475 1167 890 167 1428 623 728 629 108 1220 919 807 956 117 726 1421 305 694 698
190.6684
97.5008

49 230 381 443 527 784 791 949 1301 1472 1483
123 167 277 1071 508 868 962 966 773 1108 1032
82.4872
45.4095

30 48 94 124 173 191 266 292 374 390 397 537 593 615 690 730 852 1017 1081 1123 1278 1327 1438
1467 1480 661 647 981 829 798 879 527 658 1197 1291 740 33 1355 120 1274 949 1456 343 909 1098 347
148.2427
74.4971

69 224 269 273 326 353 379 475 655 726 772 836 854 868 879 941 1232 1331 1366 1380
780 570 167 294 1120 950 789 198 255 1182 1165 1449 508 180 900 80 458 882 956 1393
131.4905
68.8844

236 408 410 487 532 578 740 756 802 836 855 862 1076 1210 1256 1377 1451
667 734 23 343 648 176 661 450 748 211 69 1101 1462 1222 143 1126 1087
110.9709
55.77

146 253 265 514 520 562 786 803 839 918 1138 1300 1311 1329 1379 1407
1358 294 93 508 952 1144 1455 1085 219 353 22 1230 863 416 56 999
116.4316
61.8084

32 80 202 255 377 432 470 477 806 1038 1199
267 647 73 654 1169 582 578 508 126 661 1478
73.1904
41.5259

69 119 166 321 332 436 472 606 682 705 1034 1117 1152 1192 1227 1244 1257 1290 1311 1319 1368 1440 1451
1333 85 891 334 1123 284 780 186 921 508 1355 859 576 22 1146 563 667 880 838 933 120 1176 856
151.4653
71.5976

53 137 290 302 592 652 682 918 1199 1373 1451
891 921 172 22 582 558 630 1040 1075 1365 546
60.0835
28.9676

1 55 96 100 137 138 151 175 177 242 273 284 397 409 477 514 526 546 631 632 641 911 990 1033 1056 1076 1105 1109 1139 1319 1368 1396 1401 1467 1491
570 509 829 1003 101 186 842 1197 981 80 9 527 404 1165 492 576 878 1025 219 15 1206 1032 1123 69 1484 651 616 1291 1234 611 1040 22 157 772 926
218.2132
115.5661

107 109 519 601 673 723 969 976 1082 1298 1305 1379
1358 163 985 56 148 866 309 595 1074 999 7 1042
73.491
39.5351

244 556 806 938 989 990 1012 1201 1316 1379 1480
1238 1203 1358 1398 327 578 1402 999 466 438 686
88.107
47.3532

92 113 305 505 634 862 886 908 967 973 1116 1134 1135 1243 1371
294 23 270 143 771 1124 211 610 923 243 705 420 607 149 411
88.9225
42.9276

6 68 197 212 233 284 318 454 455 492 634 783 798 861 908 1164 1254 1487
570 1470 224 1068 101 93 1151 543 242 391 9 173 682 841 117 558 1468 978
132.1251
69.4916

84 694 711 966 976 1098 1134 1157 1268 1306 1344 1433
409 1420 397 1144 979 1387 1209 1146 1291 267 56 834
82.9032
40.8447

41 43 169 301 344 445 526 528 545 615 799 857 989 1093 1116 1128 1146 1208 1342 1434
294 1106 397 278 260 1201 859 1439 1032 1203 732 398 132 459 800 1007 765 1483 535 589
124.55
64.9386

236 406 425 556 720 835 1002 1129 1162 1163 1290 1326
667 85 445 1146 295 652 389 529 411 438 1258 371
72.9582
32.4883

207 280 301 432 634 723 966 1006 1012 1044 1182 1192 1278 1377 1385
312 409 343 1078 267 1167 73 495 367 33 923 856 909 170 7
106.4652
56.3399

2 65 195 537 763 772 1131 1233 1238 1424 1429
1433 1101 278 792 255 211 428 1314 563 27 837
87.0186
48.998599999999996

359 393 442 445 469 593 625 793 845 855 905 976 1020 1306 1360 1396 1451
486 1354 611 176 745 1009 101 56 1336 508 939 945 9 765 789 774 1042
104.5079
52.2499

12 36 46 100 109 216 263 264 321 355 487 579 601 684 717 797 851 852 868 992 1044 1083 1104 1110 1113 1117 1243 1251 1292 1305 1431
1003 1028 950 1403 224 322 1209 195 1373 736 148 564 1300 334 339 774 1074 1144 1222 910 956 466 629 800 39 358 56 595 1486 120 683
175.4436
91.3593

38 103 113 207 212 220 356 434 516 1007 1120 1164 1327 1371 1433
1028 1428 1420 543 397 34 289 798 1209 495 712 885 690 982 143
103.9429
58.452

55 62 84 86 91 160 184 216 223 228 268 280 299 359 380 415 438 478 521 907 1036 1113 1129 1227 1232 1327 1351
878 397 1003 1354 891 1028 295 419 1037 1417 798 1300 17 946 1170 945 1195 179 317 1486 726 364 341 1432 737 19 411
151.8183
74.4953

32 255 423 631 710 751 893 1063 1081 1120
1333 317 294 1428 654 563 912 933 1400 226
87.3185
49.6246

221 443 669 684 708 878 896 976 1006 1124 1157 1368
312 845 1417 1291 284 1387 87 1068 108 576 167 745
103.8816
53.3376

12 91 107 113 125 207 247 334 379 443 615 660 700 714 766 791 806 834 845 986 999 1120 1200 1201 1210 1296 1317 1487
667 101 1433 486 97 1428 397 661 606 167 648 1003 17 909 683 1380 459 1402 1182 774 541 566 143 978 458 533 9 1270
169.8536
86.9785

22 40 62 167 247 277 474 487 658 671 740 795 803 977 1073 1083 1105 1107 1123 1176 1232 1268 1298 1301 1302 1356 1388 1423 1428
1467 294 1110 667 173 647 1475 1238 903 176 1254 872 1403 1461 985 1455 165 1234 490 1317 455 619 1189 1155 683 773 1222 1209 1253
182.05949999999999
95.9747

127 185 265 269 284 334 601 690 730 757 1107 1146 1467
1433 509 570 176 1040 9 492 1234 904 1461 1380 416 1203
100.46
53.9743

105 197 394 649 839 910 982 1006 1044 1245 1261 1292 1398 1400 1491
148 1254 1297 856 1032 230 1076 872 1237 558 1 466 725 650 129
99.4881
49.325

32 72 103 184 266 594 626 708 737 855 975 1098 1124 1128 1157 1181 1339
397 1068 108 1146 1194 176 878 1387 1291 1123 226 623 732 248 1274 689 838
101.1
51.0675

18 91 167 340 372 432 598 649 694 700 967 993 1044 1076 1109 1360 1414
1480 1209 1003 73 1144 1278 872 17 160 1237 1 1104 101 748 437 1155 137
105.9279
55.3837

436 554 840 884 972 992 1100 1113 1118 1393
589 780 859 750 424 794 434 1155 880 1061
86.3514
47.1286

65 105 167 393 474 500 554 653 1096 1163 1223 1276 1458
445 424 1209 762 1314 160 1336 1155 1006 572 1420 137 981
77.51
40.3479

0 44 224 228 443 500 522 527 568 702 705 854 986 1060 1282 1296 1305 1306
486 845 167 1123 625 1449 56 868 946 1270 1246 905 566 533 294 964 43 888
125.1783
69.2522

55 76 294 304 312 404 420 451 461 517 608 629 669 705 709 742 795 887 914 917 946 960 1072 1098 1186 1227 1244 1255 1276 1400 1437 1459
1238 1333 780 1123 397 173 1101 734 1146 762 864 716 740 947 87 69 101 1387 1274 1092 538 726 1254 1486 1246 879 838 1348 1278 176 853 4
193.4496
99.9977

4 49 119 167 409 522 656 781 943 993 1076 1156 1192 1283 1330 1420 1477
667 1209 842 397 921 878 824 1278 726 666 277 43 1155 1025 517 69 160
117.8327
63.4943

14 137 300 341 552 603 647 797 822 1088 1095 1361 1377 1418 1481
1238 869 1251 1157 1373 343 1395 781 734 143 391 8 1413 22 629
105.9002
52.216300000000004

0 195 207 244 397 497 592 658 749 969 1074 1139 1268 1411 1414
1203 1197 829 981 1254 527 1071 903 495 211 1167 1314 1146 558 1189
104.8171
52.3413

53 107 300 356 436 575 620 655 658 832 836 926 946 1005 1116 1216 1257 1319 1407 1440 1491
780 294 891 186 316 859 242 740 1248 448 776 1085 1032 1074 667 143 1413 1254 541 712 56
136.0271
71.8104

32 44 357 728 887 891 906 1018 1082 1146 1181 1365
273 110 5 335 167 466 294 226 736 459 905 1203
83.5465
46.9045

12 170 318 344 360 372 701 716 911 1074 1243
930 1167 989 264 589 101 616 651 1455 705 1102
74.68260000000001
40.6918

12 37 134 189 697 709 745 753 868 939 986 1022 1038 1065 1107 1151 1232 1256 1310 1371 1407 1438
570 1123 1106 1480 176 1203 139 1462 267 1234 1085 73 863 725 495 486 426 566 875 56 950 1169
140.8088
70.6399

2 18 33 93 119 269 356 438 535 582 676 766 818 821 886 895 917 935 948 1027 1189 1233 1338 1344 1345 1412 1440
316 633 91 1428 623 1470 792 735 397 1191 1461 728 1125 1170 58 1288 224 712 391 1390 77 169 179 563 607 341 811
157.4423
78.3509

12 38 103 189 236 312 415 466 671 722 894 1105 1128 1208 1244 1245 1277 1299 1348 1428 1439 1444 1455 1482
1003 1028 69 726 909 365 173 373 165 391 1170 1373 509 226 732 148 807 1395 531 1055 838 1220 1129 1421
153.4274
82.6427

96 102 277 374 377 526 705 746 999 1017 1282 1366
667 1480 486 1123 1169 570 879 1475 740 15 823 977
81.4028
37.7555

4 91 187 224 263 280 284 300 394 429 462 528 545 593 594 755 1050 1056 1146 1181 1273 1296 1306 1327 1360 1409 1432 1437 1467
570 509 1003 397 798 9 278 1203 492 1092 888 624 1449 459 56 17 1074 157 869 1393 190 1129 155 1040 1362 1256 1262 1395 289
150.68970000000002
73.6353

79 151 356 393 443 497 520 855 906 1088 1157 1258 1265 1439
1387 167 1167 391 176 1146 1291 466 712 725 3 1336 1220 1055
87.0097
45.6724

136 188 255 331 461 586 773 914 1243 1276 1316 1351 1377
1398 945 1333 966 343 224 678 654 1387 879 126 917 701
88.70349999999999
41.93

55 84 301 368 596 786 887 966 1036 1110 1129 1317 1398 1455
148 294 409 891 909 322 1417 939 1076 1261 606 295 1078 267
111.5959
55.4843

37 81 82 150 228 316 710 746 834 976 1018 1141 1395 1407
862 878 863 97 1209 810 73 1300 299 946 466 1085 495 1061
107.7597
54.3455

30 32 37 42 55 61 68 93 114 124 169 218 289 301 322 497 565 601 704 793 798 1078 1135 1256 1360
633 674 73 9 1079 1416 1123 109 1146 457 1462 1428 117 226 1483 919 1390 800 343 884 682 494 176 495 338
142.4678
72.91

4 174 203 293 346 429 447 521 554 594 857 891 1033 1056 1133 1143 1251 1377 1437 1482
1003 167 397 195 343 424 5 910 373 979 1484 137 736 859 1092 1089 38 1338 322 1348
122.8419
63.6051

41 93 242 266 280 293 374 617 778 803 840 891 939 951 1004 1044 1175 1177 1330 1391
397 633 316 5 260 1107 366 1102 576 1439 142 824 180 879 1274 1390 704 1155 322 772
129.6401
63.0612

107 311 575 732 818 911 992 1299 1429 1460
1428 890 101 651 616 1248 1074 365 259 922
63.8334
34.7881

78 216 223 259 462 679 709 850 853 974 1025 1110 1441
322 436 167 1427 166 397 1248 448 339 272 1469 1371 1471
79.9962
42.8244

2 57 84 86 170 427 585 660 778 939 1078 1122 1151 1329 1439 1447 1461 1482
1003 1123 93 1480 792 930 576 734 1475 508 857 457 373 1148 180 979 1106 1262
118.0377
59.5688

80 94 187 246 326 334 379 475 568 772 797 836 947 1007 1065 1133 1135 1156 1208 1212 1228 1292 1301 1433
294 1120 1373 397 1420 647 1209 255 745 661 912 1362 629 979 885 1182 1380 1071 1345 909 495 458 903 773
144.2276
77.568

244 277 284 289 318 379 394 427 496 601 737 760 876 887 949 1012 1017 1070 1100 1104 1151 1218 1277 1289 1300 1310 1342 1371 1382 1458
1106 1480 1123 570 667 224 762 1203 794 1120 1201 294 9 1079 1475 1182 1455 1032 962 243 1319 1314 1179 800 1262 1230 216 1021 307 458
188.3924
94.8126

89 173 191 199 273 311 381 525 556 884 1002 1095 1120 1277 1447
1203 1428 1291 1165 1355 732 780 949 80 529 652 1106 541 438 421
97.2201
51.6439

202 302 374 656 704 748 949 990 1043 1109 1164 1342 1365 1489
363 1403 294 1201 110 335 879 674 962 1316 318 619 5 790
103.5073
61.9071

12 18 172 232 253 255 306 429 462 517 585 590 629 711 794 797 908 923 992 1122 1129 1315 1319 1327 1356 1382 1409 1447 1467 1482
1003 509 1022 1106 1373 623 492 798 295 186 762 872 494 1480 654 834 1104 373 531 771 149 356 1262 126 1040 947 20 421 933 734
170.3461
82.4349

137 167 346 360 423 504 598 700 704 946 1136 1370
1209 398 740 674 989 264 101 494 1155 77 22 397
88.2102
49.5981

14 218 254 263 311 420 431 748 756 1045 1299 1428
734 411 148 1403 1172 365 1281 1074 1456 39 165 1251
74.693
44.074

0 6 109 113 197 293 322 359 413 632 723 730 753 809 852 854 990 1012 1056 1060 1124 1186 1208 1218 1292 1360 1435 1441 1446
725 1003 1354 166 1123 1428 56 397 558 625 1102 919 1338 7 989 838 531 1114 1076 1129 595 866 143 884 39 1237 641 1200 108
150.8702
81.2224

136 346 582 682 703 757 804 975 1128 1157 1401 1407 1444 1468
1433 224 891 1291 1467 1387 921 1085 404 1086 917 702 56 732
100.6574
50.0149

145 280 309 334 474 526 918 974 1210 1374
1433 667 648 624 1380 661 384 442 630 909
68.4615
33.9289

68 127 280 293 546 552 598 617 628 763 799 1131 1241 1308 1324 1446
1433 278 704 109 1007 1327 734 1087 989 322 139 86 1338 102 1301 1154
83.8385
38.9429

36 43 53 69 137 238 269 277 374 495 546 647 655 702 711 907 974 996 1043 1050 1065 1107 1162 1233 1256 1311 1326 1365 1404
845 667 1403 780 22 176 1037 1157 1251 397 1234 1358 670 879 508 745 1300 110 335 1475 1415 564 1395 1462 558 829 1486 1087 139
176.6165
90.9121

32 93 135 139 166 280 520 544 585 673 697 818 850 951 1002 1006 1010 1023 1097 1175 1208 1299 1330 1340 1451 1495
633 912 397 334 1428 824 1104 1362 17 366 450 1251 226 163 900 1260 129 148 975 1449 115 1390 531 365 168 731
157.4723
79.7543

149 299 355 427 857 946 1002 1029 1120 1238 1245 1302 1491
1028 1131 1123 1101 864 1428 740 1168 859 1317 1032 428 1253
98.6424
52.4947

65 96 433 479 516 601 606 699 1027 1074 1124 1201 1414 1418
1333 1355 698 15 1402 1167 1417 1456 823 1441 1482 686 1400 1053
81.7607
40.9317

4 14 30 42 62 182 244 247 290 328 340 361 436 442 497 653 655 656 714 760 803 836 876 903 951 1022 1097 1123 1156 1182 1423 1431
780 1467 570 1203 1480 647 859 366 1032 316 1146 397 273 624 1479 880 1055 1169 1362 39 1129 796 582 170 541 873 989 1015 1399 259 557 443
167.175
80.3757

32 131 160 345 372 454 684 738 854 1293 1371
419 278 1083 841 1123 226 795 623 334 168 1076
73.7051
41.0235

107 170 185 189 228 420 521 701 763 766 797 939 999 1009 1139 1192 1201 1301 1317
1467 294 878 930 1197 606 1373 946 1215 674 317 629 1402 576 180 1172 773 94 1195
129.6477
68.9486

6 22 53 57 125 246 328 603 694 720 894 977 1070 1100 1121 1140 1218 1223 1229 1258 1273 1277 1315 1327 1370 1377 1388 1455
1238 891 1110 1061 1022 397 909 343 794 398 1144 731 798 8 273 3 455 466 1102 243 1337 289 781 554 572 454 325 77
175.8015
88.4931

48 82 116 223 294 332 455 722 1033 1083 1129 1268 1398
148 810 101 1151 224 1076 1373 295 1261 1484 1005 563 933
110.2162
60.407000000000004

12 131 284 376 470 505 622 793 1135 1218 1393
570 434 9 1378 1102 421 778 26 959 1179 2
59.8015
29.0139

294 304 420 669 887 941 1078 1143 1347 1370 1381 1411
398 87 101 149 1005 741 1274 117 979 1172 77 529
85.4824
49.6869

55 148 172 185 218 363 435 466 527 629 738 854 996 1065 1128 1139 1232 1259 1264 1276 1327 1455 1459 1487
1480 667 1197 909 1003 1373 798 278 73 173 1417 745 289 1338 868 139 732 1278 1076 741 132 978 517 1031
156.2743
83.5439

61 127 206 255 301 305 383 424 496 500 694 697 730 742 786 790 829 893 918 960 1097 1148 1238 1255 1305 1371 1423 1437
294 1101 1131 912 9 148 1144 270 979 1254 359 654 1313 1338 771 610 108 1458 863 837 126 428 705 529 1092 531 455 1362
160.2461
76.7715

42 72 195 219 299 361 376 454 590 606 670 714 738 745 999 1038 1105 1186 1277 1371 1437 1439 1472
1333 1028 226 1194 267 1151 278 211 1092 1355 1205 705 846 294 582 838 841 1314 486 426 16 1055 674
145.0759
75.4346

62 72 102 138 254 380 582 652 655 857 878 913 1031 1088 1104 1105 1146 1175 1439
845 224 589 172 411 859 1194 745 391 459 1203 800 155 1332 553 541 752 740 953
119.9702
61.1428

14 68 81 150 188 254 264 353 377 409 431 469 505 620 656 832 903 989 1033 1047 1050 1056 1082 1100 1152 1268 1289 1316 1467 1481
1107 509 1398 780 1028 294 794 842 327 878 1300 448 109 167 397 1169 411 1484 492 1040 1189 157 1025 966 110 704 541 1209 1399 1336
171.7559
83.4462

4 14 32 79 109 172 182 236 259 279 344 359 454 477 478 535 632 643 660 697 738 781 794 854 895 972 1050 1071 1081 1104 1148 1199 1218 1433
294 397 623 224 1480 1354 278 1373 1107 1427 795 436 226 1420 56 979 39 667 1327 728 1102 1123 589 1170 1458 771 582 1211 7 960 662 841 1459 775
188.9712
94.2327

185 216 324 424 517 525 565 733 738 1023 1120 1192 1292 1293 1348
762 278 1428 1395 1083 1146 947 115 1338 64 365 904 58 595 553
94.0607
49.3913

311 409 597 652 703 949 1002 1007 1116 1200 1259 1388 1451
294 172 878 842 1104 962 750 1154 683 1025 517 1392 940
81.8017
42.0925

69 82 146 160 321 397 413 432 497 525 546 643 690 798 835 861 1080 1291 1300 1331 1340 1401 1412 1439 1446 1472 1480
667 1238 780 829 93 1455 120 810 419 73 1197 912 527 1146 1168 981 1251 1144 508 702 16 117 58 1258 926 1087 364
176.04399999999998
88.5949

65 69 136 233 236 244 311 364 408 620 745 850 914 1088 1122 1141 1208 1245
862 1203 780 224 1151 448 508 391 466 879 917 1061 242 531 1313 78 486 183
114.8223
57.8253

80 185 191 246 297 520 525 592 676 850 999 1001 1021 1123 1212 1228 1340 1371
1467 912 647 1291 1251 674 1195 904 558 1345 443 977 519 731 1022 903 336 1425
107.1325
55.2584

273 306 316 359 452 551 722 1136 1156 1255 1428
1209 1354 1373 299 1165 80 1300 1022 1251 1313 1345
80.2149
45.7696

170 202 420 424 516 598 720 726 854 1043 1098 1152 1181 1277 1299 1340 1361 1368 1374 1411 1429
198 284 397 930 1251 36 1071 912 576 508 1146 148 1338 1172 1076 1258 64 838 117 365 925
131.8152
69.2047

0 119 188 236 284 357 372 406 498 535 562 582 757 884 1021 1045 1111 1190 1298 1306 1342 1381 1412 1414 1491
570 750 966 985 1201 952 9 1467 1106 56 219 822 294 1032 888 1191 58 309 700 449 741 183 541 72 1170
138.9952
67.2667

92 232 297 334 593 755 893 1239 1274 1308 1347
1420 1433 1495 698 1380 921 1319 494 243 519 420
75.7347
37.8601

1 505 732 943 1015 1190 1273 1317 1344 1380 1482
1003 1123 890 186 373 726 606 94 1206 882 278
69.8749
30.8295

125 150 238 289 410 474 652 697 790 908 938 943 1022 1027
570 172 1254 1079 726 1387 1169 149 670 347 796 1102 140 636
88.0637
44.6777

55 72 105 189 234 254 353 376 410 427 472 474 492 526 532 575 673 763 809 818 901 959 989 1124 1133 1210 1255 1261 1266 1414
1123 667 363 397 1428 1068 411 327 661 648 1297 167 163 1194 1333 176 450 2 725 1456 173 1313 1248 1461 650 444 778 897 1345 1391
153.4253
69.1516

277 279 377 549 926 1017 1093 1179 1218 1256 1257 1306
667 1480 1475 891 1462 1169 1032 1362 1327 56 404 888
84.5834
44.657

89 247 300 496 652 720 891 1034 1080 1166 1274 1301 1322
1071 172 167 1495 5 698 921 732 856 1413 678 1033 377
92.4908
51.4777

544 1038 1118 1160 1164 1245 1298 1470 1472 1477 1482
397 1003 589 312 611 1104 267 1110 985 17 373
85.6486
40.1279

22 46 177 246 253 471 516 548 608 704 717 745 757 770 785 913 1238 1259 1261
1110 1131 1101 1040 1297 538 674 316 428 725 1151 494 529 774 846 159 554 517 799
115.34230000000001
57.8961

53 184 269 422 537 746 781 802 804 868 1002 1233 1243 1319 1322
397 186 1060 878 950 835 16 78 1180 455 563 1025 1479 913 1064
84.1168
41.9855

166 184 247 263 309 413 471 491 532 545 631 637 671 878 905 926 947 1009 1010 1124 1210 1241 1270 1331 1371 1411 1434 1446
1467 397 667 334 845 891 1203 912 661 648 1327 953 745 1114 450 1387 1071 1253 1332 1074 1417 725 1053 316 989 16 398 602
162.2857
82.3972

55 92 216 356 379 462 521 661 670 832 901 908 910 1053 1189 1293 1338 1414 1439
1131 508 1470 458 1120 1333 316 149 1182 1083 243 734 610 1288 1195 811 712 46 881
121.7334
66.8224

27 266 356 455 556 694 746 900 951 1160 1200 1227 1311 1495
397 366 224 1151 101 1144 702 201 1486 683 975 22 1260 149
104.291
55.8275

27 137 309 372 374 381 397 649 850 935 1081 1460
829 981 1197 879 91 527 872 1 120 22 998 658
90.0253
50.1766

27 57 182 244 279 415 446 477 634 649 745 784 797 969 973 1001 1006 1008 1022 1210 1216 1229 1282 1324 1327 1332
570 486 1203 891 123 667 1061 661 1373 648 426 923 798 872 1 1124 129 1151 1403 670 883 1170 846 1169 856 629
168.8897
85.2907

32 124 432 441 451 622 903 976 1009 1107 1160 1200
397 1467 780 1234 73 176 226 683 343 201 243 168
85.9037
44.5701

397 471 608 669 697 732 770 986 1082 1117 1175 1245 1331 1409
829 890 981 87 538 1197 527 120 1269 566 658 533 734 466
87.8427
42.4832

107 160 203 263 264 432 449 497 546 554 582 592 684 690 705 720 738 806 818 840 886 891 1001 1005 1027 1033 1113 1137 1138 1281 1356 1431 1451 1467
509 1398 1209 397 1028 1074 1040 424 872 278 5 879 903 419 492 1484 1428 73 1455 1146 558 1246 58 1329 364 353 91 1123 1032 157 1155 172 986 607
199.6787
104.1287

172 251 279 380 419 435 447 497 516 579 714 746 786 868 938 943 1034 1081 1146 1160 1164 1200 1259 1331 1347 1377 1411 1422 1432 1444
397 294 1110 1480 1203 343 1427 1373 979 1327 624 950 726 1387 201 1087 1462 683 1180 956 1089 913 492 1012 459 1482 1033 155 752 347
156.0788
77.4231

40 182 252 318 344 413 449 471 474 475 527 641 781 836 906 975 1029 1053 1054 1065 1078 1101 1166 1218
436 589 1398 508 219 397 1455 1167 1168 745 248 868 835 1261 466 490 139 979 812 1269 457 701 619 1102
140.1296
67.4392

80 89 137 199 355 360 442 455 487 577 611 748 773 798 829 832 853 886 969 1017 1034 1071 1101 1111 1120 1136 1192 1218 1342 1460 1495
294 1480 1428 1106 224 589 101 1107 780 359 1201 1203 93 1398 979 264 701 490 975 1260 1345 1151 1362 647 678 822 22 1222 334 1124 1403
199.8599
109.7495

0 314 386 408 647 669 740 809 1095 1157 1175 1201 1228 1233 1382
284 1402 1251 87 1395 1387 1291 1106 20 563 912 97 960 1126 761
97.2018
48.9104

2 226 273 359 393 479 526 544 546 551 586 591 596 598 620 629 717 745 751 852 861 935 941 946 1033 1036 1054 1093 1100 1177 1196 1228 1293
1333 221 436 1022 397 1107 891 794 1354 17 792 439 1087 939 1417 740 27 19 34 1104 1261 1484 1151 1167 448 80 1083 1336 1165 1032 1099 846 912
195.5375
93.1032

189 242 268 279 345 374 451 504 647 704 791 850 1076 1200 1229 1329
397 891 1251 1061 508 93 1157 1395 735 879 683 772 748 1148 623 454
114.9368
60.4624

172 355 413 422 447 504 537 753 852 966 999 1008 1081 1192 1210 1232 1290 1447
409 85 725 667 1373 1060 1480 648 1146 979 661 267 421 1078 977 674 328 703
110.9039
50.4184

254 277 304 434 479 699 785 1192 1282 1360 1460
667 486 411 1475 1274 34 149 964 802 690 1256
69.245
35.263

30 452 457 552 601 617 1097 1273 1360 1480
1238 734 198 704 1393 671 102 1362 834 15
65.4042
36.2186

53 68 79 202 247 266 324 356 404 451 522 579 620 679 708 709 733 793 842 976 996 1063 1078 1097 1305 1459
317 294 397 589 109 316 108 780 1274 712 939 1146 43 448 1265 80 146 979 925 1278 1362 36 751 603 1012 341
148.8765
79.19500000000001

40 139 175 185 447 556 637 728 975 1034 1036 1118 1136 1243 1286 1292 1301 1305 1373
589 1071 891 1417 1037 1455 667 450 1345 490 856 273 979 904 529 438 998 773 376
132.1648
71.6445

185 232 622 1096 1097 1110 1141 1151 1210 1296
862 322 667 648 661 1480 494 1270 1362 1061
82.9786
47.3274

42 188 195 367 461 517 537 578 585 714 717 756 851 879 907 908 986 1054 1078 1082 1133 1152 1156 1177 1190 1316 1368 1391 1401 1451
1333 436 667 1398 789 1387 284 294 576 1300 443 734 1167 211 404 966 1314 947 533 566 774 1107 762 829 838 1261 137 142 1256 149
166.7742
79.4538

33 61 125 136 294 322 341 364 422 466 544 690 746 757 836 840 853 911 951 1005 1031 1199 1208 1239 1256 1270 1273 1400 1491
1420 101 589 1203 1254 224 1467 366 1060 9 17 143 1387 735 1032 651 1462 183 1428 616 1039 173 776 661 16 1087 259 279 700
188.9558
100.2919

96 175 273 277 280 324 500 603 655 935 1076 1324 1366 1395
1238 667 1165 570 455 8 1475 863 466 80 15 91 762 781
101.1046
52.5526

79 116 148 191 218 233 242 284 293 299 332 353 372 429 593 697 784 793 852 901 906 1010 1023 1129 1141 1162 1166 1179 1212 1289 1305 1332 1439
397 570 862 1028 123 1333 1417 1291 167 73 1061 9 295 563 466 322 1345 1037 741 1362 1338 115 532 933 389 1090 1461 772 464 377 965 1055 440
175.4835
82.1017

103 191 334 413 447 491 821 982 996 1029 1266
1433 1291 979 1114 1380 1168 6 909 1031 838 132
59.0252
27.8175

84 87 124 148 167 184 203 226 232 332 396 425 458 466 532 578 585 590 670 671 711 745 797 913 1017 1100 1105 1111 1229 1278 1435
1238 1022 667 891 294 1209 1061 1417 794 439 1373 73 966 494 173 734 603 1403 1480 834 1470 486 1063 822 1099 450 799 563 980 33 179
201.2228
109.1611

38 46 76 96 234 290 292 383 577 601 829 959 1012 1034 1116 1216 1223 1310
294 1106 1028 363 912 979 1040 391 15 359 864 800 946 334 856 572 147 531
116.389
57.5707

33 107 138 232 328 332 436 504 519 649 839 855 1047 1063 1265 1423
317 780 294 1167 859 563 176 230 494 273 872 735 880 391 1 933
110.0006
56.1528

114 119 212 264 266 301 312 377 431 451 478 516 568 586 591 670 690 714 853 878 935 947 1007 1023 1056 1095 1121 1186 1344 1439
845 1209 69 397 1028 745 34 1300 294 221 1417 543 1203 115 509 838 1220 91 1332 1274 1169 371 726 553 1146 564 1316 1055 807 953
170.4006
92.2352

12 87 175 182 216 305 306 433 445 479 579 590 637 738 773 842 854 891 913 1216 1396 1468 1470
312 1433 611 603 1110 278 270 1009 5 1003 167 678 939 36 771 1022 1012 765 610 865 1086 799 80
148.56
78.0748

356 404 422 717 737 1021 1245 1291 1305 1385
312 1060 1167 1258 712 1168 780 751 1278 774
76.318
41.4923

174 223 304 305 346 431 491 655 1025 1038 1083 1229
891 270 397 1061 771 267 610 1114 149 1274 358 541
79.3567
41.5193

149 273 293 300 492 643 647 656 770 851 943 974 1292 1300 1338 1459
1068 1251 1165 1157 1395 294 1470 173 1455 864 322 1413 726 80 146 1230
96.527
48.2151

31 136 167 226 265 301 415 419 441 449 454 458 471 526 546 649 661 728 818 834 900 938 947 972 1082 1105 1146 1208 1330 1440
1398 1131 294 97 224 439 1110 1209 1 1428 1087 1022 1063 824 273 1170 872 795 1403 917 172 1099 1155 702 841 1269 416 530 113 149
182.7894
93.4121

62 167 174 182 216 233 238 255 363 420 491 514 544 568 588 643 655 690 717 746 836 851 993 1029 1083 1175 1270 1394 1435
1480 1203 1209 294 1104 17 725 397 654 1278 1387 1087 1168 774 1180 1338 117 1114 16 1090 1313 683 1172 126 933 1155 541 1494 160
161.1547
84.7965

62 93 170 228 273 290 408 442 521 575 661 699 751 793 799 842 852 888 900 947 974 1017 1038 1118 1177 1302 1394 1396 1432
1333 589 633 1480 1107 80 1131 1165 930 878 1009 740 611 267 624 1248 939 1007 1400 317 998 495 7 1195 952 1256 149 1253 865
180.085
88.9485

40 69 167 224 328 372 374 377 552 575 669 673 804 806 893 1033 1218 1316 1322 1395 1414 1447 1460
780 1398 1209 734 1106 87 163 508 1455 879 1169 273 1449 1248 1155 1484 466 490 1358 1025 655 1319 180
136.7258
68.6687

69 86 107 113 125 139 191 434 471 551 585 649 656 682 803 914 989 1045 1212 1243 1373 1385 1388 1414 1489
312 316 780 921 891 363 1167 1291 327 450 1345 872 508 1 701 879 34 110 873 325 486 1336 126 381 546
149.0472
74.938

173 206 361 425 795 976 1256 1440 1458 1480
1238 762 1355 1314 1462 1101 1042 1348 949 977
76.1037
43.1526

38 81 191 232 242 247 312 331 374 451 461 579 586 793 818 939 1071 1120 1129 1164 1245 1434 1441
294 397 1428 1333 1028 69 1387 166 576 180 1417 879 494 1220 1291 726 807 772 295 1316 7 1468 716
147.4806
72.2979

27 324 344 425 435 446 575 586 592 617 638 705 730 773 1200 1282 1380 1394
486 1123 704 678 1246 1248 882 558 314 964 199 683 762 670 1089 1392 313 94
99.2388
48.0747

92 195 206 309 420 498 579 593 660 682 690 755 794 884 973 1007 1053 1063 1096 1139 1283 1316 1327 1437
750 294 317 1398 1197 508 891 921 623 1215 1124 1092 1314 117 211 1172 243 985 771 603 1012 798 982 289
147.0913
74.9282

18 100 127 199 289 293 331 356 372 445 454 475 532 545 549 585 598 701 714 757 793 893 903 908 949 1093 1182 1404 1441 1460
780 294 1203 166 1467 1358 322 316 1079 1032 450 962 795 1455 1399 1104 712 1338 1319 841 1129 1234 983 149 765 929 1432 398 230 266
156.4381
82.0772

148 174 380 432 631 857 879 1227 1230 1480
1238 73 1417 789 859 1373 532 1486 38 912
85.9112
47.0674

102 145 185 206 228 277 306 346 449 491 652 653 673 722 905 947 1001 1009 1038 1078 1107 1123 1128 1162 1385 1394
1467 312 667 1398 647 176 172 878 624 1475 163 267 1234 1167 946 1416 1387 979 732 1373 1022 530 1461 317 330 457
159.5009
75.8637

0 107 131 220 289 409 413 568 617 661 723 766 802 898 1008 1013 1018 1093 1097 1122 1140 1177 1186 1210 1233 1433
667 397 1107 1420 842 649 878 704 1079 648 979 1032 16 295 1074 731 420 1362 7 244 838 136 421 1131 866 1043
152.9192
77.3778

38 42 322 331 435 591 598 629 660 670 690 785 868 910 1179 1251
221 1028 950 1003 195 391 34 736 734 919 1362 956 404 610 1089 19
111.9485
62.4308

76 107 139 238 269 309 431 528 535 617 682 911 943 975 1123 1139 1232
1467 647 921 101 891 1197 726 864 704 450 651 616 1074 248 179 278 1170
123.02629999999999
64.6553

65 146 170 565 634 655 732 742 911 939 1029 1164 1166 1302 1340 1439
912 576 930 890 101 108 1144 1168 1251 651 616 1253 1317 180 923 1468
105.2032
54.214999999999996

251 702 717 748 809 840 1020 1117 1148 1245
845 1237 1427 1403 1415 960 1458 1316 774 1155
65.9134
33.9225

103 151 216 224 312 360 379 545 549 726 888 1088 1274 1316 1403 1428 1431
69 198 1398 264 1495 1182 294 921 1120 989 384 64 1449 698 1281 1220 1393
133.6537
78.8678

63 218 232 265 299 436 447 716 746 1053 1152 1232 1259 1310 1345 1411 1437 1477
1028 1106 780 508 859 294 979 494 880 1125 666 1092 416 1180 179 557 1102 374
108.2994
52.905

1 32 91 100 514 603 611 634 822 907 911 926 1017 1036 1110 1129 1305 1315 1340 1423 1491
1238 1123 891 322 1022 101 912 295 662 1362 8 1251 781 1300 17 466 1480 1233 829 1032 490
157.4094
83.8041

89 206 254 284 304 314 353 360 410 469 545 643 783 793 797 840 850 888 911 996 1047 1065 1118 1241 1277 1290 1395 1399 1480
1238 570 589 85 1107 1470 101 1373 294 629 732 989 616 391 1327 132 1146 1456 9 257 167 7 651 986 466 704 745 863 1274
181.5205
91.5753

195 244 312 446 565 632 783 974 1261 1424
1203 69 1297 1470 391 1220 1314 725 493 807
85.939
52.5837

31 40 138 148 177 184 188 215 223 254 299 372 413 434 445 491 549 622 697 781 835 845 914 1006 1179 1188 1189 1241 1257 1277 1434 1480 1495
667 1238 397 294 486 1028 1123 101 1455 966 73 411 490 1107 34 975 23 1362 619 1260 1288 879 765 532 1327 982 690 678 1136 774 377 983 741
197.4674
99.0626

124 177 197 269 324 334 340 367 579 632 671 703 737 855 999 1001 1081 1139 1244 1282 1293 1308 1324 1329 1423 1455 1467 1489
1433 509 1480 486 909 508 93 176 1040 1197 492 1104 558 443 1380 363 762 19 857 1421 343 1083 59 980 157 86 977 1025
167.2323
82.8176

150 413 520 748 759 842 947 976 1065 1374 1407 1441 1480
1238 166 139 1403 745 1085 731 863 1316 56 495 23 939
97.4643
55.9513

12 14 89 149 191 234 423 438 601 697 738 770 799 854 938 1063 1083 1104 1137 1258 1259 1273 1277 1319 1403 1451 1459
294 317 186 224 278 397 864 358 903 1007 732 91 985 1345 146 800 1291 39 879 64 1387 347 293 683 58 216 1076
149.723
77.096

78 167 188 195 265 377 436 462 471 694 705 732 760 906 1273 1361 1395 1418 1440 1472 1487
780 1209 1123 466 859 966 698 1032 211 1144 1169 978 890 16 880 1314 1269 789 160 1155 180
127.2243
62.367

22 48 136 182 191 203 246 309 332 346 361 406 457 545 608 643 690 728 730 755 784 785 809 896 905 974 989 1233 1268 1404 1447
123 1110 397 1106 1417 1291 224 273 264 563 538 917 999 1427 1189 1358 389 1412 1226 398 1053 736 554 671 1393 933 953 2 641 196 1489
160.6367
81.9047

37 263 394 504 742 879 1021 1166 1210 1251 1400 1431
667 789 1254 661 910 73 648 195 108 495 736 715
85.6566
45.2234

44 137 279 355 381 432 436 497 519 526 655 723 730 732 850 857 876 886 1148 1302 1385
312 859 780 890 1146 73 1167 1238 1253 1327 1317 22 1458 905 7 866 880 541 641 1260 1364
129.1876
64.6124

334 575 594 626 738 745 1004 1118 1216 1444
1433 589 278 1102 1380 1248 846 1151 147 23
70.9298
35.6982

301 312 406 436 474 628 884 891 1365 1381 1435
780 750 167 859 110 335 5 716 1417 69 880
95.7235
55.1961

6 76 220 284 294 309 394 447 478 628 714 751 917 939 941 1020 1152 1329 1356
1333 570 93 101 508 872 576 59 864 979 180 1461 1400 1005 1293 9 857 953 661
125.3323
62.4154

65 69 84 174 188 221 361 458 520 522 525 578 638 755 781 878 975 1021 1100 1179 1186 1218 1238 1243 1251 1270 1342 1348 1363 1398
148 312 667 397 780 1131 1203 845 1106 1063 1101 16 794 1201 1395 966 195 745 508 1261 78 910 1362 428 838 529 259 248 582 595
203.3202
101.4338

68 124 172 318 517 650 794 1093 1096 1136 1351 1382
397 1373 1480 623 1106 109 762 947 20 1040 771 1032
81.9543
43.2345

36 125 360 410 521 836 896 923 982 1218 1401 1489
363 1417 264 1403 989 702 564 1486 1102 77 404 6
95.6527
55.1872

102 221 458 527 568 582 676 878 923 990 1053 1182 1277 1302 1329 1332 1380 1414 1460
312 508 845 93 1063 745 294 868 170 172 16 1253 882 1317 531 1061 1148 857 422
140.6674
76.5021

30 68 148 309 376 394 438 469 479 568 575 592 597 625 669 760 803 822 839 891 903 996 1015 1053 1104 1121 1138 1186 1218 1232 1256 1391 1422 1459
397 745 508 780 167 186 73 1032 1417 109 87 224 869 589 939 5 91 1248 1462 734 278 1146 172 778 741 800 838 558 353 1101 1102 341 230 789
187.8772
94.33539999999999

82 105 119 139 146 177 324 332 443 451 477 478 632 742 791 960 1008 1013 1129 1135 1146 1229 1258 1281 1363 1371 1380
1238 891 810 295 1101 1061 1144 649 167 450 1203 294 459 563 108 1191 863 3 762 411 882 705 1043 661 798 872 155
155.0207
74.64710000000001

134 477 532 798 799 891 926 1033 1060 1300 1385
312 1123 167 1167 5 93 1455 625 1007 1484 661
90.958
48.332

78 302 374 381 449 577 742 799 868 911 1175 1373 1399
1398 436 167 108 101 950 879 651 616 1007 956 986 5
92.4019
49.6741

82 116 233 299 324 606 679 851 946 966 974 1081 1113 1308
1333 409 1028 810 1355 740 1090 267 1078 221 91 853 1313 1351
103.071
51.0328

33 62 246 379 386 528 575 682 699 708 857 1060 1100 1128 1135 1300 1302 1324
1120 108 891 921 1068 278 794 1061 1317 625 1182 1248 1253 732 1455 97 735 1230
116.6097
58.5447

264 332 359 620 730 781 861 1009 1083 1232 1243
397 1467 1209 1354 1028 1300 448 835 341 683 563
84.5228
43.1723

48 138 149 254 393 431 454 497 526 562 608 699 708 853 1027 1033 1071 1317 1331 1489
294 363 108 952 1146 411 219 985 1068 1484 841 795 606 623 538 1336 7 94 864 1456
114.3437
52.0196

27 30 87 195 234 244 252 273 299 304 346 355 368 404 445 458 588 653 670 705 733 906 986 1005 1043 1113 1120 1128 1133 1186 1188 1290 1306 1324 1356
603 1028 85 1203 1123 294 1165 1428 466 1146 36 317 211 678 566 872 1314 1246 888 780 838 80 172 751 56 533 541 776 527 91 1278 1274 149 1265 732
198.0159
99.2251

266 340 455 585 617 670 770 829 910 1047 1113 1115 1329
1480 704 224 93 508 1107 101 979 531 359 1102 211 1151
106.6799
59.4878

462 543 682 803 898 977 989 1021 1056 1080 1082 1278 1480
1238 327 921 891 812 455 33 316 909 40 873 466 1098
81.8127
40.9606

57 145 191 246 436 458 475 525 832 973 1022 1038 1278 1381 1399 1460
570 780 1063 859 267 1291 1169 624 1124 880 986 33 909 172 741 1402
101.7952
48.4978

230 268 472 546 578 592 608 839 966 975 1005 1157 1218 1223 1258 1317 1342 1366 1379 1420 1455
409 667 1358 508 909 570 1387 1201 606 921 1131 267 1310 1078 558 94 1220 1291 248 1256 572
142.19650000000001
74.5769

182 188 228 322 374 471 626 701 797 974 1078 1200 1258 1331 1407
878 1373 966 1416 1085 946 879 3 1269 683 317 1455 1428 629 32
105.9995
60.7386

72 125 355 425 447 520 552 585 649 852 898 1136 1261 1293 1330 1332 1347 1404 1431 1458 1477
824 762 1 979 1194 1106 1379 725 872 1297 666 734 1083 650 328 102 965 731 661 1314 703
118.0912
61.1738

63 91 102 381 396 655 759 770 1045 1050 1143 1189 1190 1244 1291 1310 1361
1106 966 1258 1003 1168 305 1288 1441 541 1348 17 811 529 1075 740 374 1027
89.6528
45.7005

0 46 82 91 185 244 269 393 397 404 410 479 637 757 794 799 878 903 935 947 1082 1097 1100 1268 1292 1308 1311 1326 1347 1351 1360 1395 1414
780 1003 466 1203 845 623 810 829 1197 745 1336 221 527 22 981 495 17 1061 1278 904 120 1189 751 1467 771 180 929 1007 1494 1332 953 167 945
183.6166
90.8503

170 195 212 216 386 446 709 714 746 836 1076 1115 1121 1338 1382
1470 211 930 1102 543 1106 69 1071 1180 97 748 761 1484 743 1055
94.608
51.491

22 69 177 300 324 452 474 522 629 781 850 967 1095 1115 1117 1151 1229 1257 1379 1458
891 780 1110 667 762 1358 397 1061 1480 211 508 1102 78 1314 999 1413 43 869 1006 198
135.9879
68.688

93 117 139 577 590 628 711 786 818 914 941 1060 1131
633 1433 294 1428 278 740 625 450 834 900 712 1390 701
95.71209999999999
48.4704

170 273 328 332 438 445 474 504 597 749 918 923 972 1012 1107 1118 1122 1124 1293 1351 1433 1438 1483
589 945 294 176 1165 930 1234 1420 979 1083 80 1456 91 1417 885 1044 1461 243 1032 933 341 630 765
147.1261
76.9576

136 289 305 318 516 585 790 845 855 1021 1229 1233
891 486 397 224 771 270 176 1079 1061 1254 610 101
97.1673
53.9116

36 80 254 318 420 549 726 756 790 1045 1133 1395 1412 1444
198 1403 411 1254 734 180 77 863 1203 117 58 466 1172 1486
95.9692
51.6038

105 238 244 377 396 472 478 603 643 730 786 960 1096 1104 1138 1199 1281 1302 1327 1379 1487
1238 294 1203 1358 1101 224 798 966 781 8 999 1253 1317 978 353 289 863 800 872 140 579
130.378
60.916399999999996

