0 1479 5 10 0.11625765872681547
1479 235 2 6 0.33244746889815924
1479 361 1 1 0.3953456370391004
1479 1558 4 4 0.20577604460487672
1479 1691 6 9 0.21640146479378372
1 1528 6 9 0.14588402363936162
1528 1106 7 8 0.3115678707687883
1528 1346 6 7 0.1929675511919719
1528 1514 7 8 0.25911257204922333
1528 1617 6 2 0.3048322315306137
2 32 2 3 0.2271445549652213
2 840 7 5 0.06894260358882423
32 976 8 8 0.16537633393529302
840 346 1 6 0.1401546074489859
840 949 1 1 0.32760795938374127
840 1226 9 9 0.10722458907673706
840 1479 5 1 0.03878329412942988
840 1583 7 1 0.31450208605511615
3 126 5 6 0.025003369463484554
3 388 8 4 0.1255431370944097
126 766 5 1 0.06477153659952384
126 1719 3 3 0.16735836290366385
388 425 3 2 0.361165546923909
388 1240 7 5 0.18660004665544633
5 1562 9 4 0.38245242128674817
5 1632 3 1 0.10851226355603281
1562 290 7 9 0.33204925664729024
1562 319 7 3 0.342595345102081
1562 849 3 7 0.180455719853493
1562 869 6 4 0.3671741471165069
1562 932 4 9 0.2788421200217611
1562 1121 7 9 0.23490573633553521
1562 1610 2 10 0.07050656310397205
1562 1613 7 6 0.19775438100897919
1632 245 10 10 0.12910332328552948
1632 1238 5 1 0.03822582589115331
1632 1263 4 9 0.2833296503284041
6 721 3 3 0.1676020421171423
721 1573 4 2 0.004165995880936524
7 896 6 3 0.10122082290995701
7 1704 2 5 0.05716626417049564
896 307 1 5 0.3642774521935853
1704 26 5 9 0.11631562322752281
1704 32 2 10 0.13163327282427997
1704 95 9 1 0.25326431945388356
1704 102 1 3 0.11941553782883943
1704 217 6 9 0.15729962930841968
1704 231 10 5 0.17792191749804329
1704 253 1 7 0.14337595217443103
1704 365 1 10 0.07786535570347275
1704 749 10 10 0.24237376034312863
1704 820 7 4 0.12987775731025913
1704 1354 2 7 0.06595414972187119
1704 1385 6 10 0.23776916013955673
1704 1568 10 3 0.2106638725687984
1704 1711 1 7 0.18266611741537375
8 1660 7 7 0.0034679802356986644
1660 58 8 7 0.15468174420090064
1660 759 5 2 0.3700605721275264
1660 1025 8 4 0.26362391436681665
1660 1258 1 10 0.20874212013606358
1660 1344 3 5 0.09706685852522125
1660 1744 8 6 0.25793045164574646
9 1585 10 6 0.2421649907964448
1585 25 8 4 0.29965796213122076
1585 560 10 7 0.1793203515215411
1585 1006 3 10 0.06494164838168817
1585 1097 10 10 0.3579156698474948
1585 1141 4 2 0.2541681077661489
1585 1344 3 1 0.3608102202454443
1585 1385 10 2 0.19858480711108864
1585 1734 10 5 0.12246114877223162
10 312 10 5 0.08451361727327364
10 1087 8 3 0.10186513684601854
312 227 3 6 0.0066057541082238935
312 1495 2 7 0.3454351775569142
1087 1177 5 3 0.1785258390611078
1087 1485 10 6 0.272834007384611
1087 1675 1 4 0.016726964258168636
11 315 4 1 0.13462371124084946
11 357 10 7 0.24245846557921524
11 745 5 8 0.3995220094166777
315 110 1 3 0.19652347065192796
315 335 8 3 0.09676232421510296
315 346 1 2 0.3843924695023606
315 596 7 2 0.334084547576867
357 1232 2 10 0.30706065644294245
745 334 1 5 0.2993566017138658
745 885 9 10 0.05929860598322778
12 67 9 2 0.37987319442179623
12 136 2 2 0.15568062076054595
12 1261 10 7 0.03755619567405086
12 1595 10 5 0.382609063862542
67 1528 5 5 0.03818945666258908
67 1627 3 6 0.3320798232096325
136 1018 7 10 0.2867932043001887
136 1149 2 8 0.1908569303297741
1261 133 5 9 0.2381161692630809
1261 175 5 2 0.12333997820061635
1261 1090 2 8 0.38275547727492354
1261 1305 1 10 0.35666695278232174
1595 582 4 3 0.21471202886607355
1595 617 7 7 0.1999552468833412
1595 692 5 8 0.3410951873090944
1595 714 2 1 0.3686887089598645
1595 829 7 10 0.09454842722712815
1595 832 3 3 0.2921744274670874
1595 868 3 5 0.21949180531370802
1595 923 2 7 0.3185884470767638
1595 1554 8 5 0.2810121273825913
1595 1737 7 5 0.27960093024645444
13 180 2 6 0.0021814600939764894
13 496 3 4 0.11984713072005804
13 1068 6 4 0.2792679907584065
13 1562 9 2 0.36174383705388924
496 793 1 9 0.1809901535660573
1068 26 3 6 0.21822721546788196
1068 1726 1 8 0.2006784867918711
16 484 7 8 0.35376902288266643
484 1306 10 9 0.06353450474799821
17 633 4 6 0.37456072863354584
17 984 8 3 0.20433522877692498
633 623 10 2 0.23093552313281618
633 1717 5 7 0.3195820155612754
984 627 6 5 0.34473536727876675
984 749 4 9 0.24151150239591704
984 1423 10 8 0.0008411111362768842
19 586 2 10 0.11835752602093756
586 1324 4 7 0.22811500015355207
20 277 6 4 0.027350875890436083
20 1528 7 4 0.1274592196475657
277 686 4 5 0.14731294446417775
24 1000 3 9 0.2893430383683813
24 1537 9 4 0.27692316874709094
1000 1617 7 2 0.27085639134648193
1537 38 6 7 0.07873256827095786
1537 382 7 2 0.3924479273211987
1537 797 4 10 0.28774394168311723
1537 1171 6 8 0.1995328032435615
1537 1243 1 10 0.3534247235749812
25 1322 7 5 0.2995957494056881
25 1571 10 8 0.2547707712605994
25 1617 8 10 0.08777358327650603
1322 5 4 1 0.20120009052902016
1322 430 8 7 0.3073005995904967
1322 1044 3 5 0.11410277009167939
1322 1521 6 5 0.32750413287056473
1322 1544 6 7 0.1199540710912007
1571 357 3 2 0.2108062842494058
1571 890 8 10 0.09553390643447376
1571 903 4 10 0.07222953678102548
1571 1016 2 8 0.031753298481264014
1571 1067 4 7 0.18364923986182288
1571 1173 7 3 0.057264036519552364
1571 1322 6 3 0.2864440252420246
1571 1382 9 9 0.23349309347149666
1571 1536 6 6 0.3474873709517122
1571 1698 3 3 0.1505329183624535
1617 112 5 7 0.18321467349526338
1617 560 3 3 0.32610760197185207
1617 849 7 4 0.10723849587255395
1617 884 10 10 0.14976787311259993
1617 1031 3 3 0.050702990876791865
1617 1121 10 1 0.2184497822340337
1617 1208 2 3 0.22302540920027444
1617 1352 6 4 0.17899597099426687
1617 1618 6 9 0.08094384840839876
1617 1664 4 7 0.10919150673648705
26 1437 3 5 0.13547844544178678
1437 1271 7 3 0.21324660319259547
1437 1306 2 5 0.15146220912178351
27 180 3 8 0.23740383072910642
28 589 1 5 0.15813574347256681
589 157 10 8 0.07390903762032797
589 1107 1 10 0.12120324475107387
31 266 10 2 0.1411475658289459
31 739 8 5 0.32526577785306676
739 1134 9 9 0.06683097605710617
739 1229 5 3 0.34098247520275843
976 1025 9 1 0.07726938967903062
976 1706 1 5 0.30478519682201316
33 443 10 5 0.14738390123168948
33 610 4 3 0.20454059693858095
443 1468 8 10 0.07158555950193046
443 1512 1 5 0.2574947696103274
34 506 3 2 0.15787277011777973
34 802 7 8 0.13469759647574248
506 689 5 4 0.25084649112187096
506 1373 3 2 0.20267275454868525
506 1705 4 5 0.09521926402838796
802 564 2 2 0.16933896566879542
802 1649 8 8 0.06888524161394871
35 818 4 2 0.3025298932242053
35 1381 8 2 0.11280247381759137
818 92 1 4 0.1274122135310008
818 1618 1 2 0.16995930835121728
1381 95 7 6 0.29120919862416544
1381 790 6 9 0.07458715105740749
1381 1291 2 10 0.11265827501639172
1381 1596 1 1 0.060865061348570115
1381 1691 9 2 0.05526790483134064
36 508 7 2 0.14553717543336456
36 717 9 5 0.10701818122639925
36 1402 8 8 0.16946415020558023
508 682 7 9 0.23435932415746152
508 769 4 8 0.17833491330236814
508 1018 7 5 0.30860062028914886
717 1608 4 1 0.0820405381637905
1402 38 7 6 0.3766931663483403
1402 746 4 1 0.03097878043267921
1402 1026 5 8 0.17456641580788695
1402 1150 3 10 0.37345998798293795
37 1385 1 1 0.14759855569426228
1385 622 7 6 0.09082030292972092
1385 847 4 10 0.2558160125753398
1385 1649 3 8 0.025322572775442698
1385 1727 2 3 0.18191500898273458
38 175 8 2 0.3012490168780342
38 607 2 3 0.06959847389664245
38 1602 4 10 0.33743387527201874
175 1184 9 6 0.35345751561712413
607 1242 4 1 0.1766632555373308
607 1379 2 3 0.22658487717061063
607 1402 7 9 0.2770551848505004
1602 153 6 7 0.21371808814996432
1602 363 4 2 0.2077239057566559
1602 721 6 2 0.038266936480494035
1602 841 7 3 0.23449303327892854
1602 1094 3 5 0.0836314284959885
1602 1140 2 2 0.2867761721361689
1602 1374 1 6 0.263214444440912
1602 1399 9 2 0.07235020492313549
1602 1458 10 6 0.2908882271470217
39 808 8 4 0.3399179824696243
39 1021 2 9 0.3485521903328035
808 373 5 9 0.18109606253173757
808 543 8 4 0.2182260449459854
808 1131 5 10 0.1176636989635296
808 1167 9 5 0.172500365058616
808 1314 10 10 0.04077366184360748
1021 511 8 4 0.1749231332264372
1021 989 10 1 0.142433611765584
41 870 10 2 0.15525114210379778
870 606 8 5 0.1932496027710665
42 653 5 9 0.05450547132027253
42 1319 1 10 0.12193346692035417
653 259 3 1 0.15789908745982667
653 263 1 4 0.1712132466275182
653 480 3 1 0.38739324299577116
1319 258 7 9 0.05974405920541773
1319 370 4 4 0.3988183941233022
1319 449 8 6 0.13525618832517616
1319 649 2 10 0.17445976975262145
1319 908 6 8 0.07511676720399642
1319 1648 10 7 0.19203120991404599
43 1225 1 3 0.11935332342029653
1225 403 3 8 0.17784718825580387
1225 997 9 3 0.015764078658799113
44 277 1 10 0.27302416506823496
44 1467 3 7 0.2096748630108394
45 953 6 4 0.21501773547970515
953 1035 3 8 0.19758470579784204
953 1544 2 4 0.15090123934345986
46 1135 6 2 0.300126073068119
1135 306 1 1 0.2519833208518662
1135 343 8 3 0.20668443726447114
1135 778 4 5 0.047978654011490623
1135 1663 4 8 0.29084275811348137
47 527 7 6 0.23676115719623247
47 902 5 8 0.23007832699881303
47 1190 2 9 0.01534486253363207
527 904 10 2 0.12439637692877668
527 1218 3 8 0.3560848232035265
902 254 1 10 0.14818369075230065
902 443 10 6 0.16724968437084115
902 747 6 1 0.2742190594896936
1190 176 9 1 0.055186449769532464
1190 300 3 1 0.2414385777145707
1190 1236 3 8 0.1251318325069551
48 671 2 4 0.20447737277055958
671 410 9 10 0.15446774844045277
671 1174 8 10 0.29524521159772943
671 1360 10 8 0.1998807627990759
671 1677 10 5 0.2990657786122612
49 445 6 4 0.1784805311210229
50 974 6 5 0.35153826556862344
974 429 2 5 0.08965357522605176
974 1127 7 4 0.21448500706394666
974 1266 5 7 0.2886077026028425
974 1352 10 9 0.2813029283120361
974 1618 7 6 0.3087306321742085
51 215 4 10 0.07385424354094575
51 708 9 1 0.11553151724857687
51 1237 5 3 0.3222941807462298
51 1341 2 10 0.2504101735014588
215 308 1 5 0.00027795032574223777
215 853 6 2 0.3305994712539138
215 1517 9 7 0.15771983486743474
215 1666 5 1 0.17157502671326388
708 596 10 5 0.08272020278471318
708 1535 3 7 0.12175721883933142
1237 10 8 3 0.30126682581104364
1237 215 3 3 0.17656619923410982
1237 448 9 8 0.21687471209698833
1341 872 4 3 0.1730027608395709
1341 1019 6 5 0.2660679656864176
1341 1094 9 4 0.28269009000551937
1341 1138 1 3 0.23585140912425911
1341 1744 6 8 0.29217571025714656
52 59 2 10 0.2395824096241868
59 774 7 6 0.25108418204554456
59 793 4 4 0.2624398186226112
59 1574 8 9 0.0397112867806447
53 440 4 8 0.2048203226441263
53 854 2 2 0.11070833413637492
53 1247 7 9 0.20234451514550958
440 692 2 8 0.32547847343085645
440 1293 1 5 0.054022154995890886
854 243 4 4 0.2741049766177197
854 998 8 9 0.1138727420423095
854 1308 7 7 0.3045720778565974
1247 974 8 7 0.10104547775688624
1247 1059 10 9 0.30071501042048093
1247 1299 1 2 0.16333332545550583
54 1030 3 1 0.29306189083295153
1030 535 10 5 0.25556428934575126
55 626 3 2 0.0369217733260819
55 641 7 2 0.24886788771864937
55 1422 7 5 0.11528773015586986
626 1556 6 9 0.274166649642293
641 315 2 3 0.34927338175660966
641 1461 2 10 0.18864432748188603
1422 35 10 7 0.2382318742502191
1422 320 5 1 0.2600075763901441
1422 377 3 6 0.345474357344685
1422 1675 4 7 0.24287259653735707
1422 1693 2 5 0.16623203761734218
56 831 2 3 0.3546957373768031
56 1737 2 10 0.09515723768679661
1737 232 8 6 0.38185544204118765
1737 314 4 1 0.24730458144135722
1737 377 6 3 0.22376642020124343
1737 389 10 8 0.09644820338467414
1737 421 9 10 0.22492909812877598
1737 514 2 10 0.1740748935807174
1737 770 4 1 0.03988274874102535
1737 1087 3 4 0.38777865097694575
1737 1148 9 8 0.02146275267659345
1737 1212 1 5 0.10953345356112261
1737 1436 1 8 0.3227102812072988
1737 1459 5 7 0.3247425217344563
1737 1642 2 8 0.2702225244487264
1737 1692 5 2 0.01032311716057882
58 463 1 4 0.18905043873345986
58 1276 5 9 0.17939657429037115
463 115 6 7 0.22341425633541664
463 1293 6 5 0.08400583532375752
1276 30 1 8 0.08080412587381994
1276 407 6 1 0.1520625929111652
1276 1247 4 7 0.19098302248570487
1276 1250 5 9 0.29753705786773416
1276 1275 6 9 0.320036126117784
1276 1289 2 1 0.03277144609297136
774 764 3 10 0.062266408293867426
793 202 7 6 0.22852588197771412
793 1030 9 4 0.19003345800703367
793 1346 1 4 0.1101245895940273
793 1379 3 6 0.15847800824927355
1574 397 9 5 0.19494530631264392
1574 801 2 5 0.13296735767445395
1574 953 4 3 0.3208982788299525
1574 1530 5 2 0.18124074260144427
60 108 6 3 0.20974489694116813
60 376 2 5 0.16149276074337002
60 1133 5 5 0.224914645361069
60 1467 5 2 0.35741818188691976
60 1593 5 7 0.06953256279050285
108 1127 7 8 0.05830106286718059
1133 433 10 2 0.34093038643338636
1133 830 9 10 0.3286584516533643
1133 1256 1 2 0.27108281020891145
1133 1732 6 6 0.14709042615682022
1593 237 7 4 0.2683487022434824
1593 347 7 2 0.27407513589547383
1593 845 10 10 0.1503214582589919
1593 1032 5 6 0.24402677980759782
1593 1069 3 10 0.3039819873567848
1593 1122 7 7 0.3630433204207183
62 1353 10 2 0.12347638116670359
62 1601 5 8 0.11598221879130573
62 1618 2 4 0.2398817572858902
1353 427 8 1 0.14289111933031676
1353 1048 9 9 0.18955650692614642
1353 1267 8 8 0.05160332025868808
1353 1610 7 2 0.13498718680486102
1601 33 9 3 0.12161183746443578
1601 210 2 6 0.37276070343637246
1601 984 2 9 0.23050286094809808
1601 1325 4 4 0.10969786828462903
1618 74 5 9 0.17698389533004938
1618 526 9 6 0.252954507432264
1618 806 4 9 0.15590655723234692
1618 1089 8 8 0.19106203666705704
1618 1234 3 8 0.05861918320123091
1618 1256 5 8 0.11795785206514063
1618 1496 10 8 0.3357458919898713
1618 1574 4 4 0.08828411489298106
1618 1587 8 8 0.059790883645534615
63 1503 7 7 0.16001924935116757
1503 272 4 4 0.2432984610190424
1503 479 3 5 0.07521230525353173
1503 1330 6 7 0.1913036433651137
1503 1618 6 4 0.23844139090258182
64 808 9 8 0.18925425230868184
64 1115 8 3 0.1587544254857969
66 436 6 10 0.34157945434824755
436 421 9 10 0.22563223200619015
436 697 6 4 0.27301654723711655
1627 294 4 10 0.20480979751391892
1627 594 9 7 0.23450084141766975
1627 1135 4 6 0.20376362905323703
1627 1150 7 4 0.2186039237146692
1627 1267 7 2 0.16813550485989653
68 454 6 7 0.17822806963394702
68 597 2 10 0.11837307653180544
454 300 10 5 0.1238635191360313
69 844 2 4 0.05304004334809814
69 1030 7 2 0.304536670422266
69 1098 10 4 0.28576709277999407
844 291 9 8 0.3242575863853889
844 820 5 1 0.21576129054847928
844 1036 7 6 0.29260568548576
1098 686 3 5 0.05456558245609508
70 45 1 5 0.2515212019333152
70 246 2 1 0.07630989409582774
70 442 10 8 0.1695501076782036
71 989 1 4 0.1335131417931766
71 1662 7 3 0.1766600072877086
989 71 10 2 0.2778222560623137
989 915 10 10 0.36870059827611873
1662 32 9 3 0.3242382133663497
1662 190 1 1 0.3382460935604603
1662 543 3 6 0.3418392440179555
72 232 5 9 0.18691180212817313
72 238 7 10 0.35194252333404297
72 1221 4 9 0.2437529080393429
232 220 2 1 0.2667825401965004
232 1433 8 8 0.03668346295343003
238 662 1 6 0.14503529554248132
238 1176 3 10 0.1729260832134648
238 1520 2 4 0.24186028017879005
238 1737 5 10 0.17297688407866774
1221 404 3 8 0.242145784045223
1221 465 9 9 0.15135042284289763
1221 596 9 6 0.03644602289732865
1221 1255 5 5 0.08120404642099299
1221 1609 3 4 0.3009673335369217
73 240 2 9 0.06071413511161225
73 671 4 10 0.13543615543547272
73 1277 6 5 0.029750636812228587
73 1333 2 5 0.30408650030036155
73 1392 4 3 0.09123932304017555
240 154 3 1 0.07847565760803016
240 824 7 2 0.0034319402462873183
1277 721 2 7 0.20860733503829354
1277 926 8 6 0.3239032524508032
1277 1676 1 9 0.0008344926336461
1333 1748 6 9 0.3934144318589612
1392 314 6 2 0.03997020903960241
1392 910 7 6 0.23646848851630176
1392 1109 8 4 0.2633864116850514
1392 1260 1 10 0.2983508015802173
1392 1330 1 4 0.1541450546838244
1392 1715 3 2 0.07781573151111326
74 385 3 2 0.26350200280139885
74 646 7 7 0.04312016344433936
74 743 6 3 0.24250841266357054
74 1543 5 10 0.027607701711886867
385 20 2 1 0.1970836977118902
385 68 7 10 0.004184309894927324
646 940 4 4 0.1637340621952914
646 951 2 3 0.38372327342876655
743 597 3 3 0.3357268145533598
1543 23 1 4 0.07206863980557351
1543 40 10 5 0.19398576803669632
1543 478 5 5 0.2496978479785229
1543 479 4 8 0.23986276804631956
1543 541 4 7 0.30607725427661764
1543 832 3 5 0.09128594818121381
1543 884 6 8 0.04137378027106878
1543 1082 9 3 0.3149266875903244
76 756 2 8 0.14731974875256393
76 1594 2 4 0.22248274534957455
756 374 7 9 0.12864298557285955
1594 831 3 10 0.19548596158388232
1594 1172 10 5 0.3242191637805103
1594 1173 8 2 0.19104292547277835
77 1340 8 4 0.08486615693994339
77 1463 4 3 0.03518470562256523
1340 727 9 2 0.2629484192846793
1340 805 6 8 0.05821884483262105
1340 1142 5 1 0.031715274117870174
1340 1180 5 5 0.16270051642303188
1340 1224 2 9 0.3405858312053984
1340 1373 4 8 0.3806715804494868
1340 1592 8 2 0.09535693496752083
1463 239 10 1 0.20889838009893488
1463 905 8 3 0.3900074653278136
1463 1473 3 2 0.27113184414589153
1463 1530 4 7 0.2924855458690092
1463 1602 6 8 0.18922271842157742
78 227 5 6 0.05436389226199145
78 1226 8 2 0.36781449756197726
227 1649 9 6 0.22686226219257472
1226 973 9 9 0.313735499264597
1226 1172 1 10 0.22423432694989295
1226 1538 1 8 0.11667072253169752
1226 1627 2 1 0.23265369633540844
79 346 5 6 0.2431126045975155
79 508 3 7 0.2204389204004232
79 1038 4 5 0.11507797337938482
346 1497 7 7 0.29997359026194576
1038 411 7 9 0.3387343508051248
1038 932 5 10 0.36366423902936046
1038 1025 10 2 0.03977226052105756
80 764 3 6 0.39952162511009315
80 971 3 8 0.3912184729487421
80 1273 3 9 0.16853284909885174
764 754 3 6 0.18979067370781952
764 1258 4 6 0.05252390953168046
971 156 9 7 0.3593256628225202
1273 385 4 6 0.09375240515290147
1273 433 2 3 0.009529564197596568
1273 1465 2 3 0.18421870265242074
81 560 4 3 0.3381910984916542
81 1236 4 3 0.28892015028205764
81 1606 10 1 0.016707337511327025
560 1434 1 9 0.04349545430401483
1236 72 10 2 0.19995614495135536
1236 1421 7 6 0.3849838719660238
1606 23 3 10 0.3125002474427337
1606 51 2 5 0.1975703860605702
1606 92 10 5 0.17845957813399643
1606 1321 8 2 0.23422495908553095
83 25 2 9 0.31993189107328524
84 296 6 4 0.23322129587553891
84 958 10 2 0.3247503596171607
84 1341 6 5 0.21219241363427044
296 345 5 4 0.29473932828460125
296 834 10 3 0.018826998694740332
958 869 2 6 0.02785452230995636
958 1105 3 2 0.07772881882122307
85 688 4 10 0.21769766800855828
688 572 7 4 0.20217549560854883
688 909 2 3 0.26648591401945676
688 1257 10 3 0.2202521882944439
688 1637 6 5 0.3196429569317632
86 239 4 2 0.009115736715927608
86 317 9 4 0.15674853696724567
86 1278 4 3 0.24014045524453073
317 790 6 6 0.20625904092410052
317 874 9 8 0.19042649157099573
317 1438 6 9 0.18648656868900548
1278 499 1 8 0.3553222898805374
1278 1020 10 9 0.10529997167023832
87 95 3 3 0.36606206046299206
87 248 1 6 0.36449880663758455
87 582 8 4 0.07000563956517755
95 208 6 3 0.19322201976557482
95 314 4 1 0.2852543256185372
95 912 1 3 0.208049237879689
248 22 6 9 0.11834441931533035
248 423 7 9 0.10394196709056232
248 1242 3 6 0.19475791470132955
582 1074 1 5 0.2651896052547252
582 1696 10 4 0.07671122675362971
582 1740 2 6 0.29203755913602375
88 902 10 1 0.009549147034373678
89 23 6 2 0.3448600808657876
89 586 4 8 0.2412893544980662
90 1175 5 9 0.12980735964048767
1175 76 9 8 0.20888346514168976
1175 189 3 3 0.2877076773605042
1175 431 4 9 0.21674515996382845
1175 594 5 7 0.2221118143839295
1175 623 5 4 0.3303209498159343
1175 1169 9 7 0.12798322248729044
1175 1373 8 8 0.3230794713608901
1175 1646 2 1 0.35378337580547214
1175 1658 1 3 0.31997929236235584
91 662 2 6 0.3639101818482873
91 743 8 8 0.07954035141390589
91 749 10 1 0.030798549459167074
91 776 10 3 0.34883675965123695
91 1373 6 4 0.38577105946454093
91 1451 3 5 0.31899323822450054
749 130 5 1 0.34471779279718456
749 166 2 4 0.17815384992327854
749 1308 2 1 0.1596513846433299
776 119 5 1 0.32454760879678063
776 1448 3 7 0.39326306050836335
1373 492 1 10 0.27214189674780714
1373 627 9 1 0.2303441217667447
1373 668 4 10 0.11247658629948358
1373 1053 7 10 0.2817083776001339
1373 1224 4 4 0.16314359637648168
1373 1691 7 5 0.22106894142842734
1451 134 8 2 0.12448848515617815
1451 427 6 4 0.1317487064014288
1451 1256 3 5 0.2859492700741205
1451 1646 1 2 0.17945455782640135
1451 1727 2 3 0.3043733301269869
93 538 3 2 0.37080545484760463
93 864 6 10 0.028168241226928764
93 1663 6 7 0.1595548276218213
538 938 2 10 0.15025710919306995
538 1141 5 2 0.18053833812000536
864 372 4 9 0.271307057521776
864 456 6 4 0.05218155543097622
864 955 9 1 0.2223151919440779
864 1561 2 2 0.1442910978219556
1663 32 3 1 0.05379355802609739
1663 298 8 6 0.18390331060928175
1663 320 5 3 0.2722056299693848
1663 321 4 1 0.2877604542166392
1663 355 10 1 0.24286457190963537
1663 386 4 9 0.2520712779383488
1663 456 2 1 0.0766243858006821
1663 623 10 5 0.06420452128373158
1663 1011 6 1 0.3023540135979168
1663 1148 2 7 0.10850972222057201
1663 1312 5 8 0.012174605226073859
1663 1399 10 3 0.30603274655192797
94 750 4 5 0.2936038180898685
94 1147 7 3 0.11625093913892746
750 1305 8 4 0.1267860820284813
1147 185 4 6 0.1776072619842209
1147 219 4 10 0.26705799308433364
1147 569 9 9 0.28944738939553827
1147 1261 1 9 0.13484468529523622
208 595 6 5 0.17615806579675736
208 845 6 2 0.3559381481579831
208 1618 1 3 0.040130364803738966
314 1227 5 5 0.24727286691960676
314 1322 6 10 0.15402154202527019
314 1325 2 2 0.1684818621184057
96 1045 2 5 0.18601270571883813
96 1127 9 5 0.13166840259457313
1045 45 6 9 0.3950609284178547
1045 421 6 2 0.2277392426416453
1045 694 9 2 0.1925777932854632
1045 1077 9 10 0.24097030380810594
1127 370 6 4 0.2894103464327997
1127 434 8 10 0.38666500739046294
1127 824 9 7 0.18915283755743714
1127 1428 8 6 0.1449487291547793
98 57 2 3 0.08705558663503452
98 109 9 3 0.38451440662782954
98 476 7 9 0.20530826063064248
98 610 1 8 0.3326161844860932
109 1309 2 5 0.3300253908342506
109 1617 10 10 0.2865195299927407
476 1204 3 9 0.28284078018726655
99 289 10 1 0.22423454089178568
99 529 1 5 0.117827152611712
99 769 3 9 0.22281901116341285
769 209 2 5 0.1734584343618084
769 1232 6 10 0.2112455187290691
769 1315 7 4 0.39019836732553104
100 1016 8 3 0.11163040129550385
1016 317 7 4 0.24655255597326606
1016 846 2 7 0.16107777007166005
1016 1138 1 3 0.09471937906710272
102 545 6 10 0.08861104141166508
102 1502 3 3 0.2835811786697777
545 244 8 1 0.18927574878068495
545 434 1 7 0.27177719770521297
545 789 8 2 0.2174491623109574
1502 23 6 2 0.13318679602138533
1502 265 1 4 0.0654946013246244
1502 296 4 2 0.3658939252639005
1502 740 6 10 0.3642386557802221
1502 798 8 10 0.08191376301091986
1502 843 6 8 0.39236702197753326
1502 1127 3 9 0.21039726180694032
1502 1224 2 5 0.30326502178621606
1502 1497 10 2 0.2640195611361601
1502 1498 7 1 0.03464110472827864
1502 1618 2 10 0.3784512577328283
1502 1736 10 9 0.27702771785077096
103 286 10 9 0.23981261489987576
103 561 7 8 0.2790455222943984
103 1029 3 7 0.3303541028965836
286 113 9 7 0.39171156300491333
286 581 10 3 0.17360039062103283
286 802 9 7 0.01352410742359661
561 1108 6 2 0.2644629892188397
561 1198 5 8 0.23420787964132742
561 1267 8 1 0.11985355498780445
561 1550 6 3 0.2457967371780473
1029 48 10 7 0.3029453308083754
1029 79 10 2 0.3056568763749082
1029 449 5 9 0.17095154755920652
105 339 9 3 0.3032361816393395
105 484 10 8 0.14958700132513145
339 886 10 5 0.24410363353269718
339 1716 8 6 0.32979691225549346
106 1188 6 1 0.030359242559106853
106 1340 10 4 0.19202334757052278
106 1734 6 10 0.18015982993737012
1188 305 7 2 0.30640062189485734
1188 1176 10 8 0.08702877547657156
1188 1267 8 10 0.09646272899901132
1188 1286 3 1 0.1392330006052735
1734 39 3 7 0.1762033817893916
1734 433 10 10 0.21544174110938127
1734 850 10 8 0.02984398355514631
1734 881 4 5 0.23936778613478482
1734 977 1 8 0.3472498815637886
1734 1053 5 9 0.27239147129743124
1734 1100 3 8 0.3501096852917436
1734 1145 5 1 0.13758889742647892
1734 1192 3 10 0.24112454691194743
1734 1740 8 3 0.10524397723159205
107 809 9 7 0.05412497386648657
107 1029 6 3 0.25910854920685555
107 1690 6 7 0.24851204268686927
809 668 7 10 0.2620870734545799
809 1132 6 4 0.013661203649835613
1690 171 6 9 0.2568008424775576
1690 194 7 2 0.1401271472751201
1690 299 1 6 0.18752384965061994
1690 753 7 10 0.2006953166972792
1690 876 4 8 0.2664557667281423
1309 1051 3 3 0.11620152510168154
1309 1483 9 6 0.3547494239414447
1309 1501 7 2 0.12293915985314953
111 698 2 6 0.18900187334326324
698 464 7 3 0.360392399973939
112 429 8 9 0.25510218734944806
429 588 5 7 0.29386453771990334
113 211 4 3 0.38713445673122204
113 1411 5 4 0.16710231580729074
113 1722 3 1 0.25426962261382746
211 115 1 4 0.2226463959402931
211 536 1 9 0.11143480765908237
211 765 7 2 0.18490795885832206
211 1583 6 10 0.007932410830294251
1411 366 4 1 0.03215638492312481
1411 433 7 8 0.09380261703333835
1411 1732 2 6 0.12906595836588486
1722 455 4 3 0.2830857008874148
1722 474 3 3 0.234000796749992
1722 529 6 10 0.04788210208749569
1722 591 6 1 0.052927843450788326
1722 673 10 8 0.180360158059033
1722 710 7 6 0.13119472227195994
1722 713 2 6 0.3996645326808006
1722 829 2 8 0.3546631992766519
1722 1216 4 3 0.21128256957955632
1722 1309 5 3 0.1680972436687604
1722 1318 4 4 0.3661818419979398
1722 1583 7 4 0.29797316132735835
1722 1686 10 8 0.10399088799983948
114 178 2 9 0.35742437538876337
114 727 9 6 0.24398569073771909
178 621 4 9 0.2710182977213961
178 1371 3 3 0.21970042615856145
727 264 7 9 0.18338537135321517
727 770 5 6 0.2355535696148193
115 1108 2 10 0.3639507708374242
1108 689 3 7 0.19435723534793906
1108 859 6 1 0.1227033920919054
1108 864 4 4 0.316756918054925
116 295 6 6 0.2312015869114657
117 1133 7 4 0.3641443457124611
117 1386 6 4 0.11685756927332501
1386 581 8 1 0.3163552372851211
1386 629 10 6 0.2614461997164553
1386 839 2 6 0.2790130297247011
1386 1198 9 1 0.12362302965174378
1386 1356 5 8 0.16768517274638955
1386 1399 5 10 0.050501819737131304
1386 1503 4 10 0.35272542296541587
1386 1672 9 9 0.22212339898721223
1386 1684 1 3 0.08228182432445584
118 1557 6 9 0.29161411688596584
118 1691 8 1 0.07762550688517374
1557 587 9 7 0.15706020533857895
1557 705 8 8 0.2544890766844498
1557 1274 2 10 0.26556708321711864
1557 1404 9 3 0.08888038972534419
1691 476 6 6 0.18542241123264788
1691 532 2 2 0.3470832776609679
1691 676 9 4 0.2416370444781834
1691 769 4 3 0.2056245716099304
1691 797 10 7 0.3360987150724606
1691 1095 10 2 0.3007681803508352
1691 1229 4 10 0.19909670138950278
1691 1351 1 7 0.20918022949610893
1691 1749 9 9 0.2513067483955444
119 264 3 8 0.3174542191899924
120 244 3 10 0.09847026748709085
120 246 2 7 0.12617048692790728
244 609 9 5 0.35067955289176334
121 1305 7 8 0.21471647026505378
121 1532 10 9 0.24636563613267146
1305 413 5 7 0.2703361989439438
1305 640 3 6 0.11942853407216357
1532 36 9 8 0.31008894060329506
1532 456 7 8 0.07579640244655989
1532 573 5 5 0.20443551866022847
1532 866 1 6 0.22454370762746792
1532 868 6 7 0.18147481940974067
1532 1375 5 9 0.03922816285794414
1532 1611 7 8 0.27020190734365823
1532 1647 9 7 0.1073151165982598
1532 1716 6 3 0.19581570322159064
1532 1733 7 1 0.2960971369659856
122 702 7 7 0.2247088897996532
702 737 2 4 0.2010983532851351
766 259 10 8 0.2535435741980473
766 671 3 9 0.2616095087362105
766 786 7 1 0.3085433380486575
766 1374 4 7 0.15609364354987573
1719 388 7 10 0.32864471506666526
1719 609 5 8 0.1663745101781179
1719 1132 4 4 0.016961310922054745
1719 1145 3 3 0.20978766756212558
1719 1296 4 9 0.05084159551642811
1719 1386 10 7 0.37598922190726636
1719 1418 2 9 0.10936689942359999
1719 1618 5 3 0.058494107244309784
127 1244 10 8 0.05539147826446178
1244 1080 7 5 0.06802140268492882
1244 1191 8 10 0.26586847900851046
1244 1499 5 8 0.23569210462977266
128 430 4 9 0.12146277860100577
430 1409 4 9 0.13126141788358928
129 1133 4 8 0.10606543599491126
130 357 5 1 0.2731034651402581
131 427 6 2 0.37634406523296093
427 2 9 8 0.24843854551318612
427 764 4 9 0.26304783082053984
132 67 3 1 0.3497603016212988
133 36 9 4 0.246774745706365
133 467 10 9 0.34390805437515964
133 822 6 5 0.06327370200824664
467 398 6 6 0.32464629108232324
822 381 9 1 0.18478334300701307
822 677 2 8 0.07735754321111189
822 1594 3 9 0.29363009488613906
1018 412 3 9 0.18283239570176513
1018 901 5 5 0.26443072907424503
1149 200 2 10 0.3143155536914751
1149 777 2 8 0.28333375972557595
1149 846 4 7 0.3067255476706186
1149 1031 7 9 0.270100823608733
137 1648 10 6 0.051429310430584824
1648 131 5 3 0.2036898385881201
1648 154 5 6 0.1436756815618796
1648 729 1 3 0.07969560589393722
1648 1302 5 5 0.12077296700497443
1648 1407 9 1 0.0519984280881107
1648 1609 3 10 0.31200631337129253
138 353 4 10 0.18955523062173568
138 488 5 2 0.1006234823828679
138 543 7 8 0.33389001551733627
138 1358 9 8 0.11691616141496784
488 362 10 8 0.20066820150634362
488 898 5 1 0.24529396339806273
1358 20 9 3 0.2122904734920027
1358 59 3 8 0.18238213246611804
1358 598 1 3 0.22960042918419304
1358 809 4 1 0.14133023786834686
1358 850 4 6 0.15547862870341483
1358 1093 1 8 0.12901632057201906
1358 1266 5 5 0.32073949740286567
1358 1614 2 4 0.18138190357347558
139 610 1 2 0.33127129115737297
140 154 3 2 0.1104675001192253
140 744 6 8 0.17568294823245034
154 791 2 1 0.39532703343907116
154 930 6 2 0.3714183230719571
744 289 3 6 0.03973607155593986
744 439 5 2 0.2818128782033939
744 976 7 7 0.22183983636705193
141 1650 7 2 0.2550330062951455
1650 46 1 5 0.2514792125846538
1650 270 3 7 0.24564319042220667
1650 363 1 5 0.14130733952918115
1650 781 10 9 0.18518555338979034
1650 812 7 2 0.2899880966656758
1650 865 7 8 0.26271927441040543
1650 961 10 10 0.24061636246446216
1650 1277 5 9 0.0002035160987476914
1650 1518 7 6 0.2984612359384433
1650 1701 9 4 0.1247123839696989
142 761 1 4 0.10352667591549602
143 23 2 3 0.15399774880994505
145 170 4 1 0.2477027731955632
145 1353 6 8 0.2697892963234191
145 1511 6 1 0.01808864082946915
145 1635 3 1 0.10913848312779952
170 225 9 3 0.3425081643811788
170 1325 4 10 0.33157177197032095
170 1386 8 7 0.12939416936796383
1511 132 2 1 0.20540804949557115
1511 329 10 3 0.36330730953940543
1511 583 6 2 0.10266592715842261
1511 851 1 3 0.1110618198909014
1511 1046 8 5 0.19055411651320125
1511 1122 7 2 0.0027878098637940385
1511 1198 2 10 0.19902049312480793
1511 1398 7 4 0.06798114389002965
1511 1583 10 10 0.2514608798500784
1635 174 3 2 0.15573436383480302
1635 357 2 10 0.37860827695347365
1635 656 7 5 0.2759803445199314
1635 764 9 8 0.119947813185006
1635 896 9 7 0.17928107746195684
1635 902 7 3 0.09910630185975307
1635 935 6 3 0.17695004017536664
1635 983 4 3 0.18752733193602994
1635 1029 3 6 0.2543965791435049
1635 1243 1 5 0.2171887940333911
1635 1595 8 5 0.09894774814433085
146 860 10 8 0.38306537542044283
860 1567 2 10 0.3277677925114087
147 1330 1 9 0.3350924823639847
1330 124 4 6 0.21238340438482517
1330 187 5 5 0.1158848623695309
1330 671 4 8 0.100463213210056
1330 1141 2 4 0.12830734378631514
1330 1152 9 1 0.26748495842861203
1330 1295 7 6 0.2693381599667418
148 1263 5 8 0.06450096772898917
1263 77 4 9 0.2777221071548309
1263 119 8 10 0.36250372452095025
1263 1352 10 10 0.11569062505545437
1263 1555 1 8 0.17906400482489818
149 1084 2 7 0.04481073145282349
1084 164 3 1 0.2727336244726785
150 1296 1 5 0.1550105351908429
1296 66 5 8 0.3915840031500586
1296 1182 3 9 0.31080662270944853
1296 1271 2 3 0.2726738209693874
151 1097 2 2 0.08390396075622668
1097 253 6 5 0.22905605326040251
1097 984 3 8 0.06260527512059855
1097 1658 5 8 0.13800367564722932
153 576 1 8 0.25424037310630687
153 859 1 6 0.15073011375842194
153 1267 9 4 0.02510054668555431
153 1425 2 10 0.2963060370350793
576 283 2 10 0.2272738893760316
576 387 7 7 0.3847970589415962
1267 764 6 1 0.38139053431058734
1267 1004 4 9 0.20545729557777692
1267 1273 3 3 0.17459442800988823
1267 1682 8 3 0.11115525084182022
1425 405 9 10 0.0783143133373056
1425 928 10 5 0.2761739550201239
1425 1734 4 8 0.3301828785738178
791 1194 2 5 0.171784593154179
791 1237 5 5 0.34196467941315417
791 1645 7 2 0.02258947711185738
930 40 6 2 0.1429282511014815
930 277 10 8 0.13873887640564936
930 897 10 8 0.25909611226947943
930 906 10 4 0.11040863103787026
155 1257 7 2 0.29632501995987576
1257 546 10 8 0.3807946061031864
1257 1078 8 4 0.16742722445310582
1257 1321 2 3 0.12159829086719774
156 261 4 3 0.0951544731699643
156 439 1 1 0.3381833610786563
261 1373 2 10 0.01725735122519792
261 1618 3 1 0.3659988358837801
158 1700 2 7 0.22589741518316508
1700 79 5 7 0.2783613462306365
1700 134 5 9 0.034439382298254634
1700 243 8 4 0.05731270670941391
1700 279 3 9 0.3000600370410849
1700 321 4 5 0.027389072666202913
1700 368 10 9 0.3241325219775544
1700 426 4 4 0.23164430671718045
1700 464 5 3 0.08516530235898757
1700 502 6 1 0.044492019244754516
1700 747 10 3 0.1587407631314624
1700 1185 9 2 0.14385265591620472
1700 1236 5 9 0.2534187625578389
1700 1267 4 10 0.3129017830594175
1700 1341 7 8 0.15540360158754923
1700 1703 5 5 0.06251266184781215
1700 1734 3 8 0.1964476098142773
161 191 7 3 0.04692803144609917
161 1588 10 7 0.030271857754868486
191 646 9 1 0.16094929075365752
191 1412 10 8 0.11213133724411614
1588 192 1 7 0.0769328477272357
1588 250 2 8 0.3557169367415246
1588 272 10 7 0.2648251984569121
1588 405 10 5 0.22476875141779223
1588 608 2 7 0.39239777598905823
1588 650 2 3 0.33264683586414884
1588 677 8 9 0.23587066939271567
1588 690 3 5 0.08484887356684216
1588 1609 1 4 0.03573654396098669
162 421 2 2 0.33330570632572254
162 1017 1 9 0.1811262071584547
162 1354 5 1 0.2115932404037576
162 1609 4 5 0.06541037778319755
1017 233 5 3 0.14935769149755765
1017 452 7 1 0.3334677252279794
1017 759 3 4 0.35457022302522356
1017 833 4 10 0.24647101966280227
1354 148 4 7 0.07601424287307895
1354 408 4 1 0.08033832266189046
1354 424 7 1 0.2496955134643015
1354 704 1 4 0.3767623641368897
1354 1212 5 3 0.1991873396104318
1354 1389 7 7 0.0899177753789238
1354 1699 5 2 0.2424036518823422
1609 307 10 4 0.20540274075575485
1609 433 8 8 0.3007750606159867
1609 833 7 4 0.02219447020412324
1609 1068 10 1 0.28375428246787654
1609 1271 2 3 0.3948586823966628
1609 1323 6 5 0.21290682398096414
1609 1709 10 4 0.18757420932852067
163 143 8 6 0.1890705919573145
164 1710 10 1 0.32850705870948227
1710 226 6 8 0.2394665574684617
1710 363 6 7 0.36557374243470175
1710 364 9 8 0.1395468848109681
1710 913 1 6 0.13902309206876062
1710 1086 7 10 0.044055371445393926
1710 1127 1 4 0.1706047253585955
1710 1167 7 1 0.3163930499476788
1710 1586 6 9 0.038163380175827766
165 726 7 5 0.2666902664302003
726 456 2 5 0.03363933018917334
726 488 7 7 0.19510759439522854
726 607 2 1 0.16929474882201445
726 916 1 8 0.13365996166733982
726 955 2 7 0.30883692347145253
726 1373 3 6 0.20448899986130115
726 1724 9 1 0.35767825772306666
166 1691 10 4 0.19516218755643625
167 614 3 7 0.08692789150575353
167 974 10 10 0.16692721601251853
167 1613 3 9 0.2782452087142498
1613 36 6 8 0.12455458070252809
1613 388 2 6 0.1662497978012721
1613 923 8 7 0.3846515288322748
1613 1325 5 7 0.38243762486763844
169 151 5 4 0.1461412690460078
169 1417 5 2 0.10345953579428832
1417 471 9 6 0.3961362239888111
1417 584 6 5 0.15418885832953882
1417 706 1 4 0.2467168371667804
1417 1032 4 1 0.36777593333868075
225 546 1 4 0.20496926441922111
225 750 6 10 0.0058571476171190295
225 1508 10 10 0.18630086328477988
225 1710 3 2 0.05134047533888375
1325 49 3 5 0.15767140075810954
1325 149 5 9 0.251176167753516
1325 325 7 9 0.09455207924655837
1325 687 2 5 0.0937584269513007
1325 695 5 9 0.09047114026465024
171 561 8 4 0.02696339041024237
171 1591 5 7 0.015089499365100872
1591 241 5 10 0.3396219388374464
1591 333 10 6 0.12858753592747632
1591 866 8 3 0.31069920672752005
1591 909 5 1 0.11494847527445072
1591 1308 8 7 0.3110757240019793
1591 1336 9 1 0.0725437263842594
172 167 5 4 0.2931103368506487
172 277 3 8 0.13729215576037423
174 68 1 10 0.3054744662431201
174 442 4 5 0.16066422355737067
174 480 5 8 0.22117463301706713
480 375 6 8 0.2971434347413
480 758 4 8 0.09584536374611848
480 961 10 9 0.33635021570910933
480 1379 6 5 0.3130942842775632
1184 139 9 7 0.11017324517391629
1184 1731 1 6 0.3007532261181076
176 336 2 3 0.28551600339022454
176 1526 2 1 0.1636415249860087
336 77 2 9 0.04521810652396985
336 1478 4 4 0.041159552386911935
336 1514 10 3 0.2706430786480875
177 1172 8 4 0.12468163792916602
177 1622 6 5 0.16547437392791378
1172 317 4 1 0.24900980735723863
1172 430 8 3 0.24048655323256907
1172 983 9 6 0.3758230263993939
1172 1717 7 2 0.11982364421738748
1622 268 10 10 0.20468170757278767
1622 347 4 4 0.2761087842896461
1622 583 5 10 0.3231482476871507
1622 711 4 3 0.08850677582494416
1622 766 3 6 0.07352042509256285
1622 968 10 1 0.33882419045519063
1622 1105 8 3 0.1700707895802072
1622 1690 4 10 0.2691446282070705
1622 1717 6 1 0.2779704840497763
621 304 4 5 0.321906173000146
621 1562 10 5 0.27487412471907446
621 1587 1 6 0.3277184631393936
1371 583 8 7 0.22957808952777922
1371 605 5 10 0.21447260014778985
1371 1022 9 5 0.2491605129633238
1371 1051 2 1 0.18904065045788382
1371 1325 4 9 0.3061327908791203
1371 1411 4 1 0.17035644156609414
1371 1583 10 6 0.15849489225201904
1371 1701 1 10 0.3009369590251939
179 73 4 10 0.05864915331106177
179 247 7 4 0.061152584852554676
179 922 9 2 0.30290053651050364
179 1618 8 6 0.28431250407514735
247 1491 9 7 0.23155374721415317
922 72 3 8 0.19469070824266954
922 827 3 1 0.1546054005457828
922 1208 1 3 0.15355888280022484
922 1441 7 2 0.12595170065025624
181 272 6 4 0.07250987920842197
181 1497 6 3 0.03350500356279959
272 130 8 1 0.12608605974334702
272 607 8 4 0.15708892661554408
272 958 1 4 0.1597628603342189
272 1610 4 4 0.21928605750273372
1497 64 6 1 0.02318448905336959
1497 247 3 7 0.17269416705276297
1497 877 8 6 0.23356700336508437
182 896 10 6 0.25417130048081027
183 264 10 9 0.16280451908451166
183 1539 1 8 0.09086964940775362
1539 124 1 9 0.16256430880792017
1539 447 7 2 0.006275620196159765
1539 454 1 2 0.22719715498780943
1539 520 4 4 0.24293802602115494
1539 872 10 3 0.08687934851738668
1539 898 7 1 0.27992913608024533
1539 1127 5 9 0.2962589224847745
1539 1236 10 3 0.17496391708276593
1539 1242 7 4 0.3454368144551555
1539 1290 10 8 0.0821973735451129
1539 1431 3 9 0.363339247758294
184 423 2 9 0.25981422870633325
185 902 10 7 0.17581411773165428
185 1206 6 10 0.23326127165945906
1206 1008 10 4 0.0807907731565077
1206 1141 9 6 0.3516686311764365
1206 1672 2 1 0.21960935858392344
186 199 4 8 0.16009135795274254
186 836 7 7 0.13044300531870284
186 922 10 7 0.36727412676012805
186 1005 4 6 0.37029218540494435
199 992 3 7 0.11778211984506234
836 235 9 9 0.11243083661822732
836 986 3 8 0.11286372763387167
836 1168 8 7 0.00479674977986827
836 1467 1 7 0.06180359579467731
1005 1564 6 4 0.08091904263822103
187 1173 2 10 0.1981742864010347
1173 761 4 5 0.25260864624572377
1173 1736 9 7 0.3435130388070738
188 923 10 8 0.22973072319767296
188 1584 6 2 0.1508496010140453
923 35 2 4 0.22682948037401549
923 807 7 3 0.3040800840576959
923 1149 1 3 0.33344284357836373
923 1393 5 1 0.2520232086205202
1584 172 4 7 0.36388245011180476
1584 291 3 10 0.29531307270301493
1584 396 3 7 0.15619160786949834
1584 568 3 10 0.32957074297288
1584 1151 7 5 0.041219165349237
1584 1679 7 3 0.26363632779414026
1584 1685 9 5 0.2836766322121762
1584 1744 6 7 0.07569843942889067
189 689 4 1 0.34386407840424005
189 842 5 6 0.1722334967145865
189 1497 7 3 0.1636548118859886
842 236 3 9 0.2453478828111469
842 1411 3 3 0.13041431813658005
842 1480 4 2 0.23956099779619133
190 1337 6 10 0.18029407007435996
190 1649 1 4 0.10863180765099163
1337 1317 3 5 0.2937460724365246
1337 1511 9 9 0.04235267125309955
1337 1731 3 2 0.2771331886437719
1649 117 1 10 0.3241490312075822
1649 163 9 5 0.15531783255595033
1649 543 1 3 0.16869707025507594
1649 760 2 10 0.266719085034422
1649 849 8 4 0.07177850214741929
1649 950 1 10 0.2809113222382504
1649 1446 1 2 0.3275315074290464
1412 347 4 7 0.36293663883676663
1412 487 6 6 0.13843158947360712
1412 1197 5 1 0.2703493441219006
1412 1594 10 1 0.0007609383591256069
192 492 5 3 0.05961234993038142
492 95 7 2 0.3636340313571268
492 439 9 2 0.25396908920193273
492 1430 9 4 0.09520060228732018
193 939 4 4 0.18228323249492204
193 1069 8 6 0.256267872378456
193 1238 1 2 0.3263280842524149
193 1394 3 5 0.25547962414372516
939 1517 1 8 0.27647282520169664
1069 1461 2 9 0.31117135691618225
1238 338 8 5 0.39844477299841746
1238 1546 7 4 0.0881601568052927
1394 109 7 8 0.3554810406739145
1394 213 7 7 0.07354232315367959
1394 282 8 9 0.3131450823013897
1394 553 7 7 0.14285907906995113
1394 675 9 7 0.1347925822480704
1394 828 4 3 0.14478671905011262
1394 849 5 10 0.2576045233916128
1394 1257 5 10 0.1049160268407802
194 895 8 10 0.22134949733151577
895 727 9 10 0.3316007198920391
895 846 10 9 0.12659165144408177
895 1703 1 2 0.2265412562176244
195 241 2 9 0.32701741063450673
195 317 6 3 0.18055814640845777
195 723 2 1 0.17906671818411057
195 1313 3 7 0.393724400108442
195 1624 6 10 0.21569548879599815
195 1710 1 1 0.17360470479098478
195 1714 9 3 0.12100003496527595
241 668 1 6 0.19908943601260876
241 755 3 5 0.17715432359180625
723 134 4 10 0.10532299669801541
723 258 5 8 0.020842056493976663
723 1039 9 2 0.24557235706423636
723 1109 2 5 0.14881365280158276
723 1275 4 6 0.10338931840350767
1313 408 4 8 0.10887105132127695
1313 595 8 8 0.2606837180610513
1313 1467 4 8 0.1174883845254631
1313 1491 1 6 0.12720842690301826
1624 5 5 1 0.3054731109965258
1624 217 10 1 0.051126544786597256
1624 307 4 8 0.276958459266452
1624 951 9 8 0.1567588412070443
1624 1151 9 7 0.39659147309624676
1624 1152 9 4 0.35601831531941674
1624 1182 4 6 0.2307396590550032
1624 1256 6 8 0.12666496571126218
1624 1446 6 1 0.30405599033637015
1714 127 8 5 0.25995451113573886
1714 163 9 5 0.06518571995956668
1714 366 9 10 0.2041111861321697
1714 389 7 7 0.10240062316719224
1714 480 4 5 0.1602437597057589
1714 832 2 6 0.05452151931754459
1714 955 6 4 0.3508587380768593
1714 1074 9 6 0.10341021032966283
1714 1436 10 9 0.287918199169083
1714 1467 8 8 0.2616044012905999
1714 1555 8 7 0.30697948611125425
196 263 2 1 0.21394930671604723
263 262 6 1 0.2695913654753692
197 20 1 8 0.12404339055524875
198 1412 7 2 0.03962620288599941
992 101 1 2 0.23607379454497782
992 434 8 10 0.21980044086407266
992 795 10 5 0.37782835000984705
992 1453 4 5 0.14591376765338515
201 764 3 4 0.38212660647738617
202 157 6 10 0.33863658595187746
202 1120 4 1 0.1480079816378458
202 1260 10 9 0.27421439615194904
202 1638 10 4 0.3207830346133747
1120 1074 6 1 0.10547481816531859
1120 1286 10 8 0.10494123965171841
1120 1609 6 1 0.2909068034448623
1120 1623 3 9 0.13952457142651326
1260 282 6 2 0.30730026729008725
1260 638 7 4 0.09427408556607282
1260 686 10 1 0.3451119908637146
1260 1295 8 10 0.11034719719765186
1260 1347 6 2 0.3369558222062416
1638 476 1 10 0.13370527260545112
1638 747 7 4 0.14571108589404894
1638 773 8 2 0.3679899680898011
1638 901 2 3 0.1465147260759707
1638 949 2 9 0.31844852913548805
1638 969 2 2 0.17765608956292664
1638 981 4 9 0.094313319033396
1638 1519 8 8 0.38008743352818264
203 636 1 10 0.27803086355414586
203 1016 3 4 0.12637835281384718
636 481 5 7 0.23523052698796315
636 1324 7 8 0.16520393181735618
204 5 9 10 0.08680578438459004
204 517 3 4 0.36970986254580923
204 1250 10 1 0.1676638141144743
1250 307 6 4 0.30452061721040524
1250 633 3 10 0.06301814875906045
1250 931 7 4 0.16471324801986753
1250 1687 6 6 0.2690673613250823
206 20 3 7 0.008659229216615466
206 373 7 2 0.25667655981637993
373 986 8 1 0.09334005675611892
373 1308 4 5 0.19774249511753597
207 244 8 7 0.15614963265694773
845 1189 10 4 0.3472024583785171
845 1204 2 5 0.03785556819991881
845 1313 4 10 0.2876910381910648
209 249 7 3 0.05567819392900766
209 1473 9 4 0.2781105238641474
249 405 6 5 0.22268199692595314
249 1257 10 3 0.17762259723114657
1473 206 6 5 0.19735652505691276
1473 254 3 1 0.1526166426218531
1473 262 8 8 0.2312525235282884
1473 465 8 6 0.018599983179330648
1473 764 8 9 0.3674702815495612
1473 1312 3 1 0.11821032668791491
1473 1610 8 3 0.19687758991319484
210 127 4 4 0.2766730521249892
536 30 10 6 0.10300671492114888
536 621 7 4 0.20200229022529903
765 1386 2 5 0.00759563961886725
1583 316 5 10 0.04549891225624281
213 1114 6 9 0.24661028798397222
213 1423 6 2 0.34179520346701553
1114 586 6 4 0.13562534061829387
1114 707 6 8 0.07752937027715828
1114 1068 7 1 0.11042521417239674
1423 124 7 8 0.09863132215804062
1423 484 7 3 0.16564195721352853
1423 500 5 9 0.1212561732353359
1423 591 4 10 0.3303361378028118
1423 793 9 2 0.34344046188550426
1423 805 2 8 0.16182344058703607
1423 944 5 3 0.25697053102570333
1423 1237 9 5 0.06807930715521832
1423 1591 4 5 0.10111651827068312
214 1158 4 2 0.13652319221861664
214 1230 4 1 0.24519865240122174
1158 332 7 8 0.14564194059869703
1158 790 8 4 0.11622857420084852
1158 1156 4 6 0.03771842031272807
1158 1321 5 10 0.2501831414148883
1158 1376 7 4 0.03944789922243161
1158 1441 3 5 0.15122376372612562
1230 637 5 1 0.0810740753263691
1230 1482 9 8 0.3265330138442028
308 1160 1 3 0.030908942507145903
853 1589 9 6 0.18030241136002992
1517 421 5 3 0.2550284359967533
1517 595 4 8 0.3506687915554312
1517 632 5 2 0.0740954336959829
1517 775 5 6 0.3115993846144212
1517 980 7 8 0.3440745489486511
1517 1559 9 1 0.1158189783843709
1517 1592 8 8 0.2777681948202418
1666 116 10 4 0.14592646684067423
1666 716 9 2 0.3107804084778164
1666 764 2 6 0.2979914214630571
1666 849 9 8 0.15356031471922676
1666 880 3 3 0.13381051062023308
1666 980 1 8 0.30838429448749793
1666 1190 6 3 0.3909158667686976
1666 1233 1 5 0.3430404672504095
1666 1577 2 2 0.172776011890009
216 78 5 3 0.12613709281344176
218 131 5 1 0.2996277391380134
218 247 9 10 0.28358683654192013
219 938 10 10 0.3441312852543691
938 63 10 6 0.1451373195208691
938 388 7 8 0.16463903148863612
938 1017 2 10 0.22633708371879302
938 1392 6 9 0.35965025512333415
938 1636 6 8 0.3658992726803521
220 1218 9 1 0.18788502128863155
1218 272 1 8 0.30118178934191203
1218 316 10 5 0.12921696652500908
1218 600 10 3 0.12656577635298688
222 1687 6 9 0.1457106156146148
1687 487 2 6 0.21986473331934567
1687 730 5 3 0.3130434793112684
1687 955 10 4 0.1785040414753976
1687 1140 9 3 0.3460776869983434
1687 1151 9 5 0.23197411953705743
1687 1330 6 1 0.32926730189990244
1687 1517 3 4 0.19230820508862018
1687 1577 1 5 0.29266642484152905
1687 1710 3 9 0.12360912366466036
223 599 7 8 0.13051093274759218
599 495 5 2 0.3253964579591172
599 1467 8 6 0.2566238839320161
224 580 3 9 0.1917825224416075
224 740 8 8 0.35759760608104707
224 1714 7 10 0.18392823352495535
740 774 1 2 0.22552284710569415
740 1551 3 1 0.26095378574282135
546 631 7 6 0.1821116572581627
546 1231 9 7 0.3977369346016182
546 1281 10 9 0.2178217934405997
546 1383 5 5 0.004429447087915733
1508 63 8 10 0.1911368014312071
1508 346 4 9 0.27846130276047193
1508 809 9 7 0.18068523808937736
1508 1011 6 10 0.35077871324592114
1508 1107 6 4 0.18590648369843596
1508 1196 6 1 0.16979551540089072
226 634 8 3 0.2037593108934057
226 726 5 8 0.06085439227086406
634 649 7 5 0.3597087811359039
634 698 1 2 0.2857613725666335
634 937 4 9 0.16949973190800652
634 1369 5 4 0.017870060425996703
634 1722 7 6 0.17255612632803727
228 253 3 10 0.1913784824923889
253 936 6 8 0.24779735074495968
253 1040 6 6 0.23906104837664865
253 1371 2 6 0.1849443378206258
229 611 2 10 0.08588140148650893
1433 592 9 7 0.1773548296832005
1433 1098 6 8 0.3001849051375295
1433 1160 6 7 0.12551371566860253
233 239 7 7 0.2417769781546223
233 677 1 5 0.25425234548185716
233 736 7 9 0.18664346410103066
233 1062 6 1 0.24475525675643883
233 1460 5 10 0.04924308776095451
677 1279 4 2 0.24852412833660595
677 1562 1 2 0.06083593354960076
736 304 1 6 0.021640140015198456
736 1521 7 5 0.07556657460748305
1062 290 1 7 0.22542598743420772
1062 1179 1 2 0.09858738889879624
1062 1309 2 10 0.1877782561529467
1062 1318 7 1 0.19875598789898696
1062 1461 2 2 0.1860362067672226
1460 285 2 10 0.3554045376079919
1460 763 8 10 0.23699255585230092
1460 1068 4 1 0.153299031460478
1460 1108 1 1 0.3309803655679415
234 1000 8 5 0.2523303082500801
235 363 2 3 0.004549432747734394
235 1691 2 9 0.13032614607724122
363 1160 1 9 0.19301450145126023
237 1584 7 3 0.3824427886132019
1176 456 6 6 0.29016985533459033
1176 1684 7 1 0.131826856105262
1520 20 7 5 0.38283015994408387
1520 264 4 7 0.1494692474369693
1520 476 4 1 0.17267387762141675
1520 673 8 2 0.1317103153494797
1520 1141 3 6 0.23450599298005492
1520 1388 6 10 0.18426974260975396
1520 1644 5 6 0.3080960484135839
1520 1747 1 5 0.366161664673291
824 175 10 6 0.3402945927324656
824 1141 6 3 0.1269925533862583
668 551 2 4 0.12237791667336054
668 788 2 3 0.28103137364882796
755 733 4 1 0.1400524030782217
755 1696 4 9 0.3326117560826842
242 284 1 2 0.3217129983399968
242 338 1 8 0.15480813203002697
243 1132 3 9 0.2805672180003981
1132 23 6 6 0.15144366856141694
609 240 7 4 0.255094801049183
609 518 5 6 0.22119968914630603
609 730 8 4 0.05899572645309234
609 1207 4 10 0.16794729103772962
245 1727 6 4 0.2706688023099153
1727 241 5 2 0.11816823981550456
1727 545 9 5 0.1350820922993593
1727 660 5 3 0.19608303927695594
1727 721 9 9 0.12939778524468798
1727 879 7 5 0.24030343273995122
1727 1016 10 4 0.33299213752707324
1727 1319 5 2 0.35807334041605365
1727 1469 2 3 0.15367473166303772
1727 1630 5 6 0.3781020843262346
1727 1744 7 3 0.2560177452532196
1491 254 8 9 0.11447529790038743
1491 344 1 7 0.083926883137424
1491 353 10 3 0.0859706802506889
1491 385 8 7 0.2781438059277248
1491 677 1 4 0.16197147436478843
1491 1070 6 8 0.13400643717967037
1491 1160 10 8 0.2708088141164017
1491 1305 7 1 0.0514143115193664
1491 1378 7 4 0.2161372276430505
1491 1390 2 9 0.06032942159376939
1491 1579 6 9 0.2810922270737024
1491 1617 10 1 0.2979246075490347
1242 358 8 3 0.0794642079366612
1242 846 5 10 0.23577441620556427
1242 1063 1 1 0.22141631535058706
1242 1514 6 3 0.3551488159371948
1242 1537 2 8 0.07257495601161143
1242 1720 10 9 0.13642599694839075
405 535 8 3 0.2550069464508153
250 278 8 5 0.20482648711547274
250 454 9 6 0.16116350254709755
250 722 9 3 0.22754773125395084
250 1080 7 2 0.2726977931852135
722 1184 6 10 0.17459594623257954
722 1273 5 7 0.023563971016516222
1080 410 4 2 0.20236403226335214
1080 1671 7 7 0.21342539148034237
251 1102 2 2 0.17369392658531688
1102 946 2 5 0.1506069268721691
252 1596 8 4 0.3375470948636117
1596 190 7 7 0.08060807810787203
1596 447 6 10 0.05455209904916264
1596 456 10 5 0.2934606153974627
1596 881 5 6 0.2546179928533491
1596 900 6 1 0.23605663914533243
1596 1175 5 8 0.08056158315318236
1596 1313 10 9 0.013878314699348832
1596 1413 7 10 0.357963757677751
936 284 3 7 0.124281050568965
936 424 5 8 0.19042964898351697
1040 325 2 5 0.2808537452368375
1040 764 1 2 0.12979323727051265
1040 812 1 5 0.30504265764483507
1040 1454 1 2 0.24257304022438725
1040 1695 7 1 0.01210676733526922
254 1297 6 3 0.24657619223903873
254 1305 1 6 0.08200297910890296
1297 901 1 3 0.09340634619307008
1297 1280 5 5 0.2737399418546308
255 410 10 5 0.3714157465402793
410 89 2 8 0.2920484318305011
410 1461 2 6 0.23521507229803457
410 1566 7 10 0.1396026713860614
410 1713 2 5 0.3401562973004739
256 513 3 9 0.05645655082930501
513 990 5 9 0.17860371251539062
513 1662 1 9 0.2587312281826565
257 71 6 3 0.2933111265795923
257 224 3 1 0.03237991025963252
257 1704 6 9 0.306614364677537
257 1728 3 9 0.31601088027128166
1728 55 3 10 0.16799318379248243
1728 142 8 1 0.166067530445684
1728 515 1 5 0.09776302485280575
1728 954 5 5 0.03617558862227946
1728 1176 9 7 0.28957055754058375
1728 1244 2 5 0.34818241432179364
1728 1517 5 2 0.07472571649329302
1728 1530 9 5 0.12705833834405594
1728 1601 9 7 0.1990405166301319
258 363 8 10 0.026152018266968863
258 1108 1 1 0.10877308929082219
259 775 5 1 0.06956420399172955
775 607 3 9 0.2086716985796736
775 738 10 5 0.13343145795703842
775 983 7 4 0.21551886897998324
775 1357 1 10 0.2994880996772423
260 997 4 1 0.1318473197000382
260 1308 1 8 0.14315180106406
997 1432 9 2 0.19802816751902833
997 1524 8 10 0.06080033027170406
1308 1435 6 7 0.05540083609614033
262 326 10 3 0.16057348200308083
262 364 5 10 0.014302812722434777
262 417 7 2 0.0709907522958986
262 920 9 8 0.28821939432475707
326 22 3 9 0.05783300044995615
326 1242 4 4 0.23004028990862338
920 1267 4 8 0.20028084798772905
920 1271 10 6 0.07968896725806798
265 1242 1 5 0.2037903150148477
267 1109 2 9 0.06869657718421113
267 1221 5 8 0.12334327464182593
267 1232 7 8 0.10565666760845675
1232 874 5 9 0.17925731699149666
1232 1308 5 3 0.3803508213176154
1232 1396 6 3 0.027516877513212162
268 207 8 6 0.20110843340313933
270 600 7 4 0.29362779325462457
271 169 5 6 0.16365968752311577
271 1468 10 4 0.10888508443862631
1468 80 8 10 0.061663777095637945
1468 183 3 8 0.0626563605865757
1610 45 7 8 0.24380197701890807
1610 55 6 5 0.21555578626492145
1610 253 4 9 0.11887216536956056
1610 364 7 7 0.125119969780658
1610 591 10 1 0.09517860454855567
1610 931 2 1 0.05516009995087756
1610 1023 2 5 0.2214603028454097
1610 1396 3 9 0.11577270956397145
274 967 9 9 0.12074354013500616
967 255 2 10 0.258764822482499
275 1116 4 1 0.1569305367711796
1116 46 10 8 0.18174336688117435
1116 473 5 4 0.33165696819729495
276 1540 7 10 0.3231848224163317
1540 266 10 5 0.055406541988683944
1540 649 4 9 0.28639267053112943
1540 762 8 4 0.2351540596174778
1540 831 7 2 0.09830898895742346
1540 1018 2 7 0.03530839497095484
686 248 6 3 0.06912663051639392
686 267 2 10 0.27617345543605576
686 1019 1 6 0.2683887011523455
686 1458 4 7 0.14872516282785192
279 319 5 8 0.2305505104410733
279 988 5 10 0.1902230281087165
279 1640 2 6 0.1841916628571083
319 1022 8 10 0.0034674841334660367
319 1036 5 7 0.0710072835893426
988 1107 10 1 0.3861284735538031
1640 39 8 2 0.33435744816482604
1640 258 2 9 0.3785781731594845
1640 370 4 4 0.27600386695258244
1640 508 3 7 0.3054689043993817
1640 799 3 4 0.12717767311033706
1640 927 6 9 0.3858217055537531
1640 1148 5 5 0.3891119837554311
1640 1518 4 2 0.17558343512058358
1640 1584 1 3 0.39834474733740116
281 398 4 1 0.2522236154821653
398 1227 7 1 0.18950048958609647
398 1433 9 1 0.14366724375185258
283 522 2 4 0.39847636779422213
283 1607 6 2 0.19701930910449972
522 247 3 3 0.12158476280692279
522 586 9 7 0.21022016666147003
522 1548 7 4 0.3005852091418842
1607 484 10 4 0.20401008299383147
1607 1414 6 1 0.28007262239673025
1607 1653 7 3 0.15153548581052514
1607 1728 9 5 0.36339214169238043
285 1656 8 4 0.14344011803232842
1656 278 10 8 0.2596056928799965
1656 534 8 9 0.03382007032925069
1656 602 10 6 0.2375316622786231
1656 606 4 10 0.2253246597757455
1656 844 3 8 0.07344398763759952
1656 888 10 6 0.20620707772864466
1656 1153 4 4 0.10806507793231117
1656 1188 5 9 0.02670327532984565
1656 1397 7 8 0.17316483921621692
1656 1682 7 7 0.02514305689970736
581 1271 10 4 0.131294653734017
287 105 8 1 0.32484864462859653
290 1734 10 10 0.23324972617873996
291 977 2 2 0.14753167291491504
291 1082 3 6 0.19256912841599663
291 1368 5 1 0.1687745176874262
977 1562 7 3 0.1678576507631796
1082 245 3 6 0.2410599768455503
1082 1134 7 6 0.1300704726844203
1368 910 6 5 0.1533821025310613
292 624 2 2 0.347953236453733
624 41 4 5 0.07601527546161783
624 116 6 3 0.21643143577797577
293 1127 6 9 0.1858761119941802
293 1599 2 5 0.08132360433535676
1599 178 5 1 0.10086308230109685
1599 268 8 7 0.2677355916900566
1599 653 3 1 0.27854175105452395
1599 1271 1 3 0.19005914336632967
1599 1747 2 5 0.012289205000330233
294 23 7 2 0.20603936395462652
294 226 3 6 0.178986385833088
294 740 10 1 0.18147822296834074
294 1053 5 8 0.29039367225358437
294 1108 8 1 0.19361255629692917
1053 24 5 2 0.03458050573759758
1053 108 6 6 0.2621387074509591
1053 368 10 4 0.31904673133572603
1053 461 9 2 0.19477398492084982
1053 481 6 4 0.011642891168589409
1053 901 3 2 0.25657919417235836
1053 948 5 7 0.34172026254159327
1053 955 10 1 0.06490513521957145
1053 1299 8 2 0.11737516102010817
345 348 4 7 0.04482602571365665
345 665 4 7 0.3883157525242974
345 1150 10 3 0.2437970260363956
834 252 3 7 0.031226181155634386
298 30 2 10 0.007460662644576205
298 682 1 1 0.10580014670544262
682 1583 5 5 0.003007263216548456
299 1245 3 7 0.31615552785294204
1245 45 5 6 0.12663922862286753
1245 759 5 10 0.21052071702065103
1245 892 9 10 0.3066816161474913
1245 1294 5 9 0.1792757143654516
300 844 7 9 0.28043672242698675
300 1722 2 1 0.3358004157049054
301 436 3 3 0.12344289452447878
301 1704 2 1 0.39196018695669355
302 553 4 2 0.3513274122345075
302 768 5 4 0.2835734829654585
302 895 1 1 0.00914399824114448
553 193 3 7 0.17163997172907672
553 236 10 10 0.318059822226188
553 529 4 7 0.2511002570286951
553 1474 3 8 0.12389520258079152
553 1604 1 5 0.17367966876733304
553 1605 4 1 0.14138496111779553
768 202 3 2 0.29783049720140814
303 705 4 2 0.2213368048330275
303 784 4 6 0.14685708328901187
303 938 5 10 0.1624745995650108
705 272 10 3 0.10281851387817423
705 366 4 3 0.35446630611278107
304 451 10 8 0.13484578957937327
304 1277 9 4 0.09866965527754122
451 376 3 2 0.13382864297500371
451 1129 5 9 0.27891342032232674
305 362 9 9 0.20812348878529754
362 1173 5 4 0.13709734396892165
306 262 9 2 0.16823919611737692
306 288 5 9 0.16594363972381193
306 1583 9 5 0.09163776545298655
307 721 6 10 0.22835079599357386
307 1597 1 8 0.044810514076249586
307 1605 8 7 0.37487734225022634
1597 526 7 2 0.1693034804535225
1597 679 3 3 0.11292375517521562
1597 837 7 9 0.060086887714352694
1597 1162 4 3 0.05108798370038037
1597 1518 4 7 0.22425225887154546
1597 1747 6 8 0.18320464145984325
1605 77 9 7 0.2341011886884921
1605 277 1 4 0.05128272300702369
1605 392 7 9 0.18044808506749793
1605 535 2 5 0.3000937498992405
1605 586 8 6 0.1366849466165066
1605 816 6 9 0.3089344658927803
1605 1401 3 9 0.2577445519532431
1605 1467 6 4 0.09555772466283076
1160 244 2 7 0.14616195343523453
1160 363 9 3 0.2888026081829382
1160 478 8 8 0.11924858076101381
309 91 4 4 0.27621590977116445
309 801 6 9 0.38052739963418414
309 1274 2 3 0.2698280900238955
309 1309 1 1 0.12323767675575577
309 1479 5 8 0.14288294224292905
1274 716 10 2 0.18753279622487687
1274 1277 5 2 0.27205920274989476
1274 1424 4 6 0.2677114425605687
310 49 3 1 0.16421969047446966
310 1487 10 8 0.20688610120395434
1487 596 5 3 0.028190441308938857
1487 762 2 7 0.24250682543266558
1487 894 3 10 0.2901885031873454
1487 1710 3 6 0.013188083769966885
1487 1739 1 5 0.13910222844201162
1495 84 2 7 0.3141547487229718
1495 179 7 4 0.28782174682024164
1495 755 7 4 0.03631617145063365
1495 1062 7 8 0.3159864146638017
1495 1310 4 5 0.2896515642542799
1495 1646 9 7 0.1447744166093262
313 1573 3 2 0.21978262270237695
1573 51 1 8 0.0879046961555921
1573 253 4 3 0.27580908439705387
1573 931 2 3 0.1389148527223047
1573 1614 4 8 0.2343973544443047
1227 419 4 10 0.05381945170276231
1227 551 2 9 0.3866952597278204
1227 588 8 5 0.23591120918083647
335 1379 4 9 0.3588257723030124
316 1068 5 9 0.2632090408617921
316 1299 3 4 0.10841250933612394
316 1512 4 6 0.2241442556235559
316 1527 1 2 0.34133231182488055
1299 23 2 9 0.2587599555710609
1299 346 7 6 0.24362407846378248
1299 522 6 8 0.15793424856174562
1299 929 5 6 0.3006875731250158
1299 1048 8 4 0.16485766334952856
1512 283 8 7 0.1372411591650354
1512 1031 6 1 0.1598497619534168
1527 320 1 10 0.25961193013941897
1527 710 8 3 0.07328774628141008
1527 1567 7 9 0.3527894377564311
790 8 10 8 0.34698791258798123
790 1065 1 7 0.25936126194728665
790 1694 1 4 0.3423991830929639
874 885 10 2 0.18360851891971125
1438 32 4 7 0.35246833226096996
1438 209 6 9 0.2983279880164581
1438 389 1 10 0.0077487293556131875
1438 412 5 10 0.22799336685283292
1438 432 2 5 0.2241227257258641
1438 834 8 3 0.39729219760824525
1438 894 2 5 0.308910133822214
1438 1379 8 9 0.032169990800508474
318 478 4 3 0.20972971067705243
318 1113 6 1 0.3214129599825425
318 1308 8 2 0.23099083925226593
478 996 4 2 0.0697885125306291
478 1242 7 6 0.1939747949761576
1113 583 8 10 0.04558520833989871
1113 1206 9 5 0.3475055073709453
1113 1216 2 8 0.30842883564513907
1113 1415 7 10 0.19794471841631547
1022 48 8 3 0.3850495848878923
1022 724 6 10 0.3701282419631366
1036 263 1 10 0.05896014071382483
320 1381 7 1 0.28130262438336084
320 1505 4 7 0.16465733078345274
320 1737 7 3 0.1730381128393127
1505 237 2 10 0.025057103652111112
1505 1040 2 6 0.30758066859598165
1505 1303 4 6 0.35990735336228374
1505 1562 4 9 0.39576978990474343
321 1181 2 6 0.15882081798212164
1181 63 2 7 0.36908300904014935
1181 202 8 6 0.3496444570146921
1181 209 1 1 0.12660725484417523
1181 607 4 5 0.09438820864025578
1181 857 8 6 0.013898584834824507
1181 954 3 5 0.389376015935316
322 953 8 6 0.1848570845142491
322 1482 1 5 0.3667672762670324
1482 115 8 5 0.09240549506118835
1482 245 7 7 0.10688080573734579
1482 543 1 1 0.20909585052585625
1482 899 2 4 0.17457090061885805
1482 1009 8 1 0.29673794838249506
324 432 7 9 0.33370513667404866
324 664 3 2 0.10720129945493145
324 984 10 10 0.39544854583342925
324 1016 6 3 0.13560421145207327
324 1526 10 8 0.2825983238059369
432 169 10 6 0.2473258473622779
432 240 4 1 0.2454647880571052
432 1401 9 8 0.23529774508351337
325 553 4 9 0.16619021814383983
327 1539 6 7 0.12438238909719658
328 189 5 1 0.19827356108723704
328 817 10 2 0.04590010052643834
328 1052 8 8 0.1457577363661231
817 1173 1 10 0.16556891468712961
817 1434 8 5 0.2903363392800936
1052 621 1 9 0.010319862128878782
1052 1053 6 5 0.2662509810573486
1052 1282 10 5 0.2652612448341254
329 818 1 4 0.1554260593694462
329 850 3 2 0.2990357309759675
329 1610 5 10 0.24264318830861564
850 1545 5 10 0.20249513204263153
330 136 5 7 0.021713598994496597
330 344 4 1 0.389854755546495
330 848 4 1 0.0943217139443773
344 429 3 7 0.33340452541327503
848 793 10 10 0.1998699916443492
848 873 4 8 0.3099513214950234
331 321 8 4 0.1249839074133841
331 446 2 3 0.1566838291534213
331 894 9 1 0.2739941143685091
446 208 9 10 0.127460365833758
446 976 5 5 0.05933656217487546
446 1247 2 10 0.3082147225389906
446 1407 8 9 0.3796792787946438
446 1681 3 8 0.20132967825404444
894 63 9 5 0.23133542671903518
894 1304 2 7 0.104093320160819
332 682 5 6 0.1741576331649048
333 631 8 9 0.2114918482527306
333 910 9 1 0.16161672161153953
333 1235 8 1 0.2862874326906517
631 296 4 8 0.3729327048631943
631 668 6 10 0.09518721245737323
910 433 7 8 0.31432112530946266
910 630 10 6 0.28635311105780226
1235 303 6 8 0.28887577148327426
1235 344 4 7 0.06585770075672093
1235 1025 10 10 0.19338319228415773
334 459 8 4 0.1484832552451075
334 518 1 6 0.19265767038827306
334 1152 2 8 0.3182373134326014
334 1232 4 9 0.3792074923199587
334 1270 6 10 0.23868163682052845
459 996 1 10 0.13933594098737934
459 1217 8 3 0.1304534209813344
518 225 1 7 0.13562326881541392
518 267 10 2 0.2748163934166141
1152 251 8 1 0.08295667222852506
1152 307 3 5 0.30020059442652713
1152 526 4 4 0.1482640546049597
1152 867 2 3 0.3514088831058084
1152 1182 9 1 0.3398513936266367
1270 759 7 10 0.17535089053015945
1270 1108 2 5 0.19700324900552188
1270 1193 8 9 0.2513345264545054
1270 1278 2 5 0.29417585294099813
1270 1382 2 1 0.17120073301614458
1379 254 3 4 0.2482876278753943
1379 1195 10 8 0.15497031776404552
1478 885 4 5 0.08141492320069142
1478 1487 4 7 0.2733826318781617
1514 18 4 6 0.12007740916348354
1514 373 5 7 0.010167039588743126
1514 616 6 2 0.3603727574601833
1514 754 3 4 0.11997214756926444
1514 777 6 3 0.24809486897619143
1514 832 3 6 0.16939611849748593
1514 959 5 3 0.16810192024581605
1514 1097 9 5 0.24528326933246603
1514 1229 1 3 0.06691739843324646
1514 1699 10 10 0.03863210127344169
337 1493 7 2 0.350346196314122
1493 108 2 4 0.14373311443713038
1493 210 10 6 0.3099012687744594
1493 1224 9 10 0.3490148575182268
886 58 4 2 0.3778317311528049
886 1518 6 8 0.2342728252299049
1716 13 9 2 0.008361006230682339
1716 588 7 4 0.2782331953793711
1716 1356 1 3 0.2652066879890575
1716 1536 10 8 0.2025889515068712
1716 1574 6 6 0.2237367590983718
1716 1605 10 3 0.2461489268842058
1716 1700 2 3 0.11326544704446583
340 1551 9 9 0.3355144153360275
1551 312 5 4 0.17237329690583114
1551 354 7 2 0.12988618367672622
1551 408 4 6 0.23865561558884124
1551 786 7 5 0.21400614068493024
1551 916 6 1 0.2762866640879845
1551 1594 6 5 0.35256953942134744
341 104 10 8 0.20541349564567118
341 174 7 7 0.16925615387738216
341 465 4 3 0.11160551219080268
341 1199 10 2 0.11860882823929543
1199 388 9 6 0.2490724084883717
1199 1624 10 10 0.14586067760377272
342 400 10 10 0.2623472943196086
342 583 2 8 0.18433850475759087
342 1312 8 9 0.09450908657329708
400 1230 5 6 0.22360704295786327
400 1625 4 4 0.20801178984728066
1312 515 10 2 0.24476946430776636
1312 668 1 3 0.30468863885265685
1312 1076 5 9 0.27211281737647786
1312 1168 3 2 0.278525581573314
343 433 8 10 0.3107037329004052
343 608 1 10 0.1821935802254271
433 727 8 10 0.36789527300353286
433 976 5 5 0.209645246497474
608 1411 8 7 0.38647068461263845
608 1517 7 7 0.04957334815677725
348 129 1 8 0.34597151092945055
665 923 10 7 0.10275015796039796
665 977 1 2 0.23507167317808364
665 1033 6 1 0.3087496676894043
665 1107 10 6 0.24581004948675184
665 1481 1 2 0.2789043060116709
665 1553 3 6 0.3138272628021317
1150 973 4 1 0.09078269948670764
1150 1379 2 6 0.19000336583922794
1150 1532 3 1 0.13664374110142571
347 346 6 1 0.2061564352291697
347 591 4 4 0.18828712159265734
591 991 8 10 0.20828707331257382
591 1040 4 3 0.1730463106584636
591 1068 1 2 0.04798793040927088
591 1109 8 6 0.1597362371912326
591 1346 3 1 0.19855179667555475
591 1493 4 9 0.2884901619808261
349 969 1 8 0.0004604925385187919
349 1346 10 3 0.29797835413386753
969 597 8 9 0.09815154365623596
969 600 5 2 0.23521293235954374
969 931 3 7 0.2536933120100895
969 1155 6 10 0.14448057011772564
969 1461 8 4 0.20394548505449683
1346 243 9 2 0.26651992766141214
1346 579 4 7 0.3477276413318716
1346 725 10 2 0.1601952135457995
1346 745 10 9 0.0991595145611059
1346 833 1 7 0.17428575412911368
1346 987 10 6 0.07492949382849906
1346 1347 7 1 0.13902993199016073
350 1709 9 2 0.0009173821692181894
1709 285 10 6 0.14003503530757777
1709 583 7 9 0.2119010679557577
1709 818 7 6 0.08064551711041267
1709 1011 4 9 0.3950586036030028
1709 1265 10 7 0.226111163234331
1709 1580 6 9 0.26113538806389186
1709 1706 9 8 0.07805228926560284
1709 1714 4 5 0.1384955668530183
1709 1723 10 5 0.25417179343327523
352 45 4 5 0.11487107472086015
352 596 3 1 0.28147923546158327
352 638 5 8 0.24489804016267167
352 1095 2 10 0.38533353134297865
352 1231 9 2 0.08611808957632718
638 91 2 5 0.14866844961624587
638 596 10 10 0.09359275752397375
638 1155 2 5 0.25025538547326026
1095 134 8 1 0.12297513172222194
1095 374 9 1 0.24393723225758884
1095 414 10 4 0.07172756134013539
1095 485 7 6 0.08672789624892706
1095 1460 6 10 0.13260348841957392
1095 1660 9 10 0.24911598912766397
1231 110 8 6 0.1510261944382449
1231 1691 3 7 0.2835581974738188
1231 1703 3 4 0.23315910873931617
354 1322 5 2 0.2764595485147035
355 305 10 4 0.33273595457634936
355 587 1 4 0.0714113534015541
355 949 2 3 0.3177581665429347
355 1089 5 6 0.13775887091855868
949 96 6 8 0.16626942069422287
949 372 9 3 0.07153919991381813
949 805 3 4 0.21099863182992654
949 1638 9 2 0.14226433559995866
1089 361 2 10 0.25373187432980215
1089 916 6 10 0.3082234379549261
1089 1127 8 3 0.3233668822271191
1089 1579 3 3 0.25944644700693986
356 221 2 9 0.1594337560835684
356 1286 8 7 0.19090532299675902
356 1744 8 10 0.01679338619069659
1286 49 2 4 0.3655593704449438
1286 347 3 10 0.1582233741185675
1286 1338 4 4 0.029673425894983146
1744 137 3 10 0.3426518484461707
1744 348 8 1 0.3035272853818181
1744 358 6 4 0.09087576347508837
1744 460 3 5 0.16070707583429886
1744 539 1 3 0.15657738489374434
1744 572 4 9 0.20691586483617336
1744 1020 10 8 0.32883190472683016
1744 1127 3 3 0.26843990476932433
1744 1204 8 4 0.300099878284481
1744 1258 3 9 0.3349116830624076
1744 1314 10 7 0.3019039208619693
1744 1553 6 6 0.25556724581602147
1744 1617 5 8 0.15721514262519715
1744 1701 9 8 0.3953918364487252
358 853 5 1 0.19881088412093273
359 1720 3 6 0.3993088654213991
1720 39 5 6 0.2620301290751163
1720 79 1 9 0.3593032150025823
1720 107 5 3 0.27575433366847063
1720 282 6 9 0.3937496495760895
1720 285 6 10 0.005912002060048743
1720 322 3 10 0.11841968390038007
1720 460 10 10 0.08586129210727762
1720 530 7 1 0.21705926603675896
1720 674 9 1 0.276831012478903
1720 766 6 8 0.03202414856093411
1720 869 9 7 0.17064657236268665
1720 965 8 5 0.09245811416147483
1720 1252 8 3 0.2715016569595763
1720 1325 2 3 0.23475641952410137
1720 1737 4 9 0.25946686823298637
360 134 10 6 0.17573540508338875
361 705 4 1 0.2388985266979535
365 151 9 2 0.322122463494649
365 157 4 7 0.17914649062010865
366 1621 2 3 0.2951249447963677
1621 51 3 8 0.17863277622032855
1621 166 3 5 0.01207600505385148
1621 169 2 10 0.011319491175676877
1621 186 3 4 0.3795101338929039
1621 1278 8 5 0.22297395800203595
1621 1346 9 5 0.27491228717921107
1621 1641 6 6 0.3168299855422412
367 1536 1 4 0.17565563428771946
1536 528 4 4 0.17434625886549726
1536 595 9 3 0.1275421329386307
1536 775 8 10 0.13475035540729946
1536 1049 6 3 0.1497652023987545
1536 1122 9 10 0.2540207262415669
1536 1497 5 10 0.12355475556264352
369 446 2 1 0.07496201363607441
370 114 5 8 0.308443633778485
370 1242 3 7 0.277521109027127
371 801 4 9 0.05801425396410548
371 1079 6 10 0.04856768660926089
371 1566 5 4 0.01125902163106049
1079 1216 7 1 0.3901438856465315
1079 1487 6 4 0.3081221381673708
1566 621 2 7 0.041154330039102294
1566 796 1 10 0.0993378277630079
1566 847 6 7 0.37509982316587825
1566 1293 1 3 0.09008316676582462
1566 1467 1 9 0.051144938322237904
1566 1691 3 8 0.24792296671925484
1566 1737 2 4 0.21401183145905517
372 859 8 6 0.2416766634034445
372 1186 7 8 0.20064386072265938
1186 136 10 2 0.08043543166775445
1186 750 5 3 0.2334970804054306
1186 1148 2 6 0.02085645778115472
1186 1559 6 7 0.1336504172385654
1186 1618 1 7 0.11510496230233816
986 113 9 8 0.2675606917530292
986 522 4 2 0.30731062271878545
986 729 4 6 0.13961044638776332
986 1089 7 3 0.36525342869751154
374 606 2 5 0.02608758477577458
374 1631 4 7 0.2936374370073011
374 1633 2 4 0.21540616606371238
606 1314 7 6 0.18324575477549981
1631 158 7 8 0.09698992262273384
1631 428 9 7 0.12080035070996227
1631 542 6 2 0.1281926435464501
1631 1239 6 8 0.30009851964345524
1631 1311 7 1 0.028529152920411083
1631 1480 2 8 0.0120810086729006
1631 1491 5 9 0.1503729047737123
1633 576 9 3 0.30023327036756936
1633 710 3 5 0.37873027163915973
1633 1024 6 1 0.2309829495508695
1633 1272 3 4 0.2746492683739494
375 41 4 5 0.2827131660815035
375 618 10 1 0.32914547158535923
618 466 6 6 0.37725411818834115
618 849 4 8 0.15529574600367235
618 1004 1 8 0.3203700495873453
618 1136 3 4 0.3442778358027978
618 1176 8 2 0.1436838584935457
377 1044 1 9 0.11570102486753996
377 1630 6 10 0.38714101054252503
1044 484 1 3 0.12500719285309791
1044 1575 1 8 0.1227366700696663
1630 10 3 10 0.2813768777268503
1630 227 2 2 0.28186748704212783
1630 884 3 7 0.31229081440244977
1630 908 1 9 0.3892422820584548
378 212 7 8 0.03412935915135143
378 316 2 6 0.09112576244734137
378 849 9 7 0.1699406584711579
378 970 7 1 0.32264441633951446
378 1498 7 2 0.279786714340625
378 1717 7 8 0.15334017409928527
849 421 4 1 0.17957213493163615
849 887 9 3 0.018053137811411546
970 132 6 2 0.13092569389870173
970 1594 8 10 0.36622269111279415
1498 766 6 1 0.1052370518380306
1498 848 4 6 0.2506084209045076
1498 1079 3 3 0.2875355853516701
1498 1504 6 9 0.09067899989722489
1717 56 2 2 0.1318520734879291
1717 388 8 2 0.20381358471730177
1717 483 1 10 0.09728142852699814
1717 1150 8 6 0.3735450826075608
1717 1244 3 5 0.29838546198616556
1717 1303 9 9 0.16200900285596645
379 357 4 1 0.2231631505205201
379 541 5 4 0.2501824320814335
379 1575 3 8 0.1630001198769154
541 346 6 1 0.17471132937167314
541 1097 5 5 0.12326965281227525
1575 33 10 7 0.00037292881545639145
1575 338 7 7 0.28275562465025994
1575 797 3 4 0.18930687079885594
1575 1211 5 7 0.13365656429903194
1575 1484 5 5 0.11052479843779928
380 84 9 1 0.21060074963778805
380 1479 10 10 0.06952940964829935
381 800 5 1 0.14026417174293873
381 857 1 2 0.221343009825456
381 896 2 1 0.33124545194684707
381 1582 2 4 0.19927128986123802
381 1689 2 1 0.18623284051250408
800 103 2 8 0.13173423812695703
857 686 4 3 0.20316895719208325
857 699 3 6 0.33335609485688533
857 921 8 7 0.150083808893269
857 1545 3 6 0.037809961381638196
857 1605 3 3 0.24356951339630833
1582 100 6 4 0.3959093203851749
1582 101 5 8 0.12878551220919823
1582 788 9 3 0.04041408585239206
1582 1347 10 6 0.32687388732747097
1689 415 10 4 0.18810967672283385
1689 689 1 3 0.11061112577909672
1689 829 1 3 0.3428140954728732
1689 1089 4 8 0.274851232772996
1689 1148 6 6 0.3552146940677697
1689 1258 4 6 0.38120126291189677
1689 1369 8 1 0.020336394967982285
382 222 6 8 0.31575412120107926
382 562 10 5 0.017045673196979638
382 704 9 4 0.08905111173621172
562 754 10 4 0.12655625704185217
562 770 6 2 0.08354230858635502
704 480 2 1 0.2776946908491432
704 508 10 3 0.1089319128558218
704 901 5 7 0.10793118402745992
704 1618 5 7 0.26016101588323876
383 23 5 3 0.23274583789074008
383 848 1 4 0.32206562513597103
383 1682 3 10 0.05618791994638589
1682 31 1 5 0.10451498979545559
1682 499 9 7 0.24945861104862244
1682 1115 7 5 0.3232701177670082
1682 1179 7 3 0.2178010353106074
1682 1285 6 9 0.07996510730698285
1682 1603 2 6 0.24283141386191395
384 110 7 4 0.29609955304235885
384 218 5 10 0.11818543561606977
384 1737 10 1 0.25048515121521975
387 559 7 5 0.1760964578865031
387 830 4 1 0.30855552803609326
387 993 7 5 0.04394656247161144
830 485 9 7 0.18469941861076453
830 583 1 5 0.11767505707612966
830 752 3 2 0.3070881603082416
993 209 8 4 0.26912723968946684
993 696 7 5 0.3768463461557152
993 1108 6 8 0.3547413105695836
993 1110 6 9 0.28389478059940726
993 1530 8 5 0.08644151021823945
425 222 3 8 0.17855042227291024
425 955 6 3 0.244441069075617
425 1167 8 1 0.323031836719159
1240 370 10 6 0.15360300497338047
389 1416 3 6 0.17093165161158713
1416 424 7 8 0.19854774951254878
1416 884 6 8 0.28366570930000234
1416 1016 10 9 0.02695050966125742
1416 1061 8 7 0.01723841786842628
1416 1281 5 1 0.01184383587574106
1416 1512 6 4 0.14717560151369768
1416 1574 1 3 0.14823346980530686
1416 1675 10 4 0.3620511774605343
390 93 3 8 0.026199528646883297
390 244 1 9 0.2562550831097633
392 560 2 9 0.10355703488768751
392 662 2 1 0.17992763313672502
392 1232 4 3 0.10973177036133674
392 1545 8 10 0.04794920598486127
1545 754 5 5 0.3590530994642713
1545 910 5 8 0.30117859386829815
1545 1011 4 1 0.15652142182555465
1545 1089 2 10 0.10313583519147719
1545 1142 1 7 0.27301527934660624
1545 1349 4 5 0.3671215520179715
1545 1438 2 9 0.15890226452194525
1545 1536 9 4 0.22158711940469666
1545 1592 8 3 0.28433590972762446
393 789 2 2 0.12409921614580317
393 1027 10 3 0.2709922405534388
789 306 7 2 0.19132002623531844
789 1230 3 10 0.06638082850360694
394 175 1 10 0.3885713877067064
394 764 4 2 0.3235322872217322
394 959 7 10 0.23409045354135505
394 1613 6 2 0.3702060319214594
959 1187 1 6 0.16413566063438023
395 434 7 10 0.39011939258362455
395 869 5 9 0.10422370869985997
395 1045 9 6 0.05517887750935355
395 1467 8 7 0.028410994715570403
395 1666 7 10 0.22714040370839478
434 446 6 10 0.34296136425121265
869 276 9 4 0.3849634992358921
869 662 2 7 0.3705640018785552
396 649 5 5 0.14523071236848561
649 554 6 10 0.027134336954062116
649 1329 10 3 0.2856579252563567
649 1542 1 6 0.2146173547975858
397 1020 6 9 0.156386260234134
397 1161 7 9 0.2968759064637301
1020 131 8 7 0.056472702001379965
1020 595 9 4 0.31200071221230313
1020 676 7 7 0.35671998853772646
1020 874 10 7 0.13753642137998262
1020 934 7 6 0.3470783587158977
1161 258 4 2 0.11977960795796662
1161 332 4 10 0.09839983428935124
1161 1010 4 7 0.2828874881193304
1161 1089 5 3 0.0721118387031674
1161 1530 10 1 0.21935035020134716
399 221 5 7 0.13641017566682057
399 587 6 3 0.21496404826543875
399 649 9 1 0.13928974985367404
399 754 6 10 0.1690686136520741
754 1624 6 7 0.04178152140324504
1625 32 4 2 0.33393150199955346
1625 117 7 8 0.2727862291805105
1625 169 3 6 0.2357142984885927
1625 248 6 4 0.20282041909342288
1625 373 2 9 0.11164843039913037
1625 648 9 10 0.16785221081056562
1625 1214 8 1 0.19147252030198086
1625 1364 10 4 0.035420345958001725
1625 1435 4 9 0.22553804216497175
1625 1517 7 1 0.07861255675589571
401 439 6 9 0.08492150056942559
401 1371 9 10 0.2071040677345377
401 1430 7 1 0.37261105822318646
401 1659 3 3 0.25281007616279927
1430 4 6 2 0.15725150748619698
1430 285 10 5 0.28709816360893825
1430 308 4 8 0.09398269451744738
1430 697 1 10 0.010287247660292043
1430 717 9 5 0.253699907789123
1430 998 7 2 0.025674563733973838
1430 1087 3 5 0.3853880974332437
1430 1530 9 8 0.3812244421302562
1430 1737 7 7 0.2528658429234423
1659 1172 8 9 0.1865071227951393
1659 1277 4 1 0.31394967658236483
1659 1360 4 9 0.07017541077025588
1659 1569 2 3 0.1791774429938342
402 1005 1 8 0.30680707074750885
402 1068 2 9 0.22390893181136728
402 1124 9 3 0.15519686762562362
402 1687 7 2 0.2033185511290029
1124 464 5 7 0.15551256946379158
1124 1254 4 4 0.2998945591390793
1124 1287 2 10 0.1498118993467626
403 235 5 7 0.09885891084050627
403 899 4 9 0.1796493320820206
899 698 8 3 0.35128177414535733
899 749 2 10 0.012006314601906432
899 942 8 5 0.37841034058785067
899 1464 10 8 0.38609596353957765
404 318 2 6 0.3294760412067411
407 53 7 8 0.1018939783347295
407 665 10 2 0.08308143123386706
407 1668 7 4 0.18712023797556793
1668 322 4 9 0.11340674572619532
1668 400 3 3 0.20765823717989446
1668 465 7 3 0.25978857403860534
1668 484 1 9 0.012500836437282586
1668 824 3 3 0.3412761092394564
1668 1640 5 2 0.23813054028881103
408 808 2 8 0.3115345360380792
409 224 7 8 0.3256493948022934
409 487 5 2 0.1326931819122164
487 1087 1 6 0.11906458115140515
487 1567 9 6 0.3910658942221717
1461 178 10 2 0.2064803700551819
1461 487 5 7 0.3308491739299516
1461 1308 3 7 0.2272063012228806
1461 1446 4 10 0.1859809721291696
1713 52 10 3 0.19822196705344347
1713 544 1 6 0.0595931325045575
1713 1133 5 6 0.2540979605720498
1713 1150 9 4 0.34499660606139426
1713 1672 2 6 0.05023478877096413
411 976 1 6 0.04006098745026326
411 1198 1 2 0.15249171112124857
1198 1167 6 4 0.33851871011375245
1198 1366 6 3 0.28215219418371235
412 509 2 7 0.1627327889904921
412 1090 9 2 0.09036870131549951
509 222 5 7 0.15061875894836102
509 754 5 9 0.2803274481650195
509 1018 4 1 0.08359982195137411
1090 190 7 3 0.29167658183996614
413 1147 1 7 0.2830339140099021
413 1511 1 5 0.12260227239361772
414 314 7 3 0.12726057083189624
414 627 1 5 0.15350640541063817
627 1136 7 1 0.3805873151952977
627 1329 5 5 0.16794266414385958
415 1052 10 6 0.31651331297082796
415 1471 3 8 0.39181050232886133
1471 72 3 1 0.08999453404125574
1471 247 1 2 0.25068646895332514
1471 433 1 8 0.29219501287125865
1471 588 5 6 0.021805980846602624
1471 607 3 9 0.1958294626166069
1471 653 9 2 0.11667214104163885
1471 898 6 5 0.32509553342184583
1471 1402 6 1 0.14729239426454996
416 1190 4 2 0.23140626730202452
418 253 4 9 0.24431482322583575
418 915 1 6 0.04179601467816102
915 1226 3 8 0.08272847217954331
915 1553 6 1 0.12628157919640487
419 306 10 3 0.14679591364244945
420 1240 2 7 0.2945346514719921
424 1048 3 8 0.1743529286383177
424 1476 4 9 0.18860845196875278
1048 186 4 8 0.05150155144446181
1048 703 10 5 0.04526975828887625
1048 824 8 7 0.19431993632823838
1048 1401 8 8 0.18332953782191364
1048 1551 8 2 0.25403889441526595
1048 1699 4 1 0.2642400421897894
1048 1732 4 8 0.3513310620740305
1476 11 6 2 0.11171181222026108
1476 98 8 4 0.29709418336585336
1476 132 3 2 0.1176512559933191
1476 372 8 10 0.2074166180771206
1476 940 5 10 0.24637990281143127
1167 492 1 8 0.20082192829678874
1167 529 10 2 0.2572499958841794
1167 679 4 9 0.3190500982998129
1167 919 3 10 0.10882629856867675
1167 1230 9 4 0.29311788472691735
426 227 1 4 0.03186694987072705
426 1737 2 7 0.14212789908441675
428 740 5 5 0.07427834439114075
428 1434 9 9 0.08462112632680285
588 395 7 10 0.09261825790763949
1409 1275 7 5 0.2804825196629449
1409 1296 3 2 0.38458217930128163
1409 1437 9 6 0.3287526242779313
1409 1730 10 2 0.16408819373536987
431 248 7 5 0.29508845119327665
431 283 3 6 0.049885436730653904
431 1294 2 6 0.09045798460663984
1294 1133 3 7 0.12900103268311136
1294 1150 7 2 0.12308066497653901
1294 1166 4 9 0.031263083389013874
1294 1439 4 8 0.15480428158228757
1294 1719 5 2 0.1271151580584539
1294 1728 5 3 0.2306904948380591
1401 111 2 7 0.353345184157772
1401 383 7 6 0.189122071038054
1401 1247 7 10 0.09739605432131805
435 119 3 8 0.35410759023001603
435 382 1 4 0.13778764528088883
435 1706 7 3 0.11742068275480542
1706 105 6 10 0.13590264683241357
1706 468 2 6 0.07141319213781133
1706 493 10 9 0.3664978248399494
1706 529 7 1 0.07229822733564589
1706 561 7 8 0.1884912631450544
1706 580 6 5 0.20164810152784876
1706 662 5 3 0.1864168325414518
1706 767 2 8 0.1992765842152583
1706 805 8 7 0.23075924699101183
1706 824 3 5 0.2212652242236031
1706 1026 4 2 0.2783479545265559
1706 1089 4 3 0.03918520510766785
1706 1498 2 7 0.28833226150501123
697 314 2 2 0.12872525926481587
437 768 2 1 0.2503526634581052
437 1344 6 6 0.27078631017261057
437 1502 1 9 0.012458922168751774
1344 1156 1 8 0.3263237092947197
1344 1585 8 3 0.20688946092303592
1344 1605 4 1 0.2284958307088714
438 194 10 8 0.34537355673057646
438 1188 8 8 0.3127906452111897
1293 39 7 1 0.0839520536131477
1293 1261 3 5 0.15528733595567762
444 189 2 1 0.25611171169901975
1407 548 1 2 0.01094694998149956
1407 604 5 4 0.31854692476365276
1407 1290 8 5 0.38383547478254165
1407 1379 3 2 0.2019775913609944
1407 1461 6 5 0.20334055026625375
1407 1712 1 5 0.0045387364209745484
1681 244 4 9 0.13427142936240982
1681 607 8 3 0.3887791246865975
1681 679 7 7 0.04391462855314368
1681 779 1 10 0.14861868992554694
1681 831 2 2 0.016188714104817398
1681 866 1 10 0.3183527302605856
1681 1131 8 4 0.27609968973425963
1681 1331 4 8 0.20823555591059587
1681 1379 6 7 0.14594678146153417
1681 1568 1 3 0.10978795281362803
1681 1744 4 6 0.11715798875496676
447 12 2 3 0.12660913036592852
447 134 8 10 0.37858806054280963
447 291 5 1 0.22471729823319236
447 339 10 9 0.06862261527229002
447 372 4 7 0.0961340811558086
447 653 9 3 0.2191264076945525
448 213 2 2 0.3605321763255801
448 907 10 8 0.2038644190498565
907 178 10 9 0.25802750423303944
449 541 10 1 0.06356567441158142
450 1176 7 8 0.21662721587362538
450 1666 7 6 0.3163921969698269
1129 963 2 1 0.14409571788410236
1129 1091 6 7 0.04028249035262724
452 938 8 9 0.14652553872914786
452 969 4 10 0.16353822713158178
452 1242 4 8 0.3103653756803597
453 1744 6 7 0.3841094019815059
455 75 2 7 0.35754302033559937
455 288 5 4 0.33128984687495844
455 353 1 3 0.02657913738812087
455 1102 5 4 0.2420769562812243
456 252 10 10 0.25567381262711336
456 363 6 2 0.3363415735849318
456 892 8 3 0.20569371161138703
456 1002 8 4 0.24660468429573298
456 1034 6 10 0.031490746879396514
456 1648 8 1 0.09691424438607928
892 1077 8 7 0.026994622181571865
892 1554 10 6 0.05478995560952854
892 1591 10 5 0.18495320973129634
1002 958 8 8 0.09390406239153617
1002 1203 1 7 0.14213219986023404
1002 1267 4 2 0.21259345786778214
1002 1277 4 9 0.07029782289113434
1034 64 1 9 0.10438649986326567
1034 515 3 4 0.08312184501530352
1034 1618 4 4 0.2568500317019667
458 434 6 3 0.13926807432732669
458 1441 9 3 0.213216604313817
1441 391 8 6 0.002720180228880237
1441 880 10 7 0.11327185582854202
1441 1660 5 1 0.0847445983595099
996 106 8 4 0.15960398000095627
996 546 8 6 0.022670174173919977
996 949 3 10 0.24832925258281144
996 1691 1 2 0.26482417037034583
1217 29 8 2 0.06397302562227991
1217 874 10 2 0.03364391000908287
1217 1517 2 6 0.3377554997390553
462 1281 10 7 0.3636006460210417
1281 14 10 2 0.03138269628454218
1281 254 8 2 0.0610870362133967
1281 374 8 7 0.06334130845972011
1281 1583 10 1 0.16309897617513666
1281 1672 7 7 0.12267907512663032
464 910 7 9 0.21825561613165745
464 915 6 2 0.34900168984402435
466 798 7 8 0.2117421196155178
798 729 5 1 0.24961225001428877
468 1022 6 10 0.24127106740669352
469 220 5 1 0.140177410792336
470 1159 7 10 0.20036565860882397
470 1346 1 2 0.28346038567061427
470 1610 10 7 0.32298241905034997
1159 1144 5 7 0.3741880584827436
1159 1173 5 8 0.3488376616120432
1159 1462 5 10 0.34989879036816857
1159 1551 1 1 0.2103844038871921
1159 1618 10 2 0.06997061173208738
471 1680 8 6 0.2374233467318576
1680 251 9 7 0.25003841676106786
1680 364 9 1 0.014811897026781012
1680 478 4 4 0.2567247550057975
1680 760 1 9 0.03537905476876743
1680 852 9 1 0.03527009947020368
1680 927 2 1 0.278686671959919
1680 940 1 6 0.01951544518664297
1680 1502 7 4 0.13923866841097432
1680 1512 8 10 0.245254493124075
1680 1562 4 2 0.027500475030473065
1680 1583 5 10 0.23499110849527186
1680 1606 9 9 0.08436323074023366
472 352 4 2 0.04466156992387438
472 911 10 3 0.09405814546966237
911 773 6 10 0.1992076753833871
473 1713 6 4 0.023519230446040984
474 291 1 3 0.3806204865368651
474 766 8 7 0.028273633919035895
474 1701 3 1 0.2663883966588249
1701 75 7 9 0.14719987238357066
1701 258 9 2 0.2632067685012999
1701 332 7 1 0.18505978641132628
1701 376 6 6 0.26117314372577993
1701 745 10 2 0.04307215333691197
1701 901 4 9 0.31811690726040376
1701 1227 6 5 0.24045269383081536
1701 1633 4 4 0.1087571808162598
1701 1648 9 4 0.2918194832712434
475 378 6 3 0.2061590454991816
1204 349 7 8 0.2346882460722308
1204 424 3 9 0.05329111332190539
1204 445 2 8 0.1984909484856668
1204 716 7 6 0.35624130426359635
1204 854 5 4 0.1801939069062779
1204 1236 3 8 0.11367531498669034
1204 1634 3 10 0.3912216807639336
477 291 7 8 0.303725618448421
479 182 7 8 0.343857059909757
758 33 8 10 0.10477740824119444
758 283 10 1 0.03073687639088571
758 1015 9 10 0.1430934061205293
961 282 1 8 0.10627023327352449
481 1471 4 2 0.32882124701032833
482 619 7 6 0.1565986020322153
482 801 3 6 0.38802509904116966
482 1260 7 4 0.05679310951663083
482 1320 9 8 0.08964250561256054
619 303 5 9 0.22733251975742408
619 973 9 6 0.256822978148313
1320 227 8 6 0.09173279078806389
1320 1104 6 9 0.30050284982996456
1320 1185 4 1 0.22331266696000565
483 186 4 6 0.22742455810079362
483 434 5 1 0.21863529214273084
483 597 10 3 0.034454223444227106
1306 1208 3 8 0.20815601338188444
1306 1607 8 10 0.19703402407150125
485 23 10 10 0.3957534569851823
485 966 10 8 0.17873714521134726
966 1054 3 9 0.047447422896601976
486 95 8 10 0.16302986062726466
486 576 8 8 0.29987593810850244
486 910 7 1 0.2407970792662865
486 1356 10 1 0.034895622223183126
1356 125 9 7 0.0906374146087465
1356 348 6 1 0.32998837279229953
1356 639 9 5 0.24920731766435297
1356 1271 8 8 0.2237397795680028
1567 7 10 4 0.15031329205121846
1567 528 2 3 0.30259319941138496
1567 655 3 10 0.27709094667030587
1567 719 9 3 0.02447537220562751
1567 1215 10 2 0.044723354543951904
1567 1366 8 9 0.02590682313194223
1567 1710 1 7 0.043526445717701284
898 244 5 10 0.028355298777839627
898 277 7 3 0.20493055041716052
898 669 2 2 0.26796960094477074
898 1325 3 1 0.07466958192015496
489 204 8 5 0.14748311755686955
489 881 10 9 0.10021016147196997
489 1154 10 2 0.16268759396187119
489 1305 4 4 0.38658408529144894
881 638 2 8 0.20982868664393312
881 795 9 8 0.357528709575347
881 1184 4 2 0.2050601845400238
881 1237 8 3 0.13529898379882355
881 1283 5 5 0.1385228708408521
881 1461 9 2 0.11868694253714776
1154 379 8 4 0.39037059879478453
1154 653 1 3 0.20162263301705058
490 687 9 6 0.10803819360369508
490 1414 10 2 0.14932733515890503
687 544 10 9 0.22213380055000675
687 793 1 5 0.03284800988358896
687 1224 7 6 0.16942891285984435
687 1681 7 9 0.18708796876971856
1414 699 10 2 0.3553682780550487
1414 721 9 9 0.05356860047470299
1414 1173 9 3 0.18586896313597934
1414 1299 9 6 0.3716519542184135
1414 1621 7 2 0.25774629584054926
491 1616 7 4 0.004525347799070933
491 1707 4 8 0.2931425333730396
1616 52 4 3 0.14897015440995542
1616 67 1 4 0.3413977032187129
1616 307 9 3 0.10565011989157816
1616 677 8 3 0.0532640615547946
1616 952 3 7 0.10256685639173822
1616 1102 3 6 0.10317744335020033
1616 1229 7 9 0.10007811486547605
1707 161 6 10 0.37468440418489857
1707 538 3 1 0.09599319428819642
1707 655 8 2 0.3799319067608656
1707 690 7 9 0.2845488646051883
1707 735 6 5 0.24724202890277142
1707 1214 5 3 0.3119988708127813
1707 1349 1 4 0.3992808939038252
1707 1722 7 8 0.07837275743726149
493 314 5 10 0.05817508066996588
493 1434 9 10 0.02230927812077535
493 1662 3 3 0.3462517323676679
494 426 1 1 0.165868286336196
494 591 9 5 0.18400031362113925
495 1166 2 4 0.18843029037827902
498 1606 9 5 0.3275284247183202
499 1009 3 9 0.15129420595813986
499 1566 1 8 0.31369980594265207
500 263 4 6 0.2052915831113198
500 551 1 9 0.36955428382061023
500 1127 1 1 0.22512961731373732
500 1148 10 10 0.1594972454434178
551 346 9 2 0.13634385001334431
551 1020 1 1 0.0816892369379112
1148 887 10 9 0.28654216722169024
1148 1253 3 10 0.20768988013741188
1148 1329 2 1 0.12384162523014372
1148 1464 6 10 0.20819839309800095
1148 1508 8 9 0.18933650236189511
501 40 1 9 0.04231841926910335
501 303 1 10 0.25576661282067187
501 328 6 6 0.34109247527753994
501 971 5 2 0.049897527987553675
501 1229 6 5 0.05089440889960567
501 1704 5 3 0.3619417893537552
1229 681 9 4 0.07795681783830169
1229 856 8 6 0.12689479051273492
1229 1277 3 4 0.014941903363111048
502 1242 2 7 0.21716895970022004
503 1062 1 7 0.3461329602410047
503 1574 3 7 0.28600619896532825
504 197 5 7 0.2303527008065992
504 560 1 10 0.09418596604775274
504 1129 8 2 0.03485071948026386
504 1158 4 2 0.1399689226062563
505 818 5 3 0.15057594228167825
1705 221 1 6 0.09577020831945698
1705 517 2 3 0.18219317012564085
1705 770 4 7 0.25955861933232427
1705 1029 5 2 0.10539493107800228
1705 1141 9 10 0.35587643302791117
1705 1176 7 2 0.3428768356660039
1705 1194 3 9 0.07076827474523589
1705 1467 9 6 0.05640663567773066
507 916 4 2 0.18069623014341352
507 958 2 4 0.12322586249501263
507 959 6 2 0.1966755313100147
507 1018 4 3 0.160217978250755
507 1097 8 4 0.375521868633482
916 1163 5 6 0.24852754118589604
510 1712 5 7 0.15515950410218893
1712 173 3 8 0.17213239144889197
1712 215 9 8 0.2402877184862333
1712 317 8 5 0.18560978730548636
1712 500 9 3 0.2323450893595807
1712 543 2 5 0.2250550451174694
1712 689 10 3 0.027816252823825383
1712 976 6 10 0.05082044358990112
1712 984 7 5 0.23725343333050278
1712 1145 10 10 0.2810775154626458
1712 1281 10 9 0.1381179445825715
1712 1371 1 4 0.1531838995683979
1712 1439 1 4 0.17505219690817092
1712 1562 1 6 0.37575836157933307
511 755 6 9 0.1455881713839811
511 759 4 2 0.1942110635901235
511 1410 1 1 0.15057877313001758
759 508 2 10 0.27748806108532875
759 1022 4 2 0.14026501953407705
1410 1111 4 1 0.2203282037161416
1410 1510 5 5 0.13295129801890543
1410 1715 2 10 0.05723666803772079
512 455 9 5 0.272066024161327
990 326 9 4 0.22796805896807387
990 364 2 8 0.0914787225500286
990 1407 9 2 0.35857704506220667
990 1692 1 6 0.061799657788596946
990 1704 10 8 0.060680759602329964
514 16 7 4 0.2121820007241687
514 497 2 9 0.03688043745228059
514 583 3 9 0.19959929401181514
515 831 4 10 0.26426360807627297
516 701 7 4 0.23835668492373357
516 1286 7 5 0.3249133990985405
701 11 5 5 0.3900368860566509
701 50 2 8 0.39564538370128366
701 1014 8 10 0.24476602820014154
701 1124 10 8 0.31783830036928357
701 1382 7 9 0.1080029884354787
519 716 6 2 0.3332835051338662
519 793 6 1 0.30940232691747516
519 1067 7 10 0.09422364093220628
716 1678 3 1 0.15682386384816085
1067 23 7 8 0.1443671864580645
1067 382 10 7 0.03552254724368928
1067 679 4 8 0.11820127451702557
1067 859 2 9 0.12472802760160155
1067 1016 4 6 0.2543680336944423
1067 1029 9 8 0.027164336934648814
1067 1277 8 1 0.1423605935970673
520 321 3 1 0.031438005686470455
520 1410 5 9 0.1166662700729486
1548 283 10 8 0.23801778342484
1548 365 6 7 0.1613284436961402
1548 419 2 9 0.10985950532480297
1548 907 10 8 0.1633746940969491
1548 1049 1 4 0.3623966306474742
1548 1703 5 5 0.012586997716319354
523 215 4 9 0.2954353546801417
523 714 6 8 0.06684682335313566
523 1133 2 9 0.24092947793967134
523 1475 5 5 0.09079953290862536
714 210 4 4 0.1490156808419477
714 822 4 5 0.12220645626673317
714 863 5 9 0.17179678595072406
1475 673 1 1 0.09779799977463806
1475 888 1 9 0.1805795329777503
1475 1271 5 8 0.0007631001053365616
1475 1382 5 8 0.1654966956530932
524 1497 10 4 0.39310833154306624
525 222 8 7 0.10550964083984687
526 378 10 1 0.26832114669723034
526 1411 8 6 0.11298074253317333
526 1714 3 9 0.275824984448797
904 193 10 8 0.11725382927606275
904 563 10 2 0.1553835273022442
904 1414 1 5 0.11467154712911504
904 1623 3 2 0.19919446838461202
528 363 4 9 0.1849600051399118
530 378 6 8 0.3362535158650235
530 1635 6 4 0.2742402455134608
531 887 5 10 0.3521692454023052
887 59 8 2 0.026757278567411363
887 261 4 2 0.10584103465944533
887 1172 9 9 0.1875479258877172
887 1237 4 8 0.2820001607799994
532 378 4 10 0.11706825575884733
532 1511 8 7 0.17336299365339586
533 850 7 8 0.21246406224674189
534 529 1 5 0.2142549188096384
534 689 2 10 0.12020397094930306
537 652 9 1 0.2217626052563339
537 661 2 10 0.19040653878272773
537 1343 8 2 0.3365774584024074
652 472 4 9 0.10087026675482909
652 1468 7 5 0.04147373950640079
652 1731 5 9 0.30375812111410144
661 660 3 9 0.06706096208382367
661 1250 2 10 0.21197758527626837
661 1373 5 1 0.043548640189091964
1343 1576 7 9 0.3744332522396856
1141 467 6 8 0.23303403236895937
1141 573 7 8 0.007979067323820588
1141 1489 5 4 0.2722446434429686
539 330 7 7 0.15823127416086932
539 767 3 9 0.38649252700734726
539 1321 5 2 0.21417490007543183
767 1273 9 7 0.3461963110522359
767 1369 8 4 0.22047849177230916
1321 364 5 2 0.23771695306432455
1321 640 3 7 0.3391252944328901
544 425 10 3 0.16678496789119637
544 1649 5 6 0.006866074397406635
1383 355 3 5 0.2928899089334093
1383 931 5 8 0.12989221548579205
1383 1039 2 1 0.09898112867539179
1383 1200 4 1 0.05684222402440506
1383 1277 9 6 0.01114183553453621
547 764 7 7 0.208287320971179
547 874 6 7 0.2714109108496034
547 950 2 8 0.06589572291090201
950 1714 3 2 0.2989982357498837
548 410 3 10 0.21149511043579064
548 1055 9 10 0.03946689537010192
548 1392 10 5 0.13583166709154873
548 1719 8 7 0.20837348548076604
1055 181 9 2 0.11896502904250478
1055 341 3 1 0.2690014805073284
1055 1588 6 8 0.10189830254519318
549 332 10 2 0.2533009609844023
550 174 5 8 0.33933551368630327
1474 390 1 9 0.37096895132952357
1474 407 10 6 0.14447740727649708
1474 439 3 7 0.23664255331962614
1474 1696 10 7 0.33057548882686844
1474 1717 4 4 0.09698111523526996
1604 16 5 3 0.1796237281981041
1604 86 10 8 0.0657032141642177
1604 843 3 9 0.20228549682533317
1604 876 7 2 0.20292094287447204
1604 1138 3 5 0.029097885498016673
1604 1158 8 7 0.22597656301215532
1604 1271 1 8 0.26416916575932936
1604 1435 5 7 0.10539771776490178
1604 1600 2 8 0.26441307724007035
1604 1636 10 10 0.3491533576355898
556 227 8 2 0.29609540915591637
556 460 1 5 0.1697276122174041
556 705 1 7 0.12347808100000345
556 896 10 7 0.37136431633176703
557 824 4 9 0.13803970048527364
557 932 6 9 0.34449774885821793
557 1398 5 10 0.32157786805867866
932 19 2 9 0.32365151133537184
932 515 2 8 0.3040809577956409
932 824 1 6 0.03495354870280434
932 1095 8 6 0.049545647407412685
932 1103 4 3 0.13696738481899612
1398 887 5 7 0.14897012268002863
1398 922 8 7 0.1925636956767303
1398 1353 9 6 0.1821221203849813
1398 1609 7 5 0.35705743881021723
1398 1744 6 2 0.2080237786076879
558 1718 5 6 0.22142037554146682
1718 195 2 3 0.17926280910711065
1718 373 6 4 0.14725083897436073
1718 500 2 9 0.07272797272414436
1718 503 5 9 0.19818366010430435
1718 662 1 2 0.3083523090150226
1718 952 7 8 0.07032038121463827
1718 1085 3 7 0.07092314729835247
1718 1124 2 4 0.31564039663198823
1718 1155 4 5 0.17108405417082262
1718 1449 10 9 0.09869106538240004
1718 1582 4 4 0.10140970999854224
1718 1586 2 7 0.32976704162801246
1550 214 6 5 0.34932460496793805
1550 306 5 1 0.142042418733166
1550 346 7 7 0.26446019722021413
1550 543 1 9 0.03523441663357427
1550 750 3 10 0.3551180353358182
1550 1026 1 2 0.365883975909184
1550 1572 9 9 0.2398737153383791
564 320 2 10 0.20208272003312247
564 1693 8 9 0.15678414837455573
1693 70 5 2 0.2667421604896109
1693 72 5 2 0.27219309343917986
1693 354 3 4 0.23836313738620218
1693 364 6 9 0.20745214052700606
1693 562 2 3 0.14052003491608617
1693 608 10 3 0.1260065475631082
1693 644 10 10 0.16683076510323747
1693 808 3 8 0.11273799100452997
1693 941 7 3 0.3551918023922468
1693 1267 7 1 0.25954379425303764
1693 1432 4 4 0.35021331760746144
1693 1713 8 4 0.17022539694107205
565 366 4 4 0.061000215991645734
566 671 3 5 0.15561451698282916
566 1736 1 6 0.14228481282265384
1736 77 7 10 0.29646304037630355
1736 180 6 3 0.06261485801241784
1736 525 5 3 0.16046822291398377
1736 701 7 1 0.3615665770272368
1736 1204 1 5 0.38948356712551446
1736 1492 9 8 0.1622316230550472
1736 1517 7 4 0.24438237884125064
1736 1530 7 3 0.17815103105873809
1736 1692 1 6 0.22480198508216742
567 1277 3 7 0.329097916437168
567 1582 6 1 0.16480694789980813
567 1726 3 9 0.31035175042111957
1726 10 9 6 0.20756109672388076
1726 154 7 3 0.3825113451461234
1726 533 9 10 0.29303962254371274
1726 585 5 6 0.254363359399231
1726 600 9 8 0.09828637893735771
1726 611 6 5 0.23132554615619108
1726 799 6 10 0.3119514019998992
1726 839 8 6 0.17019992409935059
1726 1042 7 5 0.2624680146360441
1726 1236 3 7 0.33082825270089766
1726 1340 10 10 0.2011062013629905
1726 1346 9 4 0.1935793454992721
1726 1383 7 2 0.064682463211261
1726 1397 9 3 0.12603091877785375
1726 1413 7 4 0.15022031880067988
1726 1434 4 7 0.2700922663225994
1726 1522 3 2 0.2223760666535261
1726 1549 1 2 0.1632282595813277
1726 1609 7 9 0.12258732076115503
1726 1650 9 8 0.22549766536575516
1726 1744 9 9 0.2708098494763253
568 1543 9 7 0.38196177470664405
569 78 2 9 0.22498287849435677
569 1141 1 4 0.24470878593716391
569 1255 2 2 0.2578027605060867
1255 456 9 7 0.3046670032857496
1255 458 2 7 0.2134695655380678
1255 1275 9 1 0.38060392843540836
1255 1334 9 2 0.23916801439556593
1255 1378 7 1 0.38286431267918275
1255 1646 1 1 0.06324917809966199
1255 1649 5 10 0.08019281011989335
570 197 7 9 0.05490159461244834
570 858 4 8 0.13134893796012703
858 127 9 3 0.04546168751365917
858 764 10 6 0.10933844289439695
858 1204 10 9 0.2903706342866623
858 1349 5 10 0.3538376481732538
571 700 4 4 0.31318169716477895
700 1204 8 8 0.3478892735409216
572 1102 7 7 0.10762220873335297
572 1725 10 3 0.22767785253970535
1725 126 8 7 0.27374191981732743
1725 220 1 9 0.16894950733833486
1725 244 4 10 0.27590984103614624
1725 272 9 4 0.3552862898796253
1725 345 3 6 0.2433648023709647
1725 353 5 7 0.3600195528231995
1725 385 8 8 0.2644955854455624
1725 625 5 10 0.3156111185593088
1725 1061 5 2 0.21658424083844244
1725 1068 10 7 0.13057418488842018
1725 1173 3 1 0.3251628849735967
1725 1238 3 6 0.2586455085162255
1725 1271 10 9 0.10964475575459547
1725 1441 2 7 0.15315364919971128
1725 1535 6 4 0.2740841592857308
574 253 4 8 0.02240292529343957
574 958 7 2 0.2362933555789543
575 1439 3 10 0.22018805280190237
1439 97 7 8 0.3209171383172432
1439 535 4 1 0.23179169779668984
1439 700 4 6 0.16896531419363953
1439 820 9 7 0.07810627082524493
1439 872 8 3 0.24089577838749474
1439 888 8 1 0.26569564678459356
1439 910 10 4 0.25198648691510656
1439 943 3 2 0.31637396951236
1439 1250 6 10 0.2285651888832373
1439 1290 9 10 0.2998784784408607
577 272 5 8 0.1473902815310574
577 780 9 10 0.0553570407907612
780 413 8 10 0.12107455347013703
780 1279 5 10 0.29110976880999945
780 1345 5 2 0.34442811796545
578 167 2 7 0.3125259668717687
578 819 4 9 0.34182041403008057
578 926 9 9 0.24474006855719832
578 1706 5 4 0.12446363501615802
819 421 2 2 0.1482631873005337
926 1442 2 7 0.13677981826099148
579 33 2 9 0.07449011856308563
1271 797 2 1 0.34824020699521885
1271 1403 9 3 0.17522415838667887
1271 1635 4 10 0.03458643854855756
1074 91 6 5 0.2819666318667729
1074 386 7 4 0.02240083833617884
1074 717 6 8 0.24115082543201047
1074 946 9 7 0.36091110511898206
1074 1037 6 2 0.08936995840164298
1074 1148 9 7 0.3325169987991011
1696 42 10 4 0.39267182513379795
1696 49 7 6 0.0017297071707327305
1696 536 7 5 0.12135023826242228
1696 604 2 10 0.19534508009873555
1696 658 4 7 0.13570039766761421
1696 881 8 3 0.19418947161872824
1696 1057 1 8 0.16231344125332417
1696 1208 7 8 0.21410159819157284
1696 1248 5 3 0.1555034446030543
1696 1394 7 8 0.22074291600222076
1696 1689 4 5 0.2898242666885745
1740 46 10 7 0.009947135123979212
1740 57 5 5 0.2738077958427036
1740 63 10 10 0.24813006222946932
1740 185 9 5 0.05444450420819724
1740 282 5 4 0.24330577626494265
1740 818 7 7 0.18965541830022914
1740 973 7 4 0.28839425397163565
1740 1032 7 9 0.17169251130768298
1740 1095 9 2 0.28807363869683456
1740 1240 4 2 0.08596517244269328
1740 1359 5 3 0.04104891661201254
1740 1526 6 2 0.07021143843241792
584 691 9 5 0.11498800291988705
584 832 3 10 0.17916464981601501
584 1280 8 10 0.3796680433381222
584 1320 1 6 0.2819196903586281
691 931 2 1 0.0873155169486266
832 1142 2 7 0.11773398622743558
832 1627 2 3 0.0934928622029904
1280 458 4 7 0.0922541786697415
1280 997 6 6 0.03538554760091295
585 193 8 7 0.22117743130820808
1324 351 5 5 0.13455255721067944
1324 626 6 4 0.1951544939765472
1324 1723 4 9 0.04282882744156549
1324 1724 6 7 0.16747457698376764
1107 44 3 1 0.35875433142839863
1107 492 6 4 0.23044478085589293
1107 499 7 10 0.06157494136222039
1107 1059 6 2 0.3998662616049924
1107 1339 1 6 0.22896811534717343
590 1064 2 4 0.23344440918418943
590 1209 8 8 0.2145362779776995
590 1242 1 3 0.01779761897919499
590 1407 9 8 0.2622958021497855
1064 1699 5 4 0.12484241968430514
1209 480 2 2 0.23534262821647495
1209 782 7 9 0.20939815800720218
1209 830 5 9 0.23288523211980822
1209 1333 1 5 0.36317795253882645
1209 1573 8 6 0.058582723812434484
991 2 4 2 0.17147916840483246
991 95 4 10 0.13528733532161502
991 211 7 8 0.3027765599524526
991 876 9 8 0.25084312092937716
991 884 10 2 0.3356944298786283
991 1196 2 8 0.17516612530689707
991 1596 10 5 0.0754452489933653
592 505 10 3 0.26449427402884346
593 247 8 5 0.2501434029497409
593 356 7 5 0.2775314793977474
593 867 6 9 0.2625973808138758
867 1655 3 4 0.1677961259405127
594 159 10 2 0.38919206334773593
594 1184 6 5 0.18332545343993298
598 153 4 3 0.28936194064303633
598 210 4 9 0.16066511390997454
598 513 10 7 0.14714708815162783
598 988 2 6 0.2843625639233414
598 1042 1 2 0.07709465153015535
1042 36 9 3 0.39641621863781784
1042 130 10 4 0.2952989993478312
1042 786 1 5 0.31616285418808054
1042 945 8 5 0.21089001369395555
1042 1162 8 6 0.19764123629879068
1042 1394 3 5 0.29148860977131646
601 1699 10 4 0.0936518282478524
1699 36 7 5 0.2929006017622213
1699 255 6 10 0.3709547505005929
1699 526 2 2 0.2569065880534228
1699 701 4 5 0.24268367913458178
1699 718 7 6 0.06620484143283897
1699 747 7 6 0.2772778070260699
1699 849 8 8 0.170761716513878
1699 1041 7 9 0.0020648246367616085
1699 1127 4 6 0.37844561815425515
1699 1339 6 2 0.21950152808923493
1699 1413 8 2 0.1622027242756563
1699 1626 9 2 0.23762099977166531
1699 1726 3 6 0.1131796788624526
603 79 10 1 0.03204765674643115
603 184 3 8 0.006942504352935197
603 788 3 6 0.13352223291230284
788 492 10 2 0.24889754584932172
604 671 9 10 0.24481659006362022
604 1609 2 2 0.32902845079078114
1314 603 1 2 0.06851444239674792
1314 870 6 3 0.1319262576847843
1314 1237 9 3 0.30168404485184197
1314 1291 7 3 0.20497880388826423
730 768 9 4 0.36635261533126084
730 1199 9 6 0.13805541786498104
730 1675 8 6 0.262006796398194
1207 279 2 4 0.17359200575816028
612 522 1 6 0.15324000667887844
612 664 1 7 0.16130879302114087
612 1458 2 5 0.3896766209527367
1458 152 10 9 0.3456473385225537
1458 646 1 3 0.0035287085401046747
1458 1485 7 5 0.16873171236635623
1458 1544 1 10 0.20333155319465826
1458 1706 9 3 0.3965576630588142
615 869 8 1 0.3180161105484821
615 1006 5 4 0.16408028108071832
1006 1215 4 3 0.37981758141027017
1006 1357 8 10 0.2231484411723391
1006 1501 9 8 0.3371708965934265
616 840 6 8 0.30759399097247125
616 1267 1 9 0.26391283567952345
616 1558 10 10 0.32357631700575396
1558 96 5 10 0.31499285542189803
1558 215 4 9 0.06504899932555544
1558 255 2 2 0.18002893015673926
1558 372 5 5 0.2829910120277189
1558 388 9 5 0.06966047791793545
1558 520 8 3 0.22063965769308555
1558 527 9 1 0.24524235112450093
1558 1135 6 3 0.28119604105406665
1558 1157 1 4 0.350600278334552
617 277 5 10 0.1707286875621881
617 687 9 5 0.2167893006567339
617 1229 10 10 0.16721429463758222
1004 501 9 6 0.13554849452573245
1004 759 5 4 0.2889387832535359
1004 792 6 3 0.007313880008580215
1004 811 10 2 0.32600555575057466
1004 1340 7 9 0.08886709934183645
1136 1304 4 9 0.22581994569281824
1136 1400 3 2 0.2187425549054274
973 215 7 9 0.20145284556058138
973 460 1 9 0.03192558326104594
620 1022 4 10 0.27982964850631736
1587 15 6 6 0.23132038457364956
1587 582 8 2 0.33665679725685166
1587 717 2 6 0.2555273365890157
1587 1114 7 5 0.28227096213485336
622 941 5 2 0.15162098658092027
622 1423 8 9 0.15980224920920136
941 292 7 4 0.19305881216311793
941 651 8 6 0.02590745702634606
941 1346 2 9 0.20409441804411368
623 309 5 2 0.3995303709872099
623 1669 4 1 0.19321047153098136
1669 198 4 5 0.1331433112419835
1669 355 7 4 0.21038035518947326
1669 363 7 2 0.16983575605624396
1669 459 5 10 0.28551436822673726
1669 514 10 2 0.12327444602085434
1669 635 9 4 0.2176626569861415
1669 734 6 10 0.14655053458784456
1669 1018 6 7 0.16630790148635147
1669 1150 9 9 0.32849367780043287
1669 1325 10 6 0.09949138897353604
1669 1574 8 1 0.33525460909643534
1669 1605 10 5 0.3161400097882149
625 926 1 10 0.02473513039395414
625 1189 4 5 0.32098623545194627
1189 316 6 1 0.19357079598903262
1189 351 10 1 0.06468628576095148
1556 67 8 10 0.25109159526199487
1556 134 7 3 0.1907197032150002
1556 398 9 9 0.3295221367123692
1556 1267 5 6 0.10218694027492793
1556 1371 5 8 0.030973572723319964
1329 104 2 3 0.13414048511777038
1329 626 2 5 0.13503038044983395
1329 677 5 9 0.01081574020836043
1329 802 8 4 0.2436706138481941
1329 1108 9 1 0.11232239510145801
1329 1248 10 5 0.12432083166834633
628 872 6 7 0.32977843701048126
628 1680 3 1 0.22568590805353267
872 510 2 9 0.38043002194431763
872 860 7 8 0.04711006535910209
872 1681 9 1 0.1419790093927629
630 591 4 6 0.22902433919888657
630 1684 3 1 0.13904166187338118
1684 33 4 10 0.3691324049106425
1684 63 8 5 0.3125865551936524
1684 430 4 1 0.04195732500410715
1684 434 7 3 0.18162335924103032
1684 599 6 8 0.3200927212276713
1684 821 4 1 0.0343291079157636
1684 976 5 1 0.09021169390192842
1684 996 5 1 0.19831348680282115
1684 1156 10 1 0.2839037285594089
1684 1211 10 8 0.2930577522406285
1684 1242 4 2 0.09797355105293261
1684 1447 8 5 0.2612332820143618
1684 1496 10 10 0.06881825010337167
937 1306 6 9 0.24948928631736328
937 1519 5 3 0.2601629316655405
1369 50 5 3 0.3429569480454977
1369 356 6 1 0.2858908114590123
1369 508 6 4 0.16716031688843191
1369 1524 1 6 0.20108519680218895
635 926 6 6 0.11887995956569809
635 1512 9 9 0.18161243695020127
637 244 8 3 0.09936181456674122
637 316 8 1 0.3418399496377594
637 398 3 8 0.07530830652309532
637 1257 9 10 0.39903368883104307
1155 103 9 4 0.2696524499711787
1155 605 5 9 0.3618009555635975
1155 709 1 5 0.2979567621794
1155 1296 10 6 0.32857307337536185
1155 1457 6 2 0.06062403081680923
639 57 7 5 0.21035106600229958
639 1042 8 2 0.18469369698711777
642 99 4 1 0.06778535236032271
642 319 1 7 0.32989990559079163
642 638 6 10 0.11021308312538902
642 1183 5 4 0.27599230964494526
1183 747 1 8 0.040029683228637064
1183 830 8 9 0.16551087950577514
1183 1719 2 4 0.16382880964732097
643 869 1 10 0.24595800223397288
644 946 3 8 0.09441273324933497
946 200 8 1 0.31543057910251365
946 326 10 3 0.06956772124987828
946 1614 10 7 0.2377257822939849
645 143 4 4 0.29178471681496554
645 990 1 4 0.16744365805110117
645 1621 3 2 0.3951320209062149
940 74 1 8 0.10745333121693727
940 548 8 1 0.10768464613058769
951 296 9 1 0.3346463661025395
951 638 8 10 0.14143810738487667
951 677 9 9 0.27943282663229824
951 1051 5 3 0.2532813266479286
647 344 4 6 0.3224088178003969
647 421 4 3 0.09553287999083153
647 1039 5 3 0.08701692564234305
1039 649 7 7 0.29343833031187444
1039 1170 6 4 0.19019064416664205
648 664 1 3 0.06226314439545777
648 946 1 5 0.23456569904901697
648 1069 5 3 0.35103377501231814
1542 342 5 5 0.05901032330039807
1542 1312 6 4 0.23426306982829964
1542 1375 6 2 0.06604156469615463
1542 1600 10 3 0.0006236991788047264
650 323 4 7 0.20966166872044628
650 1141 1 9 0.15558950693321597
651 402 7 3 0.2794700381333376
651 1051 3 5 0.2719031819819156
651 1464 2 10 0.26385274892208843
1051 107 1 8 0.306806122152981
1051 1493 8 5 0.36010950292967214
1051 1552 9 10 0.24596168817351075
1464 328 8 5 0.152448247873389
1464 1002 3 7 0.3282719677818663
1464 1168 4 6 0.08519262378993166
1464 1239 8 2 0.3303645119130457
1731 22 6 3 0.08141361285825037
1731 223 5 3 0.20305517156565828
1731 321 9 2 0.18476241964442172
1731 454 1 8 0.1354301311862679
1731 456 2 6 0.09054525283716873
1731 475 6 1 0.2318459972511362
1731 705 4 1 0.0777714171962377
1731 1018 10 2 0.14551164452048868
1731 1153 4 3 0.12268755942853547
1731 1598 5 3 0.346549237408309
1731 1691 5 2 0.14370967002315455
655 199 2 10 0.10423327140457875
655 856 4 3 0.011975542877671719
655 997 7 9 0.12411276375112704
655 1168 10 1 0.37812977749439297
655 1662 8 4 0.31315790331310295
1168 1020 4 7 0.22672040511460737
656 130 3 9 0.013344444947828993
656 1431 4 3 0.23333258671874046
1431 630 4 2 0.10927285738823699
1431 701 8 1 0.09618129580440317
1431 1053 10 5 0.17730617380557162
1431 1100 4 1 0.371431753088099
1431 1419 1 7 0.2109192602584444
658 803 6 3 0.2076961259394613
658 1100 6 1 0.20131977911095494
803 577 9 5 0.3412868375459529
1100 867 2 3 0.24916017097747695
1100 916 6 9 0.0052582311609415955
1100 1485 1 3 0.17967522480243878
659 388 8 3 0.3128807029459971
659 1499 6 4 0.2439596063350435
1499 76 6 7 0.21004436391716194
1499 1066 7 2 0.09226508355792215
1499 1236 3 10 0.26926020600867706
1499 1544 3 2 0.2971715749713542
1499 1551 1 6 0.17867271294717355
1499 1588 4 10 0.19590043634527468
1499 1744 3 6 0.3327960199280202
660 120 2 2 0.20710055736391028
660 1461 3 1 0.11021538759294601
663 1051 7 5 0.2591559390887317
663 1280 7 7 0.3200421993477976
1033 131 1 4 0.24721310113202494
1033 291 5 2 0.10166292065634196
1033 299 7 1 0.21869770868236404
1033 469 5 4 0.20039591205359658
1033 1414 2 10 0.2486266944587781
1481 377 7 3 0.097806703189288
1481 652 6 3 0.2597951614699507
1481 765 3 9 0.2891875512971249
1481 1215 5 9 0.07605937147815636
1481 1617 4 2 0.03742588707179276
1553 247 7 2 0.34618071821989416
1553 526 9 8 0.325014641994377
1553 898 8 4 0.2406633984313504
1553 955 9 7 0.13546371241891753
1553 1261 7 5 0.2661047292008938
1553 1319 1 7 0.01888530728862728
1553 1467 4 7 0.2732208749663743
1553 1610 4 7 0.33931335169458476
1553 1657 8 9 0.1772465147782169
667 737 2 4 0.17110934018216412
667 1043 6 4 0.16481756810735904
667 1626 4 1 0.13722616621566636
667 1726 1 3 0.2682868903291895
737 527 4 2 0.08343955419386093
737 781 8 7 0.24135000153711542
737 831 1 6 0.1870136179374202
737 1273 4 6 0.17746994558351428
1043 594 2 7 0.01733560221788874
1626 240 3 2 0.16325744202570017
1626 884 6 8 0.1231626002638347
1626 1149 10 7 0.07301373050022786
1626 1271 8 9 0.14008822799738857
1626 1297 9 3 0.2893668356123276
1626 1612 6 5 0.03213790562328153
669 1640 4 6 0.1117758789259042
670 368 8 3 0.20266136170513066
670 1112 10 7 0.2585236665060657
670 1224 7 2 0.23979884077522817
670 1309 4 6 0.08045548282432514
670 1346 1 7 0.18953759765432865
1112 271 1 7 0.22312706388638126
1112 979 5 8 0.23730471388587396
1112 1089 6 9 0.24057764402213283
1224 248 3 4 0.2028740093972338
1224 1079 8 6 0.008591047110499489
1224 1662 3 4 0.33810858149889045
1174 307 2 7 0.16625389909555852
1174 1021 8 2 0.21244040513034002
1174 1592 4 7 0.3078762705871484
1174 1706 5 1 0.18677413775683685
1360 66 7 4 0.15666369174962935
1360 109 5 9 0.2307493811541981
1360 125 6 4 0.2708997461278238
1360 1305 5 1 0.12227046991696973
1360 1702 8 2 0.11810095341909677
1360 1732 5 9 0.27359363341908544
1677 37 10 9 0.2060038716256298
1677 63 7 8 0.27462117212554926
1677 447 8 4 0.05203433443035499
1677 485 1 10 0.1693779527934098
1677 587 8 3 0.3899204250007784
1677 710 7 9 0.14035687258334423
1677 832 5 10 0.15150780200668837
1677 1480 4 9 0.11161614521241169
672 1681 2 10 0.04063221822461288
674 433 7 8 0.2291282598349237
674 1299 3 4 0.2643744789464722
676 30 8 9 0.3476800978746024
676 1046 1 1 0.2615609349105572
1046 292 8 9 0.13055865292792784
1046 557 2 5 0.2739786799439612
1046 758 5 9 0.2021354317821638
1046 968 10 9 0.09477864752589558
1046 1097 3 3 0.3449256050588758
1046 1379 3 8 0.22086754049253865
1279 1277 1 10 0.2533021954830478
1279 1326 8 2 0.018055286047441915
678 106 2 6 0.24425570442893163
678 196 1 1 0.19834532709759395
678 1710 3 1 0.07690284544163967
679 318 10 5 0.29427697087882576
680 203 8 4 0.27712703082921
680 573 5 8 0.09971922978844881
680 1572 9 10 0.3273336785726365
1572 138 5 2 0.14495494157857006
1572 156 5 9 0.006064770809159986
1572 678 2 7 0.1230161751067793
1572 755 1 9 0.01651371874781199
1572 1267 5 4 0.32288075143078954
683 723 6 7 0.13135245204926604
684 382 1 6 0.12865496932848114
684 844 2 5 0.38314040312397013
684 1016 3 10 0.17599005466066076
684 1642 8 10 0.2844982093592793
1642 26 4 4 0.16947691639165088
1642 60 5 8 0.20361590117075504
1642 109 10 8 0.24990909679719403
1642 169 3 8 0.08548091886680335
1642 276 5 3 0.1950428139548946
1642 277 7 10 0.2911516376183496
1642 564 2 3 0.041191327242582065
1642 910 3 3 0.08903308501200823
1642 1012 8 3 0.11900836197264907
1642 1061 9 10 0.0629479141831219
1642 1221 2 1 0.02979289536983612
1642 1670 6 10 0.10078495753491272
1642 1727 10 3 0.27358697514522756
1642 1730 3 9 0.050131129979234745
685 228 3 1 0.32391429485469375
685 248 7 3 0.2125811341325719
685 1744 4 5 0.26448413871751286
1019 185 1 10 0.3967970840548881
1019 846 9 8 0.024997361923723732
1019 943 8 7 0.3169463829397924
1019 1152 9 1 0.2294461604051025
909 1025 2 8 0.08354535939322265
909 1655 6 6 0.1674424419666394
1637 346 10 2 0.21463639319719502
1637 508 4 7 0.2889957414830502
1637 515 6 8 0.19868029227699377
1637 746 7 4 0.2803729204650082
1637 801 8 4 0.18396483281653686
1637 946 6 7 0.23003574023874152
1637 1551 7 10 0.14692852555696626
1637 1609 6 7 0.32965769713088955
690 5 6 6 0.18320019694704628
931 365 6 9 0.39569057859617807
931 406 6 3 0.0778948431925798
931 1076 3 10 0.07863255760348728
931 1160 4 4 0.02182729021394761
931 1238 1 6 0.06328707891156837
931 1614 4 3 0.11182503576209707
931 1616 3 4 0.18806387255600576
693 801 1 8 0.22153484309205515
694 359 6 10 0.3134612700262054
695 553 4 3 0.12269748531694398
696 15 5 6 0.08239873766987951
696 588 6 10 0.15235748900980617
696 1535 1 7 0.11103329831870003
1535 13 2 5 0.3082832453274017
1535 264 8 6 0.18896954684818262
1535 439 8 5 0.05042078131201663
1535 628 4 5 0.02829821168621749
1535 692 8 5 0.1523703112808381
1535 849 4 8 0.18496613711964324
1535 1281 2 4 0.1489712753123872
1535 1438 5 10 0.14562265669245972
699 1429 2 1 0.16547119375385677
1429 384 10 9 0.15478190170048048
1429 709 1 5 0.1974936530756813
1014 1618 6 10 0.17964802812595881
1382 97 3 4 0.04534030919922574
1382 168 10 1 0.14631830805723295
703 409 4 7 0.18328794530225556
703 831 3 3 0.10658197206554958
901 1532 7 5 0.25967901020621154
706 5 6 3 0.03476656820052834
706 33 9 8 0.06135682395181871
706 764 2 3 0.2122292231860122
707 207 9 1 0.035021397423791845
707 473 2 9 0.14563146855858994
707 1340 6 9 0.0946628138019086
707 1669 4 5 0.1871253086594857
709 492 2 5 0.25427858035556294
709 575 5 10 0.10657839633171835
709 1618 6 8 0.3887173353736423
710 375 8 4 0.34595179241724905
711 406 5 5 0.27024838893973535
711 486 6 3 0.306830471437172
711 847 4 10 0.032496544164365176
711 1240 6 9 0.3332337831802567
711 1740 10 9 0.14817248422420476
847 99 7 2 0.2904997075585598
847 446 9 1 0.03126205057591441
847 1538 5 4 0.2932838515575146
847 1690 5 4 0.3099564159403179
712 232 8 8 0.23954477536177393
712 621 8 6 0.15607155905249212
712 1098 1 9 0.3582465425239807
712 1484 3 9 0.0587119759078758
712 1498 4 8 0.18673531404914978
1484 236 6 6 0.04815668558344763
1484 472 10 3 0.21689761488140663
1484 768 1 3 0.23304547579958224
1484 832 7 5 0.20689613111749888
1484 1299 5 3 0.39577559828498066
1484 1573 5 5 0.042920726237564905
713 41 1 4 0.21755400200448455
713 680 4 5 0.200678652429582
713 826 5 10 0.2536079688807062
713 1655 3 8 0.2719302201715137
826 228 1 3 0.06578261532197127
826 364 10 10 0.06570888476201789
826 1403 6 3 0.1371805742331481
1655 538 9 1 0.0511097026292526
1655 1143 9 5 0.35980099789399955
1655 1243 3 7 0.2954078718319323
1655 1588 6 7 0.21599190995240325
863 319 5 2 0.30303656612927654
863 587 10 10 0.20570743758400772
863 941 8 5 0.228151187836956
863 1053 9 10 0.24253590594838376
863 1734 1 7 0.27256911783076526
715 393 3 3 0.22538473304852671
1678 39 5 3 0.16478153745582722
1678 459 1 3 0.30225533729787474
1678 661 2 5 0.27802361568716594
1678 738 1 9 0.08130497155648632
1678 922 3 6 0.32277325510412075
1678 1063 5 2 0.17895505044011953
1678 1089 6 5 0.19823825780418455
1678 1336 8 1 0.17388584975270788
1678 1471 3 1 0.25501519108664733
1678 1519 3 10 0.227449307307532
1608 49 1 2 0.2183733050793447
1608 439 3 4 0.3772868607449852
1608 708 3 8 0.15617463140370968
1608 750 7 7 0.28940273799259564
1608 801 2 2 0.1827687201663726
1608 924 1 7 0.2299588374494639
1608 1322 1 5 0.31663333242388864
1608 1590 10 10 0.14237557054270766
718 1466 4 2 0.17597692670974283
1466 279 1 8 0.2061887783955019
1466 424 6 9 0.31695217279823806
1466 630 5 4 0.2274458347168883
1466 843 10 8 0.20589824048138095
1466 1204 9 4 0.32259123022137276
1466 1616 6 2 0.018973699717437315
1466 1687 5 3 0.34910843007503034
719 733 9 2 0.266175970584533
733 253 10 1 0.2322547074588402
733 1638 1 2 0.16867720179265513
720 316 10 2 0.26123966064365645
720 1163 2 10 0.2841704461274411
720 1198 8 7 0.38218213630944414
1163 202 10 6 0.16821108535375395
1163 314 8 1 0.06336473978021895
1163 353 2 1 0.013252068461644756
1163 1271 9 7 0.20274288375921054
1163 1551 2 7 0.3003025871929619
1163 1562 4 7 0.14878150312118565
1163 1703 3 3 0.12869478662999406
1275 94 4 7 0.3251536460077439
1275 414 2 3 0.20581083661089142
1275 1059 5 10 0.18971151067156497
1275 1172 1 7 0.028415154269777504
724 513 1 2 0.24172066931337707
724 1022 8 3 0.09223875916932942
724 1283 1 9 0.3290321179984638
1283 1129 10 10 0.08289447625231773
1283 1141 2 7 0.06999416807761089
1283 1497 10 7 0.2812657457626754
725 215 9 6 0.1321207673805685
725 704 7 5 0.15734400654217576
725 1267 8 6 0.23683477263053976
1724 192 6 6 0.0778594683195867
1724 298 8 9 0.25055984296344164
1724 338 7 9 0.22758236111374885
1724 442 1 3 0.3748591981880304
1724 649 9 6 0.30172934393522394
1724 718 3 10 0.36137013291087516
1724 819 3 10 0.27019439364158193
1724 896 7 9 0.18039434851687206
1724 1172 3 1 0.005228160336259641
1724 1231 5 8 0.24357447312404062
1724 1419 1 7 0.14564061753570035
1724 1691 1 7 0.2416056676396519
729 607 2 10 0.16959704726898361
729 1063 5 1 0.16716462856953054
729 1133 9 3 0.09162786989721966
1063 485 9 7 0.10681709813109706
1063 595 8 6 0.308542501236298
1063 765 5 3 0.18301976141353385
1063 898 4 9 0.018318033973023895
1063 1242 6 7 0.05519453221105272
1063 1352 5 2 0.3086853809020767
1063 1562 4 1 0.35139950282655497
1675 277 9 5 0.34992173143943367
1675 343 8 8 0.13989289538749838
1675 625 6 2 0.2527098708760534
1675 809 6 4 0.18353811133481512
1675 825 6 5 0.17146923517592425
1675 1049 3 9 0.17228299747009065
731 385 6 4 0.04672223651353824
732 1735 8 2 0.05818556702650626
1735 167 7 2 0.21951601244941785
1735 443 6 7 0.11832663604702619
1735 869 1 6 0.15996065966031256
1735 906 9 1 0.32717160408442303
1735 1050 4 6 0.14553637753287588
1735 1089 8 5 0.21503496777903278
1735 1096 6 7 0.17046282320689163
1735 1173 4 6 0.1298994025135567
1735 1453 8 9 0.2857026827540804
1735 1521 10 4 0.32946583571507526
1735 1662 6 8 0.23579386830182533
1735 1694 9 3 0.3202377990805506
1735 1712 1 2 0.14296406766162964
734 127 5 10 0.1596478513536065
734 696 9 9 0.14168264174922857
735 273 7 6 0.3122348859306679
735 851 9 2 0.12341106153920832
735 1519 8 4 0.21615248049470226
735 1646 3 2 0.24808046654337765
851 11 3 3 0.2044361909951043
851 1484 1 3 0.2588917535730836
1519 277 7 10 0.1281645241348725
1519 1012 5 3 0.2620487168556495
1519 1099 7 4 0.32450596510879204
1519 1670 9 3 0.0696911686126494
1646 15 6 6 0.10792122760275921
1646 33 7 2 0.15730588560219166
1646 283 2 10 0.1383572858599106
1646 443 5 4 0.21904765344639585
1646 540 5 5 0.12622343638458153
1646 1680 9 8 0.3905881082950945
1521 29 7 1 0.07878137193479195
1521 745 3 8 0.09908992634512079
1521 869 1 7 0.00860523951502079
781 1141 9 4 0.1206743410529559
738 110 2 1 0.33553639995490214
738 255 4 5 0.20857982686609486
738 559 5 2 0.043670046124369505
738 707 5 3 0.19718314865925476
738 849 4 8 0.13043662754684152
738 1138 10 5 0.18133556993259223
1138 212 5 5 0.12236527632002515
1138 668 8 10 0.25786208410798245
1138 846 2 1 0.11571332151355161
1134 1168 2 9 0.298351731555227
1134 1250 5 8 0.2961706514247582
741 671 8 4 0.02839406340653708
741 1152 5 10 0.02275630604756468
742 739 9 9 0.23049789762665368
742 1243 10 2 0.16284887658889005
742 1577 5 9 0.08184445890444014
1243 651 6 3 0.06921741914906665
1243 1422 10 4 0.12101138933301098
1577 108 8 8 0.03619491623387583
1577 239 3 6 0.05780583177530679
1577 877 8 2 0.1295383008329919
1577 1427 2 4 0.08104169774297129
1577 1543 8 9 0.13446439732188736
1577 1567 6 6 0.13670810209331055
1577 1681 5 1 0.24641206714349545
1577 1689 6 3 0.22121495868429863
885 515 9 3 0.18679308668455
885 701 3 2 0.3798401458966765
885 759 5 5 0.0060369698168465935
885 1181 2 1 0.33592425054342145
747 403 5 1 0.09216385110086821
748 1243 10 3 0.05485218056549385
751 861 1 10 0.10560349931673323
751 1010 2 3 0.050330198277222765
751 1172 2 6 0.18501369033652867
861 363 6 3 0.21454555927344027
1010 704 4 9 0.2635394111170125
1010 1148 2 6 0.2907216435708958
1010 1242 2 3 0.04899241531037682
1010 1286 1 3 0.39523677168330884
1010 1355 1 8 0.2737789018446113
1010 1495 2 6 0.10315954417397717
1010 1636 4 10 0.31746265095399573
752 702 3 9 0.3914310242699235
752 832 2 10 0.2736730718206606
753 169 5 8 0.3934758194590045
753 506 1 7 0.2507221044809909
753 1577 8 8 0.24852418288965894
1015 201 8 8 0.1219323280933864
760 740 1 6 0.2582358096492531
760 1523 3 2 0.3075454982798239
1523 124 7 10 0.07972525115056366
1523 252 9 8 0.22793639289338163
1523 254 5 2 0.30123389531193023
1523 666 1 5 0.03450517563221209
1523 747 8 3 0.21380145687089863
1523 901 9 1 0.3780107842869148
1523 1160 8 8 0.01849905486442388
1523 1291 8 6 0.18697217482349793
1523 1437 9 2 0.06883498995679102
762 671 7 7 0.1597894382951991
762 1296 8 9 0.025656652476113706
762 1534 1 2 0.13325930783927428
1534 743 2 3 0.16948680260254942
1534 1293 10 9 0.12173594650306892
1534 1743 4 7 0.30029760453115373
763 1314 8 4 0.24883962953318556
1258 1391 7 2 0.20586385865516968
786 200 6 6 0.26013907784785617
786 287 6 3 0.27802711258872537
1374 130 7 2 0.036318950304843084
1374 459 8 4 0.11561861696766135
1374 745 1 10 0.34028909631790405
1374 825 4 7 0.1008394305777955
1374 1438 5 4 0.0032665642292952213
1315 48 2 5 0.0608804517714186
1315 369 8 1 0.30838347052386517
1315 448 5 7 0.13800414998968094
1315 621 6 9 0.0705671090832945
1315 1229 8 2 0.28709305245250316
771 1536 2 2 0.27327908387985866
772 119 1 5 0.24131305748566068
772 573 5 2 0.20503009740337666
772 1289 9 1 0.029985744551666582
1289 44 9 9 0.25221131410853903
1289 434 8 4 0.11595974741699872
1289 745 6 1 0.2712039285221627
1289 763 4 2 0.21983510059646566
1289 1655 9 5 0.24077374138906504
773 152 7 9 0.37725178878970644
773 383 7 9 0.0927662984457325
773 1141 6 6 0.23453215733117505
983 26 3 4 0.2824994561144891
1357 168 9 1 0.22112115739527674
1357 410 3 3 0.18624938418282708
1357 671 8 4 0.1508862577747817
1357 1559 1 6 0.2031408492114118
1448 100 1 10 0.14158775723895106
1448 148 5 10 0.3473070854408214
1448 849 2 6 0.1988664424772571
777 1002 9 5 0.07766633315846476
777 1609 5 1 0.20331160637148585
778 129 9 7 0.17536377795182906
778 271 3 1 0.2161137732221874
778 346 5 8 0.2969288670091433
778 852 10 2 0.28184509021486914
852 205 9 2 0.15132588273746153
852 1153 9 8 0.3060271334397781
852 1314 9 1 0.19649189936075448
779 322 4 3 0.1718371010648586
1345 786 8 8 0.06288107607280766
1345 956 6 2 0.06896116145661269
1345 1160 4 3 0.07590959673802394
1345 1224 2 3 0.34094525817930676
782 1722 2 10 0.04229044899021275
783 709 4 2 0.36308549487846586
785 179 7 4 0.13339934169438175
785 1016 8 9 0.2959464182340176
785 1061 7 6 0.10836744999974963
785 1401 5 6 0.21886291663024032
785 1565 1 2 0.21765408169239053
1061 10 8 4 0.10329999658076607
1061 793 6 8 0.19403896479179655
1061 812 1 7 0.09450999827550129
1061 1283 2 4 0.02822459839420763
1061 1745 3 1 0.07121471563432366
1565 352 2 4 0.07818066611362312
1565 1378 3 8 0.24560217561431333
1565 1414 2 7 0.06590091860156047
1565 1506 10 7 0.05085948204777724
787 433 9 5 0.36523536900492704
787 692 5 8 0.18412298329161988
787 1058 7 7 0.23021643949370965
787 1599 9 5 0.20855872701409622
1058 703 10 10 0.007498702071294716
1058 1038 3 10 0.3168354272262688
1065 415 7 5 0.07352272291049322
1065 1326 5 6 0.08654635378373093
1694 47 5 8 0.3565581108894046
1694 427 3 7 0.20363886481983992
1694 607 5 4 0.20701880846272913
1694 798 1 4 0.05991918503906973
1694 828 10 1 0.20010598929137655
1694 889 6 9 0.2779347801205791
1694 1606 1 8 0.18440035583566966
1194 947 7 6 0.12886000485765914
1645 237 3 6 0.29195949769398843
1645 479 9 1 0.2210315147270551
1645 483 8 8 0.00013519601564782047
1645 587 6 10 0.29183996346376245
1645 626 1 1 0.16321623010083294
1645 832 4 10 0.18820598438934844
1645 915 8 8 0.39604019063165063
1645 1245 4 10 0.12138778400870279
1645 1374 3 10 0.15414692041950023
792 1028 5 1 0.27063005858998956
1028 646 10 5 0.19409733786167044
1028 1308 9 8 0.1548569531503163
1028 1706 1 9 0.27797478948191706
1028 1724 2 9 0.26672030847564454
794 923 9 6 0.20471862145758313
794 941 7 10 0.19097672985064382
794 1637 10 4 0.2779665722776515
795 537 7 4 0.16876933704197658
795 1691 10 1 0.06903770456548736
795 1732 5 1 0.2257864017260276
1732 30 10 1 0.22014929948896594
1732 45 6 5 0.3732729024410829
1732 119 3 7 0.15112084783906826
1732 168 2 9 0.22221390198904623
1732 169 2 7 0.19988504525742595
1732 213 6 6 0.29438435561820553
1732 363 10 6 0.32627888931233323
1732 398 7 9 0.21557842521137902
1732 430 9 4 0.09919584682419032
1732 560 6 1 0.0986485419110681
1732 794 10 2 0.24223015299752096
1732 991 3 10 0.14064607486846947
1732 1153 1 4 0.31568467657117955
1732 1433 9 7 0.30533384963678023
1732 1669 3 10 0.19767492870220876
796 652 10 9 0.1332943186045793
796 868 2 7 0.19945806831835847
868 1466 1 10 0.10228127704139518
797 476 5 1 0.06253409894893175
797 1204 7 10 0.035957069620008
797 1272 5 5 0.029064091671996473
1272 626 3 3 0.29042215922926784
1272 925 4 6 0.3739697956768243
1272 969 4 9 0.3781807424614997
1272 1581 1 8 0.06261124190370188
799 618 9 6 0.36015560747788167
799 1237 9 5 0.3985408733863453
799 1248 4 1 0.31820986933457923
799 1618 6 6 0.19946889941185125
1248 293 10 8 0.24698034264906235
1248 346 1 10 0.03948741034643047
1248 476 1 4 0.386347501222974
1248 901 10 4 0.16655688105919345
1248 989 9 2 0.29892073759418636
804 236 1 9 0.3322604866344831
805 1015 9 6 0.3321122484207619
805 1572 5 2 0.10187762519958894
806 744 1 2 0.1608627201511606
806 755 10 3 0.18668839878793833
807 529 10 5 0.1562890732325454
807 1279 7 10 0.05898998335682584
807 1587 9 3 0.17121224046615793
1131 848 6 7 0.34909743065961946
1131 1154 7 8 0.29908437600030263
1131 1180 5 6 0.3248826816129614
810 388 5 6 0.22500849501517492
810 944 7 9 0.11282099917930412
810 1018 6 1 0.3614965072938491
944 513 8 8 0.07503367038524762
944 673 10 7 0.23891336728729162
944 903 2 6 0.1742765934642095
811 1093 1 5 0.06068954436067281
1093 618 8 1 0.227621164150362
812 66 3 6 0.014634005996801785
812 781 8 3 0.3308477987164084
812 801 4 8 0.2310725012375856
813 677 8 1 0.2516819923921046
813 785 4 6 0.30517321993313
813 1258 6 9 0.26421236273312776
813 1371 2 1 0.26143613570876634
813 1683 4 1 0.26490417201830163
1683 3 5 10 0.21136321700861238
1683 501 4 3 0.3454251794000386
1683 509 6 1 0.21789845357183235
1683 582 9 2 0.3338806194901609
1683 848 6 3 0.25287149499797046
1683 861 1 2 0.23916282803012767
1683 912 10 8 0.2888437635359509
1683 927 10 10 0.24734422310160595
1683 971 7 2 0.25535419697932
1683 1112 6 1 0.14107710474497465
1683 1198 8 5 0.2314411590729597
1683 1346 10 2 0.09682125826073378
1683 1413 7 9 0.08666951996305858
1683 1610 2 8 0.04906376779845356
814 21 3 5 0.3579425257740835
814 461 2 9 0.3715738939173958
814 911 10 6 0.14816321534399096
814 1034 10 8 0.395350264477979
814 1606 8 3 0.3135470828728249
815 283 5 3 0.16586555817482837
815 330 8 3 0.04373911641006223
815 1409 8 2 0.24606147837143724
815 1737 8 10 0.19962318672900237
816 36 5 2 0.1760326675561751
816 737 5 9 0.2727035015484712
816 1165 1 6 0.29073444853870345
1165 1723 2 3 0.1542739205278574
820 953 4 1 0.2585650362062464
820 1238 8 10 0.10536070769052716
820 1695 5 8 0.18418602187553668
1695 430 2 3 0.2717300331708997
1695 560 6 9 0.37520335007857897
1695 751 8 4 0.26134228401412063
1695 884 9 6 0.1611211377116772
1695 1236 5 1 0.2786639831447094
1695 1537 5 7 0.15692600657938013
1695 1600 4 1 0.18828822221622443
821 789 4 9 0.10043934728891703
823 1425 1 10 0.3807555909826541
823 1734 5 6 0.07710226805473377
825 697 1 7 0.3105484811646357
825 849 1 1 0.04583754220668776
825 959 5 8 0.13121827564099658
825 1160 9 5 0.0010235157368253256
825 1331 2 7 0.2379210744009535
1331 140 5 7 0.19439641128908186
1331 143 8 10 0.09127516905788384
1331 758 2 8 0.25144512753289333
1403 372 6 7 0.03726958170261732
1403 544 1 6 0.3140717465332875
1403 1334 7 8 0.2082468062252936
827 953 1 6 0.29550286293059147
827 1322 1 4 0.046130823111637714
827 1323 7 2 0.15809344717250828
828 702 9 7 0.31764521606006835
828 969 1 8 0.2286074221722645
829 131 9 4 0.31385148164208365
829 398 5 3 0.2225244736951502
829 995 4 10 0.16343576276023364
829 1421 10 9 0.14074209962944828
995 304 6 1 0.1410141640687834
995 1313 10 8 0.14902955966917072
995 1396 3 6 0.2751946175676393
1421 376 3 1 0.2605561031542158
1421 457 10 4 0.16798327666980517
1421 1085 8 10 0.2570609960550221
1421 1481 7 10 0.15182998026170744
1142 1069 10 3 0.2205142410172734
833 466 2 4 0.16621924408810473
833 696 7 5 0.0018853799592610798
833 1005 1 7 0.3356486373907561
833 1716 10 6 0.24834801423346908
835 168 8 1 0.029189898675619302
835 414 5 5 0.34384517435185236
835 487 3 8 0.18985487081363311
837 106 8 10 0.13436829617159335
837 288 8 6 0.05226086971905097
837 1004 7 4 0.12708982768919952
837 1016 3 1 0.31412163212366867
837 1236 1 4 0.264824506630658
838 427 5 10 0.08353887075347664
838 536 3 2 0.14363999421143103
838 1356 2 5 0.34035134422787555
838 1373 5 9 0.006789910366520352
839 1049 1 9 0.2904648501256324
1049 595 10 4 0.09950853146372794
841 946 6 4 0.18494250434211398
1480 540 6 1 0.3175269327374627
1480 546 2 5 0.3020670983246908
1480 710 2 1 0.2612360657715962
1480 1430 2 5 0.30643296225336986
1480 1549 6 8 0.3987325831632829
1480 1632 5 5 0.13323587223199304
843 182 7 7 0.3274678392673748
843 270 10 3 0.3637520714355006
846 452 7 10 0.33523147522460184
1538 36 4 7 0.06379790874628008
1538 85 7 7 0.061931085276220876
1538 896 7 1 0.30821734789092237
1538 1132 2 8 0.24311612844161887
1153 36 2 9 0.09151013826009666
1153 321 1 7 0.3834051752583958
1153 1419 6 4 0.2954628484522671
1589 5 7 2 0.22236645677581274
1589 214 7 4 0.17294684655334983
1589 253 5 3 0.22074794740582981
1589 362 4 8 0.26796078806876006
1589 569 5 9 0.0208771217056605
1589 587 8 10 0.32356132280515865
1589 850 10 6 0.02156368971637998
1589 1004 10 6 0.13070042185832653
1589 1723 3 9 0.13772815540441874
998 425 9 10 0.2349709958999382
998 1387 9 6 0.2415958844212926
1349 300 1 1 0.1230738874996654
1349 550 7 9 0.22760344496211565
1349 721 10 2 0.2908044607757093
1349 820 8 2 0.3454942179373577
1349 1386 10 10 0.01004673142519194
862 210 6 10 0.2562261229829722
862 495 3 3 0.29572542512470584
862 824 7 5 0.2243407457979815
862 1482 6 10 0.22726766483536012
862 1609 8 2 0.3400997041869057
862 1610 7 4 0.0562735251585674
1561 364 8 9 0.29097643499526105
1561 809 10 8 0.30403475997268753
1561 1520 4 3 0.3490399516055638
865 880 3 10 0.24344833643122107
865 1115 3 9 0.1713470085872909
865 1168 1 5 0.08453752069154942
880 274 7 8 0.22004602680728147
880 434 9 6 0.2804610241661939
880 1261 2 4 0.13531789051036594
880 1616 6 1 0.2970562374636534
866 1618 7 10 0.144783675090696
871 727 9 6 0.10781763231069325
875 495 1 8 0.17762029577190583
875 1172 1 5 0.17969859659150872
875 1501 8 3 0.07768140247038288
1501 530 4 4 0.06917818674939213
1501 784 7 8 0.22053416216957522
1501 898 2 2 0.3548983183186936
1501 1247 9 10 0.13015724853988794
1501 1499 2 2 0.13988971462079414
876 511 3 2 0.30876855130759157
876 812 6 7 0.10572409031296742
876 1266 8 7 0.11676141117431905
1266 850 6 3 0.26447150451010976
1266 896 1 7 0.12321616996515067
1266 1682 8 9 0.1705020633975697
878 132 7 9 0.06286790375811405
879 1463 1 7 0.09181436821196177
882 1236 6 9 0.28594029338085614
882 1517 2 8 0.2946142975192687
882 1630 4 3 0.16579283984892662
883 1062 5 9 0.07188611236481482
883 1582 7 1 0.1378498011525594
884 72 1 6 0.28562829896994607
884 709 10 5 0.1907839793625763
884 1111 3 10 0.3033255633459361
884 1629 7 4 0.2776017180138009
884 1742 9 1 0.184243232906335
1111 950 1 1 0.03042335137140917
1111 1049 1 1 0.20902840110667567
1629 310 1 6 0.1762099553358526
1629 798 7 2 0.17827926931778473
1629 887 3 6 0.021784230857132242
1629 958 4 10 0.15554573072413974
1629 1059 6 7 0.1656018821256
1629 1127 3 3 0.33751462214176997
1629 1169 1 9 0.19643889235975096
1629 1321 9 5 0.049424413866116124
1629 1415 8 5 0.21554273094988194
1629 1450 6 5 0.19941376104246028
1629 1684 7 6 0.21594466199566859
1742 544 10 2 0.3668698981314883
1742 587 5 5 0.20612422214028436
1742 692 6 4 0.29359371197279593
1742 717 10 8 0.23343270473331712
1742 734 7 10 0.3368745713149532
1742 765 2 1 0.232850471523973
1742 1056 2 4 0.0009194086761586673
1742 1092 8 1 0.21335920113585066
1742 1115 4 3 0.23836102746926519
1742 1151 3 8 0.27971579755532144
1742 1310 5 7 0.1870824771473514
1518 90 5 2 0.02669411259995849
1518 410 4 3 0.15125547564106065
1518 767 10 10 0.3254166024148187
1518 1066 3 5 0.20737047144832105
1518 1382 5 9 0.10963741524146291
889 831 10 10 0.23200053434689172
889 887 9 7 0.16605563568895274
889 1295 10 8 0.12191517403652555
889 1516 10 3 0.3068696953460647
1295 72 1 9 0.31404533530175405
1295 274 3 10 0.2559464783120356
1295 311 10 6 0.3959120916167939
1295 367 5 4 0.026141101746293388
1295 1275 6 1 0.2795476280619214
1516 853 2 1 0.0350327522437848
1516 920 5 4 0.25054100410301294
1516 961 4 4 0.24577971377341853
1516 1032 2 10 0.12276704429554389
1516 1251 7 3 0.27652619852671817
891 139 1 5 0.1418619834621431
891 247 1 3 0.11569776154445376
891 326 10 4 0.029048183995785626
891 348 9 6 0.25115473272949645
891 874 9 8 0.1721006125664552
891 888 3 5 0.09012986459098546
1077 144 8 7 0.3071463797986952
1077 501 8 6 0.03669185204863365
1077 1080 4 9 0.09336727453603139
1077 1229 6 2 0.15118283235696642
1077 1594 1 3 0.2127998494741754
1554 271 7 10 0.04297583508598071
1554 340 1 2 0.2996703828317985
1554 470 3 6 0.15598242179242036
1554 512 3 1 0.30736223883143465
1554 863 6 1 0.35424403706832
1554 879 2 2 0.02702729759919692
1554 1017 10 10 0.13230909645072197
1554 1282 6 7 0.11861681763919656
1554 1504 6 10 0.39127493631491106
1554 1667 6 6 0.06948867929781216
893 131 1 10 0.2153344570749528
893 563 3 6 0.25397770305401773
893 660 7 2 0.31846007712652713
893 689 9 9 0.13735098805617021
893 1420 8 5 0.22105196341900563
1420 23 9 4 0.2469478480631647
1420 147 9 10 0.025366614718130592
1420 248 2 7 0.2869331472636366
1420 818 3 1 0.031448223974463146
1304 1403 7 2 0.17334523511572217
1703 56 5 3 0.14177213729493773
1703 245 4 3 0.10499407739331174
1703 370 4 3 0.3988402309599718
1703 406 7 4 0.3184018240488522
1703 738 6 2 0.33161660117813785
1703 1031 6 7 0.250912212680371
1703 1120 2 10 0.1087375038002172
1703 1227 10 1 0.3696290403284914
1703 1743 9 8 0.34856821083296885
897 485 7 8 0.08026721974568578
900 982 8 3 0.05816728353645195
900 1224 9 10 0.04756025987707052
900 1574 10 1 0.3103432578014236
982 1509 6 10 0.35819263185300654
982 1599 4 7 0.17997605700786584
903 1480 9 6 0.22946298509053165
1623 759 10 4 0.1996476013360299
1623 762 7 6 0.16528096168311274
1623 774 2 5 0.13578293220805387
1623 1016 8 10 0.2603992665201859
1623 1164 9 5 0.13813534664346483
1623 1179 8 9 0.21923229793143648
905 822 9 3 0.16202810863652026
905 888 10 9 0.2170324707515539
905 984 2 2 0.266933571292414
906 778 6 9 0.31360608432682513
908 1438 8 10 0.24720450371558225
1025 454 3 10 0.32767925975181433
913 678 7 8 0.24024163261412945
913 849 9 7 0.12904667249268614
913 1719 7 6 0.31188329238716045
914 107 1 6 0.1644497148191789
914 456 1 5 0.20505162212320033
914 813 9 9 0.15958235315811312
914 1305 5 2 0.20828843817885936
914 1558 4 2 0.1747922834356081
917 516 6 5 0.18340577934670171
917 916 8 10 0.16358427554467636
917 982 2 2 0.2271778606710897
917 1509 2 8 0.15816781702674906
1509 633 9 6 0.14497241959649337
918 213 7 6 0.20152259032127232
918 460 9 8 0.15674605853131562
918 1150 2 10 0.33481160319746894
918 1443 5 2 0.34356386826282365
1443 684 9 2 0.12061586899644107
1443 915 6 1 0.02785959429633203
1443 1314 3 7 0.10721471072789687
1443 1573 9 6 0.30164087725047173
919 401 10 5 0.14123174498782398
919 430 5 4 0.3276353855684725
919 567 3 4 0.3228403658714234
1208 819 3 9 0.04981904732646611
1208 1368 9 9 0.2194459909147257
1393 55 2 9 0.15121557210863834
1393 424 7 6 0.12167146615560537
1393 459 5 10 0.3136744649337876
1393 1089 4 4 0.16982273310761964
924 324 4 4 0.21690700958737819
924 998 3 6 0.3303000287264207
924 1593 2 5 0.10091436167011973
924 1678 2 3 0.12874088599444616
925 56 5 10 0.22051083361109483
925 255 3 4 0.2996288466409148
925 770 7 1 0.22570624683381155
925 1337 8 5 0.3854172731641893
1442 22 4 2 0.08934791091390111
1442 63 1 6 0.16736016146341548
1442 112 8 10 0.03127549728349863
1442 291 6 2 0.055509052852365015
1442 519 6 9 0.19357159033194998
1442 602 9 4 0.21073778509958985
1442 607 9 6 0.18309150345842803
1442 701 4 5 0.25019318640796145
1442 1618 5 10 0.11667942556094647
927 1687 2 3 0.18723826444034414
929 1378 7 9 0.363361738307781
929 1682 7 4 0.09119986068377708
1378 683 1 10 0.34305252812316955
1076 365 6 6 0.2414841375435002
1076 1154 8 5 0.031673401920836536
1614 110 1 5 0.2513937357013484
1614 219 4 1 0.23038517486628823
1614 451 7 5 0.08270569405053925
1614 763 9 4 0.04528322516667413
1614 891 1 10 0.23534312681293484
1614 941 10 10 0.13447300519366223
1614 987 5 3 0.15604784693875218
1614 1296 6 3 0.2968966601713901
1614 1313 3 7 0.07650109895791715
1103 247 6 9 0.3920688356769775
1103 268 5 7 0.260846049424721
1103 750 1 10 0.10361688008673611
1103 1346 10 7 0.2886734991092291
1103 1558 3 9 0.005919432704883654
933 96 1 10 0.3338460439740679
933 708 8 4 0.14100544873001197
933 1374 6 8 0.02281199181089516
934 847 6 1 0.2921696288717129
935 161 7 3 0.25752553406485024
935 803 3 9 0.11143861895246034
1636 113 10 8 0.14961051780349233
1636 346 1 6 0.3025869184672315
1636 673 2 10 0.16824984601663556
1636 1292 10 2 0.019164798555749013
1636 1549 7 5 0.1085701501804091
1636 1597 6 5 0.2692391153021599
1636 1735 6 8 0.305666698572071
1636 1747 7 7 0.004330533769051265
945 666 7 4 0.08019867390197681
945 713 5 7 0.20362152498845823
945 1117 2 6 0.14597853586482878
1117 900 9 1 0.27989682182802783
1117 1083 9 10 0.13353539591166352
947 342 1 5 0.2899456626722432
948 363 10 8 0.093069069798187
948 656 8 10 0.21826131048791605
948 956 5 2 0.14055622577352597
956 156 3 6 0.20412896476270642
956 319 2 5 0.14800111028255641
956 1685 2 9 0.17555230121860124
952 1022 1 2 0.23973880626586466
952 1150 4 6 0.015929344311014504
952 1320 9 8 0.22380626782299656
1035 711 4 7 0.12842087258155932
1035 748 4 7 0.1093686401039425
1035 1439 7 8 0.13628391701819864
1035 1666 8 9 0.34709335886100046
1544 441 8 5 0.2792450391104584
1544 454 9 6 0.300886221750584
1544 491 8 3 0.07541349430318298
1544 492 10 2 0.18966226364065947
1544 801 1 5 0.06434394870214091
1544 818 3 3 0.012619758514178958
1544 965 10 2 0.22127785943244
1544 1012 2 6 0.29163590068547324
1544 1558 1 1 0.1657493317806345
954 219 8 3 0.35418710111351626
954 892 10 2 0.05312792008961714
954 944 8 1 0.34594568886824784
954 1012 9 2 0.32137816428468957
1012 272 8 2 0.16012882779660814
1012 670 3 10 0.25282936161446884
1012 818 8 9 0.16052315596915262
1685 121 5 9 0.12389228777711579
1685 398 4 9 0.18413064436996507
1685 874 4 3 0.30016326841206287
1685 888 8 3 0.1638877025734566
1685 901 10 5 0.20356659933421256
1685 1004 10 5 0.3468521382633268
1685 1161 7 3 0.26392098584532053
1685 1322 6 3 0.11918347586038397
1685 1411 10 1 0.3486447020883172
1685 1529 10 6 0.38015147290426665
1685 1614 6 1 0.18625084811161383
1685 1646 5 3 0.27093565817045356
1685 1715 5 4 0.13877131619709876
957 1052 1 2 0.38786866629637673
957 1100 4 4 0.28195223017528054
957 1441 3 7 0.06811508423439855
957 1496 9 9 0.05588615638218483
1105 52 4 10 0.27294169300179183
1105 238 6 4 0.3365833546250356
1105 765 9 5 0.3533100193184965
1105 1240 9 4 0.02753201374598352
1105 1574 6 6 0.2737568968565899
960 194 1 2 0.23074546576078814
960 460 9 3 0.1288769493716676
960 836 8 10 0.24238578074017353
962 741 9 5 0.107234212073362
962 991 7 5 0.23012172373541667
962 1096 6 9 0.16669518513689283
1096 229 2 10 0.14935293850182318
1096 1452 3 3 0.06541046219620197
1096 1461 8 10 0.21326243401828315
963 739 3 5 0.1209791456013941
963 850 6 5 0.28356316974685414
963 1251 2 1 0.33156184891757234
963 1652 5 8 0.19168595957382423
1251 314 7 4 0.14577655821188656
1251 920 2 2 0.27885068065902524
1251 1131 8 2 0.012082719331254349
1251 1348 4 10 0.3751016393456288
1652 148 7 2 0.18835533590809136
1652 153 8 6 0.06597545726325962
1652 515 7 5 0.23365971369972827
1652 1267 7 1 0.2136501860354265
1652 1472 7 10 0.20962690391547328
964 189 5 10 0.009713908511038483
964 586 2 9 0.0781285086340735
1054 673 2 5 0.20189978283425608
1054 828 2 8 0.21291606702807137
1054 1066 4 3 0.09516391950190274
1054 1352 7 9 0.1435529312429625
1054 1538 1 7 0.0029069698472984906
968 220 9 1 0.3473640692673997
968 1253 8 5 0.39963430944798295
968 1267 6 8 0.17447398596280517
968 1573 5 2 0.37284588591749623
968 1704 9 1 0.027180158856835307
1253 198 4 3 0.1559561659285116
1253 321 7 8 0.2760111642327818
1253 389 10 8 0.24699022211467406
1253 849 1 3 0.2171782956250527
1253 1494 5 6 0.19229908369284707
1253 1574 8 8 0.2184519218446811
1253 1625 9 8 0.3218748794511505
972 297 8 1 0.2281510456480515
972 556 8 1 0.06144045597981221
972 952 9 7 0.20636104785317796
972 1375 4 7 0.18544408619703465
972 1568 10 3 0.2455980483686444
1375 396 5 1 0.21969045390820155
1375 561 1 9 0.26175307016599825
1375 838 1 5 0.1060287887417587
1375 1124 8 1 0.3552683728048367
1375 1591 6 1 0.08464890562742965
1568 536 10 4 0.18796975146679745
1568 606 10 9 0.14207905003482657
1568 726 9 8 0.1543173689664322
1568 783 5 6 0.020863883871921424
1568 1597 6 8 0.2778412367523144
1352 1419 6 9 0.17475903527824974
978 177 8 7 0.3846065112917313
978 328 6 1 0.14220476276998678
978 521 6 1 0.12194140719935115
978 591 4 2 0.14645748540549158
978 762 1 6 0.23264663703606786
978 971 9 10 0.32126300793079127
978 1549 3 1 0.3477525372799778
1549 1160 5 1 0.36571895412085526
1549 1295 4 4 0.32171829524281625
1549 1336 9 9 0.1443544461516987
1549 1386 10 6 0.26361878465987343
1549 1505 10 1 0.197233492860083
979 190 6 4 0.15335904245349932
979 363 7 8 0.3996875256570015
979 833 6 4 0.029668242326774424
979 1308 1 7 0.09971470669915672
979 1392 4 2 0.2518308971956554
980 33 8 8 0.15155935825830058
980 277 4 1 0.15783064070558736
980 1649 7 10 0.21310755745294963
981 151 8 3 0.2651413308002797
981 227 7 4 0.2016718644521434
981 1277 8 6 0.307345975305225
987 377 5 9 0.230992621735307
987 801 1 5 0.28925149639385195
987 1318 10 10 0.21656277665632936
1318 503 10 5 0.22829872825822842
1318 551 9 3 0.1757966318321605
1318 1322 2 10 0.14820254086465523
1692 182 6 3 0.19514581439395742
1692 764 8 1 0.03356479079423244
1692 964 9 10 0.1634459560451171
1692 1077 10 8 0.29289432087374845
1692 1260 4 3 0.1931996480189075
1692 1373 3 5 0.194141942857419
1692 1691 6 5 0.287545973096612
1196 32 9 4 0.15054531801239407
1196 343 9 2 0.1365591432996326
1196 559 1 7 0.18508410317146057
1196 575 9 1 0.1875786441164767
1196 633 1 9 0.2628354338151509
1196 643 10 3 0.2463245634635505
1196 731 1 4 0.22814169765245254
1196 1493 8 7 0.3384064261622572
1453 327 1 7 0.28383841086837436
1453 769 5 7 0.22441693259860493
1453 818 8 2 0.13046686023831516
1453 1254 1 3 0.07464799409920381
1110 613 7 5 0.26883303424336613
1110 1286 4 9 0.08837786364060263
1110 1394 3 9 0.22772302497646532
1530 51 7 9 0.1973528715928347
1530 433 7 1 0.24815699828410198
1530 458 10 6 0.091578561727548
1530 966 10 2 0.2639609716140241
994 709 2 8 0.26248726485593954
994 868 5 6 0.051557109020772623
994 1116 5 6 0.2873215906876373
1396 489 6 1 0.3564176960418377
1396 679 9 9 0.2303003668157072
1396 1566 5 10 0.20580684855158748
1396 1706 3 9 0.27327563705483116
1432 1727 8 10 0.129874297498108
1524 608 5 8 0.10036960436507515
1524 1553 10 2 0.004570345173774332
1524 1713 5 3 0.12422747869152048
1387 475 3 10 0.1532010525040402
1387 831 3 2 0.2663587753988635
1387 933 4 5 0.04475400132443999
1387 950 3 5 0.03935335667166781
1387 965 10 6 0.07195416182909761
999 1199 2 6 0.11573180837862056
999 1318 9 9 0.3281471979216276
999 1546 1 2 0.26112744686195716
999 1580 1 8 0.23460708700389288
1546 9 8 7 0.06535205171652203
1546 53 5 1 0.02406500548178872
1546 82 4 5 0.2900432428610821
1546 439 2 9 0.15542638648271778
1546 533 3 9 0.16144577598352014
1546 1304 10 2 0.11269163739475797
1546 1337 4 9 0.21682460471582676
1580 1236 8 8 0.09969589869614992
1580 1242 8 9 0.06497770841150241
1580 1279 6 3 0.17732061462220386
1001 261 7 2 0.07901086407573488
1001 1378 8 10 0.01612741492571304
1001 1749 4 3 0.34593986804556864
1749 66 8 2 0.24665415553648248
1749 83 3 8 0.20689951353525
1749 442 9 9 0.14971539206803905
1749 554 2 6 0.2089047686438385
1749 573 1 1 0.2061958409480243
1749 724 5 2 0.16017980829361372
1749 810 10 9 0.16680251969666732
1749 998 8 1 0.2911961070131575
1749 1201 10 6 0.18548980215387095
1749 1313 1 4 0.13102456590995853
1749 1689 3 6 0.025980488962605408
1749 1728 2 6 0.12043286559087794
1203 1360 8 4 0.1144005043318149
1203 1529 5 8 0.00572191942881764
1203 1696 7 2 0.35068518512360225
1003 1148 3 7 0.14561287630956693
1564 206 8 2 0.08982274836707803
1564 749 6 9 0.10627392074701486
1564 1497 4 5 0.09898846692190909
1564 1634 9 4 0.11849499630984665
1215 122 2 5 0.13806044403999018
1215 610 10 6 0.2991741627493841
1215 1337 9 6 0.20612190441548184
1007 132 5 4 0.24181727686569218
1007 1520 9 5 0.36831400681693527
1008 331 7 10 0.24247221053333
1008 361 9 7 0.03207716407763428
1008 957 9 4 0.2536617236516432
1008 1517 4 10 0.23444867712930145
1008 1647 2 2 0.20942770926048768
1647 6 7 8 0.23932115863833672
1647 33 9 10 0.25386612061160424
1647 388 2 6 0.022328702217754792
1647 535 8 9 0.19734938045324488
1647 1248 8 3 0.3603456547786149
1647 1373 10 6 0.1927238012458275
1647 1375 1 2 0.16393095385780215
1647 1386 9 6 0.3286507669712594
1647 1614 5 6 0.14967058308591438
1647 1658 6 9 0.08480657633848351
1355 119 8 5 0.3055701530712065
1355 1128 3 5 0.14697966487749928
1011 1150 9 8 0.08812189869945548
1013 357 7 8 0.054444553051681444
1023 487 5 8 0.14853018340983382
1023 492 4 3 0.15259896522699143
1023 662 6 1 0.3545221920697592
1023 737 3 5 0.20346891418376195
1023 1014 3 2 0.20563175217466445
1023 1734 8 4 0.23034609980489967
1024 456 4 9 0.3130554764098556
1024 590 4 9 0.24612194620987077
1024 755 9 7 0.046075578002943735
1024 1091 6 6 0.040128544320191084
1091 831 9 10 0.031930016505221454
1026 777 7 9 0.31377792543976796
1026 892 10 4 0.05368244018683918
1026 1551 6 10 0.07250905672992974
1026 1680 1 5 0.2792715207356052
1031 209 6 2 0.18594813908525362
1032 277 1 3 0.13759952141568998
1032 330 5 6 0.11016072103077271
1032 452 3 7 0.2503714095252715
1032 1201 4 7 0.1609603977481419
1201 258 1 8 0.21972979095785256
1201 1732 3 6 0.2782291080876058
1037 1244 2 10 0.3029353680342636
1037 1378 6 6 0.2567069051220531
1170 88 6 9 0.0680546076584112
1170 1354 3 1 0.10917545338447286
1454 437 4 10 0.17202832759085965
1454 1100 1 1 0.3421155944458812
1454 1510 5 8 0.09254519210094296
1454 1519 6 9 0.23796345751468176
1454 1740 10 5 0.3599021985379084
1041 443 10 7 0.22158442221546074
1041 1244 8 9 0.2655180578143994
1041 1261 4 6 0.20382981790968283
1162 66 3 5 0.11029213915363552
1162 1364 6 10 0.1068369969556179
1047 702 6 5 0.15182221246803793
1047 1020 1 4 0.10995779525293868
1047 1736 10 6 0.24914833042114662
1050 1006 7 4 0.1901675883941949
1050 1127 4 10 0.31574301764755613
1050 1247 5 3 0.10575161732939056
1552 90 2 4 0.235708880761559
1552 156 2 9 0.05104876802601957
1552 402 5 7 0.273564513319924
1552 1141 8 3 0.2512137466061777
1552 1243 2 7 0.22434207802644476
1552 1498 10 3 0.3721374982550371
1552 1732 4 9 0.10903745219296924
1282 249 9 3 0.1089102374968388
1282 312 8 6 0.38800542526427584
1282 1250 10 4 0.23851341405362642
1282 1434 7 6 0.03347271604008248
1066 1467 5 3 0.21828571473509847
1056 673 4 10 0.023783222089901995
1056 1055 5 7 0.30434690337224307
1056 1492 4 3 0.07940104490146736
1492 537 6 8 0.21886950556109333
1492 732 3 7 0.296127214950999
1492 816 1 5 0.2596510452227534
1492 1292 1 4 0.22585363519793702
1492 1461 4 2 0.07405851411524006
1057 1082 9 6 0.21079189849586272
1057 1204 1 10 0.0465071882140059
1057 1378 1 6 0.22274493443523144
1057 1545 3 4 0.21275969049443794
1057 1711 2 3 0.3118415794924073
1711 194 5 5 0.012802825884669328
1711 200 3 3 0.3550316692204414
1711 414 4 6 0.03850378629938567
1711 478 9 7 0.2008288400219863
1711 670 2 9 0.08855154213576881
1711 754 10 3 0.144915742729354
1711 912 5 2 0.09382718593875174
1711 1080 6 1 0.35834788022247555
1711 1107 7 9 0.06537603989697247
1711 1184 7 6 0.218998063021978
1711 1297 7 2 0.3008324352192318
1711 1467 1 4 0.08554647273942571
1711 1520 1 4 0.06902289903767744
1711 1692 7 3 0.1979817046267086
1059 632 7 4 0.13694102645505002
1059 1083 1 10 0.2306705569881322
1059 1295 6 2 0.07479422753793616
1083 24 5 9 0.28681519704355307
1083 663 8 1 0.31277877496703976
1083 692 10 1 0.3379905992500408
1083 910 5 2 0.15547915858347328
1060 209 1 2 0.227055597344201
1060 513 7 1 0.27114078328383195
1060 649 10 10 0.20618552186956796
1745 348 5 7 0.15775706597525294
1745 361 6 4 0.18736946866948886
1745 444 4 1 0.006113352161109559
1745 507 4 6 0.10515040708643811
1745 558 4 1 0.20627066709615685
1745 589 9 9 0.1522369934750226
1745 634 7 9 0.19388457517811122
1745 784 5 4 0.00867518236729839
1745 1154 3 6 0.06562113011266033
1745 1229 10 2 0.1948755019288735
1745 1286 1 7 0.0486896957057088
1326 127 3 1 0.20116650141185424
1326 561 5 9 0.12994493353575898
1326 620 2 4 0.15518016363784212
1326 1369 9 9 0.27023232855922585
1070 283 1 8 0.33342068458597074
1070 747 10 6 0.2458118654221058
1071 632 5 6 0.21583013735316542
1072 238 3 8 0.20884670767193445
1072 623 4 10 0.12908516871275105
1072 643 3 4 0.17361539871457635
1073 585 3 9 0.25967747099874644
1078 1680 9 5 0.3071680265638708
1216 439 9 5 0.17438567256181936
1216 1149 9 10 0.017752859701564455
1671 50 9 9 0.14321669911828605
1671 169 8 8 0.15470540561658866
1671 394 6 10 0.20805002868317957
1671 627 6 8 0.39041418099511044
1671 710 5 1 0.19979023937631077
1671 801 4 6 0.2789586127650315
1671 979 6 10 0.11293879383107612
1671 1430 2 7 0.24040063252249938
1671 1614 6 1 0.2602998258675279
1081 1287 2 4 0.29423996436986866
1287 1389 6 1 0.19939087271054864
1287 1732 3 2 0.320944497646572
1085 1031 5 1 0.3948706761023042
1085 1487 9 3 0.1891883464545188
1085 1602 6 7 0.36540250941959207
1086 184 3 8 0.17563432696441827
1086 215 7 2 0.33552175924165606
1086 785 3 2 0.31035712546759514
1086 851 4 3 0.24045960133862226
1086 971 2 1 0.3291259420409999
1485 33 6 10 0.007295494355304577
1485 689 3 1 0.028717576647525833
1485 1116 10 7 0.21789562514325256
1485 1305 3 5 0.13237205389096146
1485 1517 1 9 0.1469147274859745
1088 181 2 3 0.38786747400768085
1088 946 7 10 0.17941016978387891
1088 1527 9 9 0.18748723901519845
1579 119 3 10 0.12076848734343194
1579 227 8 6 0.15302143206549965
1579 275 3 10 0.1068058430547947
1579 277 7 7 0.38227139603924726
1579 743 2 1 0.06220653638012816
1579 1143 2 9 0.38116758802572737
1579 1314 2 7 0.056974107422308795
1579 1720 4 2 0.17935877963483643
1092 668 3 4 0.12371452660548873
1092 957 7 6 0.33397335791149807
1092 1679 5 6 0.12459251347497816
1679 58 4 1 0.1307300706617729
1679 92 5 7 0.3336967445832216
1679 568 5 5 0.2614770536171214
1679 680 4 7 0.28904212312647515
1679 702 9 8 0.3007502519356165
1679 1297 8 10 0.024314267355672353
1679 1674 7 9 0.1311318312092944
1094 437 7 9 0.04067281697106359
1094 841 7 8 0.3514826524540502
1094 1254 7 6 0.18615481839412543
1094 1639 1 6 0.1950238860823088
1254 976 5 2 0.34231531968824347
1254 1100 9 8 0.12308421496752617
1254 1297 7 3 0.3818824141114834
1254 1613 1 10 0.17515556031502663
1254 1661 5 6 0.14717139996182121
1639 544 2 6 0.12694511883595838
1639 658 1 4 0.1386148477301001
1639 736 1 7 0.12579247145262618
1639 779 9 7 0.27186911000359004
1639 818 10 3 0.13970211520107134
1639 1371 10 9 0.15703028399589944
1639 1727 3 3 0.2533998658597233
1452 846 6 6 0.30074920371586783
1452 1016 7 8 0.2611475327130246
1452 1276 8 6 0.07624880441498098
1658 238 10 6 0.08574063477755563
1658 326 5 8 0.39829218427280566
1658 812 7 9 0.1881976117709979
1658 858 10 9 0.15962596311202437
1658 984 6 9 0.34304010112438044
1658 1100 10 6 0.3454302578916263
1658 1454 8 5 0.1658857924755727
1658 1467 9 6 0.17916892890331562
1658 1610 5 5 0.21534679502756043
1099 36 2 4 0.2914570113551038
1099 759 10 10 0.056278100531528624
1099 1160 9 3 0.2872732123529509
1101 449 2 9 0.3771574849583502
1101 559 7 4 0.28594764989194305
1101 688 8 8 0.39030875658679703
1101 849 10 1 0.1425836012279672
1101 850 3 6 0.09336140707662922
1101 906 8 1 0.009940298171914996
1101 1695 3 1 0.11197373643351707
1104 189 4 6 0.24371470323323025
1104 690 4 6 0.2537424927736804
1104 1423 3 5 0.02091145792309254
1106 911 9 4 0.049055820677478934
1106 1141 2 7 0.13248489989316978
1339 91 6 2 0.2384739884935098
1339 526 5 3 0.22491221464532551
1339 884 9 10 0.23979064581055734
1339 1171 6 10 0.32372794348694445
1339 1215 8 8 0.038329069308372876
1339 1263 2 3 0.19850512288519379
1415 500 9 3 0.34740070036256526
1415 764 6 8 0.132561792695756
1415 1021 7 10 0.3015838607239053
1415 1089 4 7 0.29502710880510913
1415 1297 8 7 0.08071561050383075
1415 1379 2 8 0.22463742893443428
1415 1401 10 7 0.1909526302830462
1415 1689 6 5 0.11111757909758045
1118 535 4 1 0.22514140070229186
1118 1032 5 1 0.21753147219632213
1119 96 8 8 0.1631154363523041
1119 395 1 2 0.25483102055472173
1119 726 3 8 0.3813764398641176
1119 1106 4 10 0.2441687367349991
1119 1740 5 8 0.18857131388428278
1121 867 4 8 0.24371935670294587
1121 1116 6 7 0.31411721983610924
1122 761 8 10 0.19948728211041336
1123 113 10 10 0.14956960789232734
1123 1075 6 8 0.06727833651560103
1123 1644 3 5 0.10879690596224789
1123 1671 6 7 0.25423131579365454
1644 448 4 10 0.23032696226683677
1644 573 7 7 0.19027488014503258
1644 642 4 2 0.14605702651203128
1644 814 3 9 0.31766786167614364
1644 1089 1 9 0.2377973696908388
1644 1423 7 3 0.18540613304844408
1644 1469 1 2 0.3437901103653398
1644 1574 9 4 0.18618035574495137
1125 458 1 3 0.17438867721620493
1125 945 9 6 0.288697177840505
1125 1415 5 8 0.28037584086036604
1126 64 1 4 0.17896171574738978
1126 439 4 3 0.27025873697029995
1126 651 9 9 0.3826013154080374
1126 922 2 1 0.0913355615751586
1126 1685 6 1 0.31639644523756155
1428 27 1 7 0.09324473137039135
1428 739 8 9 0.199187913432889
1428 1018 5 9 0.20254201946137376
1428 1682 8 6 0.3571927492803234
1128 653 10 4 0.1404835504844821
1128 902 2 6 0.13710344963122617
1128 1054 6 4 0.05143334871338326
1128 1162 1 3 0.11709863610384356
1128 1622 9 3 0.2779110419132123
1130 247 6 2 0.3377311549787543
1130 1200 10 2 0.12318913549402766
1200 1404 3 3 0.31949649877879704
1200 1722 4 6 0.3027297369146077
1180 454 9 8 0.28425449566517835
1180 475 4 5 0.11435661155359343
1256 18 9 10 0.32014410506190294
1256 1141 9 7 0.31689879170278795
1256 1285 2 5 0.041527256466004636
1256 1551 9 5 0.14185700598599213
1400 67 9 4 0.3888207249466298
1400 439 9 10 0.27628431956490085
1400 576 8 7 0.20966739949260055
1400 718 1 7 0.16218681314160477
1400 1162 3 2 0.10049500197732712
1400 1496 7 7 0.0795152558701806
1400 1598 3 10 0.2256477279178836
1137 545 2 8 0.11783613620481427
1137 1417 8 6 0.09053985859144299
1137 1646 3 4 0.2375683012140313
1137 1744 7 2 0.2920288574520348
1139 122 2 9 0.06209006441421344
1139 261 9 10 0.1300200490314697
1139 270 8 1 0.05345299641016746
1139 409 10 8 0.18487982140147913
1139 682 6 3 0.0931137479654904
1139 884 3 4 0.28674144436636684
1139 980 6 2 0.306913438102881
1139 1606 2 1 0.35680456979808517
1140 307 3 10 0.27855456516407046
1489 419 8 1 0.16775266098229002
1489 660 8 3 0.3118016817005751
1489 747 8 1 0.3590478637232497
1489 865 10 2 0.139434826093921
1489 1279 10 9 0.1376086301370763
1489 1289 7 2 0.25200194700926104
1489 1610 5 10 0.10220183445622269
1143 36 6 1 0.18797914041262698
1143 61 6 10 0.023395492446686872
1143 104 1 7 0.13669399378312228
1143 384 7 9 0.0378717829573369
1143 1727 10 8 0.16498057345866593
1144 613 10 5 0.26907953831623593
1144 1371 7 8 0.09347465955539663
1144 1689 3 3 0.3368565824853289
1145 630 3 10 0.23329166595835482
1146 847 8 1 0.17794794595781466
1146 849 9 2 0.09483417611193333
1146 1053 4 1 0.18636404819497623
1146 1739 1 10 0.1237646183357857
1739 66 5 5 0.11783476979158018
1739 110 10 8 0.372300120386187
1739 123 4 9 0.04739036283534098
1739 236 10 7 0.13341675090579874
1739 291 1 8 0.28379504694687235
1739 370 9 10 0.26660368744032503
1739 487 5 9 0.12766611840391162
1739 515 6 5 0.2875861769223995
1739 588 9 7 0.28116485351933634
1739 675 7 10 0.0008969357989337401
1739 818 6 10 0.2525949366530047
1739 1022 1 5 0.3223470661400629
1739 1250 1 6 0.08246006803143688
1739 1257 2 3 0.19222309867637583
1739 1340 8 1 0.22837047484472944
1739 1373 5 10 0.19644610262215584
1739 1496 6 1 0.31547260641197516
1739 1618 4 1 0.1736742540533076
1151 358 2 7 0.05123856979775965
1151 938 8 5 0.0831459376423738
1151 1029 5 7 0.11431263698896148
1182 725 9 3 0.30341143915166313
1182 752 6 8 0.17274193817411065
1419 264 7 4 0.14254447793067698
1419 272 2 2 0.1917412685787166
1419 1053 3 9 0.30856710199381965
1419 1133 8 9 0.22830298641755148
1457 570 5 3 0.10598133248217588
1156 849 10 5 0.0535647337476326
1156 1304 3 1 0.1555921523778122
1156 1674 2 3 0.32140095734143503
1674 156 1 6 0.026375601001423887
1674 376 3 2 0.21816723090150805
1674 740 1 8 0.2591799476344707
1674 1329 3 1 0.15780600003197431
1157 485 1 10 0.07477232505404274
1157 1260 9 4 0.22818824225176054
1157 1271 1 6 0.3368196986891566
1376 232 8 5 0.12492412030849835
1376 476 3 8 0.2368539577795089
1376 727 4 1 0.25249168940422273
1462 996 7 7 0.25672264023585667
1462 1101 1 4 0.3550571471556121
1364 108 5 9 0.21263553181233633
1364 110 1 1 0.08739203868821024
1364 536 3 6 0.33955902365119006
1364 708 8 10 0.18402768467712882
1364 831 7 5 0.028357298205658937
1364 988 1 2 0.20665769645913132
1364 1149 9 7 0.3093485695614916
1164 597 7 3 0.2616382350459775
1164 599 6 8 0.3022427455112804
1164 617 3 8 0.09465555802104751
1164 788 3 6 0.25011091061217566
1164 1013 6 10 0.193384847842814
1723 483 1 7 0.26955900472340977
1723 527 8 3 0.08277806211957867
1723 552 9 6 0.007108749020014682
1723 721 8 3 0.1451662258905999
1723 801 10 4 0.2827114620312705
1723 969 3 9 0.3373411976665828
1723 975 5 7 0.21085805989339004
1723 1240 9 2 0.13732024800372006
1723 1383 5 10 0.36378367516699406
1723 1578 2 10 0.21779228911866372
1723 1712 5 8 0.24217050512256233
1169 222 9 4 0.22166967670256282
1169 668 6 2 0.3626159812939069
1169 747 10 9 0.11976771577086474
1169 766 2 2 0.08006631569676637
1169 1126 9 4 0.2966407054748925
1169 1472 6 7 0.35927409474751837
1472 548 7 10 0.22021895852843265
1472 713 3 4 0.19490885071299752
1171 567 4 9 0.23567181347527916
1171 660 10 1 0.13937777767102047
1592 400 9 4 0.2645972062451885
1592 992 1 5 0.18021806556663567
1592 1124 6 10 0.22463047126102093
1592 1352 9 9 0.23046913249545403
1178 103 5 10 0.013974202909550704
1185 859 9 4 0.32171194959846533
1185 1093 4 6 0.10923627097300141
1185 1201 2 7 0.3847805869649142
1185 1641 1 7 0.15545740802274455
1641 20 2 10 0.31211303216529607
1641 450 8 1 0.3276147614158436
1641 529 4 8 0.21503152785752125
1641 766 1 1 0.3813223143723361
1641 1105 6 2 0.20390526806251533
1641 1253 8 10 0.31459481252222204
1641 1500 7 3 0.34874186961227416
1641 1568 3 3 0.07412017473268592
1559 109 6 4 0.2389751152281158
1559 583 2 1 0.17420345512669522
1559 632 10 6 0.21016869013430303
1559 706 4 7 0.309459580206132
1559 830 8 10 0.07801687073485054
1559 892 1 3 0.24277793044470905
1559 1110 2 7 0.21329842546146524
1559 1168 7 7 0.2146131638645865
1559 1508 2 4 0.3802854431162569
1191 1083 7 4 0.22090564480055988
1191 1203 8 3 0.3115164835136095
1191 1545 1 6 0.31338958150922486
1192 541 9 9 0.18411930385009662
1192 597 3 8 0.29003070735413894
1193 1550 1 2 0.06490647887305295
1195 180 4 10 0.12373806762328554
1195 224 3 2 0.24061976849840924
1195 426 10 3 0.316334542344212
1195 947 1 6 0.259556043517669
1197 1199 4 10 0.07733092244140735
1197 1727 5 9 0.1293772257084769
1366 1059 7 1 0.18634246238307658
1366 1340 7 3 0.031433372397659254
1366 1629 10 7 0.09884550914432108
1404 480 5 5 0.08317623326874472
1404 624 7 10 0.11111822903794444
1404 687 6 6 0.20740924327190657
1404 798 2 3 0.22809725214690657
1404 1262 1 4 0.19651818446042577
1202 450 7 2 0.00031153512406806305
1202 959 3 7 0.07758289286180044
1202 1044 6 9 0.22555078689315552
1202 1185 6 9 0.021629224964015425
1202 1234 7 5 0.26393418043582945
1202 1308 1 3 0.39640407918217324
1234 45 3 10 0.2510023822635136
1234 272 5 7 0.17793554520678007
1234 555 6 6 0.10553698183367963
1234 863 7 2 0.276689320911006
1234 1672 7 6 0.18308105532078123
1234 1719 1 8 0.2437725100902728
1529 307 9 9 0.12958122935001068
1529 740 6 5 0.2749948197633574
1634 182 1 8 0.2629254529739628
1634 321 4 8 0.11580565885477033
1634 560 6 2 0.3222361126816709
1634 1046 3 5 0.14574313997670965
1634 1290 5 10 0.04405145834779903
1634 1590 8 6 0.07053539896693409
1634 1604 6 7 0.0776046025435704
1634 1617 9 9 0.1829663448781428
1205 881 7 9 0.36758409092947963
1205 1610 10 8 0.16113523241084157
1205 1628 4 2 0.16985609692397277
1205 1733 7 8 0.2851169155159702
1628 276 3 9 0.24281385735463157
1628 617 10 7 0.14851847363780846
1628 931 8 6 0.30863710356937135
1628 1004 8 5 0.05107375245009618
1733 80 5 7 0.2802516331582879
1733 136 3 6 0.04932772116373765
1733 168 2 4 0.3627300981065111
1733 353 2 8 0.1520000480491734
1733 439 10 4 0.030585273482597736
1733 531 1 2 0.21437856762594157
1733 607 9 3 0.31129557332533897
1733 824 8 9 0.08536466792848066
1733 832 3 5 0.292150803715004
1733 874 2 5 0.18661651152114234
1733 1011 8 7 0.18747086942081292
1733 1012 4 3 0.04159631247179535
1733 1348 5 4 0.289108365830568
1733 1352 8 1 0.29697689576269626
1733 1510 6 3 0.3070741076694663
1733 1555 5 7 0.018732353162855236
1733 1577 6 9 0.17465545658063775
1733 1646 8 7 0.06924696278772008
1733 1647 2 7 0.08524773879767684
1672 406 8 3 0.2504065431352288
1672 427 4 1 0.26322395705999924
1672 1213 2 5 0.08529974971082416
1672 1237 4 1 0.3067334372083417
1672 1337 10 7 0.23687940562527054
1672 1660 5 10 0.07974749893262115
1672 1712 9 2 0.22684563818292294
1210 24 7 4 0.32179099604939754
1210 161 10 2 0.03019955274249289
1210 583 3 1 0.26156921688317825
1210 1242 1 4 0.03274732791043197
1211 591 1 1 0.07630375317830326
1211 1237 10 10 0.20245535355427832
1211 1253 10 5 0.3077126782905691
1211 1653 10 9 0.3420234606865662
1653 403 10 2 0.11021930582985126
1653 604 2 3 0.31809891495926595
1653 928 4 5 0.38660310409362497
1653 1153 4 4 0.27144664489837683
1653 1467 4 3 0.04955217335701195
1653 1736 8 10 0.17503383221467772
1212 633 4 8 0.07466418739342776
1212 861 9 10 0.34535835582624586
1212 1591 7 8 0.0941410454973048
1213 288 4 4 0.009615813973601228
1213 297 7 2 0.11739082327128574
1213 307 1 7 0.3974572732351923
1213 1577 7 2 0.034455333676828875
1214 726 8 3 0.2700420098053835
1214 983 4 6 0.22322596043945925
1214 1342 3 7 0.18775148296437547
1214 1436 6 10 0.2548886148394259
1214 1732 8 6 0.15524302823863834
1342 727 9 7 0.2133266630019903
1342 909 3 6 0.3770330403086154
1342 1379 1 5 0.15666973794185576
1342 1450 6 3 0.14393099780754876
1342 1746 1 10 0.28201054828684324
1436 1155 10 2 0.3772308444335043
1436 1315 2 10 0.20061951198352596
1436 1467 4 1 0.16007878870195336
1219 689 10 4 0.22209102284029097
1219 1041 9 3 0.11529338095732287
1219 1609 2 8 0.20844686511189345
1220 37 8 7 0.059133242188913804
1220 983 2 1 0.19305874962050346
1220 1664 1 8 0.33151680216085
1664 183 3 8 0.19751680906507008
1664 210 8 2 0.35908171892534235
1664 1330 1 4 0.20467878091469854
1664 1572 1 7 0.10728686844625274
1664 1744 1 9 0.22468320297882177
1222 882 1 1 0.2689304250755081
1222 1028 1 5 0.24145324919661876
1223 325 7 3 0.39841889246125095
1223 782 7 7 0.30007763247439423
1223 1361 5 10 0.18274518108652243
1361 1552 8 8 0.16381609261596758
1361 1560 6 8 0.28938316239599254
1361 1720 5 4 0.14274596722880262
1361 1722 4 3 0.19909373576923883
1228 150 4 3 0.3745459317103782
1228 241 10 8 0.31576057273609437
1228 674 6 10 0.10021973070736886
1228 1235 9 5 0.2454014704234546
1239 245 8 3 0.13684114684563864
1239 493 3 2 0.26223538135579105
1239 880 6 4 0.3464947238660321
1241 872 2 6 0.1357790863425565
1241 940 4 2 0.19375654067867162
1246 40 10 9 0.03178360890635992
1246 711 8 7 0.34633149448778594
1246 1687 5 9 0.20792717593885068
1249 623 4 6 0.2609085082513446
1348 282 8 1 0.31546327619649506
1348 297 8 5 0.044983003435683094
1348 587 7 9 0.14297463002077987
1348 870 4 4 0.19931475763649895
1252 662 4 2 0.3456718608807555
1252 769 6 2 0.22964120137196375
1252 1272 1 8 0.15317612834293137
1494 662 4 8 0.3083629638036649
1494 1714 4 9 0.10998172909662794
1661 262 8 3 0.09142831328861092
1661 338 6 2 0.3002803626544987
1661 378 9 6 0.0357137003316316
1661 743 7 5 0.062083670917122386
1661 808 9 5 0.3169035328778054
1661 1080 3 3 0.27600540909904453
1661 1308 8 5 0.2685213388716402
1661 1643 2 9 0.35935040026592213
1334 19 9 9 0.1152826964779352
1334 87 6 9 0.3008828923628843
1334 140 8 10 0.12466360962308219
1334 336 5 1 0.24012417844476622
1334 480 9 6 0.08888678241170153
1285 139 5 6 0.26397827988906214
1285 204 10 5 0.037491539437479765
1285 688 7 8 0.30599833253089126
1285 875 9 8 0.25442938355356126
1391 10 8 6 0.23529872635974147
1391 561 8 7 0.1152145122715043
1391 1173 4 8 0.12047381804063416
1259 200 10 6 0.3309198240416603
1259 1089 6 1 0.15923685446470925
1347 212 5 10 0.3412406660570033
1347 247 3 1 0.38223736685530457
1347 702 1 7 0.02357468267797505
1347 755 3 8 0.009033763630959146
1347 1145 9 9 0.3891296455083161
1262 229 4 4 0.3110355944767383
1262 903 1 5 0.2572787073234219
1262 1160 1 7 0.1281973516057256
1555 616 3 10 0.12408756764342546
1555 661 3 5 0.18666639440776697
1555 1019 4 1 0.34650703380228076
1555 1210 10 6 0.09384029945238934
1555 1227 3 2 0.35239894030060315
1555 1588 7 2 0.1436692803793
1264 1032 9 5 0.15725603130132695
1264 1160 9 3 0.21387681303301614
1264 1480 6 7 0.07029014842378448
1265 290 5 10 0.1209528329430176
1265 536 6 9 0.16017144544162076
1265 1115 2 3 0.3173295682808504
1265 1225 2 10 0.11796083136169394
1265 1597 4 10 0.3086645782165705
1268 132 6 5 0.10952067021197828
1268 874 3 2 0.06279085846881291
1268 1073 1 10 0.18688072444708273
1268 1184 5 4 0.049543307797728
1269 981 5 3 0.356692677238334
1269 992 3 8 0.2964518580811645
1269 1479 4 1 0.2867913344580084
1581 753 3 1 0.3346381241628549
1581 1213 5 10 0.14164317149862202
1581 1277 1 1 0.3173484498142716
1581 1323 6 10 0.17790655489292834
1581 1380 9 9 0.22226329265266886
1581 1462 5 1 0.18109274849302867
1581 1698 5 6 0.3751913381999988
1465 649 7 3 0.1778930766771168
1465 1198 2 3 0.38699571855238535
1465 1498 9 2 0.08835313601544219
1424 606 1 1 0.35574468644311963
1424 737 1 10 0.22506541987610418
1424 1198 2 4 0.0653632665759448
1424 1280 9 8 0.19287838237485497
1424 1311 5 1 0.20321177585807043
1424 1334 2 6 0.1142717819267982
1424 1503 10 5 0.3022309301979417
1424 1595 1 7 0.13036502912727332
1424 1607 1 5 0.25894324064259044
1676 417 5 6 0.15207486864529823
1676 794 10 9 0.2212530010897324
1676 948 4 6 0.22440443397707338
1676 1127 2 6 0.07147789811735925
1676 1168 4 2 0.08268394743118877
1676 1175 1 4 0.052714886036346525
1676 1337 3 3 0.20036808505361997
1676 1464 3 7 0.15942871044803256
1676 1735 1 8 0.31086867271109675
1284 189 6 9 0.3381345767905538
1284 782 3 6 0.056116476776326585
1284 1573 9 8 0.14208341679458006
1338 74 7 10 0.3950153458414454
1338 283 2 4 0.3323563498125738
1338 1492 1 2 0.2375864800161297
1389 354 7 1 0.010499853103768858
1389 364 7 4 0.2448929236235063
1389 600 6 10 0.04616593576874456
1389 801 4 5 0.3116637503968098
1389 847 1 10 0.3038726944859321
1389 1001 4 3 0.15654451273262437
1389 1207 6 7 0.15511627081064203
1389 1412 9 7 0.09624166282191186
1288 32 10 1 0.23053779353889103
1288 50 5 6 0.008227932563955404
1288 1124 2 1 0.22795612103253227
1290 838 8 9 0.24671682533792866
1290 894 5 9 0.22869936910713162
1290 898 6 5 0.36276258134086836
1290 1062 1 5 0.18278555482815198
1291 221 7 3 0.06739831578295141
1291 451 9 8 0.257217082919862
1291 899 3 9 0.22241097922201827
1291 1561 3 1 0.29544127994543073
1292 38 4 5 0.31624733451651943
1292 824 7 4 0.2601628970852751
1298 981 9 7 0.14368091323492518
1300 86 7 7 0.3198534021196955
1300 229 5 9 0.18133830844262916
1300 543 7 3 0.200254571122446
1300 1250 3 9 0.06525182497334073
1300 1680 8 6 0.21025477218992344
1301 793 9 10 0.21669274560049306
1301 829 9 1 0.2804935542877848
1301 871 9 5 0.16434645903311562
1301 1499 8 1 0.2158443925066896
1302 988 9 6 0.1664839484728781
1302 1541 8 6 0.3057696187560196
1302 1604 10 7 0.27896868554343124
1541 256 1 8 0.12603716754664396
1541 363 10 9 0.23409955176609676
1541 540 9 2 0.32605012993673477
1541 554 4 8 0.02019771862272854
1541 682 9 9 0.3356190356565963
1541 869 7 8 0.06122455784422218
1541 995 6 2 0.1131618046978857
1541 1392 1 2 0.10263816331849952
1541 1744 9 9 0.12262689209137555
1303 382 10 10 0.33203570959738465
1303 429 10 8 0.22634242531490598
1303 1093 1 10 0.19517089026475443
1303 1244 1 1 0.16431913927423064
1307 138 4 4 0.10346264862275069
1307 163 8 7 0.07001372388600949
1307 759 5 4 0.11593503097280976
1435 36 3 3 0.25090534015133553
1435 159 5 10 0.3255656711779678
1435 769 10 7 0.19476858764938784
1435 1636 1 1 0.07224809089075868
1435 1693 7 8 0.19345588292277546
1483 316 7 6 0.036927315684387674
1483 512 10 3 0.32657251907491847
1483 1074 9 6 0.060682024872200424
1483 1157 5 10 0.3868376377695736
1483 1545 9 7 0.07779267605469678
1310 468 7 9 0.12053465925770097
1310 488 9 8 0.3234376575169326
1310 597 7 4 0.01067637759190554
1310 810 7 1 0.2663423970510286
1310 993 9 2 0.19266157160137987
1310 1068 1 8 0.012553015683873292
1311 332 3 7 0.09149042952948631
1311 881 6 2 0.31068615373664266
1311 1035 10 4 0.15344967071622315
1311 1454 2 7 0.031043648547384645
1311 1552 7 9 0.04859305982853629
1316 366 2 10 0.08202184356862673
1316 471 1 2 0.13213422664752095
1316 1152 5 9 0.3506858996283161
1316 1521 9 9 0.27591725395805783
1317 90 5 8 0.30733782255161063
1317 627 4 6 0.16872319703909627
1317 860 5 10 0.049529063067584006
1317 932 1 1 0.06656251245619627
1317 1590 1 7 0.33221490789681785
1590 243 5 6 0.20254625353265013
1590 497 9 3 0.16519965219592633
1590 596 9 7 0.3200063439320785
1590 725 5 3 0.1783807333720862
1327 105 10 5 0.3579479731533406
1327 117 5 4 0.08596379791606415
1327 582 7 4 0.026454517963832164
1327 691 1 3 0.13638837539122667
1327 1133 5 2 0.05962927690557368
1327 1732 10 6 0.23661946854682075
1328 228 10 8 0.11775901847353469
1328 621 3 7 0.18555985514862688
1328 719 10 2 0.18740416630341256
1328 1493 3 3 0.31024735003269593
1332 174 7 5 0.10512389493006671
1332 345 1 4 0.1828549877203095
1332 850 8 7 0.155120376211902
1748 467 5 9 0.10788017401987668
1748 560 6 10 0.13415561335985005
1748 665 2 10 0.3256200438258783
1748 808 7 10 0.25044408340541524
1748 1095 7 5 0.051679105446662266
1748 1198 1 7 0.13647876233408218
1748 1203 9 1 0.18741070961641368
1748 1236 6 7 0.18002700381456765
1748 1271 2 8 0.2098431745937211
1748 1637 1 3 0.061176237671295514
1748 1674 5 1 0.03736749669216005
1335 156 10 1 0.2207710265386726
1335 747 7 9 0.2545423201817292
1335 818 6 7 0.17996279169459653
1335 837 1 2 0.39441729615108356
1336 90 4 1 0.2065713654664498
1336 903 2 10 0.1446561061719478
1450 1352 9 4 0.3576437428913336
1450 1613 10 6 0.21649608185789326
1746 28 8 9 0.21924789056206512
1746 138 9 1 0.12181396624503876
1746 299 6 5 0.22322093026214995
1746 408 8 8 0.15558933209013276
1746 537 4 2 0.3256232421473546
1746 610 1 9 0.12732064225576428
1746 833 4 7 0.007269523374603876
1746 847 4 6 0.2037687539369193
1746 1048 10 7 0.15385306337644006
1746 1098 4 2 0.3560621590143058
1746 1133 6 8 0.009521390175234928
1746 1149 5 6 0.12661301855723545
1746 1337 8 10 0.17866603656559565
1746 1510 9 10 0.3255196045689115
1746 1590 8 7 0.012952020735266023
1576 155 6 5 0.39240377390742953
1576 1040 8 9 0.2977434166184902
1576 1188 3 6 0.22108910165175372
1576 1221 7 8 0.28034975028025116
1576 1224 10 3 0.21304150471984631
1576 1712 10 4 0.14437046927465627
1350 72 9 5 0.3034688785530082
1350 990 8 4 0.15480712530964952
1350 1595 4 9 0.2956525427126811
1350 1655 8 2 0.05494751405708617
1350 1728 1 10 0.042461289449581635
1351 23 5 3 0.24899238045372507
1351 50 2 6 0.24426835032560174
1351 272 6 7 0.2572432205545912
1351 366 4 2 0.0258345524815419
1351 911 2 2 0.1633826369471218
1351 1142 5 5 0.12170102184504702
1351 1166 6 1 0.08246430607954855
1351 1472 7 2 0.2953565830979468
1351 1665 6 5 0.16336740222282514
1665 23 8 8 0.10153942575835474
1665 84 7 5 0.05254003186804426
1665 605 1 2 0.2226782225124227
1665 740 3 8 0.30273059166598865
1665 1172 3 3 0.1897983781569231
1665 1491 10 6 0.24757666054135685
1665 1714 3 8 0.17339686145493713
1359 323 2 10 0.2877088490838369
1359 408 2 3 0.05110504492303916
1359 672 8 6 0.3228813678579313
1702 239 2 1 0.29313665090866076
1702 457 1 2 0.21021929049153568
1702 533 9 9 0.2314669613451768
1702 556 4 6 0.044038208963406295
1702 1010 6 8 0.1911836337306251
1702 1141 1 1 0.23853936248634455
1702 1163 3 8 0.13504341560995148
1702 1177 6 5 0.1444624797059246
1702 1389 3 7 0.010430489179093921
1702 1596 2 10 0.13493149657279618
1702 1706 4 10 0.2047751926866977
1560 369 1 8 0.12461542903109804
1560 775 9 4 0.15104395867743592
1560 1431 3 3 0.11963351719765487
1362 38 6 9 0.21189172600751705
1362 1025 7 3 0.24894752297689793
1362 1045 9 5 0.20522632377218397
1362 1551 5 6 0.06103546929178366
1363 268 2 8 0.11807157471921696
1363 515 7 1 0.23637028485309278
1363 719 8 9 0.2810353930358244
1363 954 5 10 0.11854903615301199
1363 1260 6 2 0.23148958982618958
1365 1090 2 1 0.16886354734976636
1365 1273 1 2 0.28482667592920385
1367 131 3 1 0.3099012561056503
1367 353 2 5 0.12025439506452726
1367 461 9 9 0.11366953113538282
1367 587 3 1 0.15561526961991537
1367 621 4 2 0.11917695899770353
1367 995 1 5 0.2231494866244434
1367 1517 7 1 0.35746176112350814
1367 1569 3 9 0.28621209792222957
1367 1744 10 1 0.14136284598637647
1569 227 5 10 0.25829077502627473
1569 1106 7 1 0.17883537487912382
1370 294 3 10 0.22113482254314626
1370 1534 9 1 0.22727624803239754
1370 1551 6 1 0.08241775211900984
1372 206 6 8 0.18651139741150496
1372 271 9 1 0.3048133777295821
1372 813 10 7 0.0807772889244947
1372 952 3 9 0.155027670811535
1377 1299 4 7 0.287521397169983
1377 1473 5 8 0.34560798944622584
1380 305 5 10 0.12188960327214625
1380 483 6 3 0.12010143160710127
1380 502 3 4 0.1846920568901198
1380 1378 10 4 0.010586734682616533
1380 1381 7 9 0.024299038392271405
1380 1567 3 1 0.10636226197298781
1384 258 7 5 0.3717843455425618
1384 748 6 8 0.0385687778314521
1384 1482 5 1 0.27506045592348083
1384 1579 5 3 0.17186604779448564
1399 587 8 7 0.01879763146165303
1399 980 10 7 0.13929121541643222
1388 720 3 6 0.3232766506899203
1388 992 8 6 0.11296052147651466
1390 673 6 1 0.13309574108203526
1390 889 3 6 0.2643159192439747
1390 1057 3 8 0.047569050971091265
1390 1271 5 6 0.29425711757035117
1390 1491 3 3 0.2673031274586034
1390 1691 7 1 0.2553507735652239
1715 410 1 2 0.34886646044888714
1715 481 4 10 0.13825511165849044
1715 814 3 7 0.19759360926995528
1715 852 4 7 0.16972278199678764
1715 1151 1 5 0.2022432292675464
1715 1265 1 2 0.30513598175987766
1715 1372 10 2 0.20064397863640182
1715 1377 5 5 0.16082523250631628
1395 1231 10 9 0.01809495534321104
1395 1330 2 10 0.060311765887333946
1395 1585 3 7 0.3177131571448605
1395 1660 1 4 0.20485280764559752
1395 1711 7 6 0.2517032305113049
1397 288 5 8 0.3525475845764545
1397 1114 7 2 0.11381785379313229
1397 1387 6 5 0.2729277858877283
1397 1722 2 1 0.18913088353954055
1598 220 6 2 0.15792225299750717
1598 1176 6 3 0.3327427597754654
1405 716 3 3 0.2831913419434796
1405 1137 1 10 0.22171801795131724
1406 228 6 8 0.05533482068966128
1406 677 1 8 0.017872587715338978
1406 1015 8 2 0.07732851779380842
1406 1148 7 10 0.029344985939730256
1406 1532 2 7 0.1537256033453023
1408 247 4 3 0.13892231429553203
1408 1609 7 10 0.21205884551903464
1730 63 7 5 0.16415165651093702
1730 128 7 6 0.3457885585598953
1730 188 6 5 0.12521921070065659
1730 306 3 1 0.24429320413232014
1730 617 1 6 0.10985502870139578
1730 743 8 7 0.3387222962724963
1730 846 7 4 0.1918876441946361
1730 886 2 6 0.20203935155499314
1730 1071 4 10 0.06854680191756113
1730 1133 10 9 0.032693997026648325
1730 1228 4 1 0.21520582413137235
1730 1233 7 7 0.3437891529614877
1730 1305 1 6 0.25705379975640136
1730 1352 6 8 0.22500751326531823
1730 1423 4 6 0.21496078443744823
1730 1467 8 4 0.06556730009555833
1730 1545 9 10 0.059387366191268
1510 770 2 1 0.06111477028308607
1510 885 4 5 0.2981220929511209
1510 1198 1 3 0.08910074351174424
1510 1511 7 9 0.1897380772163597
1413 439 9 6 0.30668491019799704
1413 1584 2 1 0.2515994918051198
1413 1732 8 5 0.13138332653458396
1418 427 10 9 0.18633639151138903
1418 1169 3 8 0.05093500303759124
1426 580 5 10 0.03446416777101538
1426 1250 5 1 0.03087410676280855
1426 1477 2 4 0.23559002784201608
1426 1555 6 1 0.226529011765317
1477 1227 3 8 0.12746822323566415
1477 1479 2 2 0.3186345918317847
1477 1496 8 9 0.1113731432871245
1427 610 2 6 0.1408775193129059
1427 1719 9 1 0.19991055169859587
1440 456 6 4 0.33340208767349855
1440 1553 7 10 0.24314151637373876
1440 1694 6 8 0.07850228344524457
1444 40 8 2 0.3193220559236776
1444 122 5 8 0.24071326329926673
1444 152 7 7 0.251256412109248
1444 415 3 6 0.38195464834732135
1444 1085 8 3 0.20421246126104975
1444 1109 4 3 0.3718110688326409
1444 1189 2 7 0.0008893295980424154
1444 1352 6 10 0.14964834354251563
1444 1585 10 10 3.371017649453356e-05
1444 1589 5 7 0.10927423765938059
1444 1687 4 7 0.2646994117488592
1444 1747 4 3 0.3396558391331347
1747 88 5 1 0.011962517755223057
1747 192 9 3 0.3472398764718042
1747 717 8 3 0.3229335813419719
1747 759 7 4 0.08848319193484486
1747 987 9 2 0.09830139687547017
1747 1019 8 5 0.15893025710532477
1747 1098 6 9 0.26599598723170975
1747 1260 4 7 0.11132380067459113
1747 1352 9 2 0.22265996742439997
1747 1392 7 1 0.15975738769196418
1747 1536 7 10 0.29961952501356376
1747 1646 10 7 0.21657513939987474
1747 1690 5 4 0.18979285384978192
1445 1196 8 3 0.20527734041641357
1445 1206 7 8 0.12063847253190364
1446 119 9 5 0.3590240964739464
1446 179 2 4 0.2171356116004681
1446 248 6 10 0.15567621852708236
1446 405 4 2 0.15864951702640767
1446 501 4 4 0.09568943780306734
1446 511 3 8 0.2735271094460311
1446 910 5 9 0.3311860722393537
1446 923 9 7 0.27527086796995126
1446 924 5 7 0.3710337753580627
1446 1210 9 3 0.03344163556787663
1446 1586 2 1 0.20277431919206176
1586 745 4 1 0.20848643782064497
1586 1305 6 6 0.3081536310986707
1447 475 4 10 0.16845403389460134
1447 747 6 9 0.22518740763752151
1447 1150 9 7 0.28391110340449405
1447 1497 9 5 0.3558038716610189
1447 1737 3 9 0.31804010661509774
1449 25 7 4 0.27056503517606334
1449 101 4 5 0.38719621363038503
1449 121 8 8 0.3403959903217211
1449 1159 3 9 0.2257205975180976
1449 1403 4 3 0.05988948027327831
1455 96 7 1 0.2218802029140455
1455 221 1 3 0.17389526044925535
1455 285 7 2 0.18199430592940685
1455 943 5 10 0.2171398186663872
1456 73 2 8 0.026444624917167564
1456 514 8 10 0.30288661972495856
1456 666 1 9 0.11272004429159721
1456 687 9 7 0.08501205427443297
1456 1020 6 1 0.2701587781967818
1456 1606 8 3 0.12883063517684468
1459 572 1 7 0.23443075430603255
1459 1511 3 10 0.28506319378004935
1469 408 3 7 0.11670244413083074
1469 746 9 4 0.2688894196620653
1469 986 8 9 0.008017969687866333
1469 1150 4 5 0.2483254213880562
1469 1267 9 3 0.27309922179127055
1470 172 8 9 0.3222673828808135
1470 227 10 9 0.1808161557965373
1470 308 1 10 0.31372931842000235
1470 882 10 9 0.35592204870772476
1470 1386 7 10 0.00905647714934138
1486 1564 5 9 0.08511212139875826
1486 1605 6 6 0.26255230290744613
1486 1684 6 8 0.2450527116051322
1488 862 8 7 0.124067874546249
1488 1164 4 8 0.18245479149925403
1488 1214 8 7 0.27895670929187255
1490 278 8 5 0.3779414185579541
1490 429 9 4 0.33852787202153933
1490 439 5 1 0.2235774368209054
1490 868 8 9 0.12443609375520856
1490 932 5 10 0.10040383768698587
1504 321 7 3 0.19640492349559693
1504 354 7 10 0.22879928914131767
1504 1010 1 2 0.27872565192728027
1504 1381 1 3 0.3344481008323133
1500 138 4 7 0.23572375043807767
1500 285 3 3 0.15493119842263064
1500 529 5 2 0.36744125599343735
1500 929 4 6 0.29618882570866756
1500 1267 8 4 0.07739357203474392
1506 874 9 10 0.30313266048917037
1506 1270 8 9 0.3679319416084318
1507 572 6 7 0.323932499289055
1507 580 10 2 0.16394681580084974
1507 727 8 2 0.16675543301697324
1507 1185 9 2 0.09138789577645742
1507 1607 6 6 0.2561433881037563
1507 1691 6 4 0.31934510030947905
1513 364 7 1 0.3560717777994983
1513 1293 10 6 0.1127881150305357
1515 94 3 10 0.15416923131521149
1515 577 3 8 0.020539918687462966
1515 637 7 9 0.28874279603280606
1515 805 10 6 0.13262437290817009
1515 1057 8 9 0.26045456527549093
1515 1236 2 3 0.06300334602010713
1515 1340 6 3 0.23478191574296842
1515 1566 5 8 0.3692480094995705
1515 1732 4 1 0.2634448328852213
1670 280 6 9 0.08090849530750185
1670 324 1 2 0.2985347999520306
1670 849 9 2 0.24532188087391815
1670 1039 2 4 0.06263819063452078
1670 1131 10 8 0.27277749185287986
1670 1191 6 1 0.30504007737477445
1670 1566 2 3 0.08438892185923647
1670 1603 7 3 0.2118641356711849
1522 19 10 7 0.33019497742618936
1522 119 9 10 0.17037031669584535
1522 138 8 3 0.31339062637201875
1522 1639 7 8 0.06479554823258829
1525 122 3 5 0.25348584652533135
1525 356 6 3 0.38728921003455474
1525 581 7 8 0.027179344484698026
1525 849 8 7 0.05923882568047864
1525 963 1 3 0.2844362965994508
1531 98 2 9 0.3000328171465665
1531 229 4 2 0.26545100972462216
1531 1161 4 7 0.28248360389280996
1531 1427 6 5 0.25322380501803315
1611 45 9 4 0.0008671220626234322
1611 105 3 3 0.15786027731218263
1611 309 9 9 0.023944283525769716
1611 382 8 9 0.18837320330648738
1611 386 9 8 0.3232090061618126
1611 421 10 3 0.16807107694143375
1611 599 5 9 0.13695597311208096
1611 626 1 7 0.20824767918854015
1611 1029 3 2 0.28551309987559975
1611 1063 7 3 0.010129167161508301
1611 1089 8 6 0.21747190565942992
1611 1695 9 8 0.15640366081259352
1533 1024 6 7 0.1921966210334321
1743 137 2 8 0.35367750689981403
1743 240 2 4 0.25789022921006033
1743 459 2 2 0.09494080209381811
1743 818 1 8 0.3233240758936316
1743 849 3 8 0.30518619852064754
1743 1038 6 6 0.2908833770417478
1743 1151 7 4 0.1953355269169916
1743 1368 6 4 0.28210493841720846
1743 1373 5 4 0.08829427870719006
1743 1426 7 4 0.04581248176794059
1743 1584 2 10 0.3028060942118717
1743 1677 9 10 0.18238286460748837
1743 1726 3 8 0.06319869706661324
1743 1727 10 10 0.2213991070787428
1600 445 7 2 0.29095319492586164
1600 460 1 6 0.12760096565734833
1600 577 9 1 0.13120756690355875
1600 1714 1 6 0.32031051145593986
1547 499 4 10 0.2858125958295444
1547 706 9 3 0.08541143375503246
1547 883 5 7 0.11144653575780845
1547 1133 4 4 0.12347587109367729
1547 1236 2 6 0.24172951191318875
1657 245 10 2 0.056346328596515144
1657 550 3 5 0.25547330321947526
1657 709 1 7 0.2601025781596201
1657 763 3 7 0.3564525210185878
1657 796 4 2 0.1594811816978133
1657 847 10 8 0.30493979878299204
1657 863 1 10 0.21623643394683187
1657 1062 8 1 0.3119994077507927
1657 1168 10 6 0.15163534285465882
1657 1189 2 4 0.1730939389080338
1657 1218 5 1 0.31021127927411796
1657 1577 2 4 0.046810537308768885
1667 33 9 2 0.22547614829657187
1667 213 4 4 0.132835040177155
1667 223 10 10 0.08608770733395628
1667 425 5 5 0.21468186591017396
1667 445 8 3 0.3460813152182774
1667 848 9 3 0.16999166060576196
1667 861 5 9 0.15506436107037327
1667 1230 10 9 0.2969278441612795
1667 1618 9 8 0.06771270347835501
1667 1689 8 2 0.2856306210908126
1563 281 6 8 0.022061628824242868
1563 339 2 7 0.06832397090502706
1563 440 5 10 0.21882393897376132
1563 692 5 6 0.2649680360606205
1563 721 1 10 0.040866717633843586
1563 853 8 1 0.03808051392605094
1563 1124 2 4 0.35035421176411086
1563 1497 8 8 0.26447815219521864
1563 1501 2 5 0.21146799765642318
1570 105 10 5 0.3396941978508964
1570 839 3 3 0.31559670035136284
1570 1018 5 7 0.3322300544743566
1570 1325 5 5 0.22589011883278237
1570 1529 7 1 0.18285221129156023
1570 1664 10 7 0.368358014422129
1570 1694 2 5 0.09466273314366447
1698 115 10 4 0.11628319369951426
1698 186 10 7 0.047638662851268776
1698 395 4 4 0.3014786459332418
1698 551 1 2 0.23771656377435124
1698 589 6 7 0.39237511796240515
1698 648 5 5 0.287645212983501
1698 926 4 3 0.3193123378497138
1698 1182 1 4 0.28964622644191146
1698 1484 8 8 0.24456677976403585
1578 4 5 5 0.011458232435980625
1578 15 3 7 0.3626150037261766
1578 493 1 9 0.2606895542411518
1578 588 7 2 0.06695352012749736
1578 1109 1 2 0.23018094251562482
1578 1157 7 10 0.11784354002378382
1578 1262 7 1 0.29076347148581677
1578 1301 7 8 0.09059423606519228
1578 1722 4 9 0.15517265760410706
1603 160 3 9 0.33660562961878193
1603 759 8 6 0.2170406301463062
1603 927 2 7 0.027449520659860532
1603 1243 8 3 0.29653667140687023
1603 1287 8 7 0.21750699008929036
1612 132 5 4 0.17940354479746207
1612 627 1 10 0.05892923583179108
1612 828 7 9 0.32249396304449784
1612 1306 2 2 0.0283792014136236
1612 1385 7 3 0.28998065404165807
1612 1444 7 7 0.09017896727707521
1612 1588 1 3 0.34914037066922665
1615 282 3 5 0.1324591676473615
1615 444 5 4 0.11536337018370033
1615 1268 3 2 0.27954447487408157
1615 1672 4 8 0.29451176099502596
1615 1733 6 4 0.37266468397541075
1619 1533 4 5 0.05413893235617426
1619 1618 9 5 0.1767078085624612
1619 1627 5 5 0.17178796784269068
1620 46 1 4 0.13297150875910677
1620 627 5 9 0.2630872635216811
1620 769 8 8 0.14903717938566183
1620 828 1 10 0.07648738094175589
1620 848 6 1 0.31530536691291455
1620 1239 4 6 0.07395265082695102
1620 1325 7 7 0.3157450020410164
1620 1658 2 4 0.07678376460858377
1620 1691 1 6 0.054779695574009746
1643 175 10 4 0.28874033342146377
1643 283 4 6 0.25509598301990244
1643 494 7 6 0.16521403540991045
1643 648 1 1 0.0839716841119546
1643 831 1 6 0.296741595326944
1643 1305 6 5 0.1107570016922156
1643 1458 3 9 0.23872755532360435
1651 537 10 2 0.10288309481034537
1651 740 9 9 0.23044468683561978
1651 919 3 6 0.04989161636167791
1651 1057 3 2 0.24138154448789467
1651 1160 5 8 0.1599192728097763
1651 1234 4 9 0.2319650838854565
1651 1561 8 9 0.009456576458152843
1651 1627 9 7 0.22958004337114668
1654 161 9 10 0.17636696019274595
1654 271 4 3 0.2588278974501564
1654 332 3 7 0.19076164300758144
1654 341 5 7 0.26910148362720815
1654 467 5 6 0.15749264851410233
1654 637 3 5 0.053720000758353204
1654 668 10 7 0.28090810459488413
1654 710 5 8 0.246926337869268
1654 862 3 7 0.25302240748491067
1654 1343 8 7 0.3576857474836369
1654 1527 3 10 0.14133506233918228
1673 66 1 1 0.23423687766693294
1673 241 2 6 0.2941417833691207
1673 263 10 5 0.20583526704085678
1673 283 10 2 0.1632969575084592
1673 543 6 8 0.06699587103992374
1673 675 3 3 0.23392081189112449
1673 818 7 2 0.20987088214200406
1673 1011 5 5 0.26837558737355954
1673 1066 8 2 0.366344011481879
1673 1260 9 3 0.11361258352153662
1686 73 1 8 0.054566244365269495
1686 134 9 3 0.13201592261120892
1686 408 2 5 0.16557317988073536
1686 416 6 7 0.253554823683191
1686 607 8 6 0.13668833386939472
1686 941 1 5 0.18266816241143558
1686 1037 2 8 0.10904579557855393
1686 1472 8 9 0.20389537845008862
1686 1553 8 8 0.15760747740286213
1688 238 9 2 0.16870217140437085
1688 679 2 8 0.05457178397766849
1688 689 7 3 0.18321468322974482
1688 744 2 4 0.18045247977227769
1688 1064 6 1 0.14763673651310427
1688 1322 1 1 0.04997262533643862
1688 1626 7 1 0.09298405568754091
1688 1696 8 8 0.11768359836907318
1688 1720 10 8 0.3773083878798495
1697 138 9 3 0.2902432258338322
1697 519 1 10 0.11593135558433658
1697 770 9 9 0.24510223337725942
1697 901 3 8 0.31751211160925585
1697 922 5 2 0.2416118032128127
1697 1021 6 7 0.3949602114117309
1697 1083 6 2 0.20314235478505702
1697 1575 2 10 0.06547545083709175
1697 1633 6 5 0.013179072464232722
1697 1681 2 1 0.20451324337693394
1708 88 10 9 0.18384015032835302
1708 126 6 3 0.19704323253442432
1708 402 1 9 0.012384720878096084
1708 673 4 2 0.23607511050971397
1708 755 6 10 0.05547081661686626
1708 849 7 4 0.07390122305984206
1708 1173 3 4 0.16114096740895004
1708 1338 5 3 0.10843316638137754
1708 1456 4 9 0.38753084007337557
1708 1610 2 10 0.3829156599365883
1721 391 1 3 0.24792365216412807
1721 433 3 4 0.14143199837225
1721 593 2 1 0.3021729759101457
1721 621 5 5 0.21192075331256818
1721 743 2 10 0.12499387110584684
1721 930 10 7 0.31493579889131096
1721 1022 1 2 0.3282767765711036
1721 1060 2 4 0.17718240079306025
1721 1136 2 4 0.07496807416598952
1721 1178 3 3 0.1944623791582466
1721 1189 3 9 0.11078711476146842
1721 1493 8 4 0.047094061405083154
1729 202 2 3 0.35002308359730294
1729 270 10 9 0.30202508234526754
1729 321 10 2 0.024436209445609397
1729 388 4 9 0.1672408293400896
1729 621 9 1 0.05311665450560882
1729 724 9 10 0.1846107070764138
1729 906 7 7 0.35510491398926325
1729 911 9 7 0.34435843242988984
1729 922 3 6 0.2972020427830525
1729 956 7 7 0.23343748937547334
1729 1378 2 9 0.05203740165348336
1729 1458 5 6 0.18907876432804532
1729 1564 7 8 0.16445616702685317
1729 1744 4 9 0.148933180062883
1738 63 7 10 0.2644606776721831
1738 76 9 6 0.1674232776478665
1738 193 10 2 0.2548540946108427
1738 307 6 2 0.18911331657368177
1738 485 10 7 0.26903891601767427
1738 583 4 8 0.021660049809415105
1738 641 6 4 0.21024840254502958
1738 735 2 6 0.26987968005413693
1738 769 5 3 0.04193462862011202
1738 852 5 7 0.28994004261717643
1738 877 6 8 0.24943176811287482
1738 955 7 10 0.3696805653253832
1738 976 3 4 0.3044893532231483
1738 1066 5 1 0.3246656906116968
1738 1166 10 7 0.22549719757900047
1738 1189 4 10 0.22448400665183915
1738 1323 9 2 0.3871911799822372
1738 1394 10 7 0.19137125793466236
1738 1409 8 2 0.03985131060351246
1738 1548 2 4 0.10750796826295995
1738 1637 6 2 0.20446717000123196
1741 37 1 10 0.2893821845539831
1741 46 8 5 0.1996699667838159
1741 130 8 1 0.008364311408738223
1741 291 9 1 0.13439504472902683
1741 389 7 1 0.2783990663758713
1741 784 5 8 0.21983042943684666
1741 898 4 2 0.25905442573834236
1741 970 10 2 0.03241962786927824
1741 1069 6 2 0.23433962243499662
1741 1102 3 5 0.1319889160745692
1741 1267 2 3 0.12726894230259572
1741 1287 5 6 0.23210313949419636
1741 1498 8 8 0.24489071288688252
1741 1656 3 10 0.11230332270635328
1741 1709 10 9 0.28420887745473883