64 165 414 485 541 817 900 1094 1387 1448 1486 1675 1714 1719
1684 1386 726 1555 1605 1639 1574 1436 1254 388 1173 366 1074 277
38.9476
23.5227

8 151 209 547 551 783 930 932 1128 1147 1156 1209 1235 1288 1321 1375 1388 1456 1458 1481 1554 1565
1706 1504 1622 720 863 1124 709 1333 1473 1020 569 561 1544 219 480 340 652 470 303 1674 1017 514
60.6153
35.4234

52 85 94 182 183 209 474 607 782 929 979 1057 1375 1460 1470 1507 1531 1688 1691 1717 1731
1720 1711 1545 1701 882 1749 1244 1161 1607 1124 572 1392 1150 1095 1473 98 1242 1351 561 1696 1598
70.5719
43.176

130 182 235 331 644 696 720 1064 1207 1262 1435 1489 1527 1561
1520 1699 1163 1693 1198 320 1691 1567 1289 446 316 279 903 769
36.719
20.9604

77 130 314 495 541 926 947 998 1000 1042 1121 1198 1222 1224 1461 1485 1615 1666 1668 1669
1733 1640 1672 1028 1446 1167 1617 1190 1394 1605 1517 1574 1577 1150 1662 1366 1116 36 980 824
60.2255
35.7141

209 674 841 922 1023 1101 1164 1423 1522 1579 1595 1666
1737 1554 688 1734 591 1143 923 1720 793 1299 1577 1190
48.907
31.2276

8 41 105 780 792 827 848 1067 1133 1190 1290 1322 1688 1722 1744
1720 1701 1553 1028 1732 1204 713 1020 1127 339 1696 829 238 1314 1345
55.5085
34.194

17 56 209 294 343 467 570 767 769 776 876 1059 1111 1192 1263 1286 1358 1558
1053 633 1473 1737 1315 1157 1555 1266 1614 1135 119 598 1083 511 433 1448 96 1369
44.4478
29.0608

64 109 149 885 938 995 1021 1049 1095 1192 1194 1304 1350 1459 1520 1551 1581 1634 1646
1595 1636 1698 1644 1747 1617 1680 701 1181 1660 1392 1511 1396 753 1309 72 1594 1017 572
65.9857
34.6586

66 310 369 397 592 625 773 988 1138 1189 1248 1370 1495
1107 1161 1534 1062 179 84 476 1310 316 294 1487 989 1646
31.2863
18.4076

93 136 184 277 443 688 792 1021 1064 1101 1207 1217 1339 1368 1394 1460 1540 1720
1737 1637 1517 884 1028 91 1726 526 109 1699 1257 1663 538 530 1018 1108 674 79
54.0696
32.605000000000004

305 496 783 916 973 1029 1064 1193 1375 1487 1679
1699 1739 1163 1124 709 561 79 215 680 568 762
26.6788
15.3725

41 76 115 130 147 165 366 389 504 510 515 625 677 767 795 799 800 1044 1086 1207 1331 1333 1389 1463 1473 1495 1546 1659 1667
1748 1732 1621 726 1689 1330 618 1712 1618 215 1248 84 1062 1602 847 785 1416 1310 1610 1237 1108 905 1337 1172 1530 1230 1369 1277 1691
78.2267
44.616

35 93 113 156 165 232 305 339 361 385 436 467 487 603 719 744 872 885 898 941 1040 1118 1131 1189 1257 1284 1360 1428 1452 1469 1725
1732 1722 1181 701 1716 726 546 1682 1173 1567 1454 345 272 1535 1702 538 1663 510 846 109 1068 1346 189 1681 1154 211 848 1267 1150 733 976
81.4766
47.551899999999996

113 213 275 277 310 314 317 500 525 617 641 799 817 885 894 895 1143 1161 1205 1237 1305 1314 1458 1483 1533 1558 1638 1682 1735
1706 1733 1703 1722 701 1727 1157 1010 1694 881 1423 1181 618 1127 1712 1135 1519 1173 1618 1248 1461 315 1603 773 499 215 211 1089 1453
91.1897
52.8997

102 211 235 253 356 361 370 424 455 518 524 558 625 667 742 900 922 949 1086 1189 1394
1726 1502 1048 1242 1718 215 109 1691 1371 1574 785 72 1040 1638 1497 114 316 553 851 971 705
55.649499999999996
30.5346

67 80 94 164 232 283 357 369 380 389 443 467 500 507 515 537 560 903 930 950 973 1006 1153 1162 1186 1190 1347 1394 1449 1451 1466 1577 1678
1727 1687 1714 1681 1480 1159 1204 1627 1710 1501 1689 109 121 1343 1419 1607 1471 25 1097 1127 300 522 424 630 1559 247 1215 922 1063 321 1256 661 1416
93.1921
53.8996

211 354 742 848 1130 1301 1460 1522 1688 1735
1720 1499 1694 1712 1089 793 1696 238 1322 1108
38.0243
23.0956

94 151 216 277 560 574 816 821 905 937 966 980 1085 1147 1217 1288 1332 1342 1421 1472 1726 1737
1744 1746 1642 1602 799 1517 1649 1042 1436 1650 1340 569 1459 1549 548 154 219 345 1124 713 1346 1087
68.6328
40.2868

2 130 214 286 399 464 473 481 490 522 653 667 719 869 1026 1040 1088 1211 1313 1346 1394 1466 1480 1546 1555 1577 1607 1621 1721 1737
1726 1687 1641 1549 1653 1728 1642 1681 1253 1204 113 1680 1471 1414 546 109 1689 1454 480 186 1436 1430 1459 1019 1491 424 621 1022 1588 1227
104.012
60.2063

31 305 310 316 389 481 765 842 1055 1123 1267 1679
1480 1471 1671 1068 1527 1416 1644 1487 568 1004 680 1588
30.5977
18.362000000000002

64 93 164 366 396 443 467 485 522 606 636 668 780 800 861 885 930 1143 1157 1162 1173 1292 1308 1311 1430 1446 1533 1559 1564 1588 1632 1656 1683 1695
1736 1737 1727 1621 1181 501 701 1710 582 881 924 1508 38 884 923 1530 1260 250 910 1345 538 179 1548 608 1271 272 109 1663 1236 1600 1087 1263 927 1198
98.4783
58.61

354 431 456 665 765 1083 1123 1219 1247 1310 1374 1421 1584 1675 1687
1685 1553 1671 1577 1609 1330 1033 1517 1085 1679 1744 1107 1322 1481 745
54.9753
34.2988

5 81 169 194 209 277 379 427 474 485 495 513 702 706 813 850 884 1284 1303 1429 1441 1615 1622 1642 1657 1691
1733 1727 1683 1562 1629 709 1701 968 1672 1545 1749 72 1371 1095 1717 1062 1742 1690 1473 785 863 1351 189 895 382 1662
85.5964
48.4544

327 455 468 493 862 1055 1214 1460 1559 1683
1609 726 1732 501 1508 582 1662 1342 1539 1436
38.9135
25.1729

19 44 165 207 443 487 515 594 641 653 696 768 814 827 908 939 1021 1023 1079 1198 1410 1441 1450 1452 1466 1469 1485 1558 1577 1678
1517 1681 1687 726 1204 202 1689 1734 1567 1167 1438 480 1471 424 1034 1135 1487 1089 1157 1606 1267 846 1613 315 630 953 1063 1519 279 1150
81.3478
48.4637

227 408 510 524 606 733 908 925 929 939 1023 1030 1038 1051 1068 1181 1189 1237 1284 1368 1375 1470 1483 1485 1595 1685 1691
1726 1737 1517 1554 1734 202 954 1649 1552 1749 923 1712 1337 1124 1095 1646 1351 1161 561 1004 1438 1493 1157 1715 932 1638 107
90.1529
52.644999999999996

19 166 317 339 440 506 591 688 699 791 899 960 982 1105 1123 1156 1178 1209 1211 1324 1361 1401 1549 1606 1622 1711
1691 1671 1253 1637 238 1722 1386 1653 1716 991 1717 1464 1237 1720 1333 968 1505 1552 1295 1724 1373 1574 1690 1674 698 1644
83.6642
48.6068

35 42 70 279 290 340 384 405 415 418 436 799 926 1067 1083 1121 1143 1184 1189 1257 1342 1632 1692
1691 1737 1640 1746 1471 1727 1734 618 1551 1618 1731 546 1248 1237 1263 1052 663 1260 316 253 24 1077 1373
63.6412
33.3497

55 120 156 210 316 765 814 816 870 899 1041 1086 1124 1237 1248 1288 1692
1691 215 1254 1244 1068 1464 1527 1034 785 476 1260 1373 1606 1077 464 1287 1422
46.254
28.4021

13 19 31 81 105 115 150 179 193 244 259 268 395 488 558 591 607 707 889 894 905 918 935 1007 1052 1101 1421 1433 1445 1452 1530 1531 1566
1520 1737 1562 1691 688 1618 1718 1669 1666 1068 991 847 1394 1085 1242 1053 434 1150 339 1161 1443 1516 1282 1196 51 609 98 1108 1402 1493 1346 922 984
88.4864
50.1752

193 456 473 625 677 724 913 982 1087 1145 1199 1262 1395
1585 1711 1719 1624 1660 1394 252 1485 903 1002 630 1283 1599
34.4853
20.6729

39 52 80 98 121 244 420 853 1038 1205 1381 1400 1555 1717
1733 881 1532 1244 109 1019 932 1589 808 67 1610 1227 609 1588
42.9924
26.0043

6 361 541 712 853 979 1092 1170 1283 1284 1337
1731 1392 1589 957 1317 1354 189 621 1498 705 363
24.57
15.456

69 80 156 317 677 804 882 1000 1164 1169 1237 1259 1267 1468 1481 1503 1522 1573 1591
1126 1517 1618 1617 1614 253 1630 764 1089 1330 1472 1236 790 272 652 138 1438 1004 241
49.2924
30.8725

67 94 132 384 418 494 516 617 724 804 1126 1207 1332 1346 1350 1392 1597 1715
1737 1685 1595 410 651 1627 1260 72 701 1747 253 990 814 345 591 526 1286 687
54.5307
31.2055

132 169 178 294 506 560 622 702 829 850 853 870 895 934 1185 1246 1290 1321 1325 1360 1370 1375 1414 1495 1654 1668 1682 1683
1732 1640 1703 1687 501 1641 582 1062 1545 1299 862 1053 1371 621 1343 1124 179 84 1621 711 847 1423 1373 561 1310 67 838 1589
90.7212
52.6501

66 380 500 655 874 922 932 940 974 981 1038 1194 1321 1347 1713
1618 1127 1133 247 1150 1148 1662 1266 885 72 1145 84 1168 436 1277
36.0972
22.8285

64 245 523 549 564 872 996 1041 1107 1172 1214 1237 1249 1252 1271 1312 1416 1430 1495 1509 1556 1575 1581 1591 1621 1683 1688 1714 1717
1727 1720 1691 1641 1244 884 1698 1737 1732 501 215 726 1555 1696 1436 1346 582 1675 186 753 1062 84 1339 1530 1150 1310 623 1693 1059
108.0405
63.012

209 216 232 240 438 603 644 699 791 842 858 970 1087 1101 1105 1150 1249 1252 1263 1267 1286 1312 1324 1365 1428 1435 1456 1494 1520 1556 1564 1578 1579 1604 1683
1636 1747 1644 688 501 1480 1720 1204 582 1682 1532 1722 1724 1693 1143 623 1714 1594 1020 1349 769 238 1555 1473 1237 1574 1198 1272 1485 194 20 764 67 1262 927
101.8542
60.8179

26 66 120 146 179 294 361 431 558 670 702 725 769 781 853 922 947 1035 1040 1145 1150 1239 1309 1312 1428 1470 1488 1533 1540 1667 1682 1715 1741
1689 1666 1709 1618 1532 410 1214 1718 882 1483 1454 1287 880 1053 1315 1265 1589 1439 72 248 1267 860 1498 1112 1230 630 898 814 499 493 649 172 668
92.0843
56.7052

452 488 636 677 918 940 960 1124 1305 1312 1397
1242 1722 1254 1443 938 1150 213 481 413 1287 969
28.6782
17.7446

240 399 684 874 927 1118 1161 1173 1252 1301 1577 1585 1606 1640 1657 1666
1584 1736 1642 1148 1499 1010 1681 1734 1687 709 1097 25 847 370 844 829
65.68
39.2544

55 240 345 455 522 556 895 1140 1215 1286 1425 1428 1489 1640 1703
1584 1743 665 1734 370 1148 1682 307 738 927 1289 39 1548 799 227
52.8018
29.3993

70 237 349 379 389 437 467 590 659 785 973 976 1032 1038 1044 1067 1163 1278 1309 1450 1456 1540 1577 1612 1630 1634 1638 1685 1703 1711 1717
1743 1499 884 1706 1584 1588 1681 1689 370 1532 1692 1407 1551 1020 1483 1080 1346 1519 1161 1016 388 1004 1646 1732 499 969 1444 738 932 1344 1209
107.3149
64.9723

26 94 394 399 507 677 688 886 1038 1123 1128 1184 1222 1462 1632 1695
1622 1637 1731 1671 1613 1028 884 882 1097 932 996 1263 58 1101 572 1236
47.3974
28.332

126 279 290 374 394 435 522 574 643 652 667 726 900 1135 1313 1450 1491 1550 1551 1555 1591 1621 1667 1679
1726 1724 1641 1640 1613 1731 1663 1734 1579 1689 1617 1026 1594 186 1373 1019 1346 1633 1574 1230 1548 1719 1572 916
84.2692
48.961

66 73 258 467 495 733 838 926 962 998 1150 1186 1194 1252 1284 1599
991 1532 1333 1356 253 1638 1559 189 653 671 1618 425 1272 769 1442 398
34.8075
21.8151

494 644 658 795 1031 1077 1110 1243 1267 1361
1732 1722 1720 1394 591 1552 1594 1004 1422 1560
25.5891
15.371

105 275 303 435 513 710 767 769 1042 1459 1597
1511 1394 1747 339 375 1315 572 938 1706 36 990
29.6804
18.5767

55 67 164 518 653 699 737 853 865 871 1181 1269 1303 1554
1504 202 1710 863 954 1479 1627 992 480 981 1589 880 470 340
40.8
23.5673

115 539 575 612 668 690 811 919 995 1101 1530 1622 1667
567 1458 968 688 1689 1717 1396 1439 1690 767 1108 51 1105
42.5884
24.595299999999998

74 487 842 966 1211 1237 1304 1306 1410 1423 1686 1710
1653 591 1480 1253 1553 1167 793 1567 1607 1127 215 226
36.016799999999996
21.5214

73 117 121 303 418 643 773 778 897 962 967 1064 1077 1184 1193 1281 1478 1559 1693
1532 1133 1731 1508 1699 991 1333 72 938 1672 109 1487 253 1267 255 1432 941 852 1594
52.2426
31.299

76 249 327 348 436 469 515 574 690 876 906 995 1014 1015 1042 1079 1083 1138 1153 1243 1252 1259 1350 1421 1472 1579 1629 1631 1650
1595 1684 1720 1127 1396 1394 1419 1143 72 1487 1415 36 1239 1085 1518 1491 1618 663 1169 778 548 1701 1272 1539 769 24 321 511 812
76.9921
46.2829

279 369 395 424 426 550 841 981 1041 1133 1140
1732 1640 1666 1244 1737 446 1048 307 1256 174 433
29.3052
16.4981

69 148 153 384 435 473 661 871 1042 1046 1306 1372 1425 1722
1737 1734 713 1394 557 1607 1250 1097 829 1318 36 1706 474 576
41.4383
24.8997

136 147 434 437 625 706 733 809 1046 1130 1249 1306 1337 1368 1383 1395 1425 1433 1458 1725
1706 1734 1585 1711 446 1731 1330 1660 1173 253 1638 272 1535 557 623 1607 345 1544 1317 247
60.8876
33.8069

66 115 294 328 366 380 431 501 809 869 897 930 1170 1185 1186 1192 1292 1360 1581 1584 1646 1654 1701
1732 1704 1685 1698 1680 1621 862 901 1641 1744 38 753 1343 1648 1108 1679 1053 109 668 1702 568 172 276
73.4595
42.037

67 121 268 303 305 316 389 424 431 464 723 765 818 853 871 903 1049 1086 1150 1170 1219 1341 1360 1480 1481 1585 1631 1692
1744 1532 1732 1691 1549 1430 1609 1627 1048 215 1097 1491 1527 25 938 785 546 1618 1239 1589 1068 1094 1019 1344 1734 1416 1702 1373
82.3598
44.9346

35 80 314 420 773 897 923 963 1101 1650
688 1149 1518 850 1393 1251 1141 971 1701 865
27.3502
18.8177

203 279 550 755 776 1217 1272 1311 1325 1433 1678
1696 1640 1517 881 925 969 1471 1089 174 922 1448
36.0433
20.527

52 74 94 102 147 225 335 343 373 507 694 758 1043 1134 1135 1138 1181 1193 1209 1243 1313 1319 1365 1372 1375 1400 1483 1497 1528 1550 1595 1658 1686
1737 1502 1554 202 1617 1330 1663 1514 954 923 1333 1250 1124 370 1553 359 1026 582 1610 1648 1157 1491 67 1346 1508 1379 984 546 714 1572 1100 433 750
97.9377
58.17

17 105 179 207 571 584 778 894 980 1055 1391 1415 1606 1642 1717
1727 1089 1244 1649 1618 500 1150 339 700 109 1320 633 51 922 852
46.0975
28.727899999999998

41 70 193 210 234 414 807 842 926 976 1072 1405 1480
1549 1706 1430 1137 546 1394 238 1442 1069 1238 623 1587 1000
32.4815
18.0176

67 169 184 320 379 443 462 720 791 906 1072 1162 1164 1172 1301 1387 1400 1494 1503 1507 1528 1550 1551 1556 1572 1663 1675
1691 1499 1737 1607 1617 1163 1267 1514 1026 1618 1627 1198 1237 572 316 1505 238 778 317 829 1330 1281 1346 623 1381 214 272
77.4136
48.0131

17 46 286 514 617 809 900 970 998 1123 1173 1181 1249 1332 1357 1361 1397 1415 1564 1631 1676
1722 1736 1735 1720 1671 202 623 1089 954 1239 500 1559 113 1491 1135 1574 633 1552 410 1387 794
66.8982
36.5004

190 275 385 495 641 755 804 1147 1230 1248 1388 1406 1478 1550 1607 1654
1696 1728 1532 1414 720 1026 1343 862 569 1487 476 1482 1649 219 1653 315
47.5977
27.5187

56 130 136 142 314 371 373 408 494 496 591 653 658 842 865 885 976 1021 1051 1064 1130 1143 1194 1215 1249 1284 1306 1385 1430 1441 1700 1701
1727 1737 1706 701 1181 1699 1480 1493 1552 1734 1648 901 991 1607 480 1341 623 880 279 1267 1227 847 247 1530 1087 1337 808 1236 1346 107 79 1040
85.0929
46.9151

70 85 150 179 313 354 371 452 655 656 736 858 895 935 1088 1209 1215 1321 1392 1473 1606 1615 1638 1663 1701 1719
1733 1672 1703 1618 1242 1386 1204 1648 1260 1333 320 1349 969 1519 901 1322 1431 1573 688 1662 773 388 922 1337 1168 1610
78.5677
45.5419

74 121 149 249 316 410 525 622 816 827 932 973 1006 1157 1160 1161 1162 1292 1392 1416 1450 1722
1532 1010 1260 884 713 1501 38 1068 1713 1675 1527 1566 829 1461 1215 1423 953 1613 1318 215 474 1530
64.0296
38.6145

73 184 452 481 515 575 671 685 702 736 767 768 861 895 1000 1021 1049 1051 1068 1085 1101 1134 1306 1365 1389 1405 1421 1489 1520 1531 1638 1644
1744 1726 1747 1703 1602 1242 688 1250 1471 1617 1552 1677 1161 1423 1519 1360 814 1089 1439 969 1333 1469 847 1607 1174 1273 1289 202 1493 938 410 98
95.1371
51.481700000000004

42 66 73 136 148 209 249 305 327 349 371 440 462 524 575 656 804 838 981 1209 1259 1298 1319 1360 1365 1462 1481 1488 1565 1656 1676 1725
1735 1732 1333 370 1101 1173 1439 1214 272 1726 996 345 1346 1535 1431 1473 1356 1702 1337 109 480 1089 1648 1281 794 1497 1018 652 1397 1277 1539 126
83.6238
49.5729

2 209 357 518 750 918 1007 1014 1035 1370 1556
1520 1666 1534 1473 1443 1618 294 1150 1439 67 213
28.6128
15.7024

203 244 328 369 435 440 547 560 726 807 816 817 897 925 996 1305 1337 1374 1478 1630 1735
1691 884 1724 1694 1712 1731 1173 1089 1487 1317 1373 1706 745 1453 255 609 908 413 1587 227 906
57.7186
34.2226

109 184 216 227 253 343 582 622 684 876 884 926 967 980 981 982 1030 1368 1369 1387 1406 1421 1447 1464 1586 1612 1711
1737 1649 1642 1629 1588 1532 1740 1074 1692 1617 1080 1371 1085 1239 1309 1742 1423 72 844 1444 50 1385 1002 433 709 1040 511
77.068
43.8408

150 452 818 907 1015 1138 1315 1331 1555 1692
1691 1242 1019 178 938 1618 1373 1227 1588 1260
26.9731
16.376

85 213 303 395 424 455 575 652 700 780 979 1105 1147 1181 1186 1189 1205 1235 1305 1337 1446 1455 1495 1579 1624 1715 1726
1744 1733 1731 1720 1423 938 799 202 881 1204 1048 410 238 924 1152 1439 179 1042 1666 1340 923 1265 1650 954 569 1062 688
104.4493
62.4261

237 335 379 443 464 854 982 998 1134 1387 1425 1595
1584 1737 1734 1554 1250 923 582 915 714 1379 425 910
35.9424
18.8553

366 455 720 818 1007 1042 1099 1189 1200 1269 1308 1441 1530 1578 1631
1722 1520 1621 1163 316 1479 36 1394 992 1198 1491 1404 1239 981 1618
46.4857
24.4307

13 42 490 652 710 804 1342 1350 1421 1456 1507 1556
1595 1691 1746 1562 1731 1068 1607 72 1085 572 375 1020
40.2411
21.048

2 26 42 56 109 275 354 598 821 907 1044 1219 1267 1339 1428 1646 1678
1680 884 91 1682 1609 1617 1471 1171 1309 526 1089 178 1322 1737 153 1063 1519
47.3822
28.2802

147 455 925 970 1099 1338 1456 1550 1584 1669 1706
1685 1026 1337 1330 1605 1594 1744 1679 1574 283 1150
44.724000000000004
29.6626

443 578 618 811 988 1247 1252 1256 1425 1550 1575 1631 1695
1734 1107 1026 884 1239 167 1491 1004 1272 1141 1299 1236 1136
40.4514
26.3484

41 207 210 710 880 1423 1486 1495 1507 1564
1691 1684 591 1607 84 179 1062 1605 572 1310
32.944
19.0129

74 102 214 414 420 431 507 601 607 649 653 726 730 937 967 973 991 1087 1094 1170 1178 1257 1326 1339 1450 1483 1497 1530 1554 1564 1565 1575 1579 1679 1698
1502 884 1724 1720 1504 863 1699 91 395 1484 546 1143 1097 1402 1242 1157 480 1639 1613 1373 1171 1519 526 512 51 768 1329 1675 1369 340 648 1196 1485 470 680
102.82730000000001
61.3419

42 52 80 345 349 379 382 397 410 431 454 456 490 493 513 655 765 768 935 1156 1209 1385 1406 1441 1461 1575 1621 1630 1644 1666 1679 1720
665 1737 1641 884 1662 1532 1346 1446 1727 202 1161 814 1713 847 1423 1577 186 1089 1333 1674 1190 79 530 1469 480 178 764 880 908 1020 674 980
96.3346
57.016400000000004

64 129 130 164 166 237 493 527 661 800 826 1135 1147 1298 1333 1415 1421 1450 1459 1519 1585 1607 1669 1731
1584 1748 1691 1728 1710 1414 1663 1089 1605 1511 25 1574 500 1097 1085 1218 1734 1662 1613 569 219 1250 1150 1653
74.466
41.7795

26 113 515 707 1199 1333 1425 1450 1486 1565
1748 1734 1684 1722 1669 1624 1605 1613 211 1352
28.3953
13.6865

148 191 216 601 607 811 925 938 996 998 1269 1298 1332 1374 1394 1586 1735
1691 1392 1636 1699 1712 1694 1337 745 1242 109 992 981 1402 1479 345 425 1089
51.9616
30.4229

553 653 1021 1041 1105 1170 1288 1389 1445 1480 1581 1698
1549 1430 238 1244 753 546 1604 480 395 1484 847 1196
44.135
27.988

147 184 253 305 310 361 431 434 443 468 525 549 625 700 702 813 850 885 940 960 1124 1215 1333 1339 1540 1549 1577 1629 1679 1713
1748 1683 1371 1681 1684 1204 1181 1386 1295 1689 91 701 446 1133 1254 1545 1505 1330 785 1169 1127 1171 526 884 1150 1040 1543 1415 680 1337
85.0009
45.5117

129 468 506 795 981 988 1049 1072 1235 1337 1458 1531
1706 1732 1107 1731 1161 98 238 1373 1317 1544 303 1022
33.6189
18.0234

88 113 194 415 490 641 646 694 871 893 906 929 979 1068 1339 1397 1656 1710
1726 1722 1471 359 884 91 951 1392 1167 1052 1461 526 778 1414 363 895 315 211
52.2963
27.8214

2 153 165 193 286 313 331 373 424 539 581 601 703 817 1023 1345 1372 1561
1520 1734 726 113 1699 1394 1048 446 1224 767 1573 1476 1173 1069 576 1238 813 492
45.2712
25.9416

73 688 710 865 885 974 1016 1060 1550 1582 1650 1700
1637 1181 1618 701 1734 1341 1026 1267 279 1333 1347 1127
46.6275
30.7054

56 179 182 203 227 240 259 328 356 405 418 451 562 582 650 655 658 688 925 966 1138 1215 1298 1337 1361 1459 1463 1480 1509 1546 1555 1669 1685 1687 1722
1549 1637 1430 1074 1731 1511 1577 1605 1618 1649 1740 1330 1720 572 546 713 1004 1646 1517 1715 1473 829 1532 1602 905 730 1161 1019 1317 1227 1411 1574 1552 922 1318
105.3717
62.5291

151 313 371 379 440 450 510 514 579 733 744 918 938 974 1184 1214 1224 1268 1314 1372 1394 1470 1497
1636 1666 1618 726 1731 1392 882 1712 1732 109 1150 1573 213 1017 1638 1662 1436 1127 253 1266 1291 1342 976
62.7916
35.7173

69 76 81 94 166 427 431 533 842 874 963 1150 1163 1591 1666 1682
1480 1691 1703 1532 1551 1562 850 1190 980 1603 885 1577 1236 1251 202 241
44.5264
27.6748

31 102 126 129 209 286 316 370 487 522 668 702 724 742 785 814 908 926 1000 1199 1245 1263 1379 1383 1445 1450 1456 1509 1715
1502 113 1242 410 1617 1567 1624 1068 1473 1606 1265 1020 1719 1196 355 1438 114 1555 1548 739 1034 1527 1613 1294 892 1352 513 388 1283
73.1515
43.1437

193 203 240 560 1006 1107 1249 1362 1379 1528 1559 1564 1585 1593 1721 1725
1617 1173 1339 1501 1514 623 1508 237 1069 1535 1734 1394 272 25 1097 1215
60.5817
41.8354

67 70 245 366 443 656 690 730 778 817 826 940 1000 1060 1101 1211 1428 1559
1727 1653 1621 688 1253 1617 1508 1682 1627 768 1431 1675 513 852 5 1695 1173 1110
49.6383
27.580000000000002

39 70 317 454 618 1230 1309 1410 1550 1634
1483 1026 1004 1617 1482 808 1438 1136 1046 790
28.3066
19.3897

98 207 388 415 490 646 685 688 710 768 889 1059 1091 1105 1126 1184 1463 1581 1604 1666 1744
1685 1636 1553 1698 1701 238 1637 1471 651 1204 1731 202 951 753 1020 572 109 1127 1602 1600 425
80.0362
46.821799999999996

240 579 737 773 862 910 981 1077 1133 1135 1150 1259 1345 1394 1566 1586 1608 1683
1737 1691 1609 501 1663 1732 582 847 433 1532 109 1089 1322 924 1141 1224 630 830
59.0466
36.1351

91 120 169 327 435 436 494 584 644 661 821 871 941 973 1072 1088 1094 1215 1304 1324 1389 1394 1646 1744
1373 1553 1701 1680 1204 1451 1127 1724 109 847 238 1250 1020 1706 591 1539 1314 1320 1639 946 215 1617 776 1254
68.1321
40.6545

56 210 467 601 650 710 816 949 1108 1400 1530 1577 1630 1642
1727 884 1681 1689 1699 375 67 109 908 864 227 51 60 1165
41.6503
26.0382

55 275 286 349 426 451 495 531 539 575 671 706 804 858 903 919 947 974 1030 1040 1043 1049 1328 1337 1342 1361 1375 1608 1691 1735
1722 567 1746 1737 1618 1480 1712 1204 1694 1749 1439 1095 1360 1731 1124 1127 1720 1346 1174 1454 1552 1349 561 1351 1322 1677 767 887 1317 532
90.8803
52.6971

244 440 494 524 590 607 758 862 950 1007 1128 1131 1175 1195 1374 1446 1450 1706
1520 1714 1609 1658 1622 1373 1646 1242 924 623 923 1407 426 1402 745 591 1498 1209
64.7859
38.28

39 235 388 431 537 547 591 750 900 908 922 1067 1744
1701 1553 1204 991 1691 1127 1343 425 1438 1020 1574 1314 808
41.3157
25.446

235 305 450 661 848 854 861 1094 1185 1209 1315 1391
1666 1333 1201 1639 1691 1641 1250 1254 480 1176 793 1173
30.436700000000002
18.2515

19 91 237 646 684 964 1042 1091 1395 1503 1553 1725
1584 1642 1373 1585 1610 1711 1451 526 1657 1173 951 1394
52.1483
30.2863

643 701 726 795 811 927 1029 1107 1271 1308 1388 1522 1581
1724 1698 1732 1687 1339 720 1373 50 11 1124 753 1059 138
42.3221
23.6005

193 216 275 316 411 493 507 795 811 817 926 1175 1189 1217 1262 1509 1695
1732 1658 1517 1373 1646 623 1068 884 1527 1394 1662 1236 1442 1097 189 1537 1600
48.8946
28.0223

305 357 462 516 556 817 916 1181 1488 1657 1686 1725
1173 202 1553 1214 954 1163 863 701 709 272 847 1535
45.829
30.0547

113 165 213 437 510 581 758 910 937 960 1059 1133 1161 1176 1301 1360 1448 1455 1663 1676
1732 1735 1499 1722 726 1423 1010 1684 1712 456 433 320 1344 1519 794 1256 211 109 355 830
64.0123
34.9692

31 339 478 649 1004 1006 1173 1243 1397 1448 1536 1644 1714 1725
1736 1722 1716 1501 1242 1555 814 1423 1089 1357 272 1535 345 1469
51.995400000000004
33.0301

142 165 259 549 700 733 781 804 807 1034 1040 1083 1094 1184 1207 1209 1243 1262 1292 1350 1361 1449 1650
1595 1204 726 1722 1731 1618 1333 1720 121 1159 72 1454 25 1639 38 1552 1638 1518 1254 24 480 812 663
64.4214
35.751599999999996

129 153 379 404 495 661 781 854 913 929 950 1118 1170 1200 1509 1536
1722 1714 1719 1250 1425 318 1404 1354 1032 576 678 1378 1133 633 1575 775
35.3772
20.479

71 165 213 343 348 467 523 549 677 800 886 889 963 973 1030 1083 1268 1735
726 1423 215 1712 1133 1694 1089 1251 1662 58 1453 24 663 433 167 850 1518 1173
45.7912
27.7243

69 487 504 719 1023 1038 1043 1247 1436 1509
1155 1734 1567 932 733 1059 1299 411 974 633
22.8657
14.0523

129 414 541 625 850 918 949 956 1248 1663
1685 1545 320 476 1150 1443 213 989 1638 1189
27.278100000000002
17.2551

6 113 371 409 443 818 923 1322 1573 1654
1722 862 1343 1614 224 1149 1618 253 1393 211
29.4598
18.5428

46 132 136 153 345 496 601 617 696 720 724 758 820 842 882 883 919 941 966 1108 1123 1153 1469 1480 1540 1554 1559 1621 1622
665 1726 1641 1549 1430 1504 1163 863 1346 968 1508 1671 1150 1517 546 1135 1695 1198 186 1419 1717 1699 1690 1267 1236 1425 316 109 864
93.0877
52.706

354 591 594 636 937 988 994 1101 1219 1290 1463 1556 1579
1720 1107 688 991 1609 1143 1473 709 1602 1322 905 1519 1530
41.3371
25.9959

109 214 279 488 537 539 547 566 827 970 1059 1214 1358 1425 1679 1700 1706
1734 1640 726 1732 1736 1617 1341 767 1343 1309 1267 1436 1026 1342 1594 1614 1498
59.0695
36.9725

275 340 371 418 450 566 730 932 1000 1007 1205 1248 1460 1668
1520 1733 1640 881 1666 1736 1551 1617 253 768 671 1068 1675 476
44.2618
23.3536

93 120 166 216 249 317 356 437 450 488 551 581 584 656 767 854 870 995 1008 1067 1087 1175 1325 1361 1375 1441 1533 1555 1604 1654 1686 1691
1636 1658 1666 1553 1646 1517 1722 1373 1396 1749 1720 623 1124 862 1647 1095 1344 1343 1351 1019 561 1663 1552 1431 1438 1600 1320 790 532 538 1176 1271
97.1348
59.1498

19 26 149 203 277 335 551 558 719 733 800 897 1134 1162 1222 1395 1559 1624 1640 1678
1584 1446 1585 1711 1148 1250 1718 1508 1028 1660 1471 1152 1063 39 882 1089 109 1638 307 370
64.1723
35.6315

93 382 525 584 677 694 707 792 813 841 886 1008 1031 1195 1209 1305 1368 1400 1456 1528 1564 1669
1683 1647 1617 1371 359 1028 1517 1514 1333 1605 785 1574 538 1150 1663 1320 1020 224 67 426 222 413
63.708
38.1063

39 131 643 769 870 900 956 966 974 1059 1086 1145 1176 1198 1370 1385 1389 1392 1478 1505 1549 1551
1727 1562 1685 1684 1618 847 1295 1386 1167 215 456 1260 1303 1040 1594 1315 785 1487 1574 1534 294 1127
64.1305
36.6021

17 73 105 394 650 685 699 883 1007 1160 1283 1489 1650 1688 1725
1744 1720 1520 1613 1173 345 633 1535 272 1696 339 1289 1333 1518 175
55.5757
32.390299999999996

128 131 165 178 244 340 356 414 481 507 527 603 760 791 910 988 1021 1135 1214 1248 1290 1310 1319 1391 1423 1449 1469 1650 1669 1688 1703
1743 1720 726 1532 1107 591 370 1551 1663 1471 1371 1605 1732 621 1159 1523 793 25 1574 1267 738 476 989 1237 1342 1097 1696 1227 898 433 1218
99.1247
56.8744

17 53 142 178 235 349 452 493 539 643 736 809 872 938 1060 1124 1140 1221 1369 1400 1416 1433 1436 1447 1527 1578 1630 1640 1667 1669 1713
1584 884 1737 1636 1242 1150 1148 1609 1155 1392 1689 1605 1254 1574 1371 1691 1346 621 1133 1662 1722 633 1675 1567 1681 508 927 67 39 50 510
101.1188
57.3648

74 148 388 451 809 906 916 1162 1298 1347 1505 1622
1562 968 1717 1040 1163 425 1303 247 778 1690 1105 1145
31.2794
17.3228

2 129 468 523 553 857 994 1006 1012 1016 1037 1043 1088 1108 1157 1245 1301 1310 1375 1385 1421 1462 1669 1706 1717
1499 1605 1727 1150 1101 1133 1244 996 561 215 1604 1124 709 1026 1574 1085 1501 1498 1215 1260 864 1357 493 1271 670
76.8101
47.0019

39 148 210 211 316 404 488 661 684 685 733 960 982 1015 1105 1160 1207 1222 1236 1314 1315 1383 1436 1480 1505 1507 1527 1561 1573
1744 1520 1691 1642 1562 1430 1155 1549 1607 253 1028 572 1421 1303 1614 1638 1250 882 1040 1567 318 546 238 844 1068 1237 808 355 1574
84.0324
44.6895

290 451 522 539 598 701 792 880 885 903 940 1051 1055 1259 1267 1278 1387 1423 1485 1487 1715 1726
1744 410 1181 799 1480 1734 1042 1552 1739 591 1028 1650 1124 1340 11 499 50 154 1236 1265 1549 1548
77.8629
47.5715

41 105 373 389 603 671 684 932 935 966 981 1015 1043 1077 1086 1346 1358 1406 1435 1528 1550 1559 1615 1631 1642 1668
1733 1727 1640 1617 1672 1508 1514 1693 1174 1026 215 1360 1532 1677 844 785 109 1239 1491 339 1614 1416 598 1266 1670 824
83.496
49.2936

74 148 249 414 590 674 826 872 1043 1647 1710 1717
1386 1244 1407 1248 1167 1299 1681 1373 1150 1209 510 1614
35.8153
21.533

46 64 80 164 178 316 327 370 382 418 485 539 570 590 601 850 925 962 964 1040 1135 1219 1272 1427 1470 1581 1582 1599 1608 1622 1629 1703 1715
1743 1698 410 1684 968 1242 1699 1663 1545 1710 1609 1371 753 882 991 969 1717 1337 621 1415 1454 1407 1719 1322 1527 1265 924 1169 1347 1127 767 1068 738
105.1612
60.2429

183 245 434 437 510 649 718 814 930 1064 1088 1095 1110 1133 1170 1325 1460 1558 1581 1682
1727 1698 446 1699 1732 1712 1466 1660 753 1344 1394 1135 1034 1157 1606 1256 1108 433 499 374
61.1233
35.911

26 86 253 367 426 485 511 522 550 591 617 725 773 820 869 889 925 1012 1038 1041 1095 1175 1256 1259 1341 1385 1425 1441 1473 1550 1559 1646 1675 1679 1713
1744 1680 1734 1658 1373 1727 991 623 1737 1337 1508 1141 1040 1371 1695 1244 1133 847 1516 1150 1019 1660 932 109 1551 1267 1094 1169 1346 1548 174 374 1610 276 1261
106.5663
64.5828

56 310 354 414 494 564 607 750 795 918 988 1021 1051 1133 1143 1173 1248 1272 1358 1466 1470 1487 1530 1556 1578 1638 1654 1693
1732 1736 1687 1727 1204 1107 969 1737 1739 862 925 1722 1343 1519 1552 1242 882 433 591 1267 1322 1150 1443 989 901 72 1493 1402
94.9188
56.0659

8 80 232 455 661 730 938 994 1016 1214 1632
1636 726 1392 1732 709 1250 1017 768 1263 1342 1436
31.9443
18.3913

2 5 55 410 414 436 485 494 495 560 574 706 947 1007 1110 1306 1346 1360 1362 1389 1397 1421 1461 1640
1584 1520 1732 1562 1148 1722 1446 1085 1713 847 1607 1394 370 927 39 487 1702 799 508 591 1422 1566 342 109
68.96809999999999
39.3568

128 244 490 494 560 785 814 817 889 1037 1099 1178 1345 1346 1350 1503 1638
1595 1618 1244 72 1224 1414 1516 1606 1519 773 609 272 990 1173 1330 36 1016
46.2929
28.6289

8 73 227 317 424 450 516 767 885 894 925 1038 1044 1046 1185 1284 1449 1456 1533 1597 1657 1663 1721 1735
701 1048 1666 1181 1694 1747 1649 1712 1089 1337 1159 320 1201 121 557 1641 1333 1062 847 863 1097 709 932 1022
85.5882
53.7604

191 388 411 625 702 712 760 998 1008 1128 1236 1461 1472
1622 1647 1523 1446 425 1517 1421 487 72 621 957 548 740
35.2556
20.1268

77 139 150 184 234 397 469 591 658 665 810 871 979 988 1016 1245 1267 1306 1342 1346 1433 1469 1507 1550 1584 1642
1553 1685 1691 1107 1727 1746 1607 991 1026 1161 572 1392 1679 109 1033 1744 568 1493 1150 1018 317 172 909 1481 727 1294
79.4201
46.1521

46 70 227 408 437 670 745 974 991 1128 1163 1263 1374 1520
1747 884 1622 1644 1618 1649 1703 334 202 1135 1551 1344 808 1562
48.2249
27.8041

115 190 464 556 671 919 1111 1124 1314 1659 1669
567 1360 1605 1254 1649 1677 1174 1574 1150 1291 1237
34.9524
21.6046

56 348 356 373 384 547 556 562 582 703 710 735 1059 1246 1303 1464 1480 1556 1575 1585 1650 1710 1735 1746
1737 1549 1048 1687 1074 1740 1712 1694 546 1510 1127 1167 1430 25 537 1646 1097 1344 1239 375 711 896 1089 1518
84.3582
53.54

156 524 531 668 670 707 781 809 963 1346 1365
1669 887 1251 1112 1497 850 1652 1224 833 1273 788
23.3145
15.4797

39 694 702 1110 1135 1262 1321 1459 1539 1710
1242 1663 1511 1127 1431 359 1167 1394 572 808
31.4459
18.324

67 93 166 193 541 549 584 656 773 827 910 967 1008 1131 1200 1252 1268 1322 1339 1392 1400 1448 1533 1553 1572 1631
1722 526 884 1691 1647 1517 1610 1657 1491 1627 91 1260 1394 1239 1267 1663 1171 1431 1404 1320 630 1261 538 848 1544 433
75.7867
44.822

5 227 399 661 780 899 929 967 1143 1405 1675
1562 1727 1649 1464 1137 1250 1345 255 698 716 277
28.5772
16.5412

8 55 150 227 348 395 495 650 795 810 893 894 905 940 1040 1049 1068 1222 1361 1368 1433 1448 1455 1487 1663 1700 1703
1726 1743 1732 1720 1722 1649 1739 1734 1028 370 1666 320 434 1454 1341 279 882 738 1018 1267 1236 1552 984 1227 355 641 321
79.46379999999999
45.2619

94 115 153 384 427 493 550 1032 1038 1236 1283 1392 1578
1737 1260 1722 1421 1662 932 1425 452 174 1108 72 1262 910
34.1012
20.8894

150 169 178 234 464 499 506 622 653 703 792 829 1068 1301 1324 1461 1472 1638 1713
1726 1566 1499 1724 1446 1371 1133 480 1519 621 1373 1028 1423 1150 915 487 773 548 713
53.0097
29.0172

64 85 179 209 420 719 1123 1195 1455 1555 1657 1744
1701 1618 1671 1553 1204 1127 1020 1019 1314 688 863 1473
45.8905
29.326999999999998

399 438 694 813 857 1031 1046 1195 1328 1365
1683 1371 359 557 1605 785 1097 224 1493 621
30.5635
18.5943

139 415 707 800 811 1014 1041 1101 1168 1211 1306 1445 1481 1584 1631 1688 1700
1720 1685 1744 1653 1471 688 1253 1669 1734 1244 1618 1679 238 1196 1239 279 1052
61.5744
35.3346

245 331 379 650 658 854 973 1086 1105 1207 1248 1272 1314 1372 1401
1727 215 238 969 925 476 1574 785 446 279 989 1237 851 1291 901
40.8272
24.6683

55 117 170 361 408 537 699 871 872 930 938 1091 1186 1269 1292 1559 1685
1636 1133 1392 1508 1386 38 1479 1646 1004 1681 1343 1161 992 109 1017 510 981
54.2843
32.7803

53 55 131 283 320 409 420 488 539 829 874 885 898 1021 1046 1156 1184 1326 1362 1392 1455 1456 1459 1595 1669
1737 1554 1181 701 1731 1511 1260 923 1605 224 1607 557 1574 582 1097 522 1369 1150 1381 572 38 1505 714 1045 1020
74.7673
44.8413

46 183 395 405 898 926 1035 1092 1095 1312 1326 1346 1362 1430 1455 1553 1554 1581
1666 1737 1504 863 1698 1610 1660 1657 526 753 434 1530 1135 957 247 1369 1439 1261
63.0272
37.8076

5 129 153 451 562 579 688 694 765 922 1014 1031 1040 1068 1087 1217 1259 1268 1450 1468 1473 1483 1540 1577 1607 1669 1744
1726 1517 1701 1562 1728 1637 1553 1204 1414 359 1689 1681 1454 1605 1127 572 1157 1425 1020 1574 1150 1613 1618 1314 1610 72 1257
81.0518
45.6441

117 164 332 369 488 684 696 853 903 923 1052 1194 1325 1575 1591
1642 1480 1133 1710 1053 1282 1149 844 1589 1393 1386 241 1211 807 866
37.1999
21.2101

294 409 780 980 1181 1193 1195 1235 1250 1337 1415 1416 1505 1646
1687 1562 1680 884 1089 202 224 1731 954 1649 1053 1303 1675 500
50.769400000000005
29.1592

227 249 571 667 862 926 1278 1361 1666 1715
1726 1649 1722 1609 410 1720 1552 1577 499 1265
39.3547
22.0933

71 209 415 456 750 765 1034 1041 1091 1495
1471 1618 1244 84 1473 1062 1052 1310 252 1646
26.2017
14.8591

26 81 164 194 331 454 499 504 541 750 778 814 897 925 967 994 1004 1014 1046 1126 1209 1281 1319 1325 1415 1435 1469 1489 1515 1531 1533 1584 1669 1720 1741
1685 1566 1732 1737 1744 1709 1618 1340 651 1710 1337 1693 1057 1089 1333 1150 370 1605 1097 1161 255 637 500 98 1679 1574 1289 557 1236 1606 79 530 1379 1267 291
117.4285
69.3927

13 328 394 424 696 720 769 906 1150 1157 1262 1314 1321 1433 1447 1536 1549 1612 1688
1737 1720 1562 1588 1048 1068 1386 1613 1532 1295 1163 1198 1385 1696 1160 1315 1260 778 1444
62.2752
34.765299999999996

8 88 313 511 690 718 773 778 899 927 1040 1118 1369 1468 1721
1687 1454 1464 1466 621 50 1022 593 852 1573 1032 698 1141 755 930
36.0909
22.7653

44 103 105 156 210 328 431 473 726 769 807 842 883 962 998 1068 1092 1268 1350 1365 1464 1481 1573
1726 1595 1724 1480 991 561 1614 72 1315 1373 1239 339 253 957 1002 1029 248 652 286 425 607 1587 990
61.9938
34.2023

130 357 781 947 981 1130 1319 1421 1460 1491 1554 1572
1504 863 1579 1617 370 1085 1648 1267 1068 340 1108 470
36.6378
23.1342

103 109 313 317 369 418 454 522 737 765 857 871 940 946 962 963 996 1150 1235 1257 1333 1400 1445 1450 1458 1478 1494 1531 1533 1550 1551 1581 1658 1686
1748 1691 1706 1698 991 1532 1553 1026 546 1617 753 1161 1614 1309 326 253 1594 1605 1029 67 1544 1487 1251 1196 1613 1548 1438 303 1454 1610 984 1714 214 1572
98.367
59.3944

44 52 182 283 356 424 827 1060 1181 1219 1304 1310 1392 1416 1433 1441 1445 1450 1746
1048 884 1260 1609 954 202 1607 1675 1510 537 1196 522 953 1613 209 1330 847 993 1337
53.9186
32.6805

56 67 109 126 164 183 487 659 745 814 869 871 872 882 918 956 962 991 1008 1016 1034 1168 1193 1272 1292 1347 1381 1391 1405 1445 1450 1470 1595 1686 1715
1737 1499 1517 884 1554 1647 1685 1710 410 1618 1196 923 1627 1553 38 334 969 925 1681 1617 1309 1265 1567 1443 1137 1596 1606 1150 388 582 510 95 247 1236 714
104.5818
58.942

66 755 910 966 1021 1192 1215 1370 1659 1698
1696 395 1534 1484 630 294 1337 648 433 926
26.8202
16.5771

149 328 374 385 514 656 702 707 726 737 781 795 800 850 858 885 996 1016 1029 1077 1200 1222 1224 1236 1249 1338 1415 1445 1452 1509
1691 1722 1724 1732 1181 701 1089 1204 1669 1545 500 1631 1421 1373 1349 283 1662 882 1633 1404 846 1028 1196 1492 72 1431 623 79 949 317
78.6797
42.2885

17 66 69 148 348 382 385 656 795 853 923 938 991 1007 1023 1029 1092 1140 1161 1211 1395 1441 1459 1527 1632 1721
1520 1636 884 1732 1585 1653 1660 1734 1253 1711 1010 1392 1511 633 1567 320 1589 1263 1149 621 957 307 593 1022 1017 572
80.9845
44.798

170 178 184 234 435 488 522 531 578 655 665 919 929 1135 1145 1176 1200 1283 1308 1360 1405 1414 1446 1515 1558 1584 1701 1711
1732 1566 1685 1553 1722 1726 1706 1663 1621 1684 1744 924 923 1692 1648 1107 621 1340 901 1080 637 167 1057 887 1325 225 1679 456
102.8599
60.256

13 70 290 405 478 506 582 622 671 850 1110 1211 1262 1310 1435
1562 1253 1068 1545 1740 1653 1074 1734 1693 1677 1394 1373 1242 1174 1360
45.3286
25.0564

131 151 385 468 707 817 1128 1130 1143 1247 1331 1462 1530
1622 1727 1101 1669 996 51 247 1173 1059 1022 427 433 1299
31.2302
18.168

2 62 170 366 380 507 553 622 641 674 684 723 792 903 998 1067 1095 1193 1237 1249 1269 1306 1361 1421 1452 1536
1642 1621 1660 1480 1479 1722 1720 1028 992 1618 1299 1604 1016 1097 1085 1552 844 623 1423 1607 315 1461 374 981 225 1386
72.7187
41.3809

70 434 485 494 527 601 667 694 785 874 897 937 981 1157 1257 1375 1470 1646 1669
1726 1680 446 359 546 882 1124 1605 1150 1260 1574 1699 561 1218 227 1271 1519 885 172
56.1073
31.0393

117 194 209 331 356 437 553 607 668 718 765 781 962 996 1021 1055 1099 1145 1150 1190 1292 1385 1469 1478 1481 1491 1577 1631 1678
1691 1727 1617 1133 1579 1466 1689 1604 1681 38 991 1242 1473 1532 300 1471 1487 1239 1344 1160 847 922 1386 1267 895 1063 949 1379 446
79.4908
47.0085

511 547 612 677 758 1016 1046 1123 1292 1473
1458 1671 557 1610 38 1097 1644 764 317 113
27.561700000000002
16.6484

35 128 225 227 408 437 462 515 571 578 603 644 736 765 809 964 1032 1108 1222 1224 1268 1322 1369 1455 1460 1505 1573 1579 1604 1608 1666 1679 1741
1562 1636 1709 1649 1720 1143 1732 1028 1040 1303 1614 1726 1190 1577 50 452 882 1600 924 1344 1662 864 277 808 1281 1706 700 167 546 285 680 253 1498
91.9465
56.8572

77 85 91 103 107 146 225 385 394 578 592 701 737 778 838 940 946 962 1016 1038 1046 1326 1428 1435 1489 1491 1495 1558 1572 1606 1646 1654 1703 1725
1743 1373 1680 1744 1613 991 1579 1682 370 1693 862 1617 561 1029 1173 1343 345 11 1451 1535 1062 50 932 272 1135 179 1614 1124 1157 1097 738 1310 1289 860
117.3057
74.2557

148 191 328 415 490 527 607 661 800 1448 1481 1656 1663 1669 1693 1706 1713
1150 1471 1605 1026 320 355 1052 1133 72 1242 1414 1574 1250 1498 1218 1267 493
54.516
36.5877

74 426 501 707 857 1077 1126 1175 1347 1555 1559 1612
1685 1704 1588 1658 1373 1669 1508 651 1646 1737 1019 1385
52.9766
31.0788

71 98 131 148 164 258 443 454 455 487 899 926 935 1067 1235 1267 1283 1328 1341 1410 1503 1520 1698 1713
1744 1747 1644 1710 1618 395 1464 1133 109 1567 1484 1094 303 1150 1019 272 621 1141 1493 476 698 648 1330 589
66.4102
39.0137

8 67 76 115 147 656 659 821 853 1190 1248 1358
1499 1330 1627 300 476 1431 1589 1108 598 1614 1266 388
29.6901
16.7003

147 310 345 397 404 440 456 551 594 601 641 724 857 949 1004 1057 1169 1189 1221 1246 1262 1315 1365 1369 1375 1447 1473 1503 1530 1577 1640 1669 1726
1744 1737 1584 665 1330 1711 1148 1609 799 1605 1545 1126 1150 1681 1687 1340 1618 1042 711 1650 561 370 1124 508 154 1689 1610 1549 318 1161 1236 1497 1472
115.6017
65.9973

39 69 150 207 566 710 994 1043 1591 1608
1736 1322 709 808 671 924 375 241 1021 1116
23.430600000000002
14.8276

203 286 566 582 724 827 894 1029 1124 1207 1311 1328 1358 1360 1480 1486 1556 1703 1706
1743 1732 1549 1430 1684 113 1074 370 1736 1740 881 1254 1605 738 1026 546 1498 1035 1614
70.5009
41.3213

327 408 495 707 809 810 813 820 932 934 998 1034 1086 1131 1178 1195 1214 1489 1507 1531 1556
1691 1683 1371 785 1732 726 1607 1618 1161 572 1669 1539 847 215 98 1695 1289 425 1436 1018 1342
63.8119
36.712199999999996

130 164 213 452 481 667 769 817 894 910 930 1162 1341 1383 1388 1400 1480 1531 1744
1726 1553 1549 1701 1242 1430 1423 1204 1710 720 1471 1020 546 1161 1127 1094 1315 67 1019
67.1134
37.5364

73 86 88 107 153 384 404 414 443 513 522 590 618 668 782 820 838 964 988 1000 1257 1358 1427 1461 1469 1494 1586 1663 1722 1726
1744 1737 1107 546 1446 1333 1617 799 1042 713 1407 1549 1236 1340 1650 829 1425 154 1719 318 1318 1004 1548 1609 1136 1690 1695 1266 355 487
94.449
58.542

6 443 478 494 550 684 688 710 780 880 886 980 1016 1026 1246 1448 1527 1558 1667 1692 1701 1746
1691 1642 1637 1689 1687 1048 1242 1649 1510 1680 711 901 1648 320 1260 1567 844 375 1135 591 1616 537
75.1057
45.6912

130 169 396 424 523 677 949 976 1068 1138 1168 1178 1184 1235 1267 1290 1304 1410 1421 1462 1597 1638 1663 1685 1703
1726 1743 1706 1048 1731 1101 1004 370 1646 320 1715 1747 1519 901 1133 1161 215 1085 996 1614 773 1227 1529 738 303
78.2333
45.2688

91 128 331 343 438 451 511 733 838 895 898 1133 1338 1445 1527 1564
1703 1373 1451 1732 433 320 1638 283 1492 1567 446 1356 1196 253 776 1256
43.941
25.3026

153 178 193 268 277 730 872 899 1037 1175 1195 1448 1505 1668 1731
1640 1562 1658 1373 1244 1646 1371 623 1464 1691 1394 1425 1681 1040 768
54.4062
32.5351

86 131 165 216 330 414 564 656 699 857 899 956 979 981 982 1015 1060 1160 1211 1441 1494 1540 1573 1578 1622 1659
1253 1685 726 1653 1717 1693 1722 1392 1464 1614 649 1605 1277 320 1431 253 1690 968 1714 1105 513 427 686 698 1237 762
68.2451
41.2508

8 316 409 420 452 688 907 922 1072 1375 1447 1520 1586 1608 1698
1737 1747 1644 1637 1242 1068 1124 395 1322 1527 224 561 924 938 1484
54.0351
32.0941

19 150 335 399 414 426 966 1262 1365 1430 1572
1737 1530 1267 1087 1379 903 1273 1296 285 627 717
23.2174
14.3646

5 66 151 182 213 395 404 408 601 750 982 1101 1118 1199 1200 1219 1315 1462 1531 1540 1719
1722 1386 1562 1423 688 1666 1609 1161 1699 388 1624 434 98 996 318 1404 808 649 1032 436 762
55.0215
29.4028

70 74 193 283 395 427 455 522 531 558 644 1006 1051 1059 1268 1322 1325 1333 1341 1362 1383 1416 1463 1483 1528 1565 1644 1746
1744 1748 884 1048 1718 1666 1602 1552 1514 1089 1510 1675 1617 1423 814 434 1157 1469 1394 1501 1473 1607 537 887 905 1357 1493 1094
90.9461
54.3894

35 74 314 340 385 490 511 750 817 874 938 966 1107 1301 1331 1406 1494 1559 1597 1682 1683 1698 1714 1715 1722 1735
1499 410 501 1532 829 1712 1392 1694 1555 582 1551 1508 1339 713 1747 1173 1089 395 1484 1436 1059 1636 499 1017 885 109
93.279
60.3732

71 105 139 207 277 380 394 487 625 646 652 730 841 862 869 884 903 973 1026 1079 1269 1284 1312 1522 1593 1646 1647 1692 1715 1725
1691 1680 1609 1386 1629 1480 1731 410 1613 951 1373 1173 345 72 1248 1567 1479 1535 272 1265 237 992 1487 1614 981 1742 339 1260 1077 814
97.633
57.5555

71 427 854 929 960 1170 1338 1401 1503 1669
1618 1574 1605 283 1150 1330 1492 272 74 1354
27.3742
18.237

76 128 146 148 237 286 343 455 494 575 644 650 661 861 905 908 918 938 970 980 995 1042 1051 1060 1195 1243 1263 1267 1345 1379 1385 1450 1540 1630
1584 1636 1649 884 1727 113 1392 1594 1396 1552 1394 1439 847 1443 1224 1017 426 1250 649 36 1438 591 1613 1555 433 860 224 1352 1150 107 786 984 1493 1004
85.3716
47.3926

131 170 193 268 424 426 435 470 493 562 603 725 726 745 817 841 925 956 1067 1092 1150 1263 1312 1315 1416 1460 1466 1486 1494 1540 1551 1629 1714
1684 1687 1724 1685 1555 1204 1737 1337 1127 1610 1048 1373 1394 334 1415 1532 1675 1594 884 1346 225 1662 1605 957 119 1159 916 1325 1169 1436 255 1267 1108
99.9747
57.9661

8 19 142 345 410 437 516 579 644 658 735 865 894 932 982 1026 1101 1153 1397 1460 1469 1566 1713
665 1691 1737 1150 1680 688 1722 1133 847 701 1461 1344 1419 1267 880 1068 1108 1519 777 1695 321 1286 768
60.7174
33.8776

117 147 191 232 237 435 470 511 558 636 641 780 782 800 946 964 1160 1169 1207 1219 1256 1290 1331 1369 1441 1575 1579 1615 1646 1692 1713 1721
1733 1584 1691 1680 1672 1133 1720 1718 1126 1610 1330 1609 1143 1159 1346 1614 621 1022 50 1461 1373 1706 315 1150 1472 1260 1141 1077 593 898 1345 1211
93.3414
52.2656

44 410 571 575 854 1365 1430 1488 1667 1683
1737 1689 1214 501 582 1439 1713 1530 1461 700
38.707300000000004
23.8083

121 165 184 249 395 431 493 533 643 677 724 750 842 872 884 1091 1160 1175 1199 1249 1269 1341 1397 1414 1435 1436 1448 1561 1572 1593 1631 1659
1744 1520 1532 1373 623 1658 1629 1480 1621 1646 1624 1722 1299 1155 726 1479 1666 434 1693 1662 237 1742 1094 1267 72 992 510 1173 981 1491 248 1032
98.9113
53.2939

19 249 332 427 527 591 601 700 702 816 829 1314 1358 1389 1657 1659 1678 1691
1204 847 1749 1699 1218 1471 1095 991 1062 1089 863 1351 532 598 1614 922 737 709
59.3147
38.7001

6 66 70 142 210 259 371 434 450 636 653 795 884 940 964 1015 1087 1108 1145 1215 1235 1283 1288 1365 1392 1527 1578
1629 1732 1666 446 1260 1722 320 480 72 1567 1742 630 1691 303 1337 864 709 1124 1262 1485 436 1176 1330 1273 481 1324 493
61.168
35.5434

98 164 237 462 476 566 720 950 1222 1591
1584 1714 1710 1204 1163 109 1028 1736 316 882
30.6342
15.1228

6 39 81 476 661 667 883 966 1059 1230 1236 1312 1395 1593 1608 1685
1726 1585 1711 1322 1204 1161 1646 1660 1421 1250 72 1004 1482 1715 1614 1532
53.5421
31.5152

56 66 120 182 470 511 652 688 706 773 795 885 930 937 1000 1004 1007 1079 1131 1249 1385 1401 1445 1491 1676
1735 1520 1617 1727 1637 1732 1731 1181 701 1610 1579 1159 1487 1346 623 847 1196 759 1737 848 1154 1519 1257 572 501
74.6945
40.3192

44 179 234 316 488 513 551 598 799 841 906 1118 1194 1421 1531 1585 1706 1744
1618 1701 1553 618 1204 1237 1020 1527 25 1127 1161 1026 1068 1085 1734 1248 1097 1344
61.591
38.9687

67 232 234 469 598 1423 1464 1488 1495 1591 1599
591 1214 1627 84 1062 179 1239 793 1310 988 153
34.2277
21.9263

130 409 694 760 773 810 858 923 1131 1219 1237 1269 1494 1695
1523 359 1609 1204 1714 1479 992 1349 884 1149 981 740 1236 1393
41.0199
25.2665

94 105 115 235 316 328 456 495 558 578 702 733 744 769 813 872 882 905 1000 1004 1121 1147 1173 1235 1245 1423 1429 1558 1629 1630 1703
1743 1736 1683 1684 1371 1517 1718 591 370 884 1415 1068 1706 1691 1681 1169 1135 1315 785 1638 1527 1127 892 1617 339 569 1157 738 303 167 510
99.11619999999999
58.1276

31 149 245 437 440 450 455 467 495 510 575 584 665 783 918 995 1094 1143 1281 1283 1309 1324 1341 1480 1491 1494 1565 1676
1744 1727 1735 1553 1549 1430 1666 1712 1724 1396 1617 1439 1483 709 1579 1033 1107 1344 1443 1150 1254 1019 794 546 1337 1320 1481 213
86.3287
46.1314

17 31 73 142 165 227 237 560 792 809 869 895 910 940 947 950 970 980 1023 1035 1064 1094 1143 1170 1286 1308 1324 1578 1581 1599 1631
1584 1698 1724 1727 1714 1649 1666 1703 1699 1734 633 1722 753 1594 1333 1028 630 726 1491 1254 1439 1239 671 653 1262 276 342 662 1639 727 1462
83.1471
44.8136

26 109 388 438 485 527 612 665 785 841 883 981 1043 1194 1321 1337 1387 1392 1466 1481 1593 1634 1721
1687 1553 1458 1617 1731 237 1260 1107 1204 1309 1033 630 424 621 425 1317 1218 1022 1046 1016 593 1188 1032
69.1604
41.1744

139 169 500 504 643 649 700 814 895 994 1031 1143 1153 1326 1339 1473 1640
1584 1148 1727 1204 1703 884 91 1034 1419 370 526 927 1610 508 1171 1606 709
54.393299999999996
31.6128

13 76 146 151 166 170 332 395 411 922 1087 1319 1394 1528
1562 1617 1514 1691 1666 1068 434 370 225 1648 109 860 72 1594
38.9206
22.4665

227 488 590 782 791 799 906 941 1000 1041 1046 1281 1328 1346 1469 1480 1536 1604 1642 1721
1727 1636 1549 1430 618 1237 1617 1649 621 1407 1244 557 1248 546 1097 1600 1618 1493 1267 778
69.8127
42.414

74 126 183 232 244 258 303 385 418 455 862 903 947 981 1031 1035 1055 1059 1217 1447 1612 1658 1679 1721 1725
1737 1609 1666 1517 1588 1480 1610 1173 1385 345 938 326 1535 1719 1439 1444 621 1022 1454 984 609 1150 828 272 680
77.0724
46.6276

147 485 582 584 742 768 858 869 925 929 941 970 1049 1086 1298 1452 1455 1593 1679 1737
1642 1074 1204 1740 1330 202 1337 237 215 1349 1436 1594 785 1459 1032 1320 1069 1087 255 680
59.8922
36.9613

165 249 349 464 584 652 758 853 857 907 1190 1235 1312 1321 1546 1585 1714
726 1731 1555 25 1605 300 1346 1097 1436 1589 1734 1320 1385 178 303 915 1141
46.8812
29.1848

42 147 179 550 652 667 694 696 724 869 893 918 960 963 995 1088 1153 1252 1268 1286 1305 1306 1372 1383 1494 1527 1553 1581 1669 1715 1717
1726 1698 1150 410 1731 1610 1618 1244 1396 1330 359 355 1657 1605 1714 1419 753 1443 320 1567 1574 247 1265 1251 1607 321 662 174 922 213 276
94.6438
54.8993

107 128 150 488 701 702 758 768 773 799 897 906 995 1067 1072 1092 1121 1211 1350 1666 1737
1595 1642 1653 1253 1618 1396 618 202 1237 1248 1124 11 238 1459 1436 1190 957 50 778 1577 980
63.8848
37.5993

73 80 86 126 522 818 926 934 1042 1055 1067 1263 1267 1448 1458 1462 1468 1481 1588 1612 1654 1685
1706 1101 1004 1394 862 847 1618 1544 996 1333 1343 1411 1646 1715 1161 36 341 250 1719 1385 764 272
70.5038
45.2901

120 129 426 488 1035 1060 1248 1395 1472 1725
1666 1585 1711 1173 1737 1660 345 272 1535 476
36.0794
21.8876

91 148 170 178 179 339 340 384 404 454 455 481 485 644 685 703 736 737 767 895 940 963 1079 1181 1331 1429 1445 1452 1460 1464 1468 1608 1688 1701
1744 1720 1737 1373 1703 1618 1716 202 1471 954 1451 1648 1551 1322 1196 1696 621 1239 1487 1371 318 901 846 225 1386 1273 924 1251 1108 776 1325 1002 922 850
95.8529
52.8915

314 395 409 481 496 527 550 584 685 707 768 781 970 1049 1068 1123 1124 1134 1214 1215 1256 1321 1415 1433 1472 1595 1631 1654
1744 1726 1554 1737 1732 726 1471 1671 1089 202 1666 1669 1250 1254 1594 923 500 1343 434 862 224 1141 582 1436 1491 548 1342 174
89.16290000000001
49.0941

371 395 547 606 659 661 768 913 964 991 1032 1123 1326 1549 1595
1737 1386 1554 884 1499 1671 202 1666 923 434 1250 1295 452 1505 1719
53.0115
29.6457

26 179 227 279 684 688 964 966 1064 1108 1326
1640 1642 1637 1699 1649 1618 844 864 572 922 1369
30.2082
15.4878

35 42 86 232 415 476 550 710 769 946 1092 1169 1263 1342 1447 1564
1737 1746 1126 1471 1204 1052 1614 375 1315 1555 1472 1150 668 174 1497 909
44.7638
25.0764

6 70 129 182 332 380 511 541 807 818 939 981 1064 1091 1107 1161 1162 1189 1321 1345 1389 1421 1428 1436 1460 1472 1519 1575 1585 1647
1386 1010 1699 1517 1155 1248 1339 1682 1097 847 1085 25 1373 1344 1059 1224 1734 1068 1618 1108 1099 1211 1614 548 84 1375 713 1385 1530 1277
77.8187
47.1299

117 184 427 438 473 514 549 653 694 710 813 829 876 925 932 996 1057 1067 1095 1237 1429 1539 1559 1604
1683 1636 1242 1691 1711 1133 1660 1371 1508 1431 359 1545 1337 375 1127 785 1600 109 480 709 255 374 1188 949
76.475
44.4432

5 42 67 232 245 303 348 434 476 570 574 667 893 939 967 1021 1030 1092 1118 1153 1248 1428 1483 1530 1638 1719 1726
1744 1386 1562 446 1727 1517 1204 799 1682 1042 1627 1419 1340 938 1157 901 1519 1650 1236 154 957 989 388 773 969 1545 1346
80.3154
45.6783

115 132 216 474 504 525 622 718 765 781 1101 1575 1578
688 1466 1701 1722 67 1423 1108 291 1262 1211 1695 493 1484
30.2072
17.9624

701 842 894 974 979 1246 1321 1341 1391 1706
1744 1480 1618 1687 711 1124 1392 11 561 1127
37.6516
22.5636

209 305 436 496 510 578 601 612 1032 1133 1262 1385 1579 1608 1650 1701
1727 1458 1720 1732 1712 1648 1699 901 452 1322 1473 847 1706 924 167 1518
50.1941
30.625600000000002

41 86 94 194 277 332 405 456 525 581 649 813 1128 1172 1200 1236 1298 1321 1370 1564 1622 1630 1713 1747
1683 1722 884 968 1717 1371 1690 1133 785 1421 317 1534 1404 1646 1150 294 72 1536 908 895 1329 252 227 1392
67.1713
39.5282

77 131 148 294 345 369 380 436 450 656 658 710 814 1023 1044 1140 1143 1192 1224 1248 1423 1445 1473 1480 1485 1554 1556 1564 1573
665 1549 1430 1504 1727 1666 591 1734 1053 1614 546 1034 1662 793 476 253 375 1196 1517 340 1606 1150 863 307 1176 84 1610 989 764
82.1087
48.871900000000004

53 427 809 926 1023 1051 1259 1309 1429 1581 1644 1693
1698 1089 1734 1552 1483 814 753 1423 72 1469 1493 1432
42.2148
26.4603

98 139 151 259 427 515 897 1092 1126 1164 1195 1217 1237 1324 1333 1435 1466 1488 1573
1685 1687 1748 1204 1517 1214 1693 651 109 1724 957 1614 253 424 630 426 224 862 279
56.4228
29.8286

41 53 81 701 869 898 1086 1298 1391 1503 1546 1693 1701
1618 1648 215 72 11 1124 785 901 50 1267 941 1337 1330
41.2376
27.3181

52 62 71 94 129 207 232 249 253 374 382 434 474 706 737 964 1016 1310 1326 1478 1584 1638
1685 446 1701 1618 1519 291 1631 1744 568 1633 773 1679 1487 1040 1371 1369 222 993 172 317 969 1257
55.8149
33.2576

77 182 730 791 827 1068 1086 1180 1198 1328 1536
1726 215 1167 785 768 1675 1493 621 1366 851 953
29.2349
17.0819

227 253 688 903 1044 1072 1278 1455 1488 1599
1637 1480 1214 1649 1371 238 499 1040 653 572
28.4775
16.114

2 55 126 165 553 612 696 820 991 1059 1272 1715 1744
884 1701 1553 1458 410 726 1204 925 969 1604 1265 1127 1020
52.2145
31.8933

31 71 94 240 279 533 553 710 848 930 1023 1092 1105 1126 1321 1505 1520 1546 1631 1666
1685 1747 1562 1644 1640 651 1734 1303 1604 238 1190 1491 1577 980 1040 375 957 1239 1574 1337
64.7311
37.4294

13 121 147 178 235 380 516 553 735 820 838 842 923 949 970 1008 1091 1099 1133 1173 1235 1256 1263 1370 1401 1549 1553 1564 1566 1577 1581 1638
1691 1736 1532 1562 1698 1737 1386 1732 1681 1610 1689 1295 1657 1604 1371 1647 1068 1519 1517 847 701 526 1149 1646 1480 1330 1160 621 1695 1594 1534 1141
104.6739
59.2293

120 126 146 213 450 455 549 653 767 778 935 1245 1345 1395 1585 1691
1666 1423 1711 1660 1749 480 1097 25 1351 1719 1344 1224 1385 532 1734 860
47.754
29.1799

39 74 210 395 571 646 737 818 918 947 1004 1130 1143 1157 1262 1269 1281
1727 951 1479 1666 434 1443 1150 700 247 992 1672 808 981 1260 1618 903 1271
43.1864
26.0362

5 55 147 169 303 374 426 513 592 726 791 962 963 1060 1099 1150 1162 1168 1192 1194 1250 1339 1361 1458 1550 1558 1656 1683 1711 1735 1747
1724 1687 1706 1562 1737 1722 1373 884 582 1694 1330 501 1026 1089 1720 1532 1662 1080 1712 1157 1631 1135 91 526 991 1633 1171 307 1237 1251 1552
109.75919999999999
67.6398

62 148 164 194 490 744 813 898 1110 1298 1369 1464 1595 1634 1675
1737 1554 1683 1710 1371 1618 923 1239 1394 582 1414 785 895 1002 714
48.7279
28.6173

44 66 86 343 349 379 394 414 434 556 558 592 601 606 656 809 900 1029 1064 1095 1180 1263 1315 1360 1428 1461 1469 1573 1586 1595 1647 1725
1732 1737 1699 1386 1554 446 1660 923 1614 1718 1248 1446 1682 1173 1373 1535 1346 272 253 1574 345 1555 1613 1431 582 487 175 1702 109 374 896 1305
96.7655
56.3615

237 316 389 578 671 696 730 760 880 1195 1205 1342 1435 1468
1584 1733 1746 881 1523 1068 1693 1706 1677 1527 1360 167 1675 1616
49.1501
27.7856

105 184 332 343 369 435 436 437 553 710 799 874 1014 1016 1057 1305 1394 1433 1456 1487 1572 1622 1746
1711 1618 968 618 1545 1717 1048 1604 1739 109 885 1248 537 1237 1690 1344 339 1267 1706 1020 1510 1105 413
68.3667
40.8075

120 331 549 598 755 930 941 994 1392 1433
1696 1260 709 446 153 988 1346 1330 910 1715
25.4449
15.4418

74 164 184 500 841 918 1157 1313 1394 1401 1415 1449 1455 1485 1546 1566 1624 1687
1446 1691 1737 1710 1517 1577 1152 1089 1159 847 121 1260 109 1151 5 1148 1330 1443
63.4626
37.901

6 53 94 121 249 343 410 436 487 518 549 556 671 785 871 1043 1057 1162 1173 1189 1195 1259 1267 1328 1383 1397 1410 1450 1549 1693
1736 1532 1711 72 1386 1722 1545 1713 1567 1505 1174 1677 1360 1089 1566 1613 1295 941 224 1493 1432 316 1160 1461 355 426 896 1016 433 621
81.4313
48.240899999999996

570 946 1306 1381 1494 1553 1565 1622 1646 1688
1720 1680 968 1610 1717 1657 1607 1714 1696 1614
40.4884
23.986

371 514 570 885 905 1007 1015 1026 1086 1222 1372 1588
1520 701 1181 1680 1028 882 215 785 250 608 272 777
35.9735
20.1656

19 55 105 117 126 132 164 211 382 414 490 553 701 720 910 1030 1249 1328 1388 1392 1469 1495 1531 1556 1693
1710 1133 1163 1267 1260 1618 67 72 1062 1604 84 623 316 1386 1161 1310 1198 630 11 1124 339 1150 98 621 1493
71.371
43.2691

213 409 456 487 617 646 652 699 758 894 900 922 949 964 1068 1221 1311 1347 1372 1388 1428 1429 1446 1480 1494 1497 1588 1669
1726 1549 1430 1423 1609 1731 1574 720 924 951 881 1682 1714 1605 247 546 1567 923 910 250 1150 709 272 608 224 1638 1035 1018
83.1704
48.303399999999996

52 130 235 357 366 418 470 487 511 566 581 694 703 783 800 898 950 1008 1034 1059 1205 1246 1693 1695
1733 1714 1621 1647 1610 881 1618 1687 72 1736 359 711 1517 1346 1567 1691 1159 671 1083 1267 709 253 1432 884
67.75
36.3277

35 166 214 294 435 558 575 730 826 842 906 929 938 998 1055 1219 1315 1464 1612 1747
1636 1588 1392 1718 1480 1691 1439 1053 1385 1609 1239 1017 1646 1002 768 1675 778 828 1536 425
59.3601
34.7218

53 94 339 394 488 644 684 707 1037 1301 1346 1735
1499 1642 1716 1613 1694 1712 1669 844 1089 1453 1244 175
42.08
25.0749

35 42 52 126 129 130 170 214 339 510 570 603 685 707 744 810 857 897 918 930 976 1211 1292 1333 1410 1656 1676
1744 1748 1735 1706 1653 1253 1716 1712 38 1669 1386 1443 225 1605 1150 1018 794 213 1337 1325 686 388 886 818 1397 1464 1175
71.96640000000001
39.3982

42 120 193 553 650 792 854 934 1319 1487 1530 1551 1658
1028 370 1739 1604 1594 1394 1610 847 1648 326 984 1454 51
38.5386
24.7654

2 81 126 147 225 235 335 345 388 408 469 769 827 903 907 918 970 1044 1186 1190 1236 1298 1573 1667
665 1689 1480 1330 425 1150 1691 1614 300 1594 1421 213 253 1508 1315 1618 178 808 953 72 1379 1443 1719 546
57.8081
31.6897

26 117 525 701 853 918 1015 1536 1683 1735
501 1133 1694 582 1712 1089 1443 11 1124 50
38.1672
24.8558

760 893 894 996 1133 1147 1157 1256 1362 1505 1711
1691 1562 1732 1523 1080 1040 1260 1551 1303 569 219
39.2537
24.0993

17 98 164 182 551 670 719 874 1189 1221 1292 1360 1369 1536
1732 1609 109 1710 633 38 50 1702 316 1112 885 733 1346 1224
37.5879
21.5032

44 130 349 496 653 894 923 1064 1164 1200 1304 1659 1683 1698 1703 1725
1743 1722 1699 501 582 1346 370 1173 480 395 1535 345 1149 272 1484 738
61.658500000000004
37.8441

314 397 898 908 1246 1305 1324 1357 1466 1472 1682 1746
1687 1048 1204 1510 1161 1724 1559 711 410 537 1438 1603
43.5245
25.8402

13 203 356 395 467 646 755 976 1564 1593
1696 1706 1562 1068 951 1666 237 434 1032 636
30.333
15.7217

52 332 339 373 374 435 556 649 899 922 927 939 1150 1347 1357 1358 1389 1414 1456 1480 1503 1554 1621 1631 1658 1683
1641 1549 1716 1504 1430 501 1517 863 582 1491 1610 1299 1687 1239 1618 546 1559 1346 847 326 1633 1532 1020 1329 59 1464
92.9163
57.0009

2 139 316 328 410 415 420 424 758 782 811 841 882 895 1085 1121 1192 1250 1301 1368 1369 1397 1449 1455 1458 1503 1507 1546 1554 1640 1747
1584 1706 1691 1687 1048 1499 1148 1703 1471 1722 1517 1618 1504 863 1713 1159 1602 121 1607 370 1527 1068 508 572 1461 1052 1544 307 25 39 1630
104.5426
58.1735

26 81 237 349 380 404 473 511 533 562 725 821 941 974 1015 1088 1094 1135 1156 1163 1175 1199 1200 1338 1365 1445 1657 1659 1663 1675
1584 1722 1658 1373 1618 623 1646 1346 1703 320 1624 1551 1639 283 318 1062 847 1254 1404 1196 202 1492 1127 74 863 1218 1236 1562 1169 343
88.7106
52.5591

142 165 370 707 827 1083 1163 1237 1430 1488 1489 1597 1678
1737 726 1242 1471 1747 1669 1551 1562 1214 1530 1703 1289 202
47.3285
30.0976

39 136 190 328 339 395 431 523 690 768 925 1035 1111 1176 1224 1249 1272 1305 1387 1527 1597 1647
1666 1386 1716 1337 202 1248 1133 969 1747 320 456 623 1684 248 1373 434 1567 1439 808 215 1518 526
62.4953
34.9402

44 91 213 335 411 420 533 541 807 899 926 1021 1143 1549 1634
1727 1373 1423 1386 1464 1505 1295 1451 1617 776 1379 1160 698 1046 1587
40.3005
22.8741

214 504 579 768 857 1108 1134 1192 1205 1321 1579
1733 1720 881 202 1143 1250 1605 686 864 1610 1230
30.1513
16.5586

64 76 213 268 331 370 374 443 507 603 776 800 1014 1087 1101 1134 1205 1219 1269 1315 1333 1400 1435 1441 1460 1558 1597 1622 1714 1722
1733 1748 1423 968 881 1609 1693 1717 1242 1555 688 713 1747 1250 446 1479 829 1135 1097 1631 1618 1318 1633 1690 1157 981 1726 67 1436 114
97.3867
58.8943

35 76 105 121 235 317 339 389 506 656 690 782 966 991 1031 1041 1064 1087 1195 1272 1325 1389 1421 1423 1487 1582 1586 1612
1532 884 1588 1691 1716 1699 969 1739 925 591 1244 847 1347 1305 793 1085 1431 224 1385 1196 1444 1373 1438 790 426 1594 886 211
75.35040000000001
43.8857

55 102 115 240 494 719 781 813 939 1068 1184 1290 1389 1646 1700
1726 1502 1683 1371 1517 1731 1680 1734 279 847 785 1341 1267 1108 426
51.0953
27.2383

139 207 335 340 382 404 411 414 424 506 507 579 603 701 862 908 967 1086 1099 1133 1150 1288 1458 1466 1558 1595 1667 1692 1717
1687 1691 1737 1706 1732 1609 1554 1689 1204 1551 1373 1124 1244 215 11 1532 1260 923 785 1097 50 318 1438 1135 255 1379 1482 582 1544
93.9979
51.7231

53 149 268 454 455 606 767 907 964 1237 1292 1374 1391 1473 1488 1505 1584 1706
1685 1562 1214 1744 1026 1303 1040 38 561 568 1498 1610 745 824 1679 493 178 172
50.366
29.9199

183 366 396 537 598 706 765 870 916 1004 1111 1192 1271 1472 1497 1573 1737
1642 1621 1163 1459 1614 1343 1436 253 1539 548 153 988 1087 501 377 652 759
43.5058
26.2975

80 88 98 310 373 399 488 865 897 913 970 1041 1085 1107 1121 1333 1345 1360 1400 1497 1505 1573 1624 1659 1669 1676 1725
1735 1748 1446 1562 1732 1602 1719 109 1605 1173 1244 1339 1040 1614 1487 1150 1574 1152 67 1059 272 1068 1172 880 1303 1702 1535
93.4831
55.1841

17 339 556 809 817 1086 1175 1219 1391 1485
1658 1716 1373 623 1646 215 1609 1173 785 633
34.6404
19.8671

182 345 452 504 769 897 1051 1099 1145 1193 1286
665 1242 1552 1315 938 1493 107 630 36 1150 969
27.1445
14.8906

105 117 153 165 655 773 882 893 950 967 976 1170 1245 1248 1347 1539 1686
1242 1714 1706 1133 726 1517 1431 1553 1236 1127 339 247 1425 476 1386 1662 1630
53.955
31.5416

5 26 70 194 227 504 606 923 1044 1079 1123 1133 1341 1556 1715 1726
1744 1562 1671 799 1732 410 1649 1042 1340 1650 1149 1236 1265 154 1094 1487
61.2191
36.0048

71 211 513 810 838 1153 1156 1163 1269 1591 1647
1386 1479 1703 1248 1419 1551 992 1373 1662 1356 1562
36.4323
22.8517

182 268 314 685 781 858 907 964 1031 1175 1375 1430 1647 1715
1744 1373 1658 1737 1386 1646 410 1204 623 1248 1124 1349 1530 561
52.5227
28.6845

74 156 191 310 320 345 436 455 493 547 603 668 670 700 730 736 765 910 913 926 980 1037 1059 1092 1235 1290 1328 1345 1416 1486 1528 1540 1624
1446 665 1684 884 1719 1204 1737 1675 1605 1514 1244 1346 1562 1662 1152 1617 957 1381 768 1649 303 1224 1112 951 898 1487 433 1151 1150 1442 649 788 424
86.9396
49.0339

8 62 71 139 279 380 501 612 622 778 889 1051 1369 1505 1507 1678
1704 1691 1562 1458 1640 1552 1607 1471 1618 1303 1040 572 1089 1493 922 1516
55.6029
31.3429

80 94 129 179 399 455 700 765 925 1049 1313 1423 1428 1621 1687
1641 1577 1204 1618 591 1330 1682 1337 1346 922 1517 793 1491 730 255
47.0696
27.7003

74 81 115 418 435 702 773 976 1008 1101 1173 1195 1263 1381 1487 1558
1736 1706 688 1647 1739 1517 1135 1157 1236 1555 253 1108 119 426 957 96
48.1298
28.374

62 86 117 213 655 712 733 884 1012 1105 1123 1160 1189 1263 1278 1281 1304 1379 1410 1505 1573 1706 1720
1737 1562 1629 1423 1671 1133 1618 253 238 1498 1303 1040 1614 1662 499 1742 1638 1026 1672 316 1555 79 1574
74.4434
44.6883

132 142 150 213 240 305 510 590 643 724 1015 1026 1163 1181 1668 1713
1640 202 1423 954 1551 1712 1703 1680 1407 1133 1150 1562 1209 67 824 777
44.0366
23.1757

17 44 294 314 396 495 592 871 932 940 988 1012 1023 1105 1247 1304 1342 1357 1389 1533 1726
1744 1746 799 238 1734 1107 1042 633 1053 1559 410 1650 847 1549 154 670 1574 1236 1340 1346 909
67.1168
40.1975

343 408 455 570 579 607 995 1091 1430 1450 1555 1669
1737 1396 1605 1530 1402 1019 1242 1574 1613 808 1150 1087
35.7023
22.3643

190 340 399 865 919 1046 1257 1339 1372 1553 1599 1607 1700
567 1728 526 884 1734 1551 91 1414 546 1610 1657 557 279
53.863299999999995
33.6007

371 411 464 537 696 767 1030 1124 1164 1269 1281 1345 1347 1551 1565 1584
1685 1479 1744 1254 1343 1594 1679 992 247 1224 981 568 172 915 1145 1287
44.9637
27.785800000000002

91 98 128 165 268 294 408 426 443 467 473 644 684 742 750 785 848 885 937 1091 1143 1200 1252 1288 1370 1372 1446 1486 1644 1706
1727 1722 1373 1684 1181 701 1642 726 924 1089 109 814 1053 1423 179 1737 923 1605 1026 1469 844 1534 1016 1451 1404 808 1272 910 1519 493
87.444
49.7755

19 55 98 249 275 418 883 900 1049 1094 1172 1629
1684 1127 109 1639 1415 1169 1574 1254 253 317 641 1422
31.4887
19.0112

213 305 408 667 939 966 1101 1189 1565 1586 1607 1647 1666 1687 1692 1713
1726 1691 1577 1517 1386 1728 1423 688 1414 1330 1373 1133 1248 730 1190 980
61.998
33.4214

268 349 493 499 514 551 558 724 811 946 1000 1040 1235 1304 1308 1427 1564 1597 1654
1566 1617 1718 862 1747 1454 1662 1346 1343 1719 1614 526 303 1518 341 1283 812 710 668
44.5279
26.3859

190 234 259 277 370 431 434 474 524 872 1000 1043 1131 1143 1211 1332 1381 1458 1536 1551 1612 1631 1632
1706 1727 1242 1588 1653 1253 446 1701 1617 1594 1544 1444 510 1681 114 1263 1491 828 345 1154 291 1239 1649
64.3148
36.631

62 73 131 305 310 332 356 379 382 427 468 473 488 700 841 858 960 1175 1178 1219 1281 1303 1394 1435 1468 1497 1531 1553 1631 1642 1658 1687
1727 1204 1610 1373 1491 1577 526 109 1609 1646 1330 1657 623 1161 1693 1517 1618 1349 1333 326 730 1261 671 898 1239 984 1454 1244 60 1169 769 553
94.4466
54.3816

52 81 194 382 578 782 1303 1497 1582 1622 1632
968 1244 167 1347 895 1236 1690 1717 1263 1706 1105
28.833099999999998
18.1678

331 736 966 967 1007 1032 1057 1325 1406 1483 1584
1520 1685 1711 1545 1532 452 1744 1157 1679 446 568
35.5242
18.6424

150 499 566 908 1172 1178 1186 1193 1358 1428 1595 1744
1737 1554 1701 1553 1204 1566 923 1438 1682 1020 1736 1127
47.9905
28.9688

374 522 755 1060 1157 1189 1269 1332 1451 1459 1572 1578 1725 1747
1727 1696 345 1479 1173 1260 1646 1511 1722 992 272 1631 1535 1267
54.4469
33.3783

94 240 340 356 367 462 494 723 724 776 870 876 980 1162 1209 1278 1321 1332 1365 1456 1460 1531 1546 1586 1631 1642 1714
1727 1555 1551 1333 499 1649 1161 1491 1020 480 1436 109 591 1239 1281 1108 1337 345 511 1448 1068 98 60 1305 1283 277 513
70.7686
44.1897

81 109 117 129 194 348 404 414 456 523 646 710 730 735 826 874 889 893 910 941 1004 1057 1118 1123 1262 1288 1303 1358 1441 1455 1497 1503 1527 1644 1658
1133 1711 1671 1618 1545 951 1617 1423 1089 1610 320 1646 814 1469 1567 215 326 1309 895 768 1516 318 1236 375 1330 1675 1100 598 1346 885 1614 433 1266 759 1386
96.4162
59.2357

85 327 339 404 431 436 455 507 1055 1214 1347 1559 1582 1741 1746
1732 1709 1716 726 1508 1539 1510 1097 537 688 318 1048 1436 247 1498
52.5006
33.7372

121 467 641 720 724 810 1034 1235 1271 1358 1473 1515
1732 1566 1532 1057 316 1618 1163 1340 1198 1610 1461 315
42.1545
24.5484

64 86 88 253 361 427 438 606 659 667 755 869 895 919 949 974 1007 1222 1347 1389 1441
1726 1520 1696 1703 1499 1618 1028 1371 847 247 882 1040 1127 276 388 1638 1145 1188 1266 567 705
61.5308
31.7948

55 107 130 408 507 539 719 760 809 820 850 1052 1193 1350 1385 1462 1470 1507
1595 1691 1727 1523 1101 1545 1607 882 72 572 1097 1690 1053 1282 1695 767 808 953
53.1408
28.5998

151 209 210 277 290 331 424 450 452 515 767 783 792 818 838 886 962 1046 1133 1145 1222 1305 1309 1341 1469 1507 1536 1579 1669 1676
1744 1735 1691 1720 1028 1666 1048 991 1150 1242 1734 1618 1607 1483 1605 1732 882 1143 1097 1473 1574 572 1094 1019 557 446 1356 938 794 58
91.9994
50.6857

76 88 209 345 404 431 443 510 581 769 895 900 926 1040 1108 1123 1199 1332 1551 1667
665 1703 1671 1689 1712 1594 1624 1454 1473 318 1315 1574 864 248 425 1644 1230 113 1150 1442
52.4117
28.845

148 237 601 700 811 1072 1099 1172 1301 1478 1530
1584 1499 1204 238 1699 1487 829 317 51 793 36
29.0311
15.6767

74 354 450 452 464 710 811 1014 1245 1246 1286 1461 1710
1242 1666 1687 1446 1167 711 1618 1322 375 1294 938 915 487
35.9731
20.6861

67 73 113 249 415 435 474 549 684 703 737 773 776 883 960 963 1245 1283 1321 1368 1481 1494 1593
1642 1471 1722 1701 1627 1333 237 844 1294 1052 1032 1251 1714 1706 1141 119 652 1069 1448 211 892 671 850
58.3995
34.8929

227 452 665 782 795 810 813 858 929 956 1012 1192 1272 1286 1550 1556 1695 1713
1683 1553 1732 1242 1685 969 1371 1204 1649 925 1026 884 1033 1349 1107 1150 785 670
62.7868
35.6574

62 132 369 426 507 553 612 684 694 760 814 967 1186 1298 1308 1369 1400 1466 1469 1481 1530 1551 1599 1701
1687 1642 1458 1618 1204 67 359 901 1648 1604 1097 1737 1523 844 1594 424 51 1267 916 1559 653 652 50 279
73.5225
43.7126

2 86 235 468 594 795 1143 1368 1379 1397 1463 1486 1527 1558 1640
1584 1684 1732 1148 1691 1727 1722 320 1602 1473 1567 1605 370 1157 927
51.4878
29.6689

103 121 149 156 253 356 424 470 504 518 537 618 625 688 690 785 799 811 848 929 941 994 1086 1281 1410 1414 1441 1461 1520 1575 1608 1675 1679 1701
1532 1747 1644 1048 1637 1618 1346 1610 215 1621 1446 1648 1322 561 1159 1248 1343 1371 1299 1237 1136 1040 1004 487 924 1029 1016 1173 286 1257 1141 680 568 20
98.6495
59.6914

98 742 760 800 818 1332 1383 1406 1459 1503 1533 1586 1622 1658 1686 1715
1618 968 1532 410 1553 1511 109 1717 1523 1610 326 1265 1690 1330 572 355
54.8304
34.4563

371 549 598 601 603 811 1041 1092 1630 1682
884 1244 1699 153 957 1603 908 988 499 227
24.8401
14.6697

41 107 357 522 618 668 702 1350 1448 1472 1573 1668 1692 1713 1719
1595 1640 1691 1386 72 1133 1614 1150 1004 253 1136 1548 1260 1690 1373
48.8657
27.9131

193 367 506 625 723 842 862 996 1068 1130 1199 1271 1379 1385 1536 1551 1741
1726 1691 1709 1727 1624 1480 1287 1394 1594 1069 1373 1609 847 247 1498 949 388
54.4697
31.9654

103 136 183 612 636 934 1059 1147 1239 1262 1391 1489 1559 1706
561 1508 880 493 1458 1026 1289 847 109 1498 219 569 1539 1083
43.0542
28.3539

8 117 314 516 584 785 861 1092 1312 1387 1505 1634 1656 1693 1714
1562 1133 1555 701 1303 72 1040 957 1436 1617 1267 1432 1320 941 1386
49.1576
32.7804

41 71 103 310 408 478 495 591 598 644 935 1108 1181 1414 1540 1747
1621 202 1299 954 991 1242 1173 864 808 1029 153 561 988 1646 1536 1346
46.1166
29.2431

183 193 320 389 506 690 696 850 907 908 979 1060 1121 1173 1319 1368 1572 1679
1736 1737 370 1545 1373 1394 1505 1416 1438 1392 1648 1267 1381 178 649 513 568 1238
46.7021
26.7656

74 93 98 147 258 345 370 408 473 745 827 861 907 947 1046 1138 1147 1161 1190 1271 1286 1608 1640
1584 665 1148 1242 1010 1330 109 334 178 557 1322 927 1663 300 808 569 219 1097 508 924 799 538 342
64.2958
36.0156

115 136 249 547 720 811 899 1051 1357 1375 1559
1163 1552 1508 1464 1124 1198 316 410 109 1493 1108
33.328900000000004
20.3428

2 409 436 451 470 499 504 531 644 718 785 791 799 889 934 998 1057 1083 1143 1290 1314 1621 1678 1706 1737
1727 1641 1711 1237 1346 1466 1642 1610 1545 1159 618 1566 1089 1471 1248 1436 1026 922 847 1618 224 1459 1498 1516 887
82.7547
49.118900000000004

785 792 858 941 1037 1345 1365 1428 1527 1564 1582 1585
1244 1028 1204 1349 1682 320 25 1347 1567 1097 1344 1385
35.9065
22.0567

5 88 361 456 469 478 791 857 905 941 1029 1091 1153 1172 1283 1342 1357 1381 1410 1640 1658 1715 1735 1741
1584 410 1746 1562 1709 1242 1148 1694 984 1419 1559 1712 1610 1287 1089 1605 1237 927 1265 508 671 39 1454 1346
86.1978
53.4155

5 178 268 290 356 410 451 607 745 821 1007 1052 1108 1121 1281 1312 1441 1522
1520 1562 1713 1734 1371 334 1242 1053 1402 1566 1282 1461 138 864 621 1672 1744 89
44.9484
25.4866

113 179 211 259 313 339 369 420 440 454 564 592 685 899 906 937 988 1067 1248 1281 1322 1342 1481 1520 1565 1586 1656 1698 1713 1714
1744 1747 1746 1644 1722 1107 1716 1618 1555 1464 1133 395 1573 1693 476 1436 1484 1672 778 1150 1519 922 648 652 320 989 886 20 909 1182
88.4054
51.7079

31 88 102 103 166 209 294 436 464 562 649 696 723 804 809 870 893 938 980 994 995 1029 1111 1199 1207 1269 1286 1314 1321 1497 1555 1572 1573 1695
1502 1636 1691 1392 1649 1396 1019 1053 992 1267 1624 1479 709 1473 1614 1237 388 253 561 1017 1236 981 1329 1588 915 1291 1227 884 1537 286 279 910 1600 79
84.456
49.2863

64 210 268 434 451 533 658 726 886 974 1169 1181 1321 1441 1735
1724 446 1126 202 1618 1694 1712 954 1373 1089 1472 607 58 1453 1266
47.6873
27.657

213 450 455 507 556 581 625 700 807 861 976 994 1021 1038 1040 1247 1284 1328 1345 1494 1546 1686 1722
1706 1666 1423 1204 1553 713 1454 709 829 1224 932 1097 1318 896 474 1587 1337 227 189 1714 1299 1059 1176
62.6951
38.2643

39 268 522 606 690 905 937 1205 1321 1591 1621
1733 1641 881 186 1346 808 51 1548 1610 241 1519
32.2629
18.4117

194 209 275 305 396 434 485 487 495 514 636 650 735 1345 1595 1597 1701 1717 1737 1744
1554 1642 1553 446 1204 1648 1747 1532 1244 923 1567 1436 1020 1646 1473 1459 582 1087 1314 1224
65.3937
40.2125

31 128 156 410 473 880 1230 1309 1421 1472 1579 1685 1691
1720 1749 1483 1713 1095 1646 1143 1004 1161 1461 1085 1411 1351
45.9654
30.5732

69 91 153 240 290 399 427 499 659 701 776 807 810 858 880 1035 1128 1164 1193 1195 1230 1271 1306 1315 1321 1385 1388 1430 1469 1503 1550 1711
1737 1727 1373 1622 1734 1499 1666 1204 1618 720 1026 1566 1349 1080 11 1607 388 1124 1530 1330 1267 434 1616 1451 1692 50 847 1439 1018 224 1448 1087
94.5171
54.7281

98 103 130 213 227 232 234 310 330 579 760 780 783 862 982 1006 1092 1123 1128 1157 1186 1236 1331 1361 1505 1566 1621 1622 1675 1686
1641 1737 1562 1691 1609 1423 1722 968 1671 1717 1618 1523 1649 1501 1690 109 1303 1421 186 1260 1040 1552 561 1553 957 1346 1720 847 1559 1345
94.2714
53.7107

194 524 553 581 811 925 974 1128 1173 1410 1593 1701
1736 1622 1618 1337 1648 237 901 1604 895 255 1266 1127
39.3201
23.0197

183 396 510 742 898 947 1288 1460 1489 1691
1749 1712 1095 1351 1289 532 1124 1108 342 1068
28.4603
18.9067

165 369 394 450 541 641 652 988 1306 1421 1530 1555
726 1107 1666 1731 1613 1085 1607 1019 315 1461 51 1588
33.8797
18.534

93 120 166 259 361 389 688 1034 1059 1133 1134 1145 1214 1259 1263 1314 1315 1375 1463 1507 1546 1621
1691 1732 1641 1637 726 572 1250 1618 1607 186 1124 1473 1602 561 1346 51 905 1342 1663 538 1416 433
67.94969999999999
38.080600000000004

86 98 150 469 562 643 735 778 826 841 963 1164 1169 1283 1314 1425 1451 1591
1727 1734 1126 1646 109 1472 1251 1237 1256 1291 1519 668 850 1497 1278 852 866 241
47.1478
28.2519

39 113 644 696 735 781 974 979 1147 1247 1271 1358 1362 1383 1463 1468
1722 1618 1392 1602 1266 1473 1646 569 1127 905 1614 355 808 1530 598 211
45.9561
28.5783

66 148 150 317 374 385 418 427 541 566 706 720 750 782 861 910 916 923 980 1049 1085 1094 1118 1162 1284 1290 1385 1455 1478 1577 1597 1622 1642
1727 1163 968 1602 1681 1736 1649 1717 1689 1487 1747 1149 316 1631 1198 1633 253 671 630 1690 109 1254 1438 898 189 1393 1105 526 60 1518 847 433 277
87.3024
49.4064

5 80 107 132 183 313 404 469 617 857 898 966 1049 1060 1067 1131 1143 1185 1194 1221 1271 1298 1319 1321 1346 1406 1436 1503 1550 1554 1597 1715 1717
1562 1504 1532 1609 410 1618 863 1201 370 1244 1155 1727 1747 1641 1026 318 1605 1690 1573 649 67 1330 1029 340 1154 513 848 272 214 1539 1572 971 814
91.8756
55.9044

17 53 506 659 857 1008 1319 1427 1435 1536 1591 1612
1499 1588 1647 370 1373 1693 1517 633 1385 1605 1719 1444
41.4125
25.187

44 107 128 409 882 946 950 1007 1029 1072 1153 1209 1350 1365 1425 1483 1550 1630 1657 1685
1595 1520 1734 1714 884 1614 1026 1517 1419 1333 1004 1157 1690 1161 709 72 1646 1062 1529 908
71.9832
42.47

316 570 688 760 940 946 1038 1175 1237 1308 1470 1539 1584
1685 1242 1658 1373 1637 1646 882 1431 1523 1744 623 172 1527
52.5103
30.8386

2 8 105 214 467 473 513 515 592 670 677 773 872 1004 1007 1014 1138 1170 1193 1211 1281 1389 1392 1429 1441 1452 1494 1550 1564 1669
1520 1653 1618 1253 1605 1026 1681 1260 847 1574 1150 339 846 510 1662 501 1714 1112 1346 759 990 1330 1354 1572 1237 355 459 910 384 398
73.7386
45.385600000000004

129 513 702 760 813 853 857 947 1091 1211 1358 1416 1464 1561 1575 1593 1657 1659 1668
1640 1520 1683 1653 884 1371 1253 1523 1062 847 1675 709 1605 1239 863 1589 1614 785 1218
67.8066
40.787

52 581 776 818 1042 1044 1077 1209 1219 1370 1489 1584 1588 1725
1685 1744 1173 272 1394 1609 1333 1535 345 36 250 1618 568 1289
51.6849
33.7462

19 234 240 283 382 404 876 883 906 907 1369 1497
1607 318 50 522 778 178 511 222 1000 356 1524 508
23.2409
14.3749

345 527 723 918 923 1322 1415 1448 1527 1667
665 1689 1089 1150 500 320 1443 1149 1567 213
35.473
21.4078

39 164 469 591 636 655 674 737 765 769 848 918 1236 1290 1561 1647 1675
1520 1386 1710 1248 991 1373 1299 1421 1315 1443 1662 1150 808 1346 898 433 1168
50.7658
30.817800000000002

46 88 166 207 234 408 427 454 522 584 908 929 935 1064 1086 1105 1145 1180 1185 1235 1414 1428 1436 1463 1469 1577 1631 1634 1698
1691 1681 238 1155 1699 1621 1201 1682 1689 1617 215 395 1135 1438 1299 1641 1239 1473 785 1602 1530 905 1491 1548 630 808 648 1267 303
80.1322
47.297000000000004

8 52 258 685 726 792 882 905 962 1173 1341 1447 1480
1744 1724 1737 1736 1549 1517 991 1373 1028 1430 546 1019 1150
49.8782
23.544

31 55 103 139 244 286 314 340 384 511 571 594 706 730 778 780 809 816 817 1037 1068 1085 1088 1207 1290 1322 1347 1365 1381 1395 1401 1428 1485 1604
1726 1737 1636 1585 1602 1711 113 1551 1244 561 1660 1682 1600 247 1517 700 768 1675 1345 739 5 1029 898 1271 1062 852 1145 1487 641 609 1165 1173 279 1031
90.5037
53.4358

131 523 584 712 880 982 1083 1178 1281 1290 1331 1472 1530 1549 1556 1607 1615 1706
1733 1672 1728 1414 1386 1498 1505 1295 1026 215 1133 67 24 493 1653 898 434 1320
58.5866
35.7163

107 179 294 314 357 405 659 735 827 893 1200 1239 1246 1421 1503 1555 1629 1714 1731
1722 1499 1618 1684 1687 1127 1053 711 1019 1691 1085 1227 880 1646 1415 1169 1404 1436 272
65.1477
39.6051

2 73 149 194 314 399 659 785 800 848 925 937 1160 1249 1268 1311 1314 1374 1451 1478 1713
1727 1499 881 1337 623 1333 1133 1487 745 1150 1237 1256 1519 895 671 388 1291 1646 1035 793 1016
53.9707
31.9085

70 147 345 379 397 558 607 649 781 898 979 1245 1248 1305 1325 1509 1599 1703
1743 665 1242 1718 1330 1161 1402 738 1294 1392 476 370 1227 892 653 413 1150 989
51.6845
29.6303

44 56 147 170 354 404 411 810 865 895 941 946 994 1067 1123 1131 1135 1322 1357 1379 1423 1460 1478 1533 1668 1698 1737
1640 1642 1703 1663 1330 1671 591 1559 709 395 318 793 1614 410 1459 1484 1436 1487 1346 225 1386 1018 1325 1108 1154 5 824
80.952
50.4203

132 388 490 750 799 872 1068 1101 1284 1481 1678
1726 688 618 1471 1089 1248 1237 425 1681 1618 67
37.1125
22.5113

420 467 496 507 718 1007 1067 1140 1162 1267 1682
1520 1466 1097 1603 307 499 1004 1016 398 793 764
26.3358
15.6965

66 91 120 182 237 506 898 935 1006 1247 1332 1337 1379 1449 1663
1584 1373 1451 1731 1159 121 320 25 1501 1317 1357 355 776 345 1299
44.8486
25.3615

214 356 389 490 516 606 998 1252 1361 1488 1497 1630 1647
884 1386 1214 1722 1248 701 1720 1373 1552 1286 1414 1272 908
39.5854
23.4219

156 468 804 1042 1077 1130 1131 1156 1346 1581 1604 1644
1636 1698 1394 814 1089 753 1423 1600 1469 36 247 1674
43.1184
28.1039

62 73 120 149 153 310 418 485 533 562 658 725 899 922 923 1041 1046 1126 1333 1369 1400 1451 1507 1533 1550 1621 1629 1647 1658 1675 1687
1727 1685 1691 1641 1748 1684 1386 1577 1127 1618 1464 1330 1026 1517 1607 1248 1415 1244 651 557 572 1610 1425 1149 1346 253 576 67 1100 326 984
107.9724
63.4592

94 109 115 147 191 235 277 283 286 527 617 670 688 699 848 854 894 903 906 907 935 973 1086 1147 1199 1214 1217 1379 1391 1456 1558 1564 1678 1737
1517 1637 726 1732 1642 1624 1617 1480 1436 113 1691 1330 215 1089 1471 1309 1218 1459 1135 1157 1607 569 785 522 1063 1108 178 778 687 1020 922 388 1342 1087
94.4581
55.1957

388 539 590 760 817 894 918 1245 1338 1638
1407 1523 1519 1443 425 283 1294 1492 767 1209
30.6271
20.1116

120 166 182 232 443 744 884 930 973 1029 1043 1105 1185 1200 1256 1622 1654 1744
1722 1629 1553 1701 968 238 1691 1204 1201 862 1717 1343 1020 1127 1742 1641 1314 1690
63.2885
37.2415

52 67 216 415 469 470 523 539 718 826 906 923 932 934 946 974 1007 1015 1068 1077 1083 1156 1163 1237 1246 1272 1306 1313 1361 1539 1668 1678 1698 1720
1726 1520 1737 1640 1471 1687 1127 1722 1242 1431 1618 1551 1610 925 215 1627 969 711 1346 1133 1703 847 1159 1484 39 1614 1607 1552 1562 767 530 1466 778 1149
112.6576
64.423

69 91 130 149 179 234 240 385 504 506 603 671 723 792 818 908 922 950 998 1072 1163 1219 1248 1252 1345 1365 1441 1466 1554 1558 1595 1606 1646 1668 1744
1687 1640 1373 1737 1204 1553 1618 1701 863 1714 1504 1680 1551 1028 1609 1127 1360 1451 923 1020 1174 1677 1438 1617 1135 1703 1314 1224 202 410 238 776 1562 1157 424
112.8687
63.0444

74 191 357 388 394 513 549 578 606 641 882 996 1032 1192 1246 1269 1448 1599 1650 1725
1691 1517 1687 1613 711 992 1173 272 345 452 1535 1706 425 1461 1630 1479 1236 315 1518 981
62.076
39.4133

85 130 210 235 290 367 394 443 455 524 556 656 702 826 865 886 908 930 998 1004 1030 1040 1173 1495 1597 1676 1685 1717
1736 1735 1734 1646 1244 1613 1691 1518 1532 688 84 1747 1454 1438 1161 179 1062 1310 1411 880 425 1614 1529 1715 58 1431 227 175
78.1902
45.8841

77 164 420 487 511 570 684 973 994 1006 1060 1190 1247 1250 1414 1415 1472 1597 1647
1642 1687 1386 1299 1089 1621 1710 1248 1373 1747 1501 500 844 1567 1357 709 300 1215 1614
61.1483
35.3266

237 253 349 397 437 644 685 733 735 773 813 817 829 869 982 1121 1143 1157 1207 1262 1268 1308 1375 1388 1391 1395 1423 1462 1505 1515 1522 1536 1669
1744 1584 1566 1683 1732 1711 1585 1371 1040 1562 1101 1605 720 1346 1161 1340 1727 561 1303 1260 1124 996 1646 1173 591 637 785 1150 1638 1574 1271 1057 276
102.999
55.2239

2 136 166 279 332 340 371 783 826 1388 1401 1688
1720 1640 1691 720 709 1551 1696 238 1149 1018 988 111
31.3554
15.9874

17 76 148 908 927 1246 1342 1394 1433 1731
1687 1746 633 109 1691 711 1438 1598 909 1594
30.3198
17.157

17 93 98 126 214 290 310 331 388 435 437 518 578 641 723 735 745 884 963 967 1087 1107 1248 1268 1288 1313 1319 1325 1449 1507 1683
1691 1629 501 1706 1734 1607 582 1159 370 121 109 476 72 334 633 425 572 1339 25 1646 1742 1344 1648 1663 1461 1251 1059 315 538 1124 167
93.15
56.3922

13 67 109 120 182 316 349 450 467 470 644 671 685 690 694 735 769 813 816 1043 1110 1138 1205 1249 1259 1414 1448 1452 1485 1486 1520 1565 1642 1679 1685
1744 1733 1747 1684 1562 1683 1644 1610 1346 1646 1666 1727 1068 1299 881 359 1174 1617 1627 1621 1371 1677 1159 1161 1360 1527 623 1004 1614 1605 1309 1315 846 410 398
114.022
60.1292

53 183 209 279 436 467 701 1038 1057 1161 1163 1333 1375
1748 1711 1010 1640 1124 1545 1703 1551 1473 11 932 561 50
42.3156
22.4743

290 339 356 661 671 706 769 930 963 979 1037 1052 1064 1252
1699 1716 1244 1734 1677 1174 1360 1250 1053 1392 1315 1251 410 1272
37.4338
21.2296

279 343 384 735 818 938 1450 1461 1638 1658 1710
1636 1737 1640 1519 1446 1392 1167 1610 1646 1017 1618
43.2553
26.8208

142 211 313 405 495 523 562 566 841 858 865 886 927 963 1034 1046 1176 1350 1357 1368 1391 1429 1448 1470 1638 1731 1735
1595 1736 1687 1712 1618 671 1204 456 1694 1559 1349 1691 1133 882 1089 1519 1684 72 557 1573 880 1251 410 215 1097 773 58
79.4338
46.3801

117 408 462 590 1180 1185 1459 1461 1555 1692
1691 1133 1511 1446 1201 1641 1019 1407 572 1209
34.4907
20.9367

225 437 533 560 636 661 712 736 755 1263 1304 1401 1483 1519 1631
1696 1157 1491 1239 1250 1344 546 1555 1508 1545 1012 1099 768 621 1498
37.0082
23.152

42 327 469 507 668 894 996 1135 1374 1558
1691 1663 1097 1539 1157 745 96 527 372 788
26.0137
16.1218

46 81 184 370 462 688 736 755 785 1145 1236 1448 1458 1468 1565 1621
1706 1641 1696 1637 1242 1135 186 1346 1421 1544 1281 72 114 51 1016 572
44.2617
23.3139

8 147 150 191 232 511 603 755 799 874 1049 1303 1450 1527 1561 1573
1520 1696 618 1330 1248 1237 320 1614 253 1618 1567 885 1613 1244 382 1352
40.3314
20.7248

81 190 310 330 371 451 539 547 564 570 617 755 792 871 1049 1099 1108 1195 1379 1447 1450 1456 1459 1519 1531 1565
1737 1696 1028 1511 1161 1693 98 1613 1020 767 687 224 1487 864 1649 1236 1012 572 1150 1337 1497 1160 36 1427 344 1352
61.0427
35.7041

93 249 515 601 671 818 820 919 925 1015 1064 1072 1185 1247 1322 1430 1638 1675 1679 1722
1699 1737 567 1732 1337 1174 713 1519 1641 410 1677 1530 1618 829 538 1663 430 1695 773 680
66.1879
40.7862

93 126 225 253 279 356 414 467 703 816 818 893 1083 1257 1325 1360 1361 1480 1551 1591 1606 1667 1679 1721 1746
1732 546 1640 1549 1430 1689 1722 1618 1720 1510 1594 537 1022 1702 1663 1719 621 1040 1371 24 538 51 1508 680 425
84.8429
53.543

8 234 237 356 385 511 566 962 1026 1622 1717
1584 968 1680 991 1244 1736 1150 671 777 1105 1690
32.5997
17.5773

113 575 783 804 1026 1347 1400 1481 1584 1634 1703
1743 1685 1722 1680 1439 370 709 1744 67 247 738
43.8849
26.0788

26 35 62 139 146 207 216 294 313 434 622 625 829 980 982 1105 1130 1237 1288 1375 1391 1462 1466 1483 1586 1744
1687 1204 1701 1553 446 238 1101 1124 1618 561 1649 996 1020 1053 1157 1423 424 860 1573 1574 1127 247 279 10 1314 1305
75.4382
43.0365

5 31 74 80 149 415 427 488 494 499 522 523 744 871 1049 1105 1108 1161 1211 1328 1427 1487 1507 1581 1621 1631 1715
1691 1562 1698 1010 1641 1653 1471 238 1253 1566 1739 410 215 1491 572 1719 753 186 1133 1607 1346 1265 1239 1052 1493 864 764
84.5218
46.0921

290 328 396 424 452 467 949 1175 1310 1595 1606
1737 1554 1658 1373 1242 1048 1646 1734 623 923 938
43.0648
24.6342

2 6 107 130 169 178 379 811 862 923 938 1094 1271 1303 1326 1365 1485 1494 1578 1593 1597 1642 1726
1744 1636 1727 799 1609 1392 1722 1371 1747 621 1714 1042 1650 1340 237 1236 1017 154 1549 1369 1254 1149 1032
82.0473
50.9392

6 66 379 414 485 525 606 612 625 643 667 889 934 937 963 1006 1016 1094 1181 1259 1461 1507 1630 1659 1676
1726 1735 1691 1458 884 202 1446 954 1607 1501 847 1251 1639 572 908 1337 1357 487 1254 1089 1519 794 317 178 227
75.3945
41.906

77 394 436 560 1156 1394 1430 1554 1573 1731
1737 1504 863 1613 1691 109 1614 1530 253 1598
37.1616
23.3729

85 130 165 290 420 452 507 579 718 841 1091 1135 1169 1176 1256 1262 1325 1338 1387 1436 1573 1591 1622 1657
1242 1734 1126 1663 1155 726 1466 968 1717 1614 1690 709 253 688 1684 283 456 1492 938 1472 1062 1141 74 1218
71.2137
42.0816

52 107 183 253 317 385 414 499 581 582 655 820 998 1088 1121 1153 1248 1262 1341 1436 1585 1669 1687 1703 1721
1744 1743 1566 1155 1074 1605 1577 1740 1330 370 1419 25 1695 1022 1517 730 1574 1094 738 1438 1150 621 476 1227 1662
88.4229
54.1527

17 67 73 371 452 659 726 907 930 1040 1057 1060 1328 1451 1530 1556 1634
1727 1724 1499 1711 1242 1545 1627 1373 1454 633 1333 938 1617 621 51 1646 1256
56.2476
31.7067

46 66 107 332 395 450 522 677 906 940 1079 1248 1415 1429 1450 1558 1565 1725 1744
1666 1553 1701 1135 1204 1127 1173 1089 272 1020 434 1535 1487 1157 345 500 1613 1690 1548
66.4301
41.1409

85 146 183 349 374 547 702 783 853 893 898 907 937 1012 1150 1286 1389 1546 1746
1048 847 709 1337 1510 1532 1631 1346 537 1633 688 178 1589 860 1539 670 669 1306 660
48.6744
29.6422

73 86 340 343 370 487 592 659 670 725 733 782 827 930 980 1038 1143 1263 1269 1303 1313 1314 1558 1564
1499 1242 1649 1551 1727 992 1479 1567 1333 1638 1157 932 1555 388 1491 1135 114 1237 981 1267 253 1112 433 671
64.33840000000001
39.689

41 56 121 170 184 451 469 500 581 591 636 685 710 760 1006 1079 1123 1124 1143 1314 1401 1480 1486 1546 1578 1634 1710 1713
1744 1532 1684 1430 1549 1722 1127 991 1671 546 1254 1133 1523 1501 1167 1337 1727 1487 1605 1237 1737 375 1346 1325 1357 1617 1046 1148
84.5318
48.9049

31 46 661 723 885 913 976 996 1128 1326 1346 1350 1448 1463 1466 1478
1595 1687 1622 1691 1706 701 1181 1719 1204 1473 72 424 1135 905 1487 1530
55.9477
30.0011

74 103 370 468 488 653 684 950 1067 1094 1110 1337 1391 1593 1666 1692 1701 1706 1713
1691 1642 1714 1242 561 1648 1731 480 901 1190 1133 237 844 1394 1639 1029 1317 1577 1026
67.0975
42.1102

55 126 216 240 496 506 880 1190 1243 1509
1422 1373 300 1719 434 1616 641 793 633 1261
20.6278
12.4729

183 213 396 455 494 571 661 907 1256 1505 1693
1562 1423 1303 1250 1040 72 700 1141 591 1432 178
31.7734
19.4669

169 701 745 750 800 960 964 1157 1319 1368 1559 1599 1608 1647 1703
1743 1386 370 1508 334 1124 1248 1373 50 1271 1260 738 1322 1648 109
51.29
30.3042

46 77 225 320 382 396 424 495 652 667 668 848 976 988 995 1083 1086 1108 1150 1181 1186 1278 1305 1339 1350 1414 1446 1472 1657 1744
1726 1595 1706 1701 1048 1737 202 1553 1731 1204 954 884 924 91 1621 1020 1618 1107 1532 215 1299 847 910 923 863 1135 1062 1314 785 72
104.6864
60.0207

46 474 916 1163 1169 1298 1346 1368 1473 1494 1549 1566
1737 1126 1691 1386 1701 1703 847 1551 1562 1295 1135 1472
40.8404
23.867

44 66 146 481 690 829 850 1041 1290 1369 1461 1663 1731
1545 1471 1446 1244 1691 320 50 487 321 1598 355 898 178
38.4136
25.0356

42 328 518 584 792 807 1067 1079 1130 1309 1446 1584 1585 1608 1650 1657 1703 1722
1743 1685 924 1744 1028 1734 370 713 1483 1322 847 709 1097 738 829 247 1487 910
75.676
50.3032

70 330 373 553 726 1126 1346 1414 1425 1710
1685 1724 1734 1621 651 1299 1604 1167 1373 1173
39.5136
22.4853

74 109 409 462 652 899 1044 1163 1168 1247 1259 1361 1456 1629 1715
1684 1720 1731 410 1020 1127 1617 1722 1551 1703 1464 1552 1265 1169 1415
51.0769
30.6171

52 55 85 94 213 435 510 533 578 665 809 874 1044 1108 1178 1199 1262 1301 1370 1392 1466 1486 1720 1737
1687 1553 1642 1684 1499 1423 1706 1204 1712 1624 1107 1260 424 1459 1436 1033 1605 688 1534 167 79 885 530 829
78.4233
45.5286

86 178 424 549 897 1172 1301 1306 1347 1462 1478 1634 1650
1499 1101 1048 1371 317 621 996 1607 1518 1617 1487 247 829
39.0147
23.568

128 303 452 518 636 791 857 1094 1130 1243 1586 1679
938 1242 1639 1254 1237 1605 247 680 1422 686 1305 568
31.0193
19.5312

328 510 550 791 1205 1392 1401 1416 1456 1458
1706 1733 884 881 1712 1260 1675 1544 1020 1237
34.477199999999996
19.3522

6 249 371 385 523 549 601 906 934 995 1034 1186 1315 1394 1650 1685 1737
1642 1618 1396 1646 1133 109 1161 1699 847 215 1004 1459 1436 1518 1614 778 1257
54.3218
34.7565

13 109 286 331 343 384 476 547 578 665 760 923 930 941 950 1037 1284 1310 1313 1314 1445 1470 1565 1599 1715 1719
1553 1386 1737 1562 1714 1617 410 113 1726 1523 1204 882 1244 1149 1107 1309 1706 1033 1265 1196 167 388 446 1237 1393 189
80.9731
46.825

73 290 320 420 782 854 869 925 994 1034 1087 1180 1189 1217 1246 1256 1332 1647 1654 1691 1693
1517 1386 1737 1734 1687 1618 1749 862 1095 1248 1337 1343 1351 1333 711 1141 72 1505 1267 345 671
69.5367
43.399300000000004

314 451 690 780 800 1079 1217 1262 1310 1451 1573 1634
1727 1517 1487 1614 253 1617 1345 1646 1256 810 993 5
34.5849
20.8686

70 880 908 925 949 1012 1135 1310 1337 1347 1604
1636 1663 1731 1438 1600 247 1317 1616 670 434 255
35.1164
22.1537

148 286 575 656 745 783 850 853 893 1224 1333 1394 1460 1487 1515 1688
1720 1748 1732 1566 1545 1739 113 1439 334 1057 709 109 637 1431 1696 1662
54.1815
28.1918

80 388 507 531 578 702 829 941 1038 1427 1449 1591
1159 121 425 25 1097 1719 932 1706 887 167 241 1346
32.2883
20.6192

178 343 357 434 518 827 1192 1314 1448 1462 1473 1719
1386 446 1101 1371 996 621 1610 1237 1291 388 953 433
32.5511
18.7816

98 207 327 357 495 501 575 684 707 813 869 1032 1124 1433
1704 1642 1683 1439 1371 109 1254 1669 452 844 785 1539 276 1287
40.6327
21.4785

44 70 77 81 373 702 854 898 1014 1088 1383
1618 1236 355 1527 277 669 1308 181 946 1340 45
21.2169
14.5196

80 190 207 450 514 816 1008 1031 1087 1121 1133 1406
1666 1647 1732 1532 1517 1256 433 1649 957 1165 1337 830
30.9481
18.4307

69 396 531 537 807 883 893 946 994 1193 1311 1395 1607
1585 1728 1711 1414 881 1660 1343 1614 709 887 1035 1653 1587
36.3142
20.013

69 146 235 258 313 389 452 488 490 513 558 584 656 733 791 817 826 827 841 886 1077 1150 1360 1383 1462 1486 1575 1700
1732 1242 1684 1691 1718 1101 1734 1532 1341 279 938 1605 1638 1237 1173 1267 253 1416 109 58 1702 953 1662 355 1236 860 1414 1431
74.3332
43.1708

216 245 361 478 547 718 768 994 1193 1324 1346 1360 1385 1528 1721
1727 1732 1617 1514 202 1724 1466 1702 847 621 709 593 1022 1242 930
44.838
24.6077

19 107 316 382 462 478 584 601 661 811 827 886 937 1079 1147 1192 1194 1306 1485 1520
1747 1644 1699 1242 1250 1607 1068 1527 569 1487 219 1690 1281 1519 1517 953 1518 1320 58 1029
49.797200000000004
28.789

13 109 148 335 435 570 667 688 720 733 782 809 826 886 893 922 1030 1067 1079 1153 1190 1247 1301 1309 1450 1606 1638 1642 1719 1722
1726 1727 1386 1562 1637 1499 829 1419 1483 1617 1163 1519 713 1198 1487 773 1318 1706 316 1613 72 253 58 388 1379 1257 474 321 1216 969
90.0249
51.5862

105 455 490 506 531 723 773 780 922 941 1211 1429 1450 1469 1741
1709 1653 1253 1373 1287 1267 339 887 1613 1346 1345 709 1498 1414 72
43.6297
27.3367

6 156 207 209 249 531 625 850 862 991 1014 1186 1539 1561 1582 1638 1700 1726
1744 1520 1242 1609 884 1618 1236 1734 799 1545 1042 1431 1519 1650 1127 279 1267 1347
72.6987
43.8315

142 150 316 468 527 541 617 661 970 1031 1049 1194 1290 1339 1415 1447
1737 1089 91 1726 884 500 1594 1250 1527 526 1150 898 1218 1062 1022 687
43.331900000000005
25.197

41 131 348 601 853 857 964 1281 1286 1414 1446 1468 1579
1621 1720 1299 924 1143 1699 923 1605 1589 910 699 1672 1173
36.4802
21.4495

42 71 129 130 146 178 194 367 496 551 594 598 665 778 800 865 927 974 1016 1186 1248 1249 1319 1321 1381 1456 1461 1559 1606 1693 1701
1553 1618 1648 1107 1687 1446 370 901 1020 1508 621 1033 72 623 1371 476 880 487 852 1267 109 153 941 51 1481 895 317 95 1432 346 1266
83.8203
50.6256

165 178 290 399 522 549 551 726 813 910 1124 1247 1361 1468 1695 1714
1724 1371 1683 1734 1722 1555 1254 1720 884 1552 785 1373 621 1436 630 1548
52.3456
29.6582

5 26 42 437 464 564 601 656 684 778 918 962 981 995 1124 1209 1450 1451 1556 1575 1621
1727 1641 1562 1396 991 1642 1333 1254 1699 186 1150 1693 1431 844 1344 1346 1613 1256 1443 915 1646
63.5614
36.0244

62 69 76 164 178 279 343 527 649 733 765 799 858 900 1049 1091 1101 1162 1173 1243 1252 1326 1556 1579 1667 1746
1736 1640 1618 688 1371 1710 1720 1204 618 1048 1689 621 1349 1510 1248 1143 537 1237 1574 1638 1218 1369 433 847 67 1272
77.2065
43.8636

31 153 194 396 566 622 883 1094 1427 1435 1458
1706 1736 1693 1425 1639 1719 1544 895 1423 671 1254
29.7274
16.8662

81 179 194 415 427 469 474 496 560 591 667 668 701 768 865 964 1038 1099 1135 1157 1160 1180 1239 1301 1345 1361 1451 1466 1497 1631 1644 1654 1719
1726 1727 1687 1386 1618 1471 880 1663 1720 202 1499 1722 1204 1701 991 862 1343 1491 814 1224 11 1469 1124 1089 424 932 1052 1552 1260 1236 279 895 1271
101.8164
55.4563

44 203 385 643 661 869 885 937 1091 1186 1222 1236 1446 1452 1458 1468 1540 1577 1691 1744
1706 1553 1701 1181 701 1204 1749 1689 1681 924 923 1250 1095 1421 1127 882 1020 1351 72 1544
68.641
41.1835

129 148 343 382 394 523 525 650 899 910 1328 1414 1421 1588 1642
1727 1621 1299 1133 1613 1464 433 215 1085 608 250 109 630 222 272
45.8254
26.910800000000002

6 74 166 169 194 277 328 369 494 592 618 671 872 994 1006 1262 1310 1446 1448 1719 1744
1386 1553 1701 1691 1204 924 1174 1677 1127 1360 1020 709 1501 923 910 1004 510 1215 1681 895 1314
66.4973
41.213300000000004

41 193 235 522 607 820 1004 1051 1131 1245 1313 1370 1447 1491 1515
1737 1732 1691 1617 1579 1340 1057 1552 1402 1534 637 1566 1242 1394 1695
53.5978
31.499299999999998

105 136 259 768 776 854 929 930 1067 1108 1157 1164 1211 1243 1298 1315 1362 1381 1469 1489 1519 1530 1644 1659 1720 1731
1737 1653 1253 1691 202 814 1423 1089 339 530 1260 1289 1277 79 1267 864 1099 39 1018 1598 448 38 1448 1252 51 1150
75.9621
49.989

13 17 117 142 169 179 357 436 488 515 533 551 653 773 937 949 962 1029 1145 1147 1250 1283 1326 1331 1362 1365 1370 1550 1591 1597 1630 1725
884 1562 1687 1068 1133 1618 633 1173 1747 1026 480 345 569 272 1534 1369 1519 991 908 307 294 219 1386 241 38 1141 214 1572 1535 1497 922 48
88.3532
53.8158

142 193 279 405 436 476 566 724 781 813 1566
1683 1640 1691 1737 1204 1371 847 1394 1736 785 671
33.3848
16.8358

8 102 268 277 450 462 571 581 644 725 885 929 1016 1087 1147 1189 1205 1292 1391 1421 1478 1687
1502 1733 1666 1181 881 701 1577 1330 1517 38 1487 569 219 730 1281 700 316 1085 1610 1267 1140 317
58.9878
31.6462

129 148 150 164 169 268 369 513 659 702 814 821 883 916 929 932 996 1023 1035 1221 1222 1235 1304 1339 1415 1446 1503 1519 1586 1588 1599 1608 1647 1659 1711
1691 1499 1609 1666 1734 1618 924 1710 1386 1080 1089 272 1248 884 1163 1028 91 500 1322 923 882 1439 1171 526 1606 1373 1330 608 910 303 388 737 511 653 1099
106.3991
64.3687

211 440 523 745 907 908 1269 1271 1332 1428
1479 334 992 1682 1133 215 1438 345 981 178
24.7866
14.1748

117 147 183 564 718 736 755 838 857 935 1145 1194 1235 1326 1460 1503 1558 1572
1696 1330 1133 1466 1618 1693 1135 1605 1157 1267 1356 320 272 1369 303 1108 630 1539
48.101
27.6163

115 213 275 452 515 527 541 726 767 899 932 941 963 980 994 1000 1035 1057 1105 1145 1147 1164 1193 1298 1375 1389 1400 1550 1573 1578 1593 1657 1667 1687 1692
1691 1689 1242 1724 1423 709 1711 847 1666 1545 1649 238 938 1373 1218 1330 1722 1617 1464 1577 1124 237 1026 1062 67 569 253 1614 1260 1108 863 730 1346 1251 1439
115.9105
68.8319

136 151 193 303 371 652 656 699 750 1111 1138 1192 1199 1449 1468 1714
1731 1555 1159 1624 1394 121 938 25 1431 1436 366 1074 1018 388 1238 1149
38.3661
22.528399999999998

130 165 283 316 435 506 551 553 737 800 807 827 935 1035 1143 1243 1268 1360 1369 1389 1458 1481 1554 1586 1668
1706 1640 1732 1666 1504 1727 726 863 1604 1527 1068 1544 847 1607 1373 522 1439 109 50 652 1305 340 824 470 1702
76.186
43.2174

91 103 191 232 356 380 963 1037 1043 1211 1214 1219 1369 1494 1573 1646 1706 1719 1737
1373 1642 1680 1386 1653 1244 1253 1436 1609 561 1732 1451 726 1614 1459 253 1251 1342 50
67.514
39.33

17 147 550 726 930 1083 1239 1288 1305 1328 1392 1478 1527
1724 1330 633 1260 1373 320 880 1567 910 1487 621 24 1493
38.0784
22.4355

105 237 258 305 399 456 485 550 590 1083 1092 1140 1160 1184 1250 1290 1331 1358 1368 1401 1470 1473 1483 1604
1584 1636 1687 1731 882 307 1610 339 1600 957 1271 598 1209 1407 1614 663 910 174 1266 898 24 1157 252 172
67.426
41.26

2 191 369 468 469 473 750 907 980 1271 1405 1473
1649 1137 1610 178 1022 716 797 764 262 646 446 1403
23.4243
14.8392

182 305 313 327 523 1046 1086 1101 1147 1239 1308 1365
215 688 557 880 1539 569 785 1133 1573 219 1097 851
33.0625
19.4849

126 151 209 349 712 818 1176 1221 1388 1391 1430 1450 1460 1622
1737 968 1609 720 1717 1684 456 1346 1473 1530 1613 285 1618 1087
43.6595
25.7801

77 139 314 485 590 811 935 947 981 1086 1107 1383 1588 1683
501 1339 582 1407 215 785 250 355 1059 608 1209 971 272 851
42.9448
28.1017

462 725 854 940 1037 1198 1368 1400 1421 1595 1668
1640 1737 1554 1244 1167 923 67 1085 582 1281 714
37.7056
21.6381

328 348 382 450 703 973 1099 1101 1326 1441 1495
1666 688 1062 84 179 1310 1369 222 36 1695 1646
29.4908
18.0426

74 166 183 210 245 294 408 516 551 601 760 882 937 938 973 994 1140 1189 1199 1221 1245 1272 1315 1365 1406 1448 1450 1470 1472 1564 1584
1685 1727 1636 1532 1609 1517 1392 1691 925 969 1624 701 172 1523 1744 1053 1679 709 388 740 1017 1699 1294 808 307 1236 1613 568 316 1630 1519
84.2197
46.1794

17 330 656 674 688 792 853 1094 1250 1630
1687 884 1637 633 1028 1299 1639 1431 1589 908
30.8474
17.2437

19 71 120 234 369 440 781 960 1046 1169 1178 1259 1436 1586 1726
1744 1126 799 1155 1042 1549 1340 557 1650 1472 154 1097 1236 1089 1346
46.7142
27.5697

88 232 454 469 769 1038 1178 1184 1222 1301 1308 1406 1530 1554 1572 1607 1644 1663 1669
1499 1532 1504 1728 863 1414 1731 1089 1605 814 1028 1574 1423 1267 882 320 1315 932 355
61.8578
36.0657

93 103 385 456 514 656 773 821 829 853 854 916 926 1030 1105 1121 1124 1150 1342 1347 1358 1362 1369 1423 1448 1464 1469 1503 1693 1719 1747
1746 1386 591 1618 238 1267 1163 1532 1254 1330 1646 1589 1239 561 247 793 1002 1029 1266 598 1574 1431 388 1663 538 1145 38 1536 1432 252 909
91.45
58.5143

53 69 136 207 244 275 290 316 382 556 690 710 950 963 1064 1068 1105 1135 1162 1310 1360 1546 1566
1726 1732 1737 1691 1714 1734 1663 1699 238 847 375 1527 1702 1574 896 1251 1018 609 109 850 993 1149 222
63.4302
34.5479

80 85 103 183 235 332 348 373 399 405 408 456 488 643 730 737 807 850 857 925 934 964 973 1059 1140 1143 1284 1360 1379 1389 1693 1713 1720
1732 1737 1727 847 1545 1337 1605 561 1691 688 808 1133 72 79 1702 768 1150 1675 869 941 530 189 109 1267 1083 286 1029 215 686 971 1539 1252 674
85.9909
51.9583

115 178 279 327 328 385 435 547 737 817 827 906 926 1060 1092 1101 1161 1224 1324 1341 1470 1550 1593 1599 1658 1725 1744
1640 1701 1553 1010 1204 1173 688 882 1026 1242 1724 621 1662 1020 1610 1127 1535 1314 1371 345 1108 1094 1019 957 778 1454 984
91.4348
57.1179

35 62 164 203 213 488 537 684 685 699 848 903 938 1044 1178 1200 1271 1292 1391 1406 1410 1527 1657 1695
1744 1722 1636 1642 1618 1423 1480 1710 1392 1532 38 863 1062 320 847 1567 884 1343 844 1404 1017 1236 1218 1600
72.83539999999999
39.8553

2 94 105 139 240 258 313 332 348 349 452 490 499 564 594 601 677 800 880 1026 1130 1161 1190 1215 1230 1315 1324 1448 1451 1494 1503
1727 1010 1566 1680 1242 1618 1724 1346 1693 1699 300 339 434 1256 1616 1414 320 247 1330 1337 1482 1573 777 938 272 1714 1530 969 610 129 1261
72.53880000000001
41.117399999999996

209 211 235 310 998 1055 1169 1257 1267 1406 1540 1556 1657 1678 1744
1701 1553 1126 1691 1532 1127 1204 1471 546 847 1062 709 1314 863 1020
57.3877
37.6144

81 91 149 464 1014 1170 1190 1193 1278 1658
1373 1451 1236 1618 300 1610 499 326 1100 1354
28.4897
16.6294

56 76 88 275 345 349 462 468 612 871 903 974 1123 1326 1405 1445 1634 1688
1720 665 1458 1480 1618 1671 1137 1696 1346 1737 1196 1127 1281 1150 1266 1644 1022 1046
51.6736
27.9964

5 120 451 476 566 581 670 783 791 974 1015 1044 1175
1658 1562 1618 1373 1204 1646 623 1736 1237 1127 671 1112 1169
38.1184
20.5823

86 139 165 227 388 394 434 436 579 601 650 667 736 776 829 947 956 1128 1308 1358 1370 1394 1459 1481 1486 1584 1599 1713 1714
1726 1685 1622 1684 726 446 1511 1613 1555 1744 1649 109 1605 1133 425 1436 653 568 1150 1699 572 1534 652 598 1679 1614 1266 294 175
85.8498
47.448

93 120 331 399 418 501 590 655 778 785 800 1035 1304 1347 1429 1430 1448 1622 1631
1704 1737 1666 968 1407 1491 1717 1530 1662 538 1690 1439 1663 1209 253 1239 709 1087 1168
58.7299
35.4055

6 98 126 382 397 415 438 485 496 525 547 668 1236 1365 1481 1621 1654
1641 1471 109 1161 862 186 1343 1346 1719 1052 1421 72 222 652 1188 194 51
45.069900000000004
26.4717

26 240 674 918 1037 1224 1310 1388 1446 1452 1455 1487 1629
1684 1739 720 924 1244 1127 1415 1169 923 1299 1443 1662 1150
43.3603
26.9525

327 495 579 702 880 898 937 1339 1486 1573 1654 1687
1684 884 1577 91 1330 862 1605 1343 1614 1171 1517 526
42.0925
26.331699999999998

313 354 366 603 744 1055 1067 1133 1181 1245 1347 1632 1669 1706 1715
1621 202 410 954 1605 1732 1026 1265 1574 1150 247 1498 1322 1256 1573
51.0644
33.8423

44 211 374 388 420 641 758 853 925 926 982 1031 1046 1392 1572 1687 1741
1709 1330 1577 1337 1260 557 1461 1267 1287 1631 1097 1517 425 730 1633 1589 315
51.8426
31.652

156 244 310 431 547 590 895 898 908 932 941 962 1037 1091 1150 1170 1185 1205 1239 1247 1324 1456 1486 1561 1577 1599 1608 1640 1691 1747
1584 1733 1684 1148 1703 1520 881 1244 1681 1749 991 1641 1095 1201 1407 880 1322 1689 1438 1605 1351 1346 1020 370 927 1209 1724 39 1532 1646
99.2779
59.4478

6 121 290 316 440 533 558 706 776 871 903 1124 1249 1362 1472 1591 1647 1688
1720 1532 1386 1480 1734 1068 1248 1718 1254 1696 1373 1527 623 38 238 1448 1614 713
52.0976
28.4933

151 153 203 214 237 316 348 405 408 437 562 685 758 760 765 768 870 883 967 1004 1007 1077 1079 1110 1193 1298 1365 1414 1447 1480 1531 1584 1683 1725 1737
1744 1520 1685 1549 501 1642 1173 1299 1621 582 202 1523 1068 546 1430 1436 1394 272 1161 1535 1344 1487 1527 345 1425 568 808 1150 1679 1459 1087 98 172 1198 255
106.9362
60.3709

86 499 525 658 685 884 988 1015 1060 1118 1219 1311 1435 1629 1741
1744 1566 1709 1684 1107 881 1127 1693 1415 1287 1742 1169 1609 72 1498
51.772800000000004
29.8628

382 467 511 667 710 724 736 1458 1491 1553 1584 1585 1622
1726 1685 1706 968 1617 1610 1579 1657 1717 526 1744 1679 1544
57.1556
33.7804

179 345 468 522 571 809 903 1118 1133 1451 1486 1585 1615
1733 1727 665 1684 1672 1480 1732 1256 1618 1605 25 1097 700
46.958
23.4619

19 69 128 165 316 320 371 426 464 553 617 674 690 778 906 1077 1135 1175 1192 1385 1387 1414 1507 1688
1737 1691 1299 1720 1658 1727 1621 1373 1663 623 1646 726 1696 1604 1068 1505 1173 1607 572 433 847 915 1527 1381
74.9805
39.9743

88 93 136 164 305 395 487 494 524 531 618 667 684 706 800 882 913 930 1217 1239 1306 1322 1342 1370 1553 1575 1591 1622 1656 1675
1726 1517 1642 1746 968 1719 1710 1610 1657 1717 434 1666 526 844 591 1004 1567 1663 1607 1534 247 1261 887 294 1236 1690 538 909 880 1630
92.7803
52.3303

71 73 139 150 235 253 1111 1172 1184 1666
1731 1333 1371 1691 980 1190 1577 1040 671 317
26.2454
16.2413

19 128 142 305 366 369 452 524 646 649 665 730 768 871 903 934 1161 1195 1331 1392 1397 1414 1464 1550 1554 1561
1621 1553 1520 1010 1242 1480 863 1722 1260 1026 951 1299 1107 1504 1239 202 1173 847 1675 1002 1481 1033 1330 426 1497 340
77.0897
41.8754

132 147 149 191 339 356 473 507 653 671 720 778 809 876 934 1026 1041 1043 1046 1087 1128 1199 1209 1235 1333 1368 1388 1415 1480 1483 1491 1584 1675 1744
1685 1748 1549 1701 1622 1617 1553 1163 1716 1579 1127 1430 1097 1680 1624 480 1204 316 1198 1360 1174 546 557 1244 1677 1679 1330 1314 1157 500 847 67 568 1379
106.8233
59.8938

8 357 384 435 523 527 612 622 641 826 882 982 996 1087 1128 1209 1215 1239 1262 1301 1328 1381 1556
1691 1622 1737 1499 1517 1458 1333 880 1133 621 1423 1218 480 1236 315 1630 829 215 1493 1461 1706 1337 67
64.2634
36.8541

91 331 357 371 470 564 598 641 699 785 818 872 916 1015 1040 1221 1342 1347 1395 1593 1654 1688 1721
1720 1373 1746 1609 1585 1451 1711 1610 1660 1163 1618 1461 247 1681 1159 237 1454 1693 1696 1346 621 153 315
81.81569999999999
48.6814

42 194 409 525 592 677 725 814 883 927 973 1099 1110 1185 1239 1271 1387 1391 1520 1656 1737
1747 1642 1644 1687 1201 880 1641 1436 215 1034 1459 224 895 1394 1606 1267 1087 377 20 36 314
59.3329
35.757600000000004

52 132 214 327 335 356 367 469 485 516 518 522 592 644 930 966 1094 1123 1124 1138 1184 1311 1406 1464 1527 1531 1599 1666 1683 1744
1553 1701 1671 1254 1731 1204 501 1532 582 881 1127 1020 1161 320 1567 1190 701 98 1639 1286 1548 1239 1314 980 1002 67 1539 1617 1379 1287
86.4158
51.4374

2 53 56 130 165 249 279 379 481 527 570 655 768 781 841 908 923 940 1026 1150 1200 1262 1311 1389 1451 1452 1554 1586 1604 1621 1622 1683 1717
1727 1641 1636 1722 1640 726 968 1680 501 881 1504 202 1471 863 1244 582 1346 1532 186 1438 1690 1737 846 1600 1218 1551 777 1393 1662 357 847 1404 1035
105.7127
60.065599999999996

52 121 146 356 452 469 603 617 670 696 907 967 1030 1086 1315 1472 1497 1599 1607 1622 1658
1532 1242 1728 968 1414 215 1717 785 1610 178 1690 938 1112 984 1653 860 548 1454 653 1346 1100
59.8453
35.5759

91 232 356 379 474 653 685 760 767 870 1134 1263 1332 1372 1385 1433 1447 1452 1591
1744 1737 1373 1727 1701 1250 1523 480 1451 847 1150 846 241 291 1555 776 345 1497 740
55.7208
31.4102

35 46 139 232 366 370 773 903 996 1016 1246 1271 1306 1394 1531 1556 1630 1654 1744
1691 1553 884 1701 1621 1242 1687 1204 1480 109 1161 862 1135 1343 1020 711 1607 1314 908
65.8324
38.2371

26 73 85 86 88 107 120 290 411 485 551 553 574 598 649 820 940 1068 1079 1272 1449 1539
1726 1242 1734 925 969 1159 1431 1604 121 1127 1333 1487 25 688 1690 1695 671 988 1329 153 898 953
60.4977
34.0786

35 69 107 131 395 435 454 499 700 735 745 829 962 966 967 998 1111 1123 1161 1164 1172 1186 1198 1309 1315 1369 1555 1556 1659 1663 1678 1686 1698 1714 1741
1010 1566 1671 1204 1709 991 1089 1666 1167 1553 334 1483 1732 1519 1646 434 320 1471 1019 1484 661 1063 1618 1498 1559 922 317 1267 1227 1690 1069 1588 1436 50 389
107.884
68.6817

113 320 335 495 562 617 880 974 1145 1157 1461 1629 1713
1722 1127 1684 1737 1446 1618 1133 1169 1415 1260 1150 1505 1381
41.7871
24.2788

17 86 130 268 303 314 443 485 590 671 719 882 910 941 1016 1121 1147 1256 1278 1339 1425 1481 1488 1533 1539 1554 1582 1606 1686 1726
1744 1734 1242 799 1214 884 1504 1517 1236 938 91 1346 1553 633 1042 1407 1174 499 1431 1650 1551 1360 569 1677 317 154 1127 1549 1340 1209
101.184
58.5485

131 190 294 303 314 339 394 474 507 571 591 646 667 807 903 981 1004 1037 1079 1092 1239 1259 1272 1455 1634
1726 1716 1480 1701 991 1613 969 925 951 1244 1053 880 1097 938 1487 1649 957 175 1617 1346 1089 1493 291 700 1337
73.4881
42.8252

80 113 237 290 339 374 411 513 710 967 1035 1060 1105 1456 1640
1584 1666 1722 1148 238 1734 1716 927 1631 375 370 1020 1439 255 39
49.5549
26.7027

35 42 64 149 409 478 550 649 724 782 919 1099 1156 1224 1247 1263 1272 1292 1324 1423 1519 1555 1714
567 1242 591 925 969 1724 38 1019 1662 1436 793 1588 626 401 1329 1227 174 224 1074 818 1059 1299 1283
60.5067
37.8519

94 117 182 560 603 694 707 730 865 889 910 1021 1147 1156 1309 1342 1374 1470 1486 1551 1642 1654 1669 1719
1727 1386 1746 1684 1605 1133 359 882 1483 862 1343 569 1594 1574 768 388 1516 745 1150 219 1675 880 459 909
76.285
45.5793

70 149 240 317 348 354 451 522 592 644 736 750 792 820 858 894 898 916 927 1035 1068 1145 1150 1157 1259 1267 1309 1331 1394 1433 1503 1519 1657
1726 1666 1618 1204 1687 1028 1532 1163 847 272 1322 863 1260 1548 1695 1062 1483 109 790 1330 1349 1271 630 1438 553 1099 669 764 1004 1089 763 1439 1012
79.1949
46.565

191 214 253 382 397 410 455 688 813 870 882 906 988 1118 1161 1217 1248 1321 1433 1519 1581 1612 1717
1517 1683 1698 1371 1010 1637 1107 1588 1244 753 1150 1385 1713 1461 476 785 1444 1566 1236 1630 1040 778 828
72.111
40.6828

42 216 464 478 649 688 884 1000 1094 1124 1215 1308 1333 1372 1388 1528
1748 1629 1637 1254 1617 1514 720 1639 72 1742 1242 1337 915 709 1329 1257
45.3247
24.3052

44 80 136 294 332 726 814 1012 1043 1126 1283 1463 1686 1693 1720
1685 1724 1737 1553 651 1053 1034 1602 941 72 1530 1473 79 905 607
57.6532
36.2928

41 91 464 558 564 701 712 841 854 893 998 1007 1055 1072 1088 1126 1170 1221 1248 1304 1360 1565 1572 1698 1721
1685 1520 1732 1373 1451 1609 651 1718 621 395 1484 11 915 320 1693 50 476 1267 946 1022 776 1124 593 109 1354
80.0202
46.3568

113 340 437 487 665 690 827 857 865 1150 1262 1357 1462 1640 1741
1584 1553 1722 1709 1148 1101 1551 1107 1532 1567 996 1605 1033 410 370
58.5654
35.6818

165 253 343 496 560 694 735 850 903 1030 1160 1290 1301 1312 1394 1455 1566 1647 1688
1720 1691 1386 1499 1737 726 1480 1248 847 1545 1371 109 1646 793 1040 1696 829 898 1373
61.7833
33.9631

5 62 67 103 564 724 810 897 991 1029 1044 1429 1558 1566 1720 1746
1737 884 1691 1562 1048 847 1618 1627 1693 79 1510 1135 561 537 1157 530
59.0903
34.9477

136 328 343 345 456 636 744 874 905 939 1111 1181 1219 1248 1304 1347 1441 1486 1530 1658
665 1684 1517 202 954 1609 984 1605 476 326 976 1610 247 901 1454 433 51 252 989 1002
56.0296
33.0935

120 131 294 303 339 349 455 499 537 625 884 991 1041 1235 1305 1341 1395 1515 1556 1607 1714
1744 1566 1732 1629 1711 1585 1728 1716 1414 1555 1340 72 637 1343 1053 1742 1346 1244 938 1094 1436
75.7127
41.2404

6 76 121 245 367 436 562 719 857 1077 1164 1301 1449
1727 1532 1499 1159 1594 1605 25 733 829 686 793 599 1536
33.1225
18.1783

131 305 316 411 415 564 696 720 781 898 905 1029 1186 1306 1395 1606 1710
1585 1471 1711 1163 1167 1726 1607 320 1693 1660 1052 1198 1559 1527 51 79 984
47.0874
27.2484

88 113 249 320 389 456 462 570 581 889 960 976 1008 1099 1118 1195 1237 1309 1383 1395 1397 1423 1588 1695 1701 1715 1725 1737
1722 1585 1642 1706 1711 1647 1517 410 884 1648 272 1173 591 1660 1483 1436 1535 793 901 1265 345 1459 1381 1505 1516 1236 1281 250
98.8285
61.6911

35 62 77 91 131 303 481 582 694 750 913 1405 1556 1735
1373 1451 1471 1719 359 1137 1618 1712 1740 1694 1074 1089 938 1453
45.5002
25.4914

129 193 303 310 314 404 518 551 799 889 916 974 1034 1156 1315 1381 1553 1737
1618 1642 1610 1657 618 526 1163 1248 1394 1237 1459 318 938 247 1127 1436 1516 1261
56.4101
34.0976

237 625 826 827 1110 1121 1124 1153 1252 1360 1391 1553 1579 1582 1621 1668 1715
1584 1732 1641 1640 1610 410 1720 1657 1143 526 1254 1419 1347 186 1394 1346 1265
62.4483
35.9265

55 64 153 240 470 495 685 755 799 818 886 898 932 1175 1184 1237 1271 1339 1515 1564 1685 1695
1744 1732 1566 1696 1373 1646 884 1658 1618 1731 1057 1004 1346 1610 623 1161 1248 1159 618 637 1425 526
82.7111
46.5136

69 109 245 283 516 723 876 885 1283 1536 1591 1675 1692 1710 1746
1727 1691 701 1181 1048 1617 1167 1309 1607 537 522 1260 1373 1127 1077
51.4747
31.093

5 131 366 469 725 735 947 1057 1064 1068 1123 1150 1195 1198 1215 1328 1449 1579
1726 1562 1711 1621 1532 1720 1671 1159 1545 1167 1143 1699 1646 25 1493 224 427 1337
56.1292
29.706699999999998

139 142 240 420 523 592 655 758 967 981 1044 1135 1170 1237 1324 1342 1345 1430 1488 1695
1737 1746 1663 1724 215 1133 1214 884 1662 1530 1354 1087 1236 1600 1168 909 255 862 751 1277
51.5837
30.9838

41 94 126 149 316 549 579 617 699 818 907 1008 1032 1095 1175 1193 1217 1326 1546 1586 1663 1713
1517 1373 1658 1660 623 1646 320 1647 1068 1133 452 1618 1150 178 1337 374 1527 1369 1719 189 1169 355
62.3914
36.1113

62 67 94 115 128 164 232 551 562 564 594 606 655 736 781 826 882 884 903 925 938 976 1015 1067 1198 1332 1333 1361 1375 1483 1530 1531 1650 1686 1720
1737 1748 1629 1636 1706 1722 1480 1392 1337 1517 1553 1167 1618 1627 72 1124 1552 1710 1742 1693 1108 1157 98 1017 1161 255 530 79 51 1662 1518 107 1236 1252 674
100.1822
57.4551

53 67 170 207 225 305 424 706 826 883 886 1021 1057 1131 1236 1243 1267 1303 1305 1310 1321 1461 1553 1667 1669 1687 1714
1689 1711 1610 1446 1048 1545 1657 1330 1555 1605 1517 1421 487 1627 1574 730 1577 1436 1710 1150 247 848 1325 1386 1154 993 526
84.1241
53.2492

107 361 418 661 883 966 1016 1083 1140 1361 1388 1555
720 1722 1720 1552 1019 307 24 1588 253 1250 1690 317
30.7189
18.4906

31 397 485 515 570 1023 1110 1309 1405 1556 1579 1624
1446 1720 1137 1734 1161 1143 1152 1483 1394 5 307 1051
38.1866
22.8024

109 183 235 286 349 369 418 464 469 522 551 578 795 982 994 1101 1219 1322 1423 1460 1470 1527 1700
1732 688 1691 1617 591 882 113 1734 1609 1341 167 1346 320 279 1309 709 1267 1706 1567 793 1548 1236 915
68.5504
41.284

216 427 462 773 926 1214 1248 1304 1308 1383 1448
726 1732 476 355 1281 1436 1342 989 1442 1141 901
25.6035
15.6302

8 13 39 147 193 216 268 314 349 455 547 702 773 829 869 884 885 1031 1057 1133 1162 1164 1237 1256 1326 1341 1405
1744 1711 1629 1181 701 1562 1330 1545 1732 72 1141 1346 1394 1068 1742 1094 808 433 1019 1369 709 276 215 1238 830 1551 1137
74.8671
42.3366

52 107 286 361 394 405 677 735 783 1192 1199 1271 1581 1679 1682
1698 113 709 1613 753 1624 1646 1603 499 175 680 1462 1519 568 1690
41.1785
25.0181

88 184 354 382 450 539 598 726 1004 1021 1337 1520 1595 1731
1724 1737 1747 1554 1644 1666 1691 923 1373 582 1322 1176 767 1317
52.324
30.0412

13 88 305 646 778 826 897 950 956 1060 1068 1138 1150 1153 1248 1342 1369 1372 1656
1726 1746 1714 1562 1685 1532 951 1419 476 50 1379 321 989 271 909 513 1397 346 813
50.4181
27.959

62 139 148 303 431 468 1111 1214 1268 1278 1375 1389 1466 1488 1497 1539 1678
1687 1242 1732 726 1204 1431 1618 847 1127 1124 1471 938 499 561 1342 424 279
56.9549
33.9823

147 399 469 550 612 782 1209 1222 1239 1421 1644 1721
1458 1333 1330 880 814 1028 1089 1423 1469 882 1085 621
37.8947
23.1505

340 399 496 858 898 1043 1094 1169 1180 1606 1676
1735 1126 1204 1551 1349 1639 1472 1254 794 51 1337
33.0834
19.2717

166 191 290 467 718 884 895 898 906 935 939 1178 1207 1388
1629 1703 1517 1734 1691 1466 720 72 1742 778 709 279 669 727
34.3572
17.2354

8 62 151 211 268 275 286 339 367 462 659 853 897 922 976 1014 1118 1160 1272 1290 1389 1450 1451 1460 1578 1666 1676 1691 1731
1727 1735 1499 1722 1706 1618 1716 1749 969 925 847 1613 1351 1095 980 1108 1256 72 1589 1577 898 794 1646 1598 1281 388 532 1190 1068
86.43299999999999
50.7171

6 46 69 86 411 420 495 496 570 601 618 665 778 785 964 1015 1046 1172 1175 1199 1247 1278 1337 1346 1445 1478 1488 1559 1581 1607
1553 1698 1658 1373 1728 1414 1214 1646 1731 1624 1699 1508 623 753 317 557 499 1135 1004 1107 1196 1487 109 1317 1033 1136 852 1481 1059 189
90.3243
53.1635

153 305 373 397 431 452 468 795 923 980 1035 1133 1160 1310 1389 1405 1458 1540 1647 1706
1732 1242 1386 1666 1248 1137 1649 1161 1373 847 1425 1026 1439 938 1256 1544 1498 1149 993 1393
64.4157
39.483399999999996

64 164 435 481 668 699 811 897 908 925 973 1026 1150 1199 1221 1566 1642 1731
1691 1727 1609 1737 1710 1680 1532 1471 847 1624 1438 1337 109 1598 215 1706 255 60
51.9372
28.8826

44 113 148 191 1133 1379 1428 1469 1481 1683 1717
1722 501 1732 582 1244 1682 1150 1198 1256 433 652
37.0197
22.9694

52 88 209 607 821 1068 1083 1200 1211 1347 1624
1726 1446 1722 1653 1253 1152 1402 1473 5 1242 247
37.936
19.6211

26 31 91 149 493 656 758 816 865 1150 1153 1184 1222 1315 1391 1464 1485 1530
1373 1451 1731 1028 1517 1532 1419 880 1662 1002 776 321 51 1431 882 1165 433 737
44.1056
25.8425

31 357 385 473 504 516 524 566 612 677 906 922 1016 1046 1361 1416 1505
1562 1458 884 1722 1720 1736 1040 557 1303 701 1675 1552 778 1097 72 317 671
46.9298
26.0015

8 102 183 685 694 719 807 810 934 1068 1185 1222 1249 1400 1459 1691 1695
1744 1726 1502 1511 359 1201 1641 1028 623 1351 884 1749 847 67 1095 882 733
55.3462
29.6537

150 249 454 703 838 842 870 1460 1624 1722 1744
1553 1701 1446 1480 1204 713 1152 1127 1020 5 829
44.4901
27.7035

39 62 98 148 646 913 919 966 1121 1173 1385 1497 1550 1631 1715
1736 567 1727 1719 410 1618 951 109 1026 1265 1491 808 1239 847 401
47.5562
26.2675

35 374 820 861 927 1037 1092 1107 1128 1134 1224 1365 1392 1423 1491
1687 1622 1339 1244 591 1579 1617 1260 1633 793 1662 1695 957 1059 1631
47.6666
28.549300000000002

6 120 211 408 436 677 725 938 981 1083 1160 1263 1406 1688
1720 1636 1392 1532 1696 1555 808 1017 238 24 663 1267 1277 119
39.0522
22.3578

13 39 179 310 331 335 366 424 562 646 700 776 842 1007 1026 1108 1157 1313 1346 1395 1400 1410 1472 1520 1551 1634 1650 1687 1746
1048 1747 1562 1585 1644 1480 1621 1711 1618 1577 1330 1510 1068 951 1680 1660 1517 808 1204 1260 67 1594 537 1491 730 446 1518 1271 1448
96.1086
56.5772

117 234 237 379 811 1306 1311 1328 1397 1405 1667
1584 1689 1133 1722 881 1137 1607 1493 1386 621 1230
33.9701
18.8399

62 452 488 791 820 1190 1288 1304 1361 1387 1481
1722 1720 1242 1618 1695 1237 1552 938 652 1124 953
29.6712
17.2743

148 170 193 409 522 533 539 553 558 644 671 758 791 826 876 885 897 899 1046 1067 1175 1207 1215 1230 1337 1357 1381 1430 1451 1462 1507 1622 1629 1711 1746
1691 1727 1658 1737 968 1048 1181 701 1684 1646 1718 410 1101 1373 1169 1731 1717 1559 1127 1464 623 1607 1174 557 1415 572 1530 1604 224 1677 1360 767 1237 537 1317
121.0421
69.3035

31 105 210 234 450 454 467 574 590 598 870 893 934 1124 1239 1310 1463 1466 1607 1634 1688
1720 1687 1728 1666 1407 1414 1254 424 1617 1473 880 1696 847 1204 1602 1530 339 988 905 1209 238
66.2161
37.9613

327 485 575 641 883 991 1026 1173 1395 1527 1559 1579 1676 1721
1736 1735 884 1585 1720 1711 1508 1439 1680 1660 1143 1567 320 1539
56.9197
33.1503

77 105 405 603 826 865 884 886 918 1124 1194 1247 1272 1310 1313 1321 1400 1540 1638
1629 969 925 1254 72 1519 1443 67 1150 1742 1491 993 773 58 339 1299 709 213 880
52.0465
32.5568

13 142 182 316 405 420 467 478 606 703 778 1021 1126 1313 1368 1388 1428 1458 1481 1488 1746
1685 1706 1068 1562 1048 651 1214 1682 1527 1510 1242 720 1544 652 1491 537 847 852 862 1337 398
59.3243
32.7136

62 156 857 900 947 1143 1237 1350 1472 1678 1692 1721
1595 1691 1727 72 1618 1471 1574 1605 621 1373 686 1022
44.9289
28.5529

2 5 320 343 592 783 810 829 923 938 960 981 1037 1057 1092 1224 1230 1257 1554 1559 1593 1615 1630 1721
1733 1562 1636 1711 884 1737 1672 1545 1504 863 1392 546 709 1508 1017 1244 237 433 227 957 1662 1149 1381 388
85.05499999999999
49.1624

86 194 361 677 778 811 861 880 998 1021 1060
895 1616 434 852 425 513 1278 705 346 209 649
22.0846
14.910499999999999

330 411 646 696 758 780 809 973 1092 1214 1650 1657 1682
726 1732 951 847 709 1062 957 863 1218 1518 1436 1345 499
40.112700000000004
26.3734

314 316 579 617 810 870 885 893 905 967 1068 1101 1217 1221 1250 1301 1385 1387 1415 1421 1441 1478 1561 1679
1726 1520 1727 1687 1181 1517 688 701 1499 1089 1609 500 1527 1487 307 1085 847 1018 829 680 568 687 255 984
72.8933
40.6626

314 385 818 850 903 927 1250 1324 1388 1430 1463 1470 1530 1539 1710 1744
1687 1242 1553 1701 1737 1127 1204 1545 720 1431 1724 882 1020 1167 1480 1602
61.63
35.0415

147 216 411 437 438 560 606 670 690 694 735 874 923 930 960 970 1190 1219 1224 1290 1520 1527 1546 1554 1573 1621 1737 1744
1747 1641 1701 1553 1644 1642 1504 863 1204 1609 1346 1330 1594 359 1314 1127 1436 1020 1646 1614 186 300 1662 1459 1149 1344 1567 253
94.2767
55.5766

105 109 164 184 320 335 354 454 513 570 670 690 791 809 964 1015 1044 1094 1105 1133 1324 1326 1360 1478 1497 1577 1654
1732 1737 1681 1710 1689 1617 1724 862 1309 238 1343 1639 1505 339 1254 1702 1662 1487 1237 1369 1381 1322 1574 668 1256 830 990
72.0297
41.0139

13 105 203 385 724 799 919 1186 1215 1267 1494 1582 1644 1720 1744
1737 1553 1726 1701 1562 1204 1127 618 1618 1423 814 1020 1237 339 1248
60.4589
37.9813

146 179 214 316 397 537 655 1006 1333 1383 1663
1748 1618 1501 355 320 1068 1161 1343 1357 1662 1215
35.6378
20.9962

120 178 194 268 366 431 438 566 668 724 820 876 903 940 964 976 1031 1042 1091 1107 1143 1176 1199 1217 1263 1269 1469 1553 1629
1684 1706 1517 1621 1727 1480 1610 1479 1657 1394 526 1127 1624 1371 621 1736 1415 456 36 1059 992 1695 981 1339 1169 1555 1261 247 1267
81.4196
45.0603

361 513 533 670 707 792 820 883 1087 1153 1248 1312 1400 1451 1495 1608 1624 1691 1700 1715
1727 1446 1734 410 1749 1669 1028 1341 1646 1152 476 1095 5 1256 1351 279 179 1265 1151 1267
78.3192
51.0593

88 128 156 184 209 216 382 426 474 515 525 549 702 725 810 935 991 1015 1040 1041 1059 1163 1178 1215 1221 1305 1416 1430 1462 1466 1489 1494 1503 1520 1644
1687 1737 884 1747 1609 1204 1701 1618 1101 1551 1703 424 1454 1675 1244 1530 996 1473 1089 1423 814 1469 1289 1562 1337 1196 1574 1083 1330 202 291 279 413 1087 1267
97.68260000000001
54.8221

66 80 102 210 388 437 485 547 582 665 674 699 712 742 848 893 925 970 1059 1091 1110 1181 1284 1379 1433 1593 1606 1693
1502 1553 202 1074 954 1337 1740 72 1299 237 1594 1394 425 1344 1033 51 764 1107 1713 941 1432 1032 1083 189 1069 1098 1481 621
78.1157
46.9279

8 13 46 210 290 427 551 636 688 782 816 853 988 1040 1059 1099 1181 1217 1224 1332 1368 1460 1595 1657 1658 1701
1737 1554 1637 1734 1068 1562 1517 202 1107 1454 954 923 901 847 1648 1135 1610 1662 709 326 36 763 1062 1589 984 1257
80.6302
47.0107

86 310 518 522 700 706 733 742 1128 1138 1143 1157 1358 1539 1549 1581 1584 1586 1630 1683
1685 1698 1242 884 1622 501 1204 1386 1744 1431 582 753 1295 1505 1127 1638 1260 1679 908 1727
75.84440000000001
45.7424

121 182 388 404 418 474 539 725 773 780 827 893 894 905 960 1178 1222 1375 1397 1591 1668
1640 1532 1722 1028 1701 1124 318 882 561 425 767 253 291 1345 953 824 1267 241 984 1141 400
54.3332
32.4651

131 210 277 290 476 485 684 780 782 858 1004 1217 1328 1441 1448 1449 1593 1638 1706
1204 1642 1517 1734 1159 121 1349 1026 1519 25 237 1345 1498 844 773 969 493 501 1032
56.3874
34.1748

367 396 434 688 963 1031 1160 1235 1461 1675 1719
1386 1637 446 1446 1251 487 303 572 388 850 1257
31.1968
18.655

53 85 129 139 404 414 513 531 551 575 656 725 795 869 964 967 1026 1049 1068 1186 1346 1365 1462
1726 1732 1680 1439 1101 1691 887 1431 318 688 1559 1618 255 276 1267 777 1662 990 1247 537 996 215 833
51.8557
29.3758

70 190 207 253 313 438 518 541 566 710 718 768 782 813 898 935 1042 1192 1267 1268 1278 1311 1448 1575 1578 1597 1682 1710 1714
1683 1371 499 1747 1736 881 202 1722 1555 1394 1466 1167 785 1436 375 1603 671 1040 36 1337 1127 1211 1035 1649 1262 194 1518 1573 786
78.9134
47.5088

8 164 190 562 701 1049 1143 1256 1321 1446
1710 1727 924 1124 50 11 923 910 179 1141
27.9123
16.7955

169 210 349 371 404 564 694 907 998 1049 1126 1243 1262 1272 1309 1369 1494 1591 1678
1685 651 1720 969 925 1693 1471 1483 1346 1089 1063 318 320 922 50 178 1714 241 903
52.3861
29.8773

361 474 575 684 744 1052 1312 1346 1394 1608 1634 1658 1719
1386 1642 1701 1439 1617 1322 1610 326 1053 984 291 1282 924
47.5984
31.195

85 345 515 556 571 581 726 874 922 930 947 967 1046 1107 1250 1360 1401 1430 1436 1656 1663 1747
1724 1732 1737 665 1687 1155 1339 557 1373 1530 307 1097 885 1646 1059 1702 700 688 1536 227 109 717
73.3269
44.5398

414 424 719 737 1008 1214 1247 1361 1362 1456 1459 1480
1549 1732 726 1430 1722 1647 1511 1048 1720 1517 546 1436
44.276
25.439

286 389 405 436 455 468 478 511 607 745 838 929 949 950 994 1040 1042 1057 1088 1092 1217 1303 1446 1470 1472 1481 1483 1632 1735
1517 1714 1242 1711 1545 113 1712 1454 1394 1694 334 1089 924 1402 709 1157 882 923 957 1416 910 1356 1378 548 1263 1244 1453 652 1022
85.9751
51.9167

424 575 582 612 744 745 769 813 1021 1043 1092 1401 1522 1558
1458 1683 1074 1048 1371 1439 1740 334 1135 1315 957 785 1157 138
42.8261
24.2424

44 147 214 574 584 685 781 919 963 1008 1110 1341 1483 1495
1744 567 1647 1330 1517 1394 179 1157 1062 1310 1094 1251 1320 1545
46.9081
25.6029

139 165 405 424 435 499 525 617 750 841 853 1004 1046 1049 1064 1123 1168 1194 1222 1247 1397 1423 1449 1462 1505 1520 1644 1695 1719
1747 1699 1566 1562 1386 726 1722 1671 591 1101 1048 884 1706 121 814 1040 1089 1303 882 557 25 996 1159 1469 793 1097 388 1589 1236
87.9021
49.3894

41 64 81 107 109 164 234 345 490 493 685 758 778 838 850 861 960 996 1012 1029 1057 1068 1175 1400 1533 1539
1744 1726 1242 1545 665 1691 1711 1658 1617 1646 1431 1710 623 1236 1373 1127 1309 1662 67 1414 1690 670 1356 79 189 48
79.805
41.26

91 115 240 330 361 499 703 804 809 816 829 903 960 964 1006 1041 1105 1123 1143 1194 1205 1259 1281 1315 1405 1406 1448 1460 1473 1546 1582 1640 1663 1666 1722
1584 1727 1733 1566 1148 1671 1373 1610 238 881 1480 1501 1108 713 1137 1244 1532 716 980 1337 370 1347 320 927 39 1574 1451 1089 764 1318 1190 1357 1577 508 799
107.156
62.1824

44 71 85 88 149 317 579 582 872 927 941 1178 1194 1469 1531 1640 1656 1731
1584 1148 1740 1687 1161 1691 1074 98 1681 370 688 39 510 1438 799 1267 1598 790
50.4065
29.7162

35 330 478 511 670 755 807 1400 1436 1520 1679 1725
1696 1747 1644 1155 1173 1242 345 1535 272 67 1346 680
45.7099
28.4013

86 150 290 356 504 653 658 694 880 906 937 1107 1176 1219 1259 1337 1342 1357 1447 1553 1556 1604 1634 1693 1721
1737 1746 1636 1734 526 1610 1731 1609 1657 359 1559 1339 480 1261 1267 247 1150 1022 456 1684 621 1317 1519 1059 778
84.738
51.927

169 182 373 397 414 910 1041 1057 1394 1644
1711 1089 1423 1545 109 1161 814 1244 1469 630
31.4145
18.9335

73 216 277 332 343 366 385 507 579 618 706 725 758 783 791 884 932 1138 1312 1331 1565 1593
1629 709 1621 1097 1004 72 1333 237 1742 1237 1032 668 1136 433 1069 671 515 347 704 1168 466 686
52.7549
31.6842

494 518 826 850 956 1079 1169 1173 1259 1331 1634
1736 1685 1545 1487 1126 1472 1617 591 1089 1046 668
31.1103
17.4582

46 303 370 399 455 558 594 736 745 919 947 1026 1130 1157 1180 1215 1325 1481 1622
567 968 1242 1718 334 1717 1680 938 1135 1690 1260 1731 247 114 777 1105 1271 401 342
50.5651
28.8824

93 335 366 370 437 499 506 516 531 537 659 736 848 906 970 1123 1292 1360 1446 1487 1584
1685 1732 1499 1566 1621 1242 1671 924 1739 701 38 1744 1594 1344 1373 923 1663 1343 1679 1702 910
68.6182
38.5114

169 332 404 427 564 570 653 706 776 800 926 1006 1021 1173 1221 1326 1331 1405 1577 1656
1736 1609 1681 1137 1689 1501 1693 480 318 1357 1369 1215 320 1448 561 1397 716 764 1442 1543
49.5027
27.9257

73 369 470 485 487 700 1140 1164 1256 1392 1530
1204 1610 1260 1159 1333 1567 1346 307 1141 51 671
29.8362
17.7113

184 207 380 768 1040 1087 1161 1245 1328 1350 1573 1688 1746
1720 1595 1010 1048 202 1454 1614 1510 72 537 1696 1294 1493
47.5889
27.4805

211 225 591 725 903 1385 1389 1503 1509 1624 1698
1446 1727 847 1480 1618 395 991 1152 5 1484 307
40.72
25.1146

44 184 191 216 469 511 591 617 618 745 907 947 1000 1031 1110 1181 1243 1308 1385 1449
1727 1617 202 1159 954 991 334 121 1004 25 1394 178 847 1136 1493 1346 277 687 209 1422
48.7116
28.2647

169 434 467 514 584 688 744 853 1308 1456 1719
1386 446 1637 1589 1020 1320 976 388 1257 572 398
27.8995
15.965399999999999

52 126 234 345 424 574 612 688 735 769 780 795 800 827 876 988 1057 1094 1111 1128 1169 1219 1243 1263 1286 1304 1308 1313 1555 1629 1647 1668 1686 1717
1640 1732 665 1386 1458 1711 1609 1684 1126 1107 1622 1545 1150 1553 1248 1244 1637 1127 1373 1639 1472 1415 1019 1646 1315 1491 1254 1048 1345 1227 953 824 1588 1257
105.3692
59.3409

44 46 277 399 511 783 894 967 1306 1341 1470 1630
1744 884 709 882 1607 1135 1094 227 1019 908 255 755
32.3905
17.1486

55 80 182 435 850 1173 1278 1328 1430 1714
1736 1737 1555 1545 1530 499 1706 1436 621 1493
33.0133
19.4576

6 46 53 310 328 531 539 811 829 925 937 970 1023 1128 1168 1184 1192 1311 1388 1405 1423 1455 1519 1546 1555 1584 1604 1608 1650 1703 1714
1743 1685 1636 1731 1622 1744 591 1734 720 370 881 1227 1594 1135 1337 1019 767 793 1679 1322 1436 255 924 1588 887 738 568 1099 1020 172 56
99.7139
60.6519

203 207 310 394 427 487 537 564 591 674 701 706 767 768 785 906 1030 1087 1164 1176 1406 1666 1726
1744 799 1532 1613 202 991 1346 1042 1684 1567 1340 1693 1650 50 1299 456 764 11 1236 1124 980 154 1549
74.0075
45.0849

5 149 225 354 380 437 533 556 659 723 769 783 960 1014 1029 1032 1086 1145 1198 1310 1375 1566
1499 1562 1691 1737 1618 1167 1124 847 215 452 1344 785 1315 1508 561 227 84 896 546 630 1322 993
59.8089
34.826299999999996

86 164 361 507 745 934 938 980 1292 1410 1423 1449 1531 1558 1695 1715 1722 1731
1636 591 410 1710 1691 1392 1649 334 1159 713 121 884 1161 38 793 1097 25 829
70.6106
46.5741

5 283 397 636 842 893 1077 1176 1313 1429 1591
1562 1480 1161 1684 1607 456 522 1491 709 241 481
30.8023
18.6357

94 115 190 213 411 501 516 537 547 549 880 885 894 913 916 970 976 1049 1099 1181 1347 1400 1429 1452 1527 1546 1607 1638
1704 701 1706 1728 1423 1719 1414 954 1337 1163 67 320 247 1343 1567 1594 202 1653 63 773 1108 1519 709 846 434 1649 303 36
76.9856
43.8581

91 327 427 768 842 991 1037 1094 1133 1248 1392 1410 1429 1530 1561 1666 1668
1520 1640 884 1373 1451 1480 1732 1260 1244 433 202 1539 1639 1190 476 1577 1715
60.6639
35.9173

2 35 373 389 408 474 700 733 782 804 826 853 865 885 960 1038 1131 1209 1224 1230 1263 1387 1414 1536 1624 1638 1656 1666 1668 1735
1640 1446 1621 1204 701 1181 1712 1694 1299 1701 1152 1089 1333 1662 1519 880 1173 1190 1416 932 1482 773 253 1555 1577 1453 307 291 480 5
91.0833
54.4416

55 98 207 277 395 409 420 550 655 745 838 995 1214 1485 1520
1747 1644 726 1396 1666 1732 334 109 224 434 1356 1342 1662 1436 476
44.3329
24.8102

6 64 93 214 313 473 533 564 644 765 768 973 1035 1049 1451 1469 1586
1727 1666 202 320 538 1573 1267 1439 1693 1646 1256 1663 1150 1305 808 215 1230
37.5179
20.3762

66 379 487 699 707 1147 1185 1305 1449 1463
1669 1159 1641 1201 1567 1602 1473 121 569 25
29.6848
17.8942

316 494 579 643 656 703 908 910 998 1067 1099 1414 1497 1553 1607 1622 1693
1728 1621 968 1299 1610 526 1068 1657 72 591 1717 247 1527 1438 1653 1690 1431
55.5702
33.455

39 107 357 487 644 735 736 857 883 926 980 1014 1064 1108 1269 1286 1481 1486
1684 1605 1649 1699 1479 1618 1567 992 1646 808 1690 864 686 981 652 1021 1519 1029
42.8571
24.2364

5 148 214 327 370 379 451 474 514 525 617 810 821 994 1446 1461 1650 1701
1562 1242 924 901 1648 709 923 910 1518 487 178 291 1539 179 687 46 511 865
47.4105
29.916999999999998

56 209 290 305 314 366 379 474 515 531 562 737 742 821 1026 1124 1259 1281 1311 1555 1722
1621 881 1680 1734 713 1701 1254 1019 1473 1227 829 887 1737 1588 1318 1287 1089 777 291 1672 831
54.1727
32.0493

8 431 455 606 723 755 811 861 949 962 1014 1032 1101 1322 1369 1415 1416 1421 1520 1612 1632 1691
1747 1696 884 1644 1588 688 1089 1749 1095 1085 500 1675 452 1385 991 1351 1618 476 1263 1638 532 769
72.0529
42.559400000000004

35 56 332 409 524 553 813 927 938 941 980 982 1184 1311 1347 1389 1459 1515 1585 1631 1706
1732 1636 1683 1566 1491 1687 1371 1731 1649 1392 1511 1057 847 25 881 224 1340 637 785 1239 1026
75.7195
44.625

178 237 240 253 665 677 889 907 927 1170 1178 1209 1268 1309 1312 1456 1462 1550 1726
1744 1584 1553 1371 799 1687 1101 1042 1483 1107 1650 1026 996 621 1033 154 1333 1340 1236
67.8239
38.7587

170 190 207 249 328 394 518 537 712 910 991 994 1000 1198 1269 1339 1683 1721
884 91 501 582 1479 1613 621 1167 225 1617 1343 992 526 433 1171 981 630 709
61.679500000000004
38.6156

56 327 405 496 571 1308 1385 1577 1638 1656
1727 1681 1689 1519 1539 700 847 773 1737 969
27.9386
16.7993

56 150 320 330 389 454 516 524 570 694 884 908 926 980 981 1178 1194 1278 1309 1470 1550 1706 1715
1737 1629 1026 1649 410 359 1483 701 882 1265 72 1438 1505 1742 1381 1498 499 709 1497 1572 493 214 814
63.591300000000004
36.9595

113 126 207 426 456 490 684 974 996 1026 1072 1124 1156 1163 1214 1272
1642 1691 1732 1722 1618 1551 969 925 726 1680 1254 1703 844 1737 1562 1719
55.7046
31.6766

64 98 130 183 209 313 404 556 582 719 723 768 895 898 922 988 1034 1043 1052 1055 1126 1181 1333 1350 1397 1450 1488 1530 1549 1582 1599 1688 1695
1720 1685 1595 1748 202 1703 72 1107 1214 1722 1386 651 1696 1074 954 1618 1740 109 1053 318 1505 1473 1347 1282 51 896 1295 653 884 1613 733 1236 238
99.8751
52.7828

2 723 1068 1200 1239 1272 1341 1468 1565 1663 1675
1744 1726 1722 925 969 320 880 1404 1019 1094 355
39.6131
21.5838

53 153 166 451 478 571 578 644 744 780 783 810 816 996 1014 1038 1087 1360 1368 1394 1612 1676
1691 1735 1732 1588 109 1618 1706 1385 1242 1425 932 794 828 1444 1018 167 700 1345 709 576 1485 1165
63.2226
35.6229

305 485 644 733 813 1051 1101 1133 1247 1263 1410 1452 1472 1503 1615 1621 1646 1658 1693 1744
1733 1683 1641 1701 1553 1680 1732 1672 688 1204 1618 72 1346 1552 1020 1610 1127 186 1371 326
82.28490000000001
50.0466

8 169 249 290 467 468 531 949 1043 1389 1556 1582 1688
1720 1734 847 887 1696 398 1347 238 1638 67 1022 1257 1001
32.3302
18.4796

305 357 379 396 408 455 464 490 494 511 564 622 800 862 898 994 1000 1042 1140 1180 1249 1257 1391 1441 1495 1539 1561 1678 1686
1520 1242 1609 1553 546 1617 1431 1127 1062 591 1693 623 84 1394 709 36 320 1310 808 1471 307 1414 179 1646 1063 454 941 1089 1519
81.5874
48.8813

305 339 455 523 547 560 827 950 1145 1157 1357 1428 1553 1685
1714 1610 1716 1657 1133 1682 1559 410 1161 1646 1004 1260 874 215
46.1982
28.4186

42 115 214 523 706 1064 1110 1121 1194 1200 1322 1400 1480 1550 1621
1641 1722 1549 1430 1699 1026 546 215 1133 186 67 1346 1394 1404 1108
47.7099
26.4602

62 85 120 166 253 268 404 476 522 575 712 745 776 876 962 1006 1012 1023 1032 1034 1064 1091 1157 1160 1290 1326 1357 1360 1372 1387 1528 1531 1632 1646
1732 1618 1680 1699 1691 1617 1734 1204 334 1514 1371 991 1501 1161 1439 1559 1260 452 688 1702 410 318 1215 1040 1548 1369 1346 1263 1448 1271 898 511 621 670
89.5234
51.379

46 225 382 643 684 733 857 1123 1200 1278 1369
1722 1642 1671 499 1135 844 1404 1605 1638 50 253
33.0619
18.6078

317 343 622 658 661 760 939 949 970 996 1034 1079 1143 1150 1176 1315 1387 1436 1744
1701 1553 1691 1204 1155 1517 1523 1618 1532 1127 1727 1487 1020 1594 1684 1250 1423 456 1438
56.7967
32.3073

310 327 487 551 575 590 644 656 744 769 785 804 919 923 1037 1095 1160 1181 1207 1230 1263 1395 1400 1428 1445 1488 1634 1688 1703
1743 1720 1726 1585 1660 1711 1214 202 1407 954 1244 370 1439 1682 1431 1567 1315 1696 67 738 1149 1482 1617 238 1209 1196 1555 1393 976
91.8918
51.444

2 203 235 253 316 331 335 382 427 551 646 668 742 857 869 898 923 930 956 1029 1086 1199 1250 1292 1331 1441 1491 1519 1553 1577 1663 1722
1687 1685 1579 1681 1617 1610 951 1657 320 1691 526 1605 713 38 1068 1689 1149 215 1371 1624 785 829 1261 1040 1318 1567 686 355 276 321 79 446
94.7907
58.5961

19 35 385 420 487 496 499 758 1133 1338 1388 1481
1566 720 1732 283 1567 1492 1256 652 433 830 74 818
27.8212
15.7182

464 571 659 710 880 962 1064 1181 1209 1290 1381 1487 1489 1615 1642 1675 1676
1735 1733 1727 1499 1672 202 1739 991 1699 954 1333 375 794 277 1616 109 700
65.0613
37.8568

39 139 213 327 354 382 388 598 607 767 967 1107 1123 1161 1230 1375 1381 1495 1533
1010 1423 1671 1339 1242 1124 1062 84 1402 179 1310 1322 425 1482 561 1059 153 95 1539
54.3671
32.6948

80 128 485 571 582 658 781 960 1200 1230 1235 1488 1572 1630
1722 884 1214 1074 1740 1404 1482 1267 700 303 908 971 227 1696
36.2216
20.0714

130 249 524 905 970 1007 1111 1160 1456 1553 1634
1520 1610 1657 526 1594 1020 247 1261 1617 1046 132
32.0921
18.8246

44 64 190 455 469 490 516 841 964 1230 1237 1252 1324 1395 1550 1679 1687
1585 1711 1577 1330 1660 1026 1724 1517 701 730 1482 1414 1649 1572 1337 1140 769
48.8363
29.761

62 98 209 275 488 523 560 571 606 668 690 730 780 817 871 893 1016 1032 1085 1176 1193 1272 1284 1406 1415 1436 1531
1602 1089 1155 925 1684 1532 969 215 109 1133 1161 500 452 1473 456 1736 1618 768 1675 1345 189 1487 700 317 5 1201 1314
68.0415
40.1706

71 113 136 169 340 367 373 405 450 507 527 601 652 726 730 769 783 826 884 916 929 960 1014 1156 1185 1250 1416 1427 1461 1463 1556 1584 1688 1698
1720 1685 1724 1666 1629 1722 1687 1618 1675 1731 1201 1744 1551 1446 1699 238 1373 1163 1473 1315 1742 1602 1641 1097 1719 1679 905 709 1530 1696 1484 307 1018 1218
103.1542
56.9347

56 113 405 607 720 966 1004 1059 1101 1394 1644 1682 1744
1701 1553 1722 688 1163 1204 1423 1127 1402 1617 1020 814 1198
52.7164
33.8819

35 93 209 436 841 894 974 1015 1173 1248 1357 1360 1416 1449 1491 1515
1732 1736 1566 884 1618 1057 1579 1617 637 1340 1559 121 1675 1473 1663 1159
59.0346
32.022999999999996

55 166 275 356 452 506 659 661 720 723 791 814 841 861 880 950 974 1041 1110 1172 1173 1215 1415 1427 1428 1486 1489 1638 1717
1499 1736 1684 1714 1242 1691 1618 1163 1682 1244 969 1519 500 1605 1198 434 1089 316 388 1373 1237 1261 1616 1394 1150 1250 1289 938 773
85.9764
48.5477

53 81 136 314 316 495 706 967 1000 1236 1262 1339 1397 1456 1575 1579 1683 1687 1717
1726 884 501 1720 1577 582 1722 91 1244 1330 1150 1517 1527 1421 1143 1617 730 1020 526
64.8866
40.356700000000004

53 113 504 518 643 744 745 964 1131 1247 1252 1549 1588 1599 1632
1722 1386 334 1295 1505 250 1263 272 653 608 1272 848 1160 976 211
40.2871
25.5091

107 153 169 310 409 562 566 684 869 925 927 1031 1040 1121 1267 1308 1401 1528 1530 1582 1658
1642 1454 1687 1617 1337 1514 1736 224 1347 1425 671 844 1610 326 51 984 1690 812 255 276 1487
56.7874
34.0498

85 496 537 547 601 791 889 929 980 1092 1110 1172 1259 1271 1313 1372 1485 1554 1624 1638
1446 1504 863 1152 1699 688 1343 1519 5 1394 1237 957 1649 307 773 1516 1491 1151 470 340
60.3654
38.2282

8 203 210 367 379 473 478 549 685 963 1055 1286 1507 1725
1744 1691 1607 1242 1173 272 1535 345 1251 850 636 341 1068 1652
41.0225
24.0006

91 148 150 156 240 259 268 279 286 343 382 396 476 490 694 733 792 927 991 1037 1042 1049 1172 1173 1284 1350 1566 1607 1608 1615 1685
1733 1736 1737 1691 1595 884 1244 1687 1414 1672 1640 1451 1373 113 1728 1322 1204 1394 1028 847 359 1004 1646 1161 1614 924 72 1411 1638 253 36
98.7622
51.053399999999996

349 507 531 617 644 671 674 760 811 876 905 939 1059 1126 1133 1173 1195 1298 1313 1365 1507 1530 1615 1630 1666 1682 1701
1733 1685 1736 1691 884 1732 1672 651 1517 433 1648 1677 1607 1523 1097 1346 1174 1577 1190 1299 572 887 901 980 908 1083 1256
86.1243
48.4674

121 235 424 500 501 566 618 641 742 906 1012 1040 1110 1527 1555 1559 1584 1615 1654 1693 1711
1733 1685 1704 1691 1672 1048 1532 1508 1744 862 670 1080 1019 1736 1454 109 320 72 1567 1343 1679
82.9037
51.3006

2 367 511 518 736 744 930 949 962 998 1086 1414 1630 1668 1725
1640 884 1173 1621 1299 1535 215 272 785 345 991 908 1638 976 227
48.9309
29.5017

39 41 67 81 130 209 225 249 320 328 426 467 665 966 982 1193 1283 1497 1582 1657 1722
1737 1553 1107 1627 1033 713 863 1505 847 1062 808 546 1473 709 829 1381 1347 1236 1318 474 1481
58.296
34.5759

44 55 115 253 384 437 804 1079 1172 1235 1252 1663
1737 1371 1487 1344 1040 303 1108 355 320 317 641 1272
32.9314
21.0229

86 130 209 213 305 330 399 409 420 456 469 507 522 579 590 606 661 703 755 800 810 913 940 1032 1072 1140 1224 1245 1298 1310 1370 1505 1531
1696 1562 1423 1719 1161 452 1303 1407 224 1040 238 98 1018 1534 307 1473 1097 1662 1209 892 294 1548 1250 252 1294 993 1201 1278 488 678 1064 344 1002
78.4372
44.9555

35 81 153 317 356 369 495 515 769 889 903 926 938 973 996 1043 1124 1209 1263 1312 1392 1458 1595 1659 1685
1706 1737 1636 1554 1691 1480 1715 1333 1646 1260 1732 1425 1004 1254 923 1555 1544 1161 1532 1017 582 1516 1236 874 1315
79.1187
47.0002

66 356 434 861 865 1195 1271 1325 1487 1695
446 1739 884 224 1236 426 880 1537 1600 762
25.3062
16.0952

6 69 130 332 373 399 452 525 531 584 612 622 644 769 792 813 1038 1059 1135 1263 1284 1333 1360 1456 1485 1531 1533
1732 1748 1683 1458 1242 1663 1371 1161 1028 109 887 785 1315 938 1020 932 1555 1423 1517 189 1083 1320 1702 98 1024 969 1427
70.8229
39.5539

6 91 105 117 120 357 469 537 564 570 820 841 1021 1029 1046 1068 1092 1094 1243 1256 1298 1383 1414 1436 1441 1456 1578 1654 1692 1735
1726 1691 1373 1451 1343 1621 1155 1694 1712 1299 1722 1133 1089 1693 1173 862 557 339 1097 1695 320 1254 1639 957 1141 1020 1662 776 1260 1077
92.7544
53.8717

42 94 209 240 268 310 330 456 462 677 742 865 1068 1079 1099 1558 1564 1577 1615 1737
1726 1733 1642 1672 1487 1681 1689 1436 1473 1135 1157 1459 1087 880 252 96 377 344 1160 36
59.89
33.908699999999996

86 103 149 164 194 328 414 440 490 523 594 649 750 829 853 872 899 905 916 1055 1110 1111 1176 1243 1360 1425 1456 1460 1533 1564
1732 1734 1163 1710 456 1681 1684 1464 561 109 1020 1589 215 1414 1029 895 1394 510 1133 1329 1702 1108 286 1422 698 1068 341 984 285 131
71.0531
42.2776

507 522 578 606 1038 1118 1138 1178 1215 1461 1581
1698 1446 753 1097 1706 167 932 1548 1337 487 1032
30.8382
19.1824

31 146 156 234 314 450 485 742 963 967 974 1123 1170 1310 1325 1387 1528 1599 1667 1687
1689 1618 1666 1671 1617 1514 1577 1330 1517 730 1127 739 1644 850 993 653 1251 1230 1346 810
58.711800000000004
35.7234

39 183 244 275 382 506 525 537 591 643 667 703 807 874 938 1042 1068 1077 1153 1184 1495 1540
1726 1636 1731 1392 1373 1394 991 1419 1062 84 179 1343 36 885 1310 808 222 1346 609 1017 1594 1493
64.1517
34.306

77 179 191 328 405 438 469 665 688 694 701 702 742 758 821 858 949 967 981 1064 1087 1107 1131 1145 1350 1441 1495 1561 1573 1608 1644 1687 1711 1741
1595 1553 1520 1709 1637 1618 1577 1204 1699 1692 1330 1339 359 1423 1517 1080 1349 1287 814 1322 1033 11 72 1310 1089 84 1062 1614 1469 253 730 924 1059 1124
110.8635
65.8097

31 476 488 737 804 1173 1176 1342 1410 1416 1455 1657 1703
1743 1736 1746 884 370 1204 863 456 1684 1675 847 738 709
47.948
27.0472

5 131 183 193 209 343 373 474 560 612 659 811 848 1015 1105 1328 1591
1562 1499 1458 238 1701 1473 1394 1574 1493 388 291 241 433 427 1539 793 1308
42.1215
23.885

88 91 129 184 527 677 710 810 962 1085 1111 1140 1313 1360 1449 1466 1595 1695
1687 1737 1732 1373 1554 1451 1602 1204 991 1159 923 121 25 375 884 1218 582 1491
63.3576
35.5788

109 294 384 473 474 507 566 674 720 889 1052 1186 1189 1607 1638
1737 1728 1053 1163 1736 316 1701 1299 1617 1519 1198 1309 1097 1414 1282
48.233599999999996
27.0182

235 258 426 510 591 650 658 755 882 1110 1121 1211 1283 1290 1315 1397 1423 1551
1696 1517 1653 1722 1253 1712 991 1737 1594 793 1394 1691 1236 1346 1493 898 1630 1040
51.3941
30.0798

88 437 487 496 571 659 667 882 918 1173 1192 1304 1388 1395 1397 1455 1522 1642
1726 1736 1727 1585 1499 1711 1517 1722 720 1567 1443 1236 1630 1150 1660 109 213 388
58.7606
30.1724

169 194 310 339 349 388 495 511 537 566 594 612 667 725 769 782 795 814 903 905 1068 1207 1268 1326 1333 1347 1375 1381 1452 1487 1679
1726 1748 1732 1458 1716 1480 1739 561 1736 1691 247 1315 1343 425 1124 895 1034 1606 1369 1346 671 846 680 1145 95 1267 984 1184 755 886 568
83.4812
45.1741

476 606 916 1145 1185 1215 1310 1494 1646 1688 1703
1743 1720 1680 1204 1201 370 1641 1163 738 1696 993
40.7344
21.8744

103 618 646 941 988 995 1138 1389 1391 1451
1727 1107 1396 951 561 847 1004 1029 1646 1136
31.3643
18.0948

462 644 758 760 1124 1134 1290 1503 1509 1536 1555 1566
1691 1737 1250 1523 1254 847 1618 1019 898 1287 272 1281
35.9192
20.9341

277 424 451 531 820 1040 1041 1110 1163 1168 1315 1341 1486
1744 1684 1048 1703 1551 1454 1394 1695 1244 1605 1562 1094 887
41.137100000000004
22.918

303 349 405 579 930 939 956 966 1040 1057 1077 1107 1246 1267 1309 1328 1423 1435 1621 1629
1641 1684 1685 1711 1687 1346 1545 1127 1517 1454 1693 1339 1415 1483 711 1493 1059 186 938 621
66.6177
38.0028

294 305 435 549 685 799 908 1230 1358 1447 1599
1744 1737 618 1053 1237 1248 1618 1438 1482 1614 1150
36.9251
21.4682

52 121 327 367 370 478 488 574 618 658 730 1016 1021 1135 1194 1235 1326 1466 1488 1489 1687
1242 1532 1204 1663 1214 1577 1330 1517 1004 1289 424 768 1675 303 1369 1136 114 630 279 1539 862
58.9525
34.8946

19 81 115 139 310 427 437 488 575 685 792 937 949 1077 1128 1162 1164 1169 1224 1246 1292 1410 1435 1597 1675 1700
1744 1622 1687 1126 1028 1693 1734 1747 1236 1439 711 38 279 1344 1662 1519 1267 248 1472 1108 526 1487 1638 1518 79 668
75.0471
43.8128

76 93 109 126 130 193 438 525 558 582 778 781 893 949 979 1016 1123 1303 1347 1362 1401 1480 1731
1549 1430 1718 1617 1740 1074 546 1671 1392 1691 1309 247 1594 538 1598 1394 1145 1644 1663 38 1244 317 1719
66.9955
41.4649

81 139 147 516 553 622 668 884 941 964 1584 1659 1668 1683
1685 1629 1640 501 582 1330 1604 701 72 1346 1679 1744 1742 1423
50.3394
29.8175

31 64 249 340 435 553 582 653 668 674 677 781 791 821 941 1026 1083 1108 1173 1207 1230 1262 1319 1370 1429 1461 1530 1575 1582 1669 1688 1717 1744
1720 1736 1553 1701 1696 1551 1150 1605 1204 370 1680 1740 1074 1446 1604 1299 1237 1020 480 1244 433 1534 1617 238 1347 487 1127 1574 663 1482 1648 864 1706
99.7958
57.9312

170 320 723 870 1037 1107 1123 1189 1303 1333 1388 1447 1448 1466 1527 1654
1737 1748 1687 1244 1339 1204 1671 862 720 1343 1567 1381 424 225 1059 1150
55.9791
30.685100000000002

151 166 283 396 481 652 768 813 1105 1249 1369 1372 1469 1487 1703 1737
1743 1683 1642 1691 1371 1471 202 370 1731 1739 238 1607 1459 1436 785 623
56.694900000000004
32.0239

41 214 404 431 438 467 571 584 652 919 1067 1192 1505 1638
567 1562 1731 1303 1519 318 1040 700 401 773 1320 1188 969 248
37.6803
21.8254

93 113 169 259 283 327 396 496 584 592 644 768 781 792 811 870 935 1067 1160 1248 1250 1262 1271 1288 1345 1347 1379 1415 1459 1597 1706
1687 1722 1089 1511 202 1747 500 1607 1028 1026 247 476 1663 1539 1224 522 1498 1320 307 572 538 211 989 1124 903 1016 493 526 1518 1145 561
75.1127
45.2229

409 641 646 885 922 1131 1173 1207 1305 1360 1435 1593
1736 1732 701 1181 951 1693 1461 237 224 109 315 1154
39.7788
22.3997

17 69 107 366 462 468 558 723 792 1055 1314 1379
1621 1718 1028 633 1281 1291 1690 1237 1029 1588 1022 341
27.5485
15.6088

367 452 737 745 1016 1189 1222 1328 1374 1405 1644 1717
1242 1244 1028 1137 334 1089 882 814 1150 1423 621 938
36.448
21.6778

418 549 652 1051 1067 1111 1298 1368 1435 1450 1497 1654 1683
501 582 1731 1552 1693 862 1343 1613 1493 253 107 1352 1198
40.3503
25.5108

2 88 361 426 560 625 696 907 970 1000 1072 1105 1321 1338 1427 1533 1540 1572
238 1737 1719 1617 1594 283 1267 1492 1574 178 74 649 1024 623 705 1189 762 52
38.1267
21.92

26 62 88 209 316 330 516 625 804 807 813 850 962 964 1067 1421 1448 1470 1527 1630 1711
1683 884 1371 1545 1618 1692 1068 1080 701 227 1085 882 320 1473 1567 991 785 908 1184 1016 344
57.2093
32.8985

42 80 156 178 193 268 339 399 436 438 524 547 562 612 649 684 791 817 850 884 946 1006 1057 1185 1259 1283 1383 1395 1406 1416 1520 1533 1647 1715
1711 1747 1642 1629 1545 1644 1585 1386 1458 410 1716 1614 1744 1201 1373 1248 621 1675 1371 1641 1501 1532 1497 1394 72 844 1742 1215 1237 355 1265 1141 1173 814
103.6225
56.484

139 183 277 303 317 345 490 499 522 564 755 773 813 841 871 899 903 1178 1235 1249 1447 1572 1703 1713
1743 1737 1696 665 1683 1150 1371 1566 1480 370 1133 1464 938 623 1693 738 785 1267 1414 1227 1438 1548 790 698
70.221
35.2948

150 283 331 434 494 690 706 809 811 857 886 949 950 1173 1269 1303 1381 1430 1448 1455 1480 1566 1593 1622 1640
1737 1584 1691 1736 446 1549 968 1714 1148 591 1690 1717 370 1530 1518 1605 546 927 522 799 1607 1479 981 1032 847
84.1845
46.2146

8 237 357 652 665 758 994 1021 1301 1337 1460 1533 1644
1584 1553 1731 1499 814 1423 1089 1107 1469 1033 1317 709 829
41.7599
21.84

17 131 408 443 455 474 733 1049 1128 1143 1290 1573
1622 1727 253 1701 633 1614 1638 808 898 427 291 1062
30.540300000000002
17.2098

356 394 418 706 816 872 1160 1304 1310 1397 1631
1722 1613 1681 1239 510 1491 253 175 993 810 764
27.8615
17.5916

35 86 156 203 305 357 468 527 590 618 659 767 810 848 874 919 956 1207 1263 1283 1337 1389 1397
1499 567 1685 1731 1722 1407 388 847 1004 1218 1317 1555 885 1209 1018 401 1369 1136 279 636 1022 818 1273
57.4271
33.8547

88 105 313 343 434 490 700 773 813 821 872 950 967 994 1023 1077 1107 1245 1304 1433 1642 1713
1727 1683 1714 446 1204 1371 1734 1133 1339 1681 492 339 1150 510 1414 785 1573 709 1059 109 433 1294
62.8413
35.4475

414 454 522 601 644 910 927 1012 1057 1259
1711 1687 1699 1545 630 670 1548 1089 433 300
24.0824
13.4205

107 668 1055 1095 1118 1369 1385 1692 1706 1714
1727 1691 1555 1660 1026 50 1436 1690 1260 1498
37.8635
25.037300000000002

13 70 227 379 394 436 485 514 531 547 553 688 768 895 913 919 976 1092 1288 1308 1338 1430 1458 1491 1515 1530 1595 1658 1698 1715 1717 1737
1706 1726 1732 1554 1642 1703 1562 1637 1566 1617 1719 923 202 1244 1649 1057 1604 1579 1340 410 1087 283 887 1436 395 1265 1544 1150 637 582 1610 1492
117.8365
69.6228

71 148 245 253 283 339 343 476 578 809 850 884 897 913 1032 1067 1094 1099 1184 1193 1222 1243 1284 1290 1306 1313 1379 1388 1423 1459 1503 1703 1725
1743 1727 1629 1607 1716 1618 1731 1719 1706 1204 720 1371 370 272 591 1173 1545 1511 738 72 1742 452 345 793 1535 522 882 1028 167 1040 1227 898 1330
98.944
56.043

436 685 876 949 970 1131 1271 1464 1469 1667
1744 1689 1594 1267 1239 848 1154 511 1638 1230
30.8904
19.0747

283 527 581 735 814 897 919 1083 1478 1744
1701 1553 567 1204 1127 1607 1020 1487 1034 1646
36.9904
23.2043

373 562 564 584 871 880 882 900 903 1091 1135 1147 1381 1392 1397 1520 1731
1747 1644 1663 1517 1480 1722 1691 1260 1693 569 1574 1616 434 1320 219 1630 1236
52.9448
31.391

86 240 414 418 560 874 906 1150 1163 1205 1328 1368 1478
1733 881 1703 885 1551 1562 1487 253 1532 778 202 1493 1610
32.3259
17.5986

193 464 470 684 932 1051 1199 1217 1219 1222 1304 1430 1455 1599
1642 1517 1737 1610 1624 1028 1552 1159 1346 1609 1394 844 1530 1493
45.5211
25.5772

129 194 259 440 474 606 807 882 893 916 947 962 1049 1145 1168 1186 1324 1372 1374 1415 1448
1517 991 1701 1724 1089 1163 500 745 895 1559 1236 1020 1630 291 630 1587 342 1314 1021 660 1420
48.903
29.5591

225 244 370 395 443 451 523 853 1162 1331 1585
1242 1666 434 1133 25 1097 1344 1589 1508 1734 114
29.5841
18.0886

52 136 148 348 667 998 1031 1034 1131 1138 1247 1561 1599 1663 1719 1746
1726 1520 1386 1618 1048 320 1510 537 653 425 848 847 355 1149 1059 1337
52.0222
30.0045

8 117 450 960 1012 1049 1162 1472 1554 1679
1504 1666 863 1133 670 548 680 470 1176 340
29.2411
17.5403

26 151 244 286 405 450 506 670 765 820 829 869 1016 1085 1099 1209 1239 1342 1369 1383 1621 1644 1726
1744 1746 1641 1602 1666 1346 799 1373 113 1089 880 1042 1333 1423 814 186 1650 1469 154 1695 1549 50 1224
80.2816
46.8587

179 275 283 379 410 934 1358 1556 1663 1741
1709 1618 1713 847 320 1461 1607 1287 522 1614
37.9433
25.9038

290 385 418 671 795 980 998 1038 1052 1252 1391 1447
1737 1732 1734 1649 1174 1053 1677 1282 932 1150 253 1272
35.8937
19.8434

46 56 382 384 404 513 522 547 646 700 733 854 862 927 940 970 1041 1140 1164 1224 1314 1321 1337 1381 1394 1395 1423 1458 1478 1657 1663
1737 1706 1585 1609 1711 1687 1204 591 1731 951 109 1244 1662 709 1638 1291 847 1660 1594 793 1062 1487 863 1544 318 1548 1237 1317 307 1218 95
93.2529
53.7582

71 102 115 244 515 594 874 929 1156 1389 1423 1435 1509 1701
1502 591 1648 1693 847 901 793 1108 609 885 1674 159 1378 769
38.1181
22.9102

42 53 213 366 490 523 531 674 684 899 1015 1031 1079 1107 1140 1321 1361 1450 1536 1549 1581 1632 1640 1650 1667 1715 1744
1584 1701 1642 1553 1698 1621 410 1148 1423 1386 1204 1299 1720 1722 1295 1464 1133 1339 370 753 1020 1689 1505 215 1518 1487 1552
100.6152
59.3306

102 121 214 294 340 396 418 531 767 1023 1168 1250 1427 1595
1502 1737 1687 1532 1554 1551 1734 923 1719 1053 887 307 582 253
45.3809
23.7706

56 64 67 151 182 357 464 765 829 893 947 970 1107 1192 1194 1252 1381 1441 1472 1539 1588 1604 1621 1629 1640 1746 1747
1584 1641 1242 1636 1684 1127 1148 1431 1048 1339 1627 1510 1737 186 537 1059 1346 1594 1415 1646 1600 250 927 769 95 548 131
95.5697
59.8178

193 214 331 332 625 653 665 758 862 894 939 996 1194 1306 1314 1387 1464 1550 1719
1553 1386 1691 1609 1517 1607 1026 1107 1394 480 1239 1033 1002 388 1291 1237 1481 446 1069
54.2107
31.025100000000002

19 151 235 328 487 667 674 760 1079 1138 1305 1331 1368 1553 1630 1692
1726 1691 884 1610 1523 1657 526 1567 1299 1487 247 908 1373 1077 413 1260
47.7449
24.772100000000002

5 55 56 207 259 356 399 451 661 712 737 800 871 991 1042 1091 1321 1381 1685 1746
1562 884 1048 1394 1510 1646 1250 1004 1161 1737 1715 537 95 36 1596 1614 1196 1098 1411 1529
59.0196
37.0409

169 511 745 783 818 870 981 1079 1194 1337 1575
1618 1731 334 1487 1317 709 1211 1277 755 227 151
24.4578
14.6119

234 237 316 345 618 658 677 707 724 735 870 1267 1281 1361 1414 1487 1564 1658 1676 1703
1743 1584 1735 665 1299 1621 1722 1739 1720 1669 1004 1068 370 1610 1646 1527 1100 1552 1136 1337
72.8828
41.0015

41 109 237 339 791 838 940 1286 1332 1370 1472
1584 1716 1617 548 1309 1534 1356 1237 294 345 713
27.8585
14.442

420 525 641 710 773 814 816 918 1111 1325 1370 1528 1667
1689 1617 1514 1534 213 1443 375 1034 1150 1606 1461 315 294
36.4168
22.6202

109 126 129 146 179 313 371 584 625 874 886 937 939 946 1085 1111 1126 1193 1200 1256 1271 1305 1468 1469 1581 1584 1621 1647 1726
1744 1685 1641 1698 1386 1722 1602 1517 1618 1614 651 1373 1248 1346 1617 1042 1650 922 799 753 1309 154 568 885 58 1404 860 1519 1236
99.3947
54.4655

316 516 765 900 1015 1145 1184 1533 1588 1698
1731 1068 701 395 1527 250 1484 1574 608 630
28.8809
17.9269

81 404 409 493 564 688 767 910 923 1008 1034 1064 1077 1128 1372 1410 1428 1553 1646
1622 1680 1637 1647 526 1610 1699 1657 1682 1517 1618 1149 1693 1662 320 224 1261 318 630
60.5817
35.6216

53 81 184 191 388 404 488 694 710 792 1031 1248 1325 1362 1415 1433 1445 1485 1586 1654 1713 1735
1089 1694 1712 359 1028 862 1133 500 425 1150 1343 375 1196 1517 476 318 38 989 1305 1236 1453 1662
62.1159
38.9494

103 109 165 367 374 451 485 504 527 617 758 782 862 941 973 1000 1107 1162 1200 1215 1236 1657
1722 1617 1609 726 1218 1339 1309 561 1631 1421 847 709 1633 1059 1062 1404 1029 863 1346 1337 687 72
59.053
33.3719

64 70 183 225 343 404 409 481 500 591 650 725 750 773 811 869 1012 1055 1133 1200 1207 1211 1219 1252 1423 1428 1447 1528 1632 1700 1741
1737 1722 1732 1709 1253 279 1267 1653 1471 1617 1514 433 1346 1734 991 1682 1341 1141 224 793 1127 1609 318 1404 1150 1508 1263 1498 1272 1493 546
93.3152
53.9981

64 80 332 396 415 500 511 776 821 838 850 870 874 935 976 1016 1150 1224 1239 1263 1416 1452 1536 1553 1555 1561 1597 1606 1634 1713
1520 1706 884 1471 526 1610 1657 880 1545 1532 1019 1133 846 1675 1662 1747 247 1356 1052 51 1261 1127 885 119 1448 1148 1588 551 1617 1046
80.4845
47.327

170 514 550 581 598 636 644 700 1194 1215 1311 1593 1731
1204 881 1691 237 225 1598 988 153 1032 174 1386 1069 1325
34.8153
22.0387

44 55 142 213 328 331 343 420 470 474 566 617 643 736 883 927 1128 1263 1298 1301 1360 1433 1441 1478 1481 1588 1624
1446 1732 1622 1499 1736 1423 1701 1687 1610 1152 1346 5 1159 250 446 1487 1702 608 1151 109 307 829 652 291 433 1555 793
74.2486
42.2187

113 227 434 473 490 493 539 556 718 765 937 982 1134 1245 1414 1469 1486 1489 1595
1737 1554 1722 1684 1466 446 1649 1621 1299 1250 923 1605 582 1289 767 1294 1662 1519 1267
58.5776
31.6316

73 169 237 389 437 571 578 590 736 799 872 895 913 956 996 998 1163 1429 1435 1436 1458 1539 1632 1744
1706 1703 1685 1691 1242 1553 1701 1204 1584 1127 1719 1155 1431 1693 618 1237 1618 1551 1333 1407 202 1344 1020 1562
86.3207
46.749900000000004

86 170 213 357 371 418 431 524 531 539 656 932 976 1038 1121 1138 1207 1350 1414 1640 1714
1595 1584 1706 1621 1423 1148 1555 1299 72 1436 767 370 225 1431 927 887 1386 39 1173 1325 253
64.0729
35.3966

19 93 131 384 409 515 564 591 670 919 927 1007 1079 1143 1161 1209 1263 1301 1328 1450 1527 1575 1585 1687 1722
1737 1520 1726 1010 1727 1499 1577 1330 1346 829 1333 1567 320 713 1493 991 1517 25 1097 1487 224 730 1693 1344 1734
84.553
49.1894

440 539 607 735 899 988 1043 1110 1245 1249 1309 1313 1530 1577 1679 1692
1691 1107 1464 1681 1483 1402 1689 1242 623 1394 767 1646 1373 1543 1491 51
47.9921
29.4478

113 194 427 718 941 1023 1049 1067 1123 1292 1374 1433 1559
1722 1671 1734 1466 1508 38 895 745 109 211 1346 1644 1016
35.938
21.2593

52 131 146 150 179 450 452 581 601 661 726 778 827 861 899 1008 1091 1124 1209 1246 1269 1400 1421 1447 1458 1509 1629 1631 1721
1724 1706 1737 1666 1687 1242 1684 1647 1618 1479 1333 1254 1491 1127 1373 1464 1517 711 1415 1544 938 67 1169 992 621 1085 1022 1699 981
93.471
52.605199999999996

345 374 395 410 560 829 889 898 956 1057 1221 1368 1394 1401 1469 1489 1579 1658 1666 1678
665 1711 1720 1609 1685 1545 1610 1150 1143 434 109 1461 1566 1631 1190 1713 1471 277 1633 1577
72.2772
45.8873

44 69 193 245 328 468 476 652 700 799 857 897 898 930 938 947 1000 1108 1121 1123 1288 1381 1387 1447 1460 1461 1468 1473 1488 1519 1682 1687 1688 1711 1719
1737 1720 1727 1636 1204 1386 1671 1214 1731 1446 1577 1330 618 1618 1392 1394 1517 1692 1605 487 1617 388 1644 1610 686 730 1248 1017 1237 1603 864 1099 178 1068 113
109.116
61.5543

62 67 211 366 564 668 785 923 1067 1190 1222 1319 1347 1455 1546
1621 1618 1693 370 1028 1627 882 1149 300 247 1016 1648 320 1337 1393
41.6076
24.669

35 132 203 366 485 668 841 854 934 982 1021 1085 1168 1193 1248 1314 1342 1394 1423 1455 1659 1686
1746 1621 1602 591 1553 109 847 793 1237 476 67 989 909 901 1291 1487 553 1172 1020 818 1031 1599
57.9452
36.2927

214 531 644 652 653 949 962 979 1004 1026 1085 1095 1290 1362 1480 1565 1658 1676 1706
1735 1549 1430 1602 1731 1660 1680 991 480 1392 546 326 887 1498 1610 794 984 1100 898
66.7992
41.112

153 194 371 427 455 494 514 575 658 799 854 1032 1037 1040 1083 1130 1133 1176 1224 1249 1311 1362 1370 1428 1520 1527 1561 1658 1688 1710 1719 1744
1720 1747 1732 1701 1644 1386 1553 1204 1454 1127 881 1439 618 1684 1167 1682 1244 1237 1662 1020 452 1618 1100 456 320 623 1534 1248 1425 895 1610 38
106.3314
62.5369

42 194 850 982 1014 1072 1375 1392 1539 1744
1701 1242 1553 1127 1431 1204 1545 1260 1124 1020
40.6947
24.9219

81 136 170 193 379 514 547 549 570 842 941 970 1140 1268 1269 1308 1400 1488 1507 1621 1691 1695 1726
1744 1641 1346 1236 1214 799 1480 1749 1607 1394 1650 1594 1386 67 1351 186 992 884 1042 1095 572 154 1340
81.4721
48.495

121 335 650 696 707 982 1257 1392 1491 1497 1692
1691 1532 1260 1617 1579 546 1669 1373 1077 1379 1330
34.5552
19.4477

132 348 575 733 809 886 994 1016 1059 1067 1292 1406 1530 1539 1551 1608 1647 1669 1693 1726
1744 1242 1386 1532 799 1373 1439 72 1431 1322 1605 1248 1042 1650 38 1127 1594 154 1638 1346
80.7109
51.7674

88 93 139 249 294 310 380 450 464 506 656 688 876 1037 1051 1079 1101 1217 1342 1370 1507 1522 1551 1606 1691 1693 1713
1746 1517 1666 1637 1487 1552 572 1053 1749 1244 1133 72 1095 1257 1607 1534 1663 1150 909 1594 1493 1351 51 538 1176 941 915
81.4385
48.7138

53 207 277 305 348 420 440 494 594 661 783 792 1051 1055 1085 1163 1180 1215 1262 1269 1374 1383 1428 1528 1629
1684 1479 1602 1703 1552 1028 1617 709 1514 1682 1551 992 1415 1250 1562 1493 1169 745 202 1127 981 107 1337 1487 1346
67.4595
38.5591

42 46 184 382 424 539 671 922 1031 1072 1172 1388 1451 1452 1581
1727 1698 1048 720 238 1174 753 1677 1135 1360 767 410 317 1256 846
45.321
25.6204

42 129 182 240 415 468 575 622 644 665 725 767 818 842 850 869 889 898 1086 1105 1209 1219 1236 1385 1392 1450 1644 1669 1683
1553 1727 1423 1480 1574 501 238 1609 1089 582 215 1605 1471 1545 814 1033 1260 1150 1439 1107 1421 1333 1052 1516 847 1267 785 971 1618
89.848
52.3856

357 424 436 684 699 758 782 842 889 893 900 1007 1051 1060 1271 1447 1473 1540 1577 1604
1520 1737 1636 1642 1048 1681 1480 1689 1552 1610 844 1574 1600 649 1516 1493 1150 107 513 1497
61.8441
34.4653

35 41 203 570 725 1051 1256 1283 1388 1427 1458 1566 1584
1685 1706 1737 1691 720 847 1552 1719 1544 568 1744 1141 1493
42.4172
23.0668

41 170 476 518 537 810 897 1044 1060 1164 1256 1357 1428 1564 1640 1698
1584 1148 1204 1682 225 1018 1343 410 395 1559 1484 370 927 39 1386 1141
50.8011
30.7446

396 496 500 1016 1205 1362 1388 1389 1405 1428 1584
1685 1733 1744 881 720 1682 847 1679 1610 568 172
38.327
21.8678

6 44 55 380 409 410 501 782 841 883 907 937 1026 1031 1059 1079 1642 1679 1720
1727 1704 1737 1680 1713 224 1461 1487 530 109 79 178 680 1083 277 84 674 303 328
57.2443
35.3871

94 415 636 884 950 1259 1449 1540 1564 1597 1685 1698
1629 1714 1471 121 1159 395 72 1646 1004 1161 1747 1484
47.852000000000004
30.3848

128 203 268 310 343 370 838 880 882 883 919 935 1131 1361 1405 1483 1559 1572
567 1242 1722 1517 1508 1720 1137 1157 1267 1552 1616 1356 434 1236 433 109 1630 114
51.4684
30.7899

62 316 399 410 598 641 769 826 932 1067 1111 1157 1321 1429 1466 1675 1701 1713 1715 1737
1687 1642 1204 1618 1461 1133 1648 1532 1068 1527 1260 1459 1315 1265 424 315 1436 153 988 1087
66.8134
42.3607

52 783 874 960 967 979 1012 1030 1031 1107 1252 1325 1556 1703 1737
1743 1642 1339 709 370 1392 1459 1436 738 1227 670 1059 885 255 1087
46.8438
27.5779

139 232 330 394 456 470 807 814 1032 1037 1060 1170 1309 1473 1488 1604 1644 1726
1744 1636 1610 1214 799 1346 1042 1613 1483 1159 1340 1089 1650 1244 1469 1423 1549 1600
70.4387
43.5267

121 454 469 550 625 854 1006 1121 1360 1463
1732 1532 1501 1473 1702 1602 905 1215 1357 1530
28.3783
15.8789

253 343 345 533 560 566 601 848 926 996 1111 1170 1248 1306 1328 1415 1503 1682 1735
665 1089 1691 1736 1694 1699 1712 1371 500 1618 671 1607 1603 433 1040 1532 1493 1453 621
58.1793
34.4131

53 149 227 240 462 513 584 607 712 897 1230 1573 1585 1735
1649 1712 1694 1242 253 1614 25 1089 1662 1402 1344 1482 1734 1320
42.650600000000004
27.5078

80 153 490 513 850 980 1140 1450 1582 1595 1629
1737 1554 1684 1545 1649 1127 923 1169 1415 1425 582
39.7291
23.2443

70 313 373 525 925 1582 1586 1695 1714 1747
1337 1555 1347 884 1646 1436 255 1236 1573 1536
33.1369
22.8202

356 409 551 570 870 998 1034 1107 1189 1466 1667
1687 1689 1204 1618 1339 224 425 424 1059 316 630
33.2883
18.4699

77 507 848 903 925 962 982 1038 1379 1423 1612 1698
991 1480 1588 1337 793 1385 395 1097 591 1444 932 1484
39.7999
24.5261

136 191 227 490 883 937 1026 1072 1190 1342 1584 1682 1706
1685 1746 1649 1680 1744 300 238 777 1414 1498 1679 1519 1603
43.434400000000004
26.4175

225 404 560 581 612 643 696 1040 1086 1091 1123 1192 1215 1272 1292 1379 1389
1458 1671 925 969 215 1454 318 785 38 847 546 1508 1337 1644 851 113 971
43.1561
25.5276

316 601 703 725 913 1034 1124 1153 1209 1288 1540 1582 1720
1737 1719 1618 1254 1333 1068 1419 1527 1699 1347 79 530 480
42.0165
25.918499999999998

52 132 150 305 330 667 668 1130 1169 1173 1235 1308 1337 1338 1410 1415 1421 1429 1446 1481 1503 1575 1644 1688 1711 1741
1726 1720 1736 1089 1709 1731 1126 1618 924 1080 500 814 1423 1692 1085 1469 1287 283 923 1330 1472 1696 1317 910 67 247
92.8306
53.345

53 103 317 579 652 1046 1230 1243 1550 1700
1731 1734 1026 1341 1267 557 279 1097 1482 1438
34.2184
22.7977

178 310 313 409 485 1198 1306 1416 1720 1741
1737 1709 884 1371 1167 1607 1675 621 1287 224
38.7536
24.7939

44 213 515 853 876 1185 1207 1383 1414 1447 1597
1737 1423 1641 1299 1201 1747 1621 1589 1173 355 1150
33.8191
18.8623

184 524 539 566 636 800 820 882 883 1015 1121 1135 1147 1157 1173 1200 1219 1250 1304 1368 1375 1466 1530 1582 1632 1642
1687 1727 1736 1722 1663 1204 1517 1609 1124 1347 561 1695 424 569 1404 767 219 307 1263 630 279 1236 671 51 109 1260
76.1816
41.4659

303 516 549 581 592 767 791 795 980 1023 1051 1099 1157 1357 1410 1452 1485 1497
1732 1734 1649 701 1559 1552 938 410 1260 1493 1271 1237 107 846 1369 1273 36 1286
46.0909
27.6207

73 258 522 643 653 842 956 1029 1181 1246 1415 1555 1575 1624 1650 1715 1735
1446 1089 1687 1480 202 410 1694 1685 1712 1152 954 500 1333 711 480 1265 671
69.19839999999999
43.4363

80 115 182 191 211 340 379 476 488 499 612 649 719 776 807 939 970 1016 1077 1126 1157 1248 1290 1309 1313 1350 1460 1528 1561 1564 1582 1595 1714
1685 1737 1520 1554 1458 1617 1594 1555 1517 651 1566 1514 1204 1347 1108 898 582 1551 923 1436 72 1483 714 1271 1448 989 733 317 1260 1491 1346 971 1068
94.1667
53.0324

6 41 66 117 570 665 701 858 882 923 1178 1281 1309 1445 1612 1621 1646
1641 1553 1680 1588 1133 1204 1517 1349 1385 1107 11 1483 186 1672 1149 50 1033
56.2791
32.0271

574 575 710 736 857 970 1055 1092 1237 1345 1473 1731
1439 1691 1594 957 1610 1605 375 1224 1598 686 215 341
30.989
20.6137

13 19 41 77 367 380 584 816 919 927 967 1128 1184 1423 1582 1597 1663 1744
1726 1622 1701 1562 1553 1731 1204 591 1687 1127 1747 1020 320 793 1347 1320 1314 1518
61.1712
35.9264

80 85 258 331 385 397 404 456 507 564 578 612 804 821 949 950 956 981 995 1016 1128 1135 1192 1230 1262 1284 1331 1460 1469 1554 1695 1719 1726
1744 1386 1622 1714 1685 1504 1706 799 863 1236 1663 1042 1650 1340 1097 154 1458 1161 1396 1693 318 167 688 884 1108 1346 1482 446 1549 340 1609 388 189
104.3846
61.0956

115 210 214 330 332 379 427 485 553 655 667 668 703 813 967 980 1121 1198 1209 1247 1256 1391 1448 1478 1497 1588 1593 1650 1654 1667 1700 1715
1726 1683 410 1689 1734 1649 1371 1604 1333 1167 1343 237 862 785 1341 1487 279 1265 1230 1141 1267 250 1108 1299 1662 677 480 1059 1236 608 814 1168
101.4806
63.0749

31 179 268 310 339 456 791 964 995 998 1014 1305 1313 1478
1618 1716 1396 1487 1491 1237 252 413 922 425 886 1002 739 892
31.3385
17.7921

31 128 178 227 366 405 452 469 625 783 1077 1105 1111 1185 1337 1346 1415 1441 1615 1647 1654
1733 238 1386 1242 1641 1731 1089 1201 1672 1649 862 709 1343 1248 621 1371 500 1621 1373 1317 1574
68.3467
38.8933

44 129 136 320 327 469 507 515 566 582 606 643 661 768 880 894 1012 1046 1134 1263 1309 1319 1341 1345 1370 1387 1400 1685 1725
1744 1736 1250 1737 1074 1097 370 202 272 1740 1646 67 1004 1535 901 557 1019 1483 1161 1094 1715 1224 671 1411 345 1648 294 1534 1381
90.832
54.1407

41 103 149 385 418 452 606 700 765 826 897 898 919 1032 1184 1249 1338 1486 1577 1632
567 1684 1242 1204 1681 1731 1689 1605 561 623 283 253 938 1263 1029 1492 286 401 1201 74
49.1827
25.935

31 184 317 380 388 506 507 590 725 742 750 804 826 988 1032 1121 1184 1250 1298 1357 1370 1491 1507 1527 1561 1624 1726
1744 1691 1520 1446 1687 1107 799 307 1579 1607 1042 1731 1617 1097 1407 1373 572 320 1559 1650 452 1567 5 425 1236 154 1534
93.7464
54.017

88 395 488 641 650 785 906 1059 1108 1313 1365 1383 1414 1695
1621 1299 1666 884 434 1491 1173 1461 864 778 355 1083 1236 1600
38.0668
23.7077

86 294 607 618 670 758 841 916 1049 1236 1383 1607
1728 1414 1163 1053 1421 1242 1402 1004 355 72 1653 1136
33.4416
20.0357

39 394 395 397 409 454 455 504 511 578 584 742 782 785 792 811 925 1086 1095 1199 1214 1224 1267 1272 1361 1416 1483 1533 1582 1622 1688
1720 1732 884 726 1722 1660 968 1613 1666 1706 1337 1696 1624 969 1717 1161 434 1675 1347 238 1157 224 808 215 255 1690 1016 1662 764 1436 1028
96.7813
56.0977

277 420 694 865 1311 1507 1559 1591 1685 1693
1691 1508 359 1607 881 1004 1646 572 1161 72
43.644999999999996
29.1496

42 553 562 791 816 886 967 1156 1200 1298 1421 1679
1722 1604 1085 58 1674 1237 1404 255 680 737 568 1165
29.982499999999998
18.434

8 52 414 436 582 646 684 720 809 1314 1381 1473 1549 1667
1642 1689 1163 1386 1740 951 1074 1295 316 1198 1505 1291 844 1610
44.6308
25.8105

404 464 481 622 644 652 670 889 1043 1111 1235 1337
1731 1471 318 1423 1317 1516 1112 1346 915 303 1224 910
27.1425
15.0489

356 409 653 667 670 1041 1095 1427 1469 1515 1528 1578
1726 1732 1566 1660 1617 1057 1514 1346 480 224 1722 1244
47.7741
26.5488

44 129 258 286 414 553 718 1012 1037 1284 1527
113 1244 1466 1604 320 1567 670 1474 189 193 1605
26.824
15.5833

35 64 149 214 470 490 504 515 665 767 814 869 994 1016 1043 1055 1172 1429 1463 1714
1553 709 1610 1555 1159 317 1414 1346 1107 1602 1530 905 1436 1606 1473 1033 1481 1034 1369 276
54.6846
33.3551

41 166 275 478 514 515 665 1292 1455 1527
1553 1691 1033 1242 320 38 1567 1107 1481 824
25.4943
13.343

74 182 313 415 504 562 594 670 703 1041 1168 1172 1421 1678 1746
1471 1048 1244 1510 1089 1085 537 1052 1063 1573 847 922 317 1519 1337
44.8028
28.891000000000002

17 76 379 399 558 607 848 897 1198 1243 1303 1463 1478 1481 1566 1746
1691 1737 1718 847 1048 633 1602 1167 1242 1473 537 1487 1510 1530 905 1402
49.1158
29.0731

41 42 67 379 591 592 677 690 838 876 908 934 1041 1143 1549 1608 1693
1727 1386 72 1627 1244 1562 991 1438 847 1322 1356 1346 924 1295 511 1493 1267
47.987899999999996
29.6411

56 149 340 415 426 541 688 854 916 980 1014 1030 1060 1237 1487 1629
1737 1471 1684 1637 1649 1739 1551 1127 1163 1415 1169 1052 1618 572 513 1257
44.1411
24.0067

55 76 294 443 560 570 905 925 1105 1160 1540 1586
238 1337 1053 1594 1574 255 641 649 1422 1305 984 745
28.674
18.2609

67 194 549 650 814 1034 1051 1094 1118 1347 1656 1747
1552 1627 1618 1639 247 1646 895 1254 1493 1690 1606 1536
34.8295
22.8504

178 213 249 279 539 699 900 947 1147 1199 1381 1747
1640 1423 1624 1371 569 621 1574 1646 767 219 1536 95
35.9468
22.3849

136 395 408 420 553 646 874 884 994 1123 1168 1237 1278 1342 1578 1688 1692 1726
1720 1744 1691 1629 1746 1671 1722 709 951 1666 1696 1604 1650 799 1042 72 434 1742
75.3609
43.8431

52 69 120 283 313 340 495 499 671 677 982 1319
1566 1551 370 1677 1174 1360 1607 522 1573 1648 410 1509
29.1481
15.8931

132 516 537 539 564 566 622 684 685 706 1040 1217 1433 1473
1744 1642 1517 701 1454 1693 1610 844 1343 1423 767 67 1736 764
41.0468
22.7864

105 120 370 379 396 452 455 470 474 603 659 712 874 903 967 1004 1030 1085 1173 1248 1259 1283 1333 1663 1683 1695
1736 1242 1748 501 1499 1602 1480 1610 582 1701 1346 884 320 1089 339 885 1159 938 114 291 1600 388 989 1487 476 1198
79.2483
44.8156

294 354 366 655 735 760 820 1157 1168 1559
1621 1508 1523 1695 1646 1053 740 1260 1322 109
29.5209
17.6548

139 166 279 294 310 384 404 450 506 531 537 649 652 670 674 706 848 907 927 1014 1037 1083 1135 1267 1306 1308 1436 1470 1581 1658 1687 1720 1737
1698 1691 1642 1640 1577 1517 1155 1663 1244 1666 1330 1053 1731 1299 1618 1610 1459 1343 882 730 887 1607 530 326 318 178 24 1329 663 79 1346 984 433
99.8784
60.9628

94 286 366 396 474 490 493 769 782 842 857 883 998 1023 1041 1130 1310 1337 1362 1667 1688
1720 1621 1689 1480 1734 113 1701 1731 1244 425 1315 1605 1317 1662 247 993 38 238 291 1696 1261
62.7657
35.9959

8 105 117 120 136 190 203 313 385 388 408 549 560 671 674 684 765 782 900 1049 1088 1156 1194 1195 1319 1332 1333 1346 1394 1447 1464 1659
1737 1748 1642 1133 1360 370 109 1677 1174 1299 425 339 1239 844 1573 1574 1386 1150 1648 1674 808 1002 553 1497 1016 224 636 1337 947 1649 1149 1277
77.4782
44.842

129 151 327 331 603 670 780 817 842 991 1044 1107 1131 1153 1331
884 1480 1339 1419 1539 321 446 1059 1112 1196 1173 1346 1224 1154 848
39.2494
24.0299

67 142 214 310 317 345 504 617 778 785 826 829 842 883 886 1173 1303 1319 1622 1629 1654 1721 1747
1736 665 1684 968 1480 370 862 1690 1415 1627 1343 1244 1127 1169 621 1646 1022 1438 1648 1536 1105 593 1150
79.3506
49.6096

66 74 235 348 474 522 549 643 702 1032 1042 1268 1433 1435 1445 1470 1497 1507 1565 1688 1720
1691 1737 882 1607 1701 1394 1693 36 572 452 1196 869 1548 530 1696 291 79 1201 674 172 107
61.0527
37.0446

41 184 249 313 510 829 934 988 1192 1281 1288 1435 1582 1715
1107 1712 410 1693 1265 847 1347 1573 814 1124 1257 1672 769 1372
35.259
21.5196

94 149 382 511 659 780 842 883 895 908 1087 1193 1388 1410 1451 1573 1579 1584 1593
1727 1685 1499 1703 1720 1480 720 1614 1438 1744 1679 253 568 1256 1646 1032 1345 222 1485
58.1841
32.5287

244 268 487 490 504 511 513 514 584 671 724 778 810 838 857 895 906 927 934 982 1037 1060 1088 1133 1168 1305 1428 1473 1485 1507 1599 1678 1683 1747
1691 1703 1732 1687 501 582 1244 1174 1607 1682 1471 1567 1018 1677 1610 1089 1605 572 1517 1063 847 1256 1356 922 1646 727 1662 609 1198 1536 1320 686 653 1519
97.8378
60.4968

6 227 314 317 426 799 966 980 988 1169 1175 1205 1290 1314 1322 1383 1436 1505 1573 1725
1733 1649 1562 1658 1373 1126 1107 1155 1237 1646 881 1173 618 623 1303 1248 1040 1737 1614 1618
74.6777
43.0203

268 320 327 380 494 591 652 659 677 745 799 988 1140 1400 1401 1449
1499 1107 1737 1731 1159 618 334 991 121 1539 1618 1237 1248 67 25 1505
47.1968
25.964199999999998

39 367 371 510 574 694 913 930 991 1162 1186 1246 1262 1319 1503 1546 1549 1606 1726 1747
1744 884 1712 1618 1687 1386 359 799 370 1340 1295 1650 1042 1536 711 808 1646 1505 1236 1160
71.3019
44.0515

86 147 211 279 327 579 799 869 1230 1306 1347 1464 1533 1577
1640 1681 1330 618 1689 1248 1239 1539 1237 1607 1618 247 1482 1002
37.998400000000004
21.5422

94 500 932 934 1110 1135 1290 1325 1347 1647 1741 1747
1386 1709 1663 1248 1287 1373 898 1394 1646 247 847 1127
46.4608
31.3538

404 504 665 970 1029 1099 1124 1436 1561 1646 1650
1520 1553 1680 1155 1254 1033 1107 1594 318 1518 1481
38.066
22.0624

427 556 618 991 998 1006 1205 1313 1421 1546 1646 1683
1733 884 1680 501 881 582 1501 1085 1337 1357 1610 1491
47.8376
29.7477

385 396 462 598 668 861 885 940 1087 1094 1200 1219 1368 1400 1452 1642 1667 1731 1746
1727 1722 1181 701 1689 1609 1691 1048 1598 67 537 846 1404 109 1281 153 1254 988 1510
62.8727
38.199

71 109 117 147 361 367 382 591 603 674 782 809 918 940 1083 1118 1217 1414 1425 1561 1566 1581
1520 1698 1299 1734 1517 1691 1737 1621 1617 1330 1133 753 847 991 1443 1309 1150 1346 1493 1386 1032 1173
64.8568
33.5277

153 190 361 490 522 850 871 947 962 1015 1049 1194 1207 1397 1470 1489 1539 1572 1595
1737 1554 1242 1431 882 1722 991 1545 923 1127 582 1425 1414 1267 1289 1649 714 172 1548
56.0569
31.929

6 113 153 178 190 314 354 397 440 551 665 688 726 810 854 979 1007 1169 1214 1215 1315 1346 1464 1491 1519 1520 1640 1659 1688
1720 1584 1724 1747 1553 1732 1644 1722 1637 1617 1148 621 1126 1322 1337 1107 1161 1371 1579 1033 1696 1373 1392 1239 927 1425 1020 1342 39
103.6674
58.9548

348 349 462 518 646 976 979 1470 1554 1564 1688 1714
1720 1706 1504 863 882 1555 951 1346 1392 1696 1436 1281
43.591
24.9724

317 436 488 646 694 710 723 900 980 1014 1031 1160 1211 1268 1326 1332 1370 1447 1631 1659 1693
1737 1653 1253 1649 951 359 1150 1534 72 1618 1239 375 1574 1491 1267 294 1432 941 1369 1438 790
58.8551
35.2243

132 244 435 473 658 659 998 1049 1079 1268 1315 1455 1462 1464 1629 1735
1499 1127 1101 1684 1694 1712 1487 1169 996 1239 1415 425 67 1002 609 1089
48.6328
28.9951

136 473 582 636 926 979 1032 1198 1259 1362 1365 1608 1646 1695 1698 1706
1680 1074 1740 884 1167 1392 395 1322 452 1484 1089 1498 38 924 493 1182
52.7208
34.9869

77 317 506 758 926 1051 1131 1140 1147 1156 1263 1357 1400 1585 1640 1647 1700
1584 1386 1373 1734 1148 1552 1248 25 1341 1559 1267 370 1097 410 219 927 1493
67.2145
42.9249

129 153 468 493 598 710 829 1347 1361 1427 1497 1575 1722
1720 713 1425 247 1552 1662 1719 375 1318 988 474 1211 1022
35.2855
22.4876

86 115 191 227 234 340 380 408 467 590 594 885 918 1095 1110 1126 1128 1135 1164 1235 1292 1347 1370 1394 1456 1461 1505 1558 1566 1669 1686 1688 1695
1720 1685 1737 1562 1622 1691 1446 701 1181 1744 651 1150 1551 1605 1663 1553 847 38 884 109 1303 1040 1407 1649 1157 1574 1443 808 1108 1696 1534 1209 247
110.2596
64.0862

129 193 249 367 418 562 617 671 758 765 773 905 929 1051 1052 1108 1235 1310 1314 1427 1505 1531 1558 1578 1582 1629
1562 1684 1552 1127 1722 1040 1394 1161 1174 1053 1719 1157 410 1677 1360 1415 1303 1135 1169 1493 1347 864 303 1237 107 98
75.22540000000001
45.5552

113 191 286 829 1085 1091 1099 1173 1259 1428 1692
1736 1691 1602 1722 1682 1260 1077 1089 1373 211 36
32.1619
17.6322

31 76 98 105 305 328 379 558 574 649 655 842 885 923 940 949 1037 1046 1067 1087 1185 1200 1271 1360 1491 1659
1732 1722 1617 1718 1480 1181 1579 701 1244 1641 339 557 1149 1097 109 1662 1702 1404 1172 1329 1277 1168 1393 1638 1485 1378
73.4416
41.9394

203 283 451 527 531 590 594 644 723 726 946 970 1164 1259 1328 1345 1410 1458 1468 1650 1667
1724 1706 1689 1407 1594 1607 1373 1614 1224 1544 887 1218 522 1518 1089 1209 1701 621 1230 607 865
59.6258
36.1278

42 328 399 440 452 533 550 575 603 667 671 897 1067 1173 1314 1698
1726 1736 1242 1439 1174 395 1677 1360 1484 938 174 1291 410 1237 648 589
45.8643
24.3809

53 148 227 275 369 382 496 516 531 562 594 665 668 707 745 813 838 854 865 886 919 938 962 1006 1094 1131 1147 1193 1219 1283 1304 1339 1446 1519 1747
1553 567 1636 1683 884 1392 1371 1669 91 923 924 1609 334 1501 1033 1649 1646 1215 701 1017 1357 569 887 991 1107 526 785 1639 1356 1254 880 910 179 1154 58
102.2355
59.1743

443 504 525 690 938 1007 1052 1087 1272 1325 1458
1520 1706 1636 1392 925 969 1053 1485 1282 1544 1017
33.5925
16.6329

130 216 518 553 592 594 677 737 760 778 871 946 976 1160 1222 1332 1489 1685
1706 1614 1604 1523 1161 882 1646 1004 1289 345 1028 1532 740 1411 852 1715 874 1474
49.5516
30.5604

120 190 194 313 426 427 452 501 506 674 688 736 994 1012 1032 1049 1309 1461 1486 1631 1657
1704 1684 1637 709 1242 1446 1737 1483 1373 938 1299 1491 1605 847 863 1239 895 670 487 1573 1218
61.5312
35.0337

70 142 193 370 380 443 560 649 670 1091 1105 1172 1640 1667
1584 1148 1242 238 1689 1394 927 114 1574 1329 39 508 84 1112
43.7781
26.8163

52 184 549 701 857 960 994 1055 1162 1194 1215 1222 1290 1338 1459 1515 1666 1711
1732 1566 1028 1511 1340 882 637 1080 709 11 283 1692 1577 1605 1124 50 980 1190
58.8752
36.8365

113 120 128 317 335 369 418 431 514 767 820 884 934 976 1706
1722 1629 72 1026 847 1498 1742 253 1695 709 1438 493 1379 1369 248
38.5256
23.3512

69 139 598 712 737 870 940 1044 1092 1135 1193 1224 1341 1369 1445 1520 1522 1579 1591 1593 1621 1644 1682
1744 1641 1747 1720 1663 814 1423 1143 186 237 1469 1662 1346 957 499 1019 1196 1094 988 153 50 1603 1141
75.8479
45.870400000000004

294 349 382 410 427 537 742 791 934 970 1133 1326 1522 1564
1732 847 1053 1594 1343 1461 1346 1713 1237 1566 1369 1256 433 138
37.3922
23.692

268 384 409 454 501 655 807 996 1006 1328
1704 1691 1737 1501 224 1662 1357 1587 1215 328
29.9195
16.5412

139 380 418 493 625 884 918 947 1156 1441 1459 1564
1629 1511 72 1443 1150 1742 1662 253 1674 709 572 213
29.935
17.5665

26 85 434 436 700 922 1111 1180 1309 1332 1446 1515 1522 1622 1744
1204 1566 1732 1701 1553 968 446 1057 924 1483 1717 637 1020 923 1340
59.3104
34.498

136 183 213 493 527 598 658 712 853 907 923 998 1176 1243 1283 1325 1333 1358 1360 1385 1447 1632 1634 1679 1692 1731
1691 1737 1748 1727 1732 1423 1149 456 1617 1589 1218 1662 1497 1373 1684 847 153 1263 621 1018 1150 1702 1260 988 1077 1266
79.7098
46.8222

314 371 414 437 537 791 814 991 1029 1040 1044 1067 1262 1278 1370 1483 1495 1578 1599
884 1722 1157 84 499 1454 179 1534 1344 1343 1062 1310 1237 1196 1034 294 1606 79 903
55.4145
36.0674

294 659 869 898 900 1219 1249 1388 1421 1688
1720 1499 720 1609 1053 623 1085 1696 1574 238
32.3503
17.4521

42 179 661 889 893 998 1173 1347 1394 1546 1554
1736 1504 863 1618 109 1250 247 1516 922 1337 1145
37.3744
22.9784

165 235 240 404 612 643 913 1190 1449 1515 1530 1700 1741
1732 1566 1458 1709 726 1719 1057 1734 1341 1159 121 279 637
53.8098
31.6856

69 191 207 394 438 618 758 956 1140 1184 1199 1441 1575 1644 1731
1685 1613 1624 1423 814 1691 1089 1469 1004 307 1176 1211 1136 194 1188
41.5691
25.8897

275 395 418 531 667 703 938 940 1321 1546 1595
1726 1737 1636 1554 1392 1666 923 434 582 887 1017
40.0241
19.8963

62 126 340 496 507 598 668 818 946 1064 1268 1269 1278 1283 1325 1389 1486 1599 1678 1683
1684 1699 501 1618 1479 1551 582 1471 847 1605 1097 1614 992 922 499 153 1063 981 1089 988
62.1801
38.2136

39 316 373 437 464 500 584 674 800 893 925 927 935 949 1072 1272 1286
1687 969 1068 1337 1299 238 1344 1527 1127 808 1320 915 255 1148 433 1638 623
44.1117
27.21

245 316 384 468 488 826 850 1043 1049 1350 1360 1460 1487 1503
1595 1727 1732 1737 1068 1545 1739 1618 72 1527 1702 109 1108 272
42.6164
21.3719

115 142 244 426 451 467 504 513 523 570 688 804 821 1094 1107 1145 1301 1322 1342 1528 1553 1588 1731
1746 1637 1610 1499 1617 1737 1691 526 1657 1514 1133 1339 215 1639 250 1108 909 608 1059 1254 829 609 1261
69.8186
42.0978

166 210 562 934 1087 1130 1185 1230 1423 1629
1684 591 1691 1641 1127 1201 1415 1169 793 847
31.1573
17.9223

207 455 499 564 702 782 800 813 874 899 908 1023 1051 1312 1321
1683 1566 1734 1552 1371 1464 1693 1438 785 1493 885 107 320 737 698
39.6582
21.935

39 41 42 109 147 148 343 384 395 437 464 474 500 655 838 854 872 895 932 937 950 1083 1215 1247 1252 1339 1341 1342 1401 1421 1507 1658
1744 1691 1737 1746 1714 1703 1607 884 1701 1666 1330 91 1610 1309 1617 434 572 1085 1344 808 727 1519 1356 1094 326 1171 1019 984 1662 1272 663 1148
96.626
54.8101

39 132 437 533 601 674 1015 1088 1138 1271 1469 1527 1528 1586 1658 1666
1617 1699 1514 320 1567 1344 1299 1610 1190 808 980 1267 326 984 1577 67
44.9245
29.0402

41 67 88 129 193 331 339 469 1124 1157 1247 1290 1361 1536 1555 1581 1638
1698 1722 1716 1720 1627 1254 753 1519 1019 1394 1552 1588 1260 773 1287 969 898
52.5
32.8035

169 275 726 872 885 898 923 1215 1455 1656
1724 1181 701 1373 1149 1681 1393 510 1337 669
30.4828
17.7831

53 113 149 179 382 804 818 842 970 1121 1278 1379 1487 1607 1686 1721
1618 1728 1722 1480 1414 1553 1594 499 1739 1022 621 1653 922 222 1411 211
46.7571
27.1418

71 103 142 164 314 389 473 495 558 581 736 765 882 919 1130 1186 1195 1243 1256 1263 1337 1342 1425 1461 1470 1472 1481 1575 1624 1731
1446 567 1734 1746 1710 1517 1718 1152 1691 1630 5 1029 561 1555 1317 1416 548 1141 1559 247 1598 1236 307 1551 487 172 401 1211 909 426
80.5909
46.7635

41 52 156 182 203 330 415 523 527 574 591 598 643 656 932 1008 1135 1217 1243 1379 1449
1517 1471 1663 1647 991 1159 121 1052 1133 25 1218 1346 1431 153 988 215 1493 1040 331 344 1422
53.8236
30.7574

107 115 121 556 665 932 964 1052 1391 1556
1553 1532 1107 1033 1053 1282 1108 227 896 1481
29.7146
17.681

153 317 405 452 481 590 653 799 817 1057 1150 1163 1193 1292 1391 1395 1401 1582 1683
1711 1585 1242 501 1545 582 1471 1660 618 1532 1703 1407 1551 1173 1248 1347 1237 38 938
64.9166
37.8106

35 77 103 169 237 470 494 514 603 782 941 1086 1101 1105 1131 1178 1250 1256 1361 1468 1676
1584 1735 1687 1722 688 238 1346 1720 1610 1159 561 215 785 1552 1574 307 1141 1337 1154 591 1560
63.5274
34.609

320 339 396 541 735 758 883 885 1222 1245 1337 1659 1701
1716 1181 701 1737 1731 1648 1028 882 1646 1505 901 1317 1381
39.6611
22.8307

74 76 103 121 156 190 213 279 332 371 470 485 618 809 966 1016 1035 1064 1198 1237 1278 1284 1288 1472 1503 1531 1540 1597 1608 1667 1737
1532 1640 1642 1666 1423 1689 1610 1699 1747 1618 1167 1159 1322 1346 1459 98 1161 1004 499 1436 1330 548 561 924 1136 1439 1029 189 286 1087 1230
89.65
53.2134

88 93 249 361 474 488 504 562 592 603 649 650 758 813 967 1021 1064 1128 1180 1248 1268 1321 1326 1405 1421 1459 1486 1519 1553 1564 1575 1577 1687
1683 1684 1622 1701 1699 1681 1610 1330 1657 526 1689 1605 1511 1517 1371 1085 785 730 247 1137 538 476 1369 1663 1261 898 291 989 572 255 1099 1329 1012
88.0552
50.2565

240 310 343 399 724 886 1042 1189 1710 1731
1394 1167 1691 316 36 1598 58 1518 1127 433
28.2291
19.5119

2 93 328 414 523 550 579 703 1246 1268 1325 1358 1515 1678
1732 1566 1687 1057 1471 1340 711 637 538 1089 1663 922 1614 215
45.5672
27.1143

66 105 131 150 190 259 330 374 414 454 688 702 735 778 827 941 970 979 1067 1077 1164 1193 1281 1284 1303 1337 1388 1480 1481 1515 1522 1579
1566 1732 1549 1637 1720 1731 1430 720 1594 1057 1143 546 1340 339 1392 1646 1631 637 1244 1317 1649 1633 382 427 138 189 953 1346 572 852 277 344
86.7363
49.2273

86 136 234 373 946 967 1032 1046 1252 1319 1556
370 557 1614 1097 1648 452 255 1201 1018 1272 769
28.5182
18.6275

69 191 235 385 431 476 485 606 617 622 750 807 838 894 910 1091 1143 1248 1278 1284 1379 1425 1533 1572 1584 1666
1685 1734 1744 1204 1727 1691 1423 568 1190 499 980 1356 1577 630 189 248 1267 1679 172 433 1587 989 1024 716 901 291
62.582499999999996
37.0671

340 354 361 371 427 487 494 898 916 919 1014 1067 1086 1121 1163 1189 1245 1256 1315 1423 1478 1531 1608 1685
567 1551 591 1161 1322 1703 1646 215 1567 202 1004 1618 98 1715 1487 1411 785 1141 1562 1614 924 1294 1532 1529
70.2369
41.8102

102 170 488 551 699 934 956 1072 1267 1324 1345 1463 1481 1615
1733 1502 1672 1685 1724 238 1602 847 1473 905 225 1530 1224 652
41.9099
22.4907

2 88 120 232 237 320 343 373 462 464 581 659 710 827 894 995 996 1055 1088 1118 1256 1305 1446 1481 1551 1644 1657 1669 1682
1584 1691 1499 1737 1396 1089 1423 1574 814 924 1605 847 1594 910 863 923 1150 1062 709 1505 375 1218 1603 1281 1141 949 388 1469 1381
86.0435
51.2864

153 232 581 670 725 814 872 922 937 1079 1135 1269 1461 1489 1527 1549 1644
1089 1446 1663 1386 1479 1505 1567 1423 1295 992 1487 1425 1289 1681 1034 1267 1606
55.2919
34.9023

85 113 211 245 314 723 737 769 1083 1118 1145 1283 1368 1397 1450 1536 1585 1586 1595 1597 1608 1640 1698
1727 1584 1722 1554 1737 1148 1322 923 1747 395 370 1315 1097 1484 1518 688 927 1344 39 630 1734 1141 663
79.854
47.4059

380 474 636 643 702 956 1030 1160 1170 1269 1298 1415 1441 1463 1528 1561 1599
1520 1685 1479 1089 1617 1701 1514 992 500 981 1473 1602 1530 905 291 1346 653
48.1267
27.0559

115 404 499 758 783 897 976 1037 1147 1292 1397 1530 1624 1667
1446 1706 1566 1689 1722 1244 709 569 1152 38 318 5 219 307
44.2918
24.5312

13 80 232 237 244 277 320 379 547 601 701 814 854 1205 1243 1284 1298 1309 1357 1400 1486 1519 1679 1686
1584 1733 1562 1684 881 1737 1726 1483 1553 1034 1559 1124 1605 11 67 410 50 1381 1606 609 189 764 1099 680
72.2152
42.1237

2 85 653 799 900 1043 1087 1328 1361 1451 1472 1539
1727 1242 1722 618 1431 1720 1248 688 1237 1552 1127 480
40.665099999999995
23.4722

39 66 98 374 410 618 625 670 811 874 893 981 1283 1286 1346 1361 1369 1374 1481 1549 1553 1578 1584 1632 1646 1695
1722 1685 1680 1720 1610 1386 526 884 1713 1744 1657 1295 1461 1505 1631 109 1679 1552 745 1633 808 1004 1263 1261 1112 50
86.0582
53.9078

366 369 525 584 880 894 898 900 922 934 949 1034 1157 1178 1262 1314 1322 1425 1460 1497 1624
1446 1734 1621 5 1152 1618 1574 847 1260 307 434 1068 1237 1271 1320 1291 1151 1616 72 1108 1638
54.838499999999996
32.5887

132 310 473 507 636 700 755 799 974 996 1038 1087 1170 1456 1459 1539 1566 1631 1703
1743 1691 1696 1242 1618 1204 1737 1127 618 1511 1431 847 1237 738 1248 1491 1097 932 67
67.2117
35.8604

42 232 584 652 742 765 804 962 1029 1247 1365 1389 1441 1595 1668
1640 1737 1554 1731 923 991 847 582 1320 1299 714 1059 48 832 824
44.1254
25.4312

109 130 213 310 330 388 452 454 494 551 618 706 809 811 964 1079 1126 1147 1185 1214 1224 1246 1286 1372 1466 1486 1509 1550 1572 1575 1679
1687 1685 1732 1684 1242 1423 726 1204 1487 651 1617 1641 1026 938 711 1605 569 1309 591 425 1662 1436 1342 1267 1004 424 214 1136 279 346 344
88.2667
47.6105

149 182 193 507 524 527 566 575 579 581 733 820 841 869 876 926 929 1026 1049 1077 1239 1250 1267 1388 1445 1451 1463 1564 1599 1606 1663 1667
1727 1687 1736 1689 720 1680 320 1394 880 1439 1695 253 307 51 1638 1196 1256 1602 1473 905 1497 1218 1682 511 276 653 671 1238 1271 1097 1230 1530
85.6154
51.4518

85 193 244 245 290 314 331 345 418 420 549 594 668 768 813 885 886 926 1055 1064 1157 1162 1184 1230 1257 1405 1556 1658 1685 1710
1727 665 1683 701 1371 202 1731 1734 546 1699 1646 1181 1161 446 1394 1004 785 1715 1167 1260 326 688 1532 1610 1322 1614 1411 984 1137 58
87.8
49.7863

71 80 431 584 671 723 726 767 791 885 922 927 929 946 966 970 1042 1101 1145 1257 1311 1507
1691 1724 1181 701 1687 1607 881 688 1360 1677 1174 1394 572 546 1594 1614 1237 72 248 36 1320 1373
67.1814
38.5605

570 665 703 719 1004 1026 1049 1085 1091 1145 1168 1215 1309 1429 1473 1713
1553 1602 1680 1133 1483 1033 1107 1150 1610 709 1337 1020 777 630 733 1481
43.098
25.738500000000002

42 103 107 193 209 249 339 373 379 456 513 525 617 650 874 882 930 950 981 1006 1057 1269 1284 1301 1360 1421 1505 1539 1564 1721
1732 1562 1499 1242 1711 1714 1517 1716 1479 1431 1545 1029 1127 1394 1473 561 1040 1085 1303 1690 1215 1702 1357 992 1501 885 189 109 593 1236
91.0413
53.0471

126 418 707 800 826 857 910 929 934 960 964 1004 1059 1094 1164 1192 1195 1217 1269 1290 1306 1360 1379 1488 1558 1566 1725
1732 1691 1737 847 1517 1669 1639 1173 272 1535 1214 1607 1719 1702 1157 1135 1605 345 1254 109 630 981 1340 224 992 253 898
80.9829
48.4776

86 148 153 164 366 570 778 804 827 883 893 1015 1207 1247 1314 1379 1423 1436 1507 1632
1691 1621 1155 1710 591 1607 572 1425 1263 1237 793 953 1291 1059 1299 279 576 660 852 346
50.8515
29.711100000000002

6 216 332 767 1034 1130 1248 1250 1319 1347 1515 1584
1685 1732 1566 1687 1744 247 370 1057 1618 637 1340 307
43.3369
23.6567

8 74 98 331 339 464 473 501 518 550 578 661 667 760 804 807 818 988 1057 1143 1162 1163 1185 1222 1394 1491 1554 1565 1604 1612 1657
1726 1636 863 1704 1727 1711 1617 1588 1716 1107 1551 1504 1545 1523 1641 1201 1579 1028 847 1250 109 1618 1703 1062 1600 1271 882 1562 828 202 1378
105.1364
57.5389

31 66 80 98 139 150 156 232 327 361 367 644 861 905 932 938 994 1004 1121 1143 1156 1184 1230 1290 1306 1374 1460 1483 1489 1520 1540 1595 1667
1747 1737 1644 1636 1554 1689 1727 1392 1731 923 109 709 1607 1539 1157 745 582 1116 476 1017 898 501 714 1674 1482 1068 425 1108 1289 705 759 20 984
91.6459
54.3526

41 85 109 437 490 919 1049 1086 1235 1248 1372 1385 1427 1540 1693 1714
1727 567 1555 1617 215 72 1309 785 1344 688 1719 1436 847 1414 476 1267
51.3734
32.0454

62 80 113 214 237 240 367 462 487 592 707 886 898 956 1108 1157 1172 1230 1326 1416 1461 1634 1668 1744
1685 1640 1553 1701 884 1722 1584 1446 1669 1618 1020 1567 1675 1204 1617 1260 1127 1482 58 864 1314 1369 1281 317
73.8745
42.1931

700 876 925 926 1189 1247 1306 1389 1455 1487 1491 1530 1591
1204 1617 1337 1579 1739 1607 847 255 316 511 51 1442 1299
38.6314
24.659

109 179 227 244 410 435 688 995 1016 1094 1145 1245 1269 1271 1668 1726 1731
1744 1640 1691 1618 1637 1649 1706 799 1713 1617 1042 992 1650 1461 1549 154 1479
68.1611
42.3222

93 94 132 373 622 979 1031 1140 1170 1200 1315 1321 1338 1342 1370 1401 1423 1430 1468 1581
1746 1722 1698 1737 591 1392 1534 753 283 1530 793 1663 1404 1492 294 307 538 1354 1087 909
58.1612
33.8028

115 149 211 718 795 979 1029 1350 1406 1489
1595 1732 1466 1532 72 1392 1289 1108 990 79
29.3783
16.0114

42 373 584 712 973 1322 1430 1658 1685 1700
1737 1734 1341 1004 1646 1161 279 1530 1610 326
44.7598
32.1044

121 384 410 490 511 570 690 973 1086 1189 1217 1249 1337 1392 1405 1433 1448 1462 1579 1634 1686 1700
1737 1532 1517 1744 1101 1720 1731 1734 1260 215 1553 623 279 1713 785 996 1267 1143 1461 1317 1617 1414
71.7464
42.3823

120 149 166 310 462 674 694 758 783 882 918 1101 1133 1205 1211 1257 1268 1360 1365 1464 1494 1612 1682 1717
1732 1733 1691 1517 1588 688 1244 1653 1253 709 881 1150 359 1385 546 433 1239 1443 1236 1299 1630 1444 1256 1281
74.2462
40.8268

64 404 408 438 454 493 511 562 618 655 690 723 733 820 908 950 964 1016 1055 1067 1215 1217 1325 1342 1360 1387 1427 1436 1446 1577
1732 1746 1681 1155 1517 1714 1689 1662 924 808 318 1438 1719 923 1695 1004 1638 910 1702 253 109 1136 179 1337 1188 953 909 1168 194 5
77.3661
44.5309

26 191 193 209 290 328 582 703 742 780 782 842 939 956 970 976 981 1038 1046 1088 1131 1186 1304 1362 1389 1395 1415 1416 1430 1466 1679 1741
1687 1737 1706 1685 1711 1585 1709 1089 884 1740 1204 1734 1517 1074 424 1660 1480 1394 1675 1594 847 557 1530 1473 1069 1732 1097 500 932 848 279 1345
102.6638
59.3744

184 303 799 817 1369 1389 1391 1507 1654 1714
1691 1555 618 862 1607 1248 1343 572 1618 1173
39.3496
25.8013

73 81 129 216 268 335 404 410 570 579 710 780 930 1023 1108 1250 1321 1423 1578 1597 1658 1693
1687 591 1734 1713 1747 1722 1333 72 793 318 1461 1566 858 375 326 307 1345 1267 864 984 1100 1432
65.0701
41.0323

71 88 115 136 279 286 294 305 434 437 476 612 1263 1283 1447 1481 1539
1737 1242 1458 1640 446 113 1053 1204 1431 1108 1497 1344 1150 1555 652 1127 768
49.4389
26.4188

46 66 146 279 354 513 886 905 919 1006 1068 1079 1162 1184 1235 1262 1310 1324 1421 1546 1579 1604 1667
1726 1636 1640 1731 1720 1689 1724 1501 1143 1135 1487 1085 1600 1357 1322 401 1215 993 58 567 860 990 1662
70.6244
40.7373

55 194 305 335 410 418 434 450 516 525 574 736 1325 1441 1676 1741
1735 1709 1666 446 1461 1713 1287 701 1566 253 794 1498 895 1337 1176 1379
45.6976
26.2845

2 26 98 207 332 339 622 723 870 1049 1311 1369 1452
1716 881 109 1423 50 846 1035 886 356 476 1016 1039 508
27.457
16.8789

142 165 190 245 328 379 382 427 525 636 688 768 865 907 973 1259 1338 1341 1368 1375 1392 1612 1692 1703
1744 1743 1691 1727 1260 1588 1637 726 1124 370 561 1444 738 910 202 283 178 1019 880 1492 828 1649 1373 1094
74.4504
40.2406

46 148 227 332 426 440 495 513 804 874 882 1015 1184 1263 1281 1341 1358 1595 1667 1692
1744 1737 1691 1554 1689 1649 1517 1731 923 1135 1019 1094 885 1373 1236 714 1266 1260 598 1077
63.5548
34.8056

85 102 182 214 316 426 437 468 564 650 665 742 988 1092 1126 1143 1401 1427 1554
1502 1685 1553 1107 1504 1727 863 1737 651 1068 1033 1719 688 1693 1527 1344 957 1481 340
59.7434
30.7546

6 19 44 69 107 178 214 290 382 541 571 590 591 606 607 661 677 718 769 791 930 1021 1057 1134 1178 1180 1190 1278 1319 1342 1469 1487 1503 1604 1710
1636 1746 1250 1711 1242 1734 1545 1466 1618 1371 1407 991 300 621 499 1600 1167 1402 1237 1739 1315 1209 1330 1158 1648 1346 1267 1690 1379 1493 909 1029 370 700 1040
91.6969
52.363

328 436 516 574 850 922 1224 1250 1360 1416 1624 1706 1747
1732 1446 1687 884 307 1545 1026 701 1662 1675 1152 5 1498
50.3303
31.276600000000002

70 115 389 525 641 677 811 898 900 998 1272 1368 1663 1719
1386 969 925 1574 320 1416 425 315 1461 1108 355 669 321 626
35.2286
21.4844

183 244 340 1087 1189 1236 1305 1456 1469 1505
1562 1551 1040 1421 1303 1020 1267 72 1539 609
25.7312
15.063

53 203 411 454 494 495 537 703 870 893 907 913 1023 1091 1185 1243 1256 1313 1530 1565 1593
1719 1201 1734 1641 1343 237 591 178 1491 1141 51 1422 1551 1069 652 1032 636 433 300 660 1247
50.4039
31.938

46 85 340 345 464 566 934 1008 1110 1230 1337 1445 1447 1469 1473 1604 1714
1737 665 1636 1647 1150 1555 1731 1551 1517 1736 1135 1394 1436 847 1317 1196 1482
57.5465
32.8388

42 121 131 340 357 371 440 476 488 537 674 720 800 897 1014 1077 1173 1185 1217 1267 1423 1461 1530 1582 1585
1736 1532 1517 591 1446 1163 1201 1204 1641 1551 1198 1299 25 1097 433 1347 1343 1344 793 1618 487 316 51 1734 1385
68.2976
38.418

5 31 240 327 330 366 437 783 884 941 1000 1007 1012 1038 1200 1243 1257 1272 1312 1333 1456 1575 1593 1632 1663 1726
1744 1520 1722 1748 1629 1562 799 1621 546 709 925 969 1346 1042 237 72 1340 320 1020 1742 1650 154 1344 1539 1617 1404
90.0392
49.6658

55 147 313 331 592 655 869 870 937 946 1324 1362 1522 1556 1582 1683 1691
501 1330 582 1749 1614 1095 1347 1351 1724 1662 446 38 1519 67 532 1422 138
51.5023
33.736

8 66 74 88 103 211 374 388 435 575 590 767 811 898 899 918 998 1021 1101 1168 1178 1222 1262 1303 1313 1415 1435 1612 1678
1089 688 1588 1439 1693 425 1464 1028 882 500 1444 1491 561 1407 1385 1443 1633 1471 1150 1063 1029 1209 1369 382 922 1020 903 1519 828
79.3199
47.7767

19 103 132 216 245 335 408 474 490 513 562 653 659 719 723 792 816 858 938 995 1007 1016 1086 1143 1321 1427 1433 1458 1460 1480 1505 1539 1642 1668
1727 1706 1520 1640 1562 1636 1499 1242 1549 1430 1701 1392 1431 1204 1349 546 480 1303 1040 215 561 1127 388 1028 1396 785 67 1544 1719 1029 808 1017 1414 109
106.2713
56.5769

42 388 473 581 726 769 848 982 1042 1194 1236 1405
1724 1137 1394 1373 1421 1315 425 36 72 793 716 786
31.4709
18.2601

6 53 132 235 244 357 371 388 410 426 485 667 726 1015 1091 1193 1215 1224 1235 1310 1325 1326 1460 1505 1659 1691 1695
1726 1562 1724 1737 1749 1713 884 1303 1040 1095 1461 425 1351 1108 1662 488 303 67 1369 609 1236 1373 532 1337 993 607 676
73.7372
42.9697

46 120 207 227 283 467 1026 1101 1108 1143 1252 1321 1472 1522 1687
688 1727 1577 1649 1330 1680 1607 1135 730 522 1517 548 777 864 1272
42.5244
24.7173

151 211 335 550 607 618 649 661 883 897 929 1079 1205 1247 1464 1555 1658 1678 1692 1706
1691 1733 881 1610 1242 1089 1019 1026 1250 1239 1004 1471 1487 1379 1373 1402 1519 1136 922 1329
65.4002
41.4348

193 310 426 507 643 668 670 718 725 736 785 841 938 1007 1173 1214 1219 1257 1306 1326 1332 1341 1357 1449 1647 1663 1666 1722 1744
1520 1736 1553 1701 1636 1386 1732 1737 726 1204 1392 1609 546 713 1127 1559 1020 1373 1466 121 1159 980 1097 410 1248 25 829 1017 1607
109.0922
66.8939

62 85 129 258 286 456 500 658 661 799 811 882 926 939 996 1172 1184 1214 1577 1588 1695 1698 1741
1517 1691 1732 1618 1709 1681 1236 113 726 884 618 1689 1248 395 1731 1237 688 1250 1484 1436 250 1342 551
78.1368
46.076299999999996

237 283 294 340 702 781 1095 1194 1199 1263 1324 1462 1486 1565 1713
1584 1684 1660 1101 1551 1724 1624 1053 1133 1607 996 1150 1555 522 1605
42.771
22.586

142 151 227 404 513 514 570 606 618 767 776 814 897 922 960 1057 1086 1162 1198 1199 1458 1527 1572 1573 1607 1741
1711 1706 1728 1649 1709 1414 1545 1167 1287 215 1614 1624 1004 320 318 1034 1567 253 785 1544 1267 1606 1498 72 1448 1653
75.6845
43.8291

44 53 62 235 244 404 495 533 551 636 670 706 755 848 995 1000 1008 1068 1108 1121 1181 1267 1309 1324 1448 1615 1714 1726
1744 1733 1696 1672 202 1647 1691 1618 1555 1396 954 1517 1346 1483 799 1650 1042 1617 1236 154 1724 1436 1549 864 1340 318 609 1112
87.0047
48.421

5 88 178 190 313 366 765 893 900 1015 1040 1124 1281 1374 1406 1423 1621 1685
1641 1562 1532 591 1454 1371 1161 186 1646 1004 1254 1346 1614 1715 793 745 1732 1574
54.6604
31.9775

6 85 253 339 369 700 735 755 876 1042 1245 1461 1494
1696 1716 1204 1446 1394 1371 1646 688 36 1294 487 1040 1714
36.4573
20.7232

2 31 203 396 533 606 655 809 827 893 895 905 1030 1035 1278 1375 1460 1578
1703 1666 1124 1722 499 561 1662 1439 1068 1108 1262 984 1168 636 660 1314 739 953
43.9786
27.182

207 210 275 331 356 397 409 410 487 488 650 1107 1337 1461 1486 1549 1622 1725
1684 968 1731 1717 1173 1446 1386 1339 1161 1295 1535 1605 1566 1713 1505 1567 272 224
59.9622
36.007

26 80 121 153 467 490 578 612 665 677 765 861 940 973 998 1267 1358 1370 1448 1485 1509 1531 1533 1586 1710 1720
1553 1737 1532 1706 1414 1167 1107 1161 1534 1425 98 1305 1458 1517 764 167 79 294 530 1266 1614 1252 1033 971 363 107
73.1173
44.4019

67 146 636 649 699 1043 1110 1249 1326 1387 1449 1466 1470 1503 1556 1561
1520 1687 1204 882 1618 1627 1159 121 623 1394 424 25 1369 279 272 1330
47.4659
26.3679

91 149 216 405 500 581 970 974 982 1042 1124 1239 1250 1278 1464 1561 1586 1703
1743 1520 1373 1687 1451 370 1618 1394 1254 880 1594 499 1127 738 36 307 776 1002
59.1938
32.033500000000004

52 330 340 515 694 760 807 926 1272 1446
1551 359 925 1523 924 969 910 923 179 1442
27.8005
16.3051

42 81 156 183 184 234 357 443 467 655 685 723 742 750 818 869 889 946 1088 1268 1286 1326 1360 1388 1466 1507 1555 1572 1632 1715 1731
1744 1691 1732 1687 720 410 1204 1607 1618 1614 1267 1019 1265 572 1236 1662 1516 1598 630 1588 1227 279 1539 109 1369 424 1702 814 276 1527 1263
88.0055
50.8799

259 320 424 807 818 1385 1463 1494 1640 1693
1584 1727 1148 1048 1737 1473 1602 370 1505 72
40.9915
25.6539

81 194 209 268 374 510 539 547 730 785 807 811 946 967 976 1150 1198 1288 1586
1706 1712 1532 1167 1614 1631 1473 768 895 1633 767 1236 1675 1124 255 1366 1587 1016 1305
43.281
25.2923

8 558 658 701 773 1397 1466 1550 1573 1744
1687 1204 1701 1553 1718 1722 1127 1026 1614 1020
43.8067
26.4853

2 102 120 153 258 275 348 373 385 420 451 470 493 547 667 690 758 842 884 966 1012 1184 1222 1308 1326 1331 1368 1370 1397 1428 1486 1520 1599 1642
1726 1502 1684 1747 1727 1644 1731 1629 1480 1610 1722 1682 1028 1159 1346 1425 1605 882 1662 1534 72 1742 1369 109 653 20 294 1670 60 576 1141 1388 670 5
92.7135
48.8864

19 41 67 70 88 105 191 237 410 658 694 811 850 900 1034 1211 1247 1271 1308 1331 1400 1473 1503 1566 1683
1584 1737 1618 1691 1253 501 1653 1545 582 1627 359 1610 847 1713 339 1574 1330 1461 1198 1299 1059 927 1237 848 797
68.79220000000001
37.6039

120 146 389 499 522 550 652 960 994 1014 1145 1200 1283 1333 1347 1388 1401 1455 1460 1505 1588 1666
1748 1722 1566 1562 1618 1731 720 1303 247 1040 1577 980 250 1404 608 1416 1548 716 174 272 1190 630
61.1811
34.4771

42 53 74 335 404 527 644 699 768 813 883 998 1060 1095 1345 1468 1486 1595 1747
1737 1554 1683 1684 1371 202 1660 923 318 1605 785 582 1218 1224 1646 714 374 1536 1379
57.656800000000004
33.294

128 166 356 720 778 1230 1292 1309 1350 1374 1446 1659
1595 1691 1163 924 316 72 1483 38 1198 923 745 910
39.7122
23.4334

191 286 485 736 922 1131 1150 1164 1193 1441
113 1532 1154 72 848 1180 599 1660 646 788
21.1143
13.7159

31 148 389 408 478 522 827 848 927 1030 1350 1487 1558 1737
1595 1642 1687 1739 1436 1242 1135 1459 72 1157 1548 1416 808 1087
42.1772
25.0003

105 165 194 245 303 379 399 504 516 524 527 652 769 799 848 872 937 938 1004 1016 1041 1133 1168 1215 1221 1286 1292 1346 1362 1483 1488 1572 1581 1676
1735 1727 726 1698 1609 1731 1732 1392 38 1636 1248 618 339 753 1244 1315 701 1618 1237 1218 510 1020 1256 1519 1157 1337 1681 1214 1267 433 1017 1497 830 317
99.2907
56.4886

62 94 147 182 310 339 473 493 518 603 768 861 900 1173 1245 1262 1286 1342 1468 1679
1736 1746 1716 1330 202 1618 1662 1574 1294 680 909 1487 892 568 903 49 886 896 267 759
46.9806
26.7132

286 481 925 976 1030 1150 1170 1176 1217 1308 1319 1397 1488 1531 1550 1682 1683
1722 501 1706 1517 1214 1471 582 370 1532 1337 1684 1026 1161 456 98 1648 1603
56.6425
33.3112

81 454 656 897 935 998 1186 1421 1659 1688
1720 1085 1431 1696 1559 238 425 1172 300 1277
26.6671
15.844100000000001

131 227 244 327 332 650 736 880 960 1008 1105 1230 1235 1480 1550 1558 1599 1678
1549 1430 238 1647 1649 1471 1026 1517 546 1539 1135 1157 434 1616 1482 1089 303 1574
57.7259
35.6629

183 348 404 910 1000 1319 1566 1588 1659 1691
1737 1749 370 1617 847 1095 1351 630 318 250
34.3831
22.0367

71 166 286 332 348 367 431 537 641 650 765 926 950 998 1034 1235 1322 1361 1458 1503 1509 1528 1698
1706 1618 1722 1714 1691 1720 1544 1514 1617 395 1343 1461 1484 1552 315 113 303 1330 272 1560 425 1182 5
61.2418
34.0776

147 191 335 371 516 570 598 646 735 816 821 897 1006 1145 1308 1342 1410 1463
1746 951 1330 701 1501 1473 1646 1602 1530 1357 153 905 1379 988 630 909 1215 1519
43.6988
25.1896

194 316 488 598 661 712 765 927 962 1046 1310 1397 1507 1615 1741
1733 1691 1687 1672 1709 991 1722 1607 1068 1498 1287 1097 557 1527 572
54.6613
31.5557

26 178 249 317 328 424 437 574 584 661 703 726 903 939 946 960 1107 1239 1283 1319 1347 1632 1640 1650 1656 1715
1584 1724 410 1480 1048 1148 370 1517 1371 1339 880 1373 1250 621 247 1614 1344 1518 1648 1265 1263 1438 39 1059 790 508
82.373
48.6934

6 31 117 210 348 410 450 494 523 780 813 858 903 905 1049 1123 1128 1157 1185 1262 1305 1339 1346 1468 1554 1579 1597 1663 1710
1133 1683 1720 1666 1622 1504 1671 863 1371 884 91 1480 1204 526 1201 1143 1747 1349 785 1167 1641 1260 1461 1713 1566 1171 413 1127 1345
93.974
54.0598

313 366 367 394 524 578 733 885 919 1072 1134 1383 1470 1485 1503 1522 1573 1737
1642 567 1621 1613 701 1181 253 1618 1517 1250 1614 1459 1436 1638 882 1706 1330 175
57.7475
33.337

19 268 305 373 382 399 410 455 462 550 590 670 688 694 765 916 967 1016 1041 1091 1110 1176 1178 1269 1319 1370 1401 1486 1491 1520 1572 1612
1684 1747 1637 1644 1720 1588 1479 1617 1163 1713 1244 1461 370 1579 456 1385 992 1534 1407 1267 981 1605 174 294 1281 1566 1394 1209 317 1444 1346 649
89.4876
50.4806

56 178 327 361 594 725 773 800 817 1108 1328 1345 1531
621 1371 1161 1539 98 1224 1737 864 1267 1173 704 705 1427
30.4207
18.5057

13 115 493 871 1021 1030 1178 1397 1480 1497 1581 1687
1549 1698 1562 1577 1430 1722 1068 1330 546 1517 1662 730
40.4131
21.8525

136 736 795 884 1014 1059 1083 1370 1451 1478 1642 1657 1706 1711
1727 1732 1629 1618 1692 1080 72 1062 847 1026 863 1534 1742 1498
58.1059
36.9853

71 129 139 234 259 283 436 481 510 646 668 736 750 829 858 937 963 982 1029 1111 1162 1288 1469
1471 1204 1607 951 1712 1349 1267 522 1124 1251 1519 1150 48 79 850 1000 995 131 1509 1599 1133 788 32
47.7861
28.8232

19 39 156 193 214 227 310 426 454 513 566 625 665 699 702 718 795 886 1143 1190 1217 1237 1298 1305 1312 1427 1428 1450 1458 1527 1629 1642 1675
1727 1706 1732 1553 1684 1517 300 1649 1466 1737 1682 1033 1127 109 1107 1719 1415 1736 1169 1567 808 1613 1394 277 58 671 413 1544 990 1481 320 1487 1662
91.0982
50.4063

107 235 426 618 656 702 1374 1383 1436 1483 1494
1155 1737 1691 1157 1431 1004 355 1690 745 1136 1029
27.9659
16.8213

39 80 481 671 767 913 938 974 981 1055 1178 1184 1217 1243 1375 1585 1659 1686
1636 1517 1719 1471 1731 1618 1360 1392 1124 1553 1677 25 1174 1097 561 808 1277 1344
59.1751
34.7128

71 117 310 349 404 424 436 456 564 571 700 800 1008 1032 1038 1043 1143 1248 1405 1441 1533 1588 1632
1727 1048 1204 1133 1647 1517 1346 1137 452 1693 932 318 250 320 1263 272 989 1386 252 608 1487 957 716
57.9025
33.7861

6 52 166 169 216 340 348 474 514 533 550 659 725 730 742 882 895 1012 1021 1023 1060 1068 1181 1215 1322 1383 1455 1685 1701 1725
1726 202 1703 1691 1517 1499 1734 901 1551 272 954 1004 1646 1173 1648 1161 345 1535 1236 1715 1411 388 670 355 1614 174 1675 1630 209 1337
89.5739
53.1741

268 493 518 601 874 970 1064 1085 1181 1604 1685
1636 1699 1602 202 954 1594 1646 1004 1161 1600 1662
39.1041
22.8649

170 191 227 259 294 373 468 575 685 696 699 800 816 841 854 884 939 960 963 1030 1077 1138 1290 1332 1383 1429 1451 1485 1559 1597 1634 1657 1711 1722
1744 1629 1727 709 1517 1747 1062 1508 1649 1053 1080 713 72 1439 1692 847 1742 829 1218 1256 1251 355 850 1617 1318 1386 898 863 1646 1325 526 1046 1594 225
101.9002
62.2857

81 131 193 240 277 411 434 659 733 899 937 1041 1301 1397 1416 1466
1499 1687 884 446 1204 1722 424 1464 1394 1675 1519 1236 1244 1638 279 253
49.6438
26.9517

240 268 320 451 560 612 733 768 821 981 1118 1178 1257 1286 1292 1375 1430 1435 1449 1473 1675
1737 1458 546 1159 202 1693 121 1124 38 1530 561 25 1381 1505 1610 1638 253 1087 1032 1277 764
57.0127
32.8119

2 117 335 349 809 861 899 981 1000 1163 1176 1215 1350 1481 1515 1638 1735
1595 1732 1566 1617 1703 1057 1694 1712 1464 1551 1684 1346 1340 1519 1133 72 637
61.8053
35.8049

35 591 703 935 1077 1121 1381 1392 1450 1515
1732 1566 1057 1260 1340 637 991 1613 1346 818
33.4447
20.0997

39 277 357 385 493 524 558 956 1072 1215 1350 1405 1414 1455 1566 1606 1695 1700
1595 1737 1691 1685 1744 1718 1621 1299 72 1734 847 1236 1662 279 1341 884 1267 808
60.310900000000004
34.2868

2 31 150 178 235 237 240 438 1077 1180 1235 1337 1365 1480 1527 1666 1703
1743 1584 1549 1430 1691 1371 370 621 1731 1567 738 1317 1190 320 980 1577 303
53.6716
29.4288

129 468 699 913 1016 1214 1290 1337 1436 1540 1593 1642
1727 1732 726 1155 1719 1731 237 1317 1342 109 1069 898
40.2461
24.0711

98 126 349 641 699 903 934 1072 1522 1554 1675
1504 1480 863 109 1346 238 847 1719 1461 315 340
32.3869
19.3138

67 156 232 259 294 426 438 464 547 742 773 981 1031 1064 1083 1221 1286 1301 1310 1369 1379 1436 1462 1485 1654 1711 1717
1499 1609 1155 1101 1692 1699 1737 1053 1080 1343 1150 996 910 50 663 1627 829 1517 862 915 993 24 1244 194 810 1188 1141
75.80969999999999
47.4

41 67 93 109 169 268 394 405 424 427 438 537 539 636 684 690 814 853 865 882 1046 1123 1181 1284 1288 1315 1319 1414 1435 1640 1650 1747
1584 1048 1642 370 1621 1148 1517 202 1617 1671 1613 1627 954 1693 1648 1343 767 1309 557 1299 1589 927 1034 538 844 1646 1663 1518 39 1097 1236 508
102.2753
61.4648

66 74 81 136 170 207 294 357 791 862 869 923 1126 1237 1515 1685
1732 1566 1609 651 1057 1149 1340 1646 1053 637 1161 225 1236 901 1004 1715
54.572900000000004
32.7633

170 646 895 970 1121 1176 1194 1309 1435 1509 1533 1564 1642 1678
1727 1703 1684 951 1693 456 1483 1471 1594 1386 225 1089 1670 1063
46.0208
27.903

410 427 495 591 737 1290 1381 1599 1612 1667 1679
1689 1588 1385 991 1713 1461 1566 1444 1346 898 653
38.5908
26.112099999999998

17 370 396 426 513 527 607 641 841 974 1046 1192 1372 1427 1435 1507 1582 1588 1720
1737 1691 1242 1618 1607 1693 633 1402 557 1347 1097 1719 250 572 530 1461 315 608 272
62.3612
38.0376

136 598 724 870 905 938 1044 1124 1156 1446
1636 1392 924 1254 923 910 153 513 1017 988
32.6098
20.1122

88 131 244 499 592 811 1095 1140 1416 1533
1566 884 1660 1675 307 374 609 427 1024 424
22.9319
12.2122

148 431 702 821 858 1230 1298 1394 1488 1688
1720 1214 1204 1349 109 238 1482 1696 553 248
29.067
16.0588

52 128 130 320 356 395 485 525 570 579 656 661 710 778 897 922 963 979 1014 1049 1083 1095 1283 1286 1360 1389 1421 1536 1654 1688 1726
1744 1720 1732 1737 799 1609 1666 1042 1505 1340 1392 1085 434 1650 1250 1618 1343 847 1431 154 1381 1251 238 1696 1660 1549 862 663 109 374 1497
92.7269
54.8537

69 117 130 268 332 405 571 603 643 650 696 827 857 922 937 1083 1135 1236 1239 1321 1405 1530 1578 1597 1725
1663 1744 1133 1747 1535 72 1722 880 1173 272 1421 345 493 1605 1386 686 663 953 24 1519 700 433 526 1262 1518
65.4303
40.0963

136 451 607 641 760 827 884 1004 1288 1331 1361 1458 1509 1546
1706 1629 1722 1720 1523 72 1544 1552 1742 1402 1242 315 1337 1461
42.7224
24.9036

277 340 371 385 397 451 575 773 1176 1441 1463 1578 1650 1686 1693
1553 1551 1439 1684 1722 456 1161 941 1473 1602 72 1518 905 1530 1701
46.1888
29.7667

55 132 357 575 594 750 1086 1092 1309 1324 1372 1436 1701 1715
410 1155 1724 1439 1648 1483 215 901 785 957 1265 67 814 1232
41.7154
25.7489

70 874 935 967 1014 1164 1221 1480 1575 1668
1640 1549 1430 1609 546 1618 885 1211 255 824
30.5872
16.812

591 1064 1172 1195 1332 1345 1361 1456 1683 1715
501 410 1722 582 1720 1699 991 1346 1265 1224
41.3641
27.9919

70 93 103 115 551 646 949 1143 1272 1341 1385 1421 1715
1744 1727 410 951 925 969 1085 561 1265 1663 538 1094 847
44.5265
24.8324

98 371 478 735 1026 1193 1306 1446 1561 1650 1725
1520 1680 1173 924 109 1242 345 272 1535 923 1607
43.772800000000004
28.5669

2 5 131 178 214 225 235 268 354 469 653 724 776 829 838 946 1088 1181 1410 1430 1468 1503 1722
1562 1737 202 954 713 1371 1691 480 1530 1618 1614 1356 1330 1322 1087 272 621 1508 546 1318 1448 455 474
60.7098
36.1363

74 500 719 829 838 842 905 947 1086 1169 1217 1263 1350 1436 1656 1747
1595 1517 1480 1155 1126 72 785 1646 1127 215 1356 1555 1472 1148 733 1536
53.9762
33.8754

150 235 249 575 702 720 760 903 930 980 994 1040 1401
1480 1163 1523 1439 1649 1454 316 1198 1691 709 812 740 1116
31.789
17.6277

86 210 397 426 1088 1286 1303 1333 1435 1480
1748 1549 1737 1693 546 1161 1430 1244 382 769
31.1137
17.1077

26 103 237 305 317 349 369 411 468 582 643 694 730 765 778 792 967 979 1034 1143 1157 1298 1301 1310 1312 1315 1319 1369 1423 1428 1480 1509 1556 1561
1584 1520 1549 1499 1430 1028 591 1074 1740 359 793 1618 1682 370 1260 1727 546 561 1346 1648 1029 1438 1271 1675 1392 829 852 255 810 790 768 50 993 1696
92.29899999999999
51.7641

327 374 516 661 670 737 745 769 826 870 885 894 906 963 1397 1428 1507 1554 1711 1714 1722
1691 701 1504 863 1181 1607 1555 1080 1682 334 1631 713 1539 1250 1315 572 829 778 1633 1318 1436
72.0305
44.2672

8 151 349 539 667 974 1421 1448 1607 1710
1726 1728 1618 1414 1127 1085 1346 1167 767 1266
32.4295
16.7902

67 150 207 279 370 435 539 550 745 827 893 913 1032 1180 1395 1726
1744 1585 1640 1242 799 1719 1711 1627 1042 334 1650 1236 1340 154 767 1549
56.7156
32.1703

74 348 424 644 696 795 811 1042 1357 1360 1551 1632
1732 1394 1559 1594 1702 410 1263 36 1048 786 109 916
34.2807
20.061799999999998

66 132 182 237 384 395 410 501 570 591 735 826 1072 1105 1145 1160 1290 1325 1459 1505 1551 1693
1584 1737 1704 1562 238 1713 1040 1666 1511 991 1461 1594 1303 434 1646 1346 67 1574 572 1493 898 328
69.4526
39.2866

31 132 164 434 549 553 558 571 594 707 712 780 964 966 1016 1042 1184 1283 1309 1430 1640 1669 1725
1584 1737 1148 446 1731 1718 1605 1710 1173 1604 1483 272 1394 1150 1535 370 927 1530 345 700 39 36 1574
76.4333
45.6746

369 409 424 451 1029 1037 1101 1181 1447 1676
1735 1737 688 202 1048 1244 954 224 1150 794
36.7362
20.1033

259 452 467 571 862 1007 1021 1032 1046 1243 1394 1461 1612 1640
1584 1520 1609 1148 1242 1588 1446 109 1444 1385 1097 557 828 508
52.283500000000004
30.1106

42 70 165 283 327 469 606 826 841 861 950 988 1006 1085 1135 1309 1347 1370 1423 1433 1607 1622 1642 1668 1746
1727 1640 1714 1728 968 726 591 1602 1048 1107 1663 1501 1414 1483 1717 1510 1690 537 1539 247 793 1357 1534 1653 522
82.6359
45.8699

93 153 179 193 225 357 366 405 701 710 780 814 842 906 970 1034 1101 1224 1308 1331 1346 1427 1429 1433 1507 1615 1678
1733 1691 1618 1672 1621 688 1480 1607 922 1471 572 1594 1394 1425 1124 1089 375 1663 538 1719 50 778 1662 1606 11 1063 1508
80.2613
45.2476

102 105 213 415 650 706 916 937 995 1023 1059 1175 1217 1239 1263 1414 1423 1701 1713
1502 1658 1471 1373 1621 1517 1299 1396 591 1734 623 1646 1163 1648 880 1532 1133 793 339
65.9393
37.3274

76 147 149 450 474 550 590 781 871 1135 1239 1288 1469 1483 1666
1663 1330 880 1701 1407 1157 1190 1577 980 1209 1267 1124 291 1594 174
39.2576
23.5486

46 213 335 437 726 922 926 1128 1172 1247 1450 1488 1558 1634 1715
1724 1622 1423 1135 410 1214 1344 1265 1157 1373 72 1379 1613 814 1299
51.7215
31.924

5 128 210 213 625 644 696 707 880 980 988 1023 1029 1077 1111 1131 1214 1215 1360 1495 1695
1732 1562 1423 726 1107 1734 1649 1669 179 84 884 1062 1310 1342 1616 1436 1702 1236 1600 1154 434
62.6844
36.4619

310 468 601 813 857 897 922 1192 1215 1522 1559 1631
1683 1371 1508 1699 1491 1605 785 1239 109 138 72 1337
35.1023
21.348300000000002

8 130 194 275 283 473 547 560 579 603 853 926 1057 1138 1236 1333
1748 1711 1545 1421 1607 522 1589 895 72 1442 874 1082 357 668 1378 846
32.2118
17.4498

41 91 418 606 725 1037 1099 1175 1250 1491 1582 1608 1725
1373 1687 1658 1451 1579 1617 1646 1173 1244 623 1535 345 272
55.0952
33.9463

13 26 397 455 490 514 733 783 820 1083 1105 1133 1268 1448 1449 1463 1683
1562 501 238 1732 1159 582 709 1726 1161 121 1602 25 1638 433 1695 1473 905
55.857
33.9544

31 52 85 131 191 240 316 317 354 373 443 527 562 667 684 730 744 811 813 854 857 861 871 1079 1246 1247 1250 1262 1429 1486 1509 1599 1629 1698
1726 1684 1687 1642 1683 1605 1371 1127 1299 1415 711 1487 395 844 1527 768 1322 1059 688 785 1169 709 1438 633 1675 648 790 1218 1512 653 976 1182 903 427
93.03960000000001
50.0738

85 169 411 437 549 617 703 781 1032 1046 1181 1215 1553 1710
202 1610 1657 954 526 1167 557 452 1097 688 1344 247 1261 1337
40.8381
24.6293

501 574 612 617 710 820 884 897 938 1123 1731
1636 1704 1629 1458 1671 1392 72 1691 1742 1017 375
39.6247
21.8382

232 313 349 513 514 523 655 659 907 925 927 996 998 1121 1145 1164 1410 1423 1427 1507 1539 1553 1597 1666
1691 1242 1499 591 1687 526 1657 1607 1610 1337 1431 1133 1747 1662 1346 1127 572 898 1190 793 980 178 1261 247
77.5791
44.5836

130 153 356 384 437 696 813 865 900 950 1034 1064 1105 1107 1170 1315 1338 1345 1379 1406 1433 1469 1531 1725
1737 1683 1714 1699 1371 1574 1173 1532 1535 1339 1161 238 1618 283 1425 1344 98 785 1224 272 1059 345 1492 1267
72.6862
41.5813

109 514 661 701 1042 1178 1211 1326 1401 1472 1546 1685
1653 1253 1617 1161 50 11 1250 1004 1646 1394 1124 1309
42.6505
28.1239

81 103 153 225 340 348 356 388 394 431 490 501 523 558 850 908 964 1038 1040 1042 1067 1164 1198 1219 1236 1257 1365 1486 1522 1531 1558 1735
1704 1684 546 1718 1167 1694 1133 1613 1551 1394 1712 1545 1609 215 1089 1454 1605 1421 1425 1438 1135 1161 932 1157 1414 36 561 175 1029 98 1453 1508
94.61919999999999
56.2825

44 244 370 373 388 504 507 655 684 694 725 869 916 1123 1222 1397 1468 1481 1489 1657 1715
1642 410 1722 1671 1242 1028 1163 359 863 882 847 709 1097 1062 425 844 1265 1662 814 114 652
64.6334
39.1402

13 191 410 490 501 574 767 861 880 929 995 1121 1451 1459 1463 1591
1727 1704 1562 1396 1511 1713 1068 1461 1602 1473 1566 905 1616 1414 1256 1530
49.463499999999996
28.5017

53 117 232 328 331 384 456 499 516 527 869 946 1263 1324 1436 1445 1478 1553 1585
1737 1155 1610 1566 1133 1657 1724 526 701 25 1614 1097 1344 1734 1218 1555 247 446 1261
58.007
35.1584

19 117 120 128 214 283 367 384 389 405 420 462 464 562 571 590 641 652 718 725 782 861 1160 1184 1259 1331 1435 1539 1554 1588 1682 1715
1731 1737 1242 1133 1504 863 1466 410 1431 1407 1693 1127 1265 1607 1281 1603 522 1416 272 608 1461 1209 315 814 250 915 340 700 1386 898 470 1267
85.6791
49.5976

88 128 225 227 354 452 515 562 598 643 712 804 926 927 950 967 1118 1401 1564
1714 1242 1687 1649 1322 153 938 988 546 1508 1442 621 255 1634 1498 969 869 111 1032
39.7648
23.4333

67 146 504 570 659 706 745 809 906 1091 1237 1239 1350 1577
1595 1499 1681 1689 334 1627 72 880 778 388 860 990 448 493
36.949799999999996
19.6695

17 76 151 166 244 316 340 501 507 515 539 571 579 590 591 643 685 1118 1134 1176 1222 1257 1375 1395 1473 1509 1561 1675 1714
1744 1520 1704 1691 1585 633 1711 1555 1551 1407 991 1068 1028 1250 882 546 1124 1097 1527 1684 456 561 767 1436 1209 609 1610 1346 1493
86.5532
47.2148

53 151 468 470 481 558 656 677 685 707 1186 1193 1338 1531 1579 1726 1731
1744 1720 799 1718 1471 1610 1346 1669 1340 1042 1159 1161 1650 1691 1143 283 154
63.8534
36.7305

69 132 343 582 684 838 1145 1259 1292 1304 1456 1663
1642 1074 1740 38 320 844 1089 1020 1356 67 630 433
34.0756
20.3952

136 225 357 510 524 570 670 966 1049 1175 1249 1262 1290 1315 1381 1631
623 1658 1373 1712 1646 1491 1239 1112 546 1508 898 1169 1346 95 1062 1497
44.4163
26.488599999999998

88 240 858 1083 1134 1491 1551 1595 1622 1654 1698
1737 1554 968 1617 1204 1250 1717 1579 862 923 1349
52.6965
34.8975

253 467 665 684 776 956 964 1161 1321 1638 1685
1642 1553 1010 1646 1033 1107 1519 901 1004 1715 844
41.5678
26.1304

62 66 73 103 105 235 379 464 476 591 607 818 848 850 869 880 949 1031 1035 1088 1209 1211 1239 1306 1391 1421 1507 1530 1686
1691 1666 1618 1607 1333 1653 1253 1553 1545 1204 561 991 1242 572 1402 339 671 1085 1616 1346 1029 1493 1439 51 434 276 1040 286 1638
80.3015
45.817299999999996

93 113 156 194 232 253 345 385 414 524 581 658 659 699 712 956 963 1077 1092 1190 1247 1262 1346 1466 1489 1559 1650
1687 665 1722 1499 1685 1508 1204 1663 424 1371 957 1518 1289 538 895 109 1251 1040 865 850 1299 903 1701 621 1497 388 211
78.2752
47.1381

77 132 235 394 424 437 510 575 730 791 947 963 976 1038 1049 1052 1111 1195 1217 1374 1416 1421 1483 1642 1692
1691 1727 1706 1517 884 1048 1439 1675 1613 1053 768 1712 1157 1344 1545 932 1251 1085 1282 745 1237 67 224 109 1077
70.8481
38.725699999999996

80 93 207 253 339 349 451 474 500 527 625 659 841 865 922 949 956 963 1448 1676
1735 1499 1685 1716 1701 1127 1346 1148 1218 794 1251 538 1663 880 1040 72 291 388 1371 850
54.8833
31.7613

69 105 314 331 396 550 566 703 735 773 814 899 1207 1262 1361 1379 1622
968 1722 1736 1720 1717 1464 1646 1552 339 1034 671 1606 1690 446 1519 1105 174
47.7268
29.0325

566 653 668 781 782 976 1031 1037 1077 1368 1374 1519 1533 1553
1706 1610 1244 1657 1736 526 480 247 1261 745 671 1099 1012 1024
35.7331
20.2543

105 335 369 382 408 410 443 467 493 670 804 918 939 956 1068 1095 1118 1130 1193 1211 1267 1326 1369 1415 1486 1497 1565 1566 1595 1676 1706 1722 1737
1726 1735 1554 1642 1253 1089 1691 1517 1685 1653 1660 1684 847 713 923 829 1026 247 1713 500 1436 1459 1662 1605 1379 1461 1443 561 339 1498 50 1318 582
107.55550000000001
62.4399

142 431 462 562 625 782 981 1095 1118 1164 1214 1406 1447 1595 1676
1737 1735 1554 1532 726 1660 1732 923 582 1436 1342 374 714 1281 248
51.2058
28.1069

415 481 826 854 898 935 1055 1147 1246 1470
1471 1687 882 711 569 1052 219 172 669 341
26.1089
14.669

207 451 485 539 737 773 935 966 1095 1357 1415 1573 1606 1644
1089 1660 1559 500 1469 51 1614 1423 410 814 253 767 374 671
39.2862
23.9696

93 184 340 411 499 744 782 889 926 1015 1031 1087 1094 1126 1164 1221 1224 1304 1311 1368 1385 1401 1460 1566 1685 1695
1727 1691 1609 847 1737 651 1551 881 1161 1646 884 1004 976 538 1662 1411 1614 1663 1516 1715 1108 1068 1236 1254 1035 1485
72.6916
43.7306

103 113 132 653 656 694 737 804 1083 1714
1722 359 480 1555 561 1431 1436 67 1029 24
28.6144
17.0664

73 117 191 356 366 394 409 415 499 579 606 821 886 907 1000 1057 1059 1094 1160 1193 1224 1325
1711 1566 1621 1471 1133 1617 1545 1613 1639 1333 1052 224 1662 178 58 1386 1083 175 671 1518 1254 841
54.1663
29.604

86 91 348 397 410 474 496 579 880 1087 1124 1199 1222 1235 1385 1447 1658
1737 1727 1373 1701 1624 1028 1254 1713 1161 847 882 1610 326 1461 1616 1451 1150
54.7451
31.6724

46 592 702 744 769 781 908 1175 1379 1416 1564 1595 1700 1719
1737 1554 1386 1658 1373 884 1646 623 1734 923 1341 1675 1315 279
56.2614
33.5025

103 139 216 658 735 768 848 897 974 994 1007 1105 1252 1304 1350
1520 1595 1618 202 561 1646 238 1127 1574 1029 1272 1266 1519 72 286
42.0454
22.9385

56 147 510 885 970 1012 1110 1173 1305 1466 1561
1520 1687 1736 701 1204 1181 1712 1330 1394 424 670
37.1293
18.3353

373 607 773 998 1150 1360 1425 1472 1528 1531 1533
1732 1734 1617 1514 1161 1532 548 1702 98 1402 1379
33.3761
19.0453

44 81 88 113 130 142 216 335 379 436 612 700 773 826 869 893 930 1072 1105 1126 1161 1192 1221 1357 1379 1449 1483 1487 1515 1555 1581 1632 1646 1676 1710
1735 1732 1566 1698 1685 238 1680 1609 1458 1722 1204 1739 1010 651 1159 1057 121 1340 1019 1559 1167 753 637 1127 25 1157 671 1236 1574 410 357 1588 541 211 794
108.9808
59.7261

388 420 658 712 773 910 1026 1138 1147 1339 1423 1455 1461 1572
591 91 884 1680 1446 425 526 569 793 1267 1171 621 487 219
42.2428
26.514

13 26 120 178 232 380 464 524 575 670 733 811 821 854 858 882 884 1000 1015 1021 1023 1055 1079 1083 1091 1111 1257 1339 1346 1486 1612 1629 1698 1721
1684 1562 1588 1517 1726 1371 1734 1127 546 91 1439 1204 1385 72 1487 1415 621 1349 1617 1605 1484 526 1169 1742 1638 1444 915 395 1022 1497 663 910 648 828
97.3741
56.368900000000004

6 91 235 389 438 451 495 606 641 644 724 735 795 827 874 908 937 1057 1134 1164 1224 1365 1405 1485 1554 1713
1732 1691 1711 1451 1504 863 1250 1137 1545 1519 1373 1662 1646 1438 1150 1416 953 315 1133 776 885 1188 470 1461 1517 340
69.9694
38.938900000000004

62 73 179 862 889 903 1305 1339 1368 1405 1468 1483 1703
1743 1609 1618 1480 884 91 370 1137 1333 738 1157 526 1516
46.0996
25.2939

39 109 211 245 522 799 910 939 1004 1059 1145 1195 1215 1308 1337 1415 1416 1485 1577 1646
1727 1680 1517 884 1689 1731 1681 1089 630 1248 1675 618 1617 1309 500 1237 1317 1021 808 1618
60.6737
33.396100000000004

283 339 411 501 523 591 946 976 1034 1037 1200 1249 1362 1369 1423 1425 1468 1485 1507 1556 1586 1615
1733 1704 1691 1722 1734 1607 1706 1716 1672 1618 1244 991 623 793 572 1517 1614 1133 522 1404 1305 215
71.8161
37.6486

66 120 343 450 488 1164 1189 1215 1362 1464
1666 1239 1002 316 38 433 1337 1045 1176 599
23.2547
14.7072

5 74 80 102 132 348 370 452 488 496 510 556 650 685 869 889 910 962 1034 1064 1101 1194 1205 1248 1322 1421 1449 1463 1564 1604 1647 1678 1695 1701
1744 1242 1502 1733 1636 1562 1386 881 884 688 1602 1600 1699 1648 1712 1159 1373 1471 901 1610 1618 991 67 905 430 1516 896 114 276 1089 1473 1519 922 476
107.6721
62.9972

19 317 436 464 811 894 1007 1284 1533 1546 1640 1647 1710
1584 1520 1386 1148 1248 1167 370 1373 927 1614 39 508 189
44.8376
26.122700000000002

149 268 452 874 949 1072 1083 1176 1249 1257 1505
1562 1242 623 546 1040 456 1684 1303 885 238 938
30.7113
16.4075

203 332 696 841 970 1126 1162 1365 1370 1451 1546 1606
1727 1685 651 1594 1534 51 1256 294 1646 1337 636 1273
32.729
17.7262

216 435 450 706 857 906 935 1184 1252 1315 1447 1455 1495 1549 1631
1737 1666 1386 1731 1295 1505 1062 1491 84 1706 1605 179 1310 778 1239
45.733
26.7777

354 456 807 827 848 853 869 1057 1099 1140 1290 1455 1472 1480 1575 1631 1717
1549 1711 1430 1244 1545 546 1322 1239 1491 1150 1589 898 307 1211 548 953 276
50.5803
30.634

193 380 826 876 927 950 1044 1118 1350 1456
1595 1714 1687 72 1394 1020 84 511 1032 990
27.6597
15.0001

179 367 525 760 925 1180 1460 1494 1497 1572
1523 1618 1337 1267 255 1068 1714 922 1108 740
24.3086
14.85

91 371 781 807 854 988 1037 1325 1429 1446 1606
1373 1451 1107 1244 924 179 910 923 51 776 1587
32.772999999999996
19.2475

2 496 560 562 684 782 916 949 1072 1130 1145 1311 1595
1642 1554 1737 881 1163 923 582 844 630 247 238 714 1638
37.1231
20.1231

93 149 194 209 232 384 481 506 550 581 707 755 870 994 1004 1006 1164 1194 1230 1298 1368 1375 1388 1425 1427 1458 1584 1585 1615
1733 1734 1706 1696 1685 1737 1672 1744 720 1669 1471 1373 1544 1124 1719 1501 25 1679 1097 1473 709 561 1344 1663 1482 1141 895 568 1357
83.9295
44.1014

76 420 485 636 736 850 1004 1083 1350 1387 1449 1468 1654 1669
1595 1159 1545 862 1605 121 72 1343 25 1574 1150 501 24 663
44.5918
27.1531

310 594 685 842 991 1077 1124 1494 1505 1612
1744 884 1562 1588 1480 1254 1040 1303 1385 1444
37.2157
20.7578

8 275 317 650 668 735 842 935 947 979 1160 1170 1522 1539 1630 1692 1703 1735
1743 1691 1242 884 1694 1431 1480 1127 1712 1438 1260 1646 738 138 1392 1373 227 1077
63.0682
36.9911

44 120 184 354 373 426 853 858 869 880 884 940 1083 1311 1561
1520 1629 1737 881 1204 1349 1589 1742 1616 1322 434 663 24 72 709
40.4041
22.1616

53 275 382 414 514 571 659 707 885 906 1319 1369 1595 1656 1658
1499 1737 1554 1181 701 370 1669 923 582 1610 1648 778 984 50 326
50.1941
29.8457

67 73 136 244 357 367 470 514 617 688 694 702 769 776 827 862 865 894 937 1099 1121 1172 1243 1262 1452 1463 1533 1572 1685 1737
1609 1642 1610 1159 359 1646 1627 1637 1004 1315 1346 1602 1333 1161 1715 1473 1532 1459 1436 377 1232 905 1087 846 1411 880 1448 609 953 1614
85.84870000000001
53.1115

314 371 469 547 562 658 900 919 940 1067 1086 1243 1257 1328 1362 1461 1481 1585 1669 1721
567 546 621 1574 1446 1605 215 1097 25 785 1150 1022 1385 1493 38 652 487 1734 593 1141
60.6984
38.2837

55 149 153 216 340 345 349 357 394 397 525 592 594 601 744 765 778 841 930 1016 1079 1091 1111 1173 1284 1324 1414 1480 1550 1624
1736 665 1446 1549 1430 1621 1724 1551 1299 1152 1613 1161 1026 1346 1487 546 1425 1699 5 307 1151 346 1184 317 852 214 576 1572 189 1422
79.7652
43.5767

76 234 305 455 485 598 703 782 893 1235 1381 1629
1684 1127 1415 1169 153 988 1594 303 95 1000 660 1450
30.9827
19.9362

64 71 81 314 518 785 885 913 938 1032 1060 1170 1328 1381 1428 1564 1706
1636 701 1719 1392 1181 1682 452 1026 1662 1498 1236 621 1354 561 1493 1201 1017
51.394
32.2725

129 283 332 366 524 684 765 1008 1161 1192 1667
1642 1010 1621 1647 1689 1517 522 844 1607 957 1497
33.3957
17.6078

129 156 235 584 694 934 979 1077 1134 1221 1392 1401 1669
1609 359 1250 1260 1691 1150 1605 1574 847 1320 363 355 1330
36.5836
22.753

361 574 650 760 861 1135 1488 1629 1640 1746
1584 1684 1148 1048 1523 1663 1214 370 1415 1169
42.8304
26.3595

129 132 136 454 493 553 562 641 685 702 816 1095 1249 1262 1468 1470 1726
1744 799 882 1042 1604 623 1650 1549 1340 1236 154 1662 1461 67 737 315 1346
55.3399
32.5578

8 150 592 702 979 994 1110 1256 1309 1519 1591 1597 1657
709 1483 1747 863 1392 1394 847 1062 1141 1218 1099 241 1551
36.815
24.1533

207 382 414 420 699 720 923 1184 1239 1268 1447
1737 1731 1163 880 1198 1149 316 1393 1150 222 1497
29.3573
16.1108

76 121 128 253 268 328 434 531 575 650 916 1012 1095 1123 1153 1312 1333 1347 1585
1748 1532 1671 446 1163 1660 1439 1419 1371 25 887 247 1344 1141 374 670 1040 1734 1385
52.9906
29.2303

132 151 156 166 209 290 348 385 395 431 564 582 730 769 813 821 907 974 1111 1143 1271 1272 1312 1370 1421 1487 1555 1566 1597 1608 1650 1691
1737 1683 1727 1734 1371 1618 1749 1666 1074 1095 969 925 434 1747 1739 1518 1693 847 1019 1740 1322 1534 1315 1473 1351 1085 785 1675 924 67 768 532
94.3774
55.7079

183 331 366 485 668 671 811 908 1014 1219 1256 1325 1391 1744
1553 1701 1621 1204 1609 1174 1677 1360 1127 1020 1438 1618 1141 410
42.2461
24.5593

109 420 456 617 653 723 768 871 956 1021 1374 1505 1549 1676
1735 1562 1386 1685 1617 202 480 1309 1295 1303 1040 745 794 252
43.1055
24.034

113 190 370 385 389 514 527 850 1193 1301 1337 1586 1604 1715
1636 1499 1722 1242 1731 410 1545 1600 1317 1416 1265 1218 114 829
43.3144
24.628

76 366 617 817 880 885 966 1044 1055 1060 1123 1153 1237 1346 1441
1181 701 1671 1621 1419 1616 434 1644 1173 687 215 513 113 341 209
38.5737
23.3173

132 156 191 286 339 501 553 603 718 760 809 906 1110 1288 1292 1312 1370 1387 1447 1450 1466 1588
1687 1704 1737 1716 113 1204 1523 1604 38 1534 1394 1613 250 424 294 778 272 1124 608 279 668 1150
64.854
36.5934

209 303 328 470 525 594 655 670 688 710 895 1014 1046 1111 1134 1303 1480 1559 1573 1584 1586 1632 1731
1685 1744 1549 1703 1637 1430 1508 1250 1346 1610 1691 1159 938 253 1662 1168 1614 375 1679 557 1473 1618 1263
75.4036
43.6326

420 487 564 665 792 903 966 1086 1101 1394 1405 1679
1553 1480 688 1028 1137 109 215 1033 1693 1107 1567 785
40.147999999999996
23.2927

31 64 225 373 396 397 467 537 725 760 889 1451 1656 1667
1727 1689 1523 1161 1343 546 1516 1256 1267 1646 1508 1230 1397 740
40.2072
24.9166

5 121 128 150 178 209 356 410 464 594 712 804 919 946 1101 1325 1375 1395 1459 1486 1488 1599 1606 1621 1630 1631
1641 1726 1532 1562 1684 1585 884 1214 1711 688 1511 51 1371 1713 186 621 1605 1473 1614 1239 1566 1124 1660 1346 1491 561
82.187
44.6793

55 131 169 225 399 468 601 826 829 910 927 1023 1040 1101 1157 1169 1272 1345 1347 1414 1423 1447 1497 1527 1632 1700 1711 1735 1737
1734 1642 1126 1621 688 1687 1699 969 1692 1694 1299 591 1712 925 1341 247 1454 1567 1459 1080 1089 1267 1173 279 1436 793 1224 1263 1472
101.1742
62.8491

279 283 335 426 533 558 814 826 841 886 949 995 1000 1007 1026 1059 1304 1350 1388 1433 1658 1659
1595 1520 1640 1718 1396 720 1737 1617 1680 1607 1034 522 326 72 1610 1606 1454 984 777 58 1083 1379
62.3303
34.2264

81 235 418 438 443 590 880 974 1057 1425 1473 1638 1676
1735 1734 1711 1545 1407 1618 1691 1519 1127 1236 253 1616 1209
46.3827
27.6854

126 373 424 525 668 826 941 973 994 1111 1123 1388 1473 1725
1671 1048 720 1173 345 1610 1535 709 1719 1346 113 272 1644 215
39.1368
23.6963

77 237 316 366 625 750 884 1107 1247 1721
1584 1629 1621 1068 1059 1527 1339 72 1299 1742
34.2138
19.0058

374 385 462 578 1269 1527 1528 1630 1668 1675
1640 884 1479 1514 1617 992 1567 320 1631 1633
35.0432
20.9206

5 207 379 408 431 438 469 525 703 807 1046 1055 1077 1111 1150 1199 1207 1243 1256 1314 1503 1519 1550 1604 1608 1657
1636 1562 1618 1532 1026 1624 557 863 1600 1097 272 847 924 1062 1237 1322 1141 1594 1330 808 1188 1291 1379 750 1099 214
72.4614
46.2237

85 349 367 427 440 450 500 564 570 571 601 688 768 908 973 1032 1037 1057 1156 1176 1286 1333 1350 1385 1425 1450 1452 1469 1566 1726 1741
1744 1595 1748 1691 1737 1709 1711 1734 1666 847 1346 1545 1637 799 1732 452 1727 1042 202 72 1650 1267 1438 1684 456 154 1244 1340 1127 1549 1613
102.1931
54.0243

19 80 93 210 455 776 882 950 979 1185 1211 1243 1374 1421 1447 1455 1478 1520 1656 1679
1737 1747 1644 1253 1653 1714 1517 1201 1392 1487 1641 1630 745 538 1085 1150 1663 680 1448 971
62.2818
36.161300000000004

105 361 591 1052 1168 1215 1267 1394 1405 1528 1595
1737 1554 1617 1137 1514 991 1346 923 1053 339 582
39.8853
24.2343

46 102 146 166 203 214 370 373 455 514 541 566 685 869 882 926 1128 1153 1200 1379 1410 1427 1483 1487 1612 1642 1720
1744 1502 1722 1622 1727 1588 1517 1737 1691 1242 1419 1739 1157 1736 671 1719 1135 1444 1404 276 828 79 114 860 530 1236 1630
83.2596
46.853899999999996

146 148 305 388 556 723 745 778 799 848 1049 1057 1326 1395 1416
1711 1585 884 1545 618 1660 334 1248 1618 1237 1675 425 1369 860 896
44.6314
24.3014

80 107 151 371 408 420 440 473 603 641 656 668 940 1012 1021 1572 1691 1711
1095 1749 1080 670 1351 1431 808 315 532 1267 1461 1690 1692 1029 788 676 769 971
42.4982
26.9678

73 105 487 516 956 976 1131 1157 1160 1209 1530 1581 1622 1713
1698 1333 1706 1685 968 1717 753 1567 701 339 1260 1133 1150 1105
47.3531
27.8475

69 120 130 149 150 191 209 237 313 490 737 1016 1021 1134 1157 1427 1488 1503 1507 1713
1584 1691 1214 1618 1607 1250 1473 572 1133 1260 1150 1414 1719 1573 1330 317 1271 272 862 1168
50.101
27.3444

456 494 656 720 838 857 872 1164 1198 1247 1271 1310 1374 1391 1401 1456 1577 1747
1681 1163 1689 1167 1431 316 1020 591 1646 510 745 1605 686 1059 993 1356 252 1536
53.8361
35.4148

44 102 213 303 370 547 661 795 874 963 1130 1292 1400 1430 1564 1646 1669
1502 1737 1423 1242 1732 1680 1605 1530 38 938 1250 67 885 1150 247 1251 114
54.2734
31.7083

126 234 332 348 408 427 437 487 515 524 533 590 671 816 829 838 897 899 981 1145 1172 1236 1345 1374 1495 1522 1553 1640 1713 1746
1584 1048 1610 1148 526 1421 1657 1677 1133 1464 1174 1062 1567 1510 84 537 808 1360 1150 247 370 1310 1407 927 1344 179 138 1261 72 508
89.6951
54.6357

235 316 523 566 750 818 960 1217 1263 1383 1445 1456 1577 1710
1517 1681 1689 1068 1691 1133 1167 1736 1527 1196 1555 355 215 1020
41.1653
24.6502

66 109 240 294 316 328 331 339 405 437 467 474 684 799 813 838 893 1026 1192 1237 1247 1249 1314 1361 1401 1462 1486 1505 1515 1700
1732 1566 1683 1562 1684 1642 1701 1057 1101 1722 1680 618 1716 1720 1053 1617 1340 1618 1309 1248 1303 1040 1068 1299 996 1527 623 279 1356 1371
99.1532
56.417

42 56 81 313 354 450 494 511 575 655 724 726 755 893 919 949 979 1110 1121 1322 1423 1607 1634 1663 1720
1737 1724 1696 591 567 1666 1728 1414 1439 1373 1392 793 1394 1573 1662 430 79 1236 1638 530 1617 1252 1653 1046 107
81.3514
48.0491

73 153 225 235 357 394 405 523 575 726 862 962 1014 1044 1055 1160 1224 1283 1308 1328 1522
1724 1609 1613 1691 991 1439 1333 1618 215 1133 1425 1662 1373 175 671 138 621 576 1508 1482 607
54.6571
32.2121

259 506 515 516 591 594 622 733 737 785 809 862 923 939 1092 1121 1164 1385 1466 1481 1640
1687 1584 1609 1727 1148 1204 1517 1373 991 701 424 1149 1638 957 370 1346 39 847 652 508 253
67.7177
39.2765

244 437 470 677 710 858 903 994 1043 1252 1278 1491 1675 1720 1744
1737 1204 1701 1617 1553 1480 1610 1020 1159 1349 1127 1344 1579 1346 499
55.6943
33.6821

55 214 227 366 379 524 854 935 1199 1288 1304 1394 1463 1731 1741
1621 1709 1649 1624 109 1287 1691 1473 1602 905 1498 1598 1530 1497 641
46.2677
29.2085

35 39 165 277 345 385 395 431 451 474 488 514 558 684 745 956 982 1083 1105 1150 1198 1284 1288 1321 1324 1392 1429 1472 1515 1549 1558 1646 1682 1686 1714
1566 1732 665 1642 1680 1724 1685 1386 1718 1666 238 1555 1057 1167 1532 334 1260 1553 1340 434 1701 1295 1505 910 1135 637 844 1436 248 663 1574 189 808 709 24
107.5487
61.5973

113 153 303 434 436 494 499 507 553 650 780 886 906 922 923 949 974 1030 1032 1077 1099 1198 1207 1338 1478 1494 1531 1553 1606 1657 1701
1722 1618 446 1610 1566 1648 1714 938 1167 863 283 901 1161 1097 1062 847 1604 98 1149 1732 1492 1487 778 452 1261 591 1425 247 58 72 1345
93.2638
58.5735

88 105 149 191 216 541 641 702 804 869 1222 1257 1385 1550 1572 1687
1727 546 1577 1026 1330 1517 1028 339 730 1267 847 1461 315 276 1710 214
41.0647
23.3807

69 121 194 209 313 327 331 411 452 467 468 485 581 700 750 900 932 934 937 1012 1313 1375 1400 1445 1469 1487 1551 1685
1532 1242 1204 1739 1161 1004 1124 1646 1594 938 1473 847 1491 1196 67 561 670 1574 1614 446 895 1715 1411 894 398 408 1539 1529
73.3003
43.2489

253 395 420 515 574 742 862 870 885 1031 1175 1237 1375 1416 1486 1509 1586
1658 1609 1684 1373 701 884 1181 1666 1646 623 1371 1675 1124 1605 434 561 1040
53.9671
29.5493

76 170 373 578 730 876 918 1052 1198 1221 1257 1333 1536
1748 1609 546 1167 1053 1443 1150 167 768 1706 1282 213 1675
38.047399999999996
22.882

437 487 550 618 641 656 726 916 934 1016 1091 1094 1131 1595 1695 1710 1722
1724 1737 1554 1163 1373 923 713 829 884 1167 1567 1344 847 1639 1004 582 1318
62.1084
39.1765

46 53 109 249 435 478 696 995 1000 1309 1461 1503 1744
1617 1553 1701 1396 1204 1446 1483 1242 1618 1135 1020 1706 1127
42.4819
24.0074

17 44 194 253 389 450 468 541 551 591 723 744 785 991 994 1130 1326 1370 1374 1463 1577 1631 1669
884 1681 1666 1689 1491 633 1605 1040 709 1534 1371 1574 1473 895 745 1239 905 1602 1493 1150 294 1530 1369
67.6692
41.9131

8 31 67 117 151 191 245 367 514 617 791 799 829 1079 1099 1211 1222 1416 1435 1608 1657 1691 1710
1727 884 1237 1133 1653 1618 1253 1627 1749 618 1028 1322 1095 1167 1248 1351 1693 1675 1062 769 863 1487 847
74.78829999999999
44.2012

39 42 113 169 268 504 533 899 1016 1038 1042 1222 1292 1374 1450 1458 1658 1682 1683 1713 1719 1735
1706 1386 1722 501 1694 582 1089 1712 1394 1133 882 1610 1464 38 745 326 932 1613 1544 1150 808 1028
78.4532
49.362

70 77 164 578 641 712 966 981 1015 1055 1091 1133 1140 1150 1160 1163 1175 1464 1737
1642 1658 1373 1732 1646 1532 1551 1710 623 1703 1562 1706 1436 1239 1459 1002 167 315 307
60.0556
35.8337

53 120 146 203 234 320 584 594 700 720 791 813 874 922 926 938 974 1012 1015 1184 1199 1217 1246 1262 1263 1305 1309 1328 1372 1720 1725
1737 1636 1683 1517 1204 1618 1392 1163 1371 1731 1687 272 1624 711 1483 1198 1535 345 316 1505 1173 1320 1493 785 885 1237 1017 1555 79 1127 1381
96.3438
55.439

259 366 415 547 658 661 783 1128 1247 1257 1319 1375
1622 1621 1471 546 709 370 1124 1250 561 1052 1648 1299
33.9791
18.2072

73 80 191 437 853 854 899 1124 1309 1575 1634 1722
1254 1464 1483 713 1333 829 1344 1617 1318 1589 1287 474
37.9849
25.4966

290 385 499 550 694 783 829 874 883 980 1219 1243 1470 1527 1586 1685
1566 1649 1734 709 882 359 1609 1161 1646 1004 320 1567 885 1715 1411 1529
45.4512
26.1126

6 93 94 98 330 348 396 435 617 618 655 730 742 838 883 926 1006 1059 1079 1143 1341 1470 1494 1503 1631 1654 1669 1741
1744 1709 1618 882 1727 1605 862 109 1343 1663 1501 1004 1487 1287 1574 1491 1662 1150 1019 1094 1215 768 538 1675 1239 1083 1357 1136
86.9582
54.262

182 339 348 380 436 496 511 582 813 1248 1281 1387 1527
1683 1716 1074 1371 1740 320 476 1567 1696 785 1672 84 989
35.4283
20.0643

283 313 467 485 575 649 720 841 872 927 1068 1105 1153 1190 1312 1313 1324 1456 1473 1629
1726 1684 1687 238 1163 1127 1419 1439 1020 1724 300 1415 1607 1198 1169 1610 1681 522 510 1573
59.2281
33.6108

62 117 149 345 476 570 688 699 725 783 1000 1126 1239 1298 1322 1326 1430 1450 1591 1595
1737 1685 665 1618 1554 1637 1133 1204 651 923 880 1617 1530 582 1386 714 1257 1369 1087 1267
65.3547
35.1704

81 373 374 405 411 415 493 500 696 967 1091 1095 1190 1428 1441 1584
1685 1744 1471 1682 1236 1631 300 1660 568 1633 1052 1662 1127 1679 1148 172
41.6955
22.8976

76 85 258 408 414 427 493 541 550 677 735 862 885 899 941 960 966 1007 1012 1023 1030 1067 1156 1192 1200 1281 1332 1400 1520 1553 1679
1747 1644 1609 1722 701 1181 1734 1610 526 1657 1464 67 1646 1662 1404 1674 247 174 1261 1346 688 808 1594 1672 680 1141 670 345 698 20 568
83.3135
48.7017

73 86 207 258 514 523 701 725 778 857 869 940 1105 1178 1219 1495
238 1133 215 1333 179 1609 1124 1062 11 84 1310 50 1605 1574 852 686
43.3962
26.4954

178 213 504 562 865 1035 1095 1099 1314 1683 1721
1666 1423 501 621 1660 582 1371 374 1439 1022 880
39.5072
24.6421

113 541 549 724 872 919 1341 1395 1430 1522 1536 1565
1744 1585 1722 1737 567 1711 1094 1530 510 1019 1681 1087
42.6391
22.5232

147 490 556 850 929 962 1046 1192 1288 1305 1306 1324 1345 1447 1646 1679
1737 1680 1545 1724 991 1330 557 1607 1097 1224 896 1124 1414 413 680 1150
45.4675
26.4543

109 182 216 317 527 643 690 726 736 962 1135 1256 1597 1646
1724 1680 1663 991 1617 1373 1747 1309 1218 1141 526 1438 1551 1518
39.1644
22.2129

164 408 476 494 524 607 690 765 767 791 799 813 817 854 889 1008 1055 1169 1230 1248 1304 1333 1395 1410 1416 1455 1460 1461 1564 1566 1629 1656 1706 1713
1748 1737 1683 1691 1585 1126 1127 1371 1237 1711 1684 1446 1517 1647 1710 618 847 1618 1204 1133 884 1026 1675 1415 1242 1150 1660 785 1516 1498 1482 1497 1108 1472
106.2417
60.4596

26 74 178 227 245 249 380 455 551 603 712 755 1032 1126 1161 1278 1328 1375 1401 1546 1737
1727 1685 1696 1010 621 651 1649 1642 1371 1124 1459 1436 452 561 499 84 232 1087 1337 1493 1530
62.5727
34.2974

66 73 234 249 275 379 470 1041 1176 1561 1621 1631 1634
1520 1641 1346 1610 1244 1159 1617 456 1684 1333 186 1239 51
41.3801
22.9181

207 335 501 562 594 1095 1111 1185 1209 1321 1381 1392 1520 1642 1706
1727 1704 1747 1644 1201 1660 1333 1260 1641 1026 109 493 1498 910 1379
55.0295
33.4796

151 182 286 320 394 710 725 745 848 910 998 1173 1199 1271 1585 1608 1642 1721
1727 1736 113 1613 1624 1322 1097 334 1737 1505 433 1381 1344 375 630 425 1022 924
59.1104
36.4708

107 450 487 533 601 641 818 934 1007 1072 1085 1133 1180 1245 1262 1324 1385 1387 1416 1472 1507 1536 1608 1676
1735 1520 1691 1602 1666 1727 884 1732 847 1607 1699 1675 572 1567 1322 924 1724 315 1618 794 1294 903 433 1256
76.1073
42.7538

74 115 147 179 339 340 382 396 418 570 646 667 670 726 782 811 897 923 941 962 980 988 991 1008 1085 1094 1101 1150 1180 1311 1319 1539 1556 1647 1741
1726 1724 1242 884 1709 1386 1373 1716 1602 688 1107 881 1618 1551 1330 951 1649 1431 1248 1346 1517 1639 898 1287 1127 1532 1254 1149 1108 1196 922 1498 370 1614 253
110.9855
61.2686

41 107 182 203 314 399 514 724 818 826 923 946 982 1043 1046 1178 1338 1358 1461 1486 1522 1638 1687
1684 1577 1614 1605 1330 1446 557 1519 1097 487 1517 1618 283 1149 730 598 178 1266 773 1393 1690 1029 74
64.6179
39.7633

415 644 1031 1034 1037 1044 1049 1128 1131 1249 1606
1622 1471 1244 1618 623 1052 51 1154 848 1180 209
26.0005
14.1099

142 234 371 382 455 524 531 579 649 735 810 861 889 1037 1157 1193 1217 1281 1341 1361 1644 1725 1746
1744 1517 1048 1720 1722 1423 887 1173 1510 1244 814 345 1089 1646 537 1552 272 1535 1469 1019 1271 1260 1094
73.20230000000001
43.7892

80 253 349 384 415 500 641 853 895 916 939 949 1016 1095 1118 1200 1215 1248 1311 1350 1494 1549 1715
1737 1595 1722 1703 1471 1660 1386 881 1517 410 1371 72 1346 1505 1265 1127 1052 1404 1163 476 315 1040 1295
74.5869
41.9687

245 313 454 562 799 829 897 1030 1085 1219 1487 1631 1679 1721 1722
1727 1602 1739 618 1248 713 1609 1491 1237 1618 621 1239 1318 1022 1573
47.6196
28.9918

39 46 73 80 105 131 277 283 414 510 612 652 667 760 778 800 903 926 962 974 1012 1079 1135 1195 1219 1221 1397 1405 1455 1472 1579 1624
1726 1446 1609 1720 1458 1618 1731 1712 1480 1663 1722 991 1523 1143 1152 522 1137 1487 1333 339 1607 808 1127 670 307 224 548 1151 852 1266 5 426
91.4229
49.2767

53 67 80 190 235 245 339 404 653 655 862 927 929 960 982 1043 1046 1311 1401 1433 1582 1663 1692 1703 1710
1743 1691 1727 1609 1716 1687 370 881 1627 1167 1347 320 480 557 738 1097 318 1649 1373 1077 1247 355 1035 1260 1227
77.1353
44.5418

149 166 313 349 361 384 451 603 674 724 886 947 1042 1147 1192 1425 1564 1582 1622 1703 1717 1737
1743 1642 1734 968 1691 370 1244 1436 1150 569 1394 1299 1346 1459 1347 738 1690 1087 36 219 1227 1105
68.1508
39.861

39 115 190 438 970 994 1163 1298 1456 1591
1703 1594 709 1551 1020 1562 808 202 1108 1649
26.94
17.5011

55 109 126 147 179 399 424 571 579 690 804 813 858 922 988 1123 1314 1321 1400 1446 1461 1503 1519 1527 1586 1687
1330 1618 1683 1371 1107 1048 1671 1204 1567 924 320 1577 1349 1617 1309 923 1517 67 730 910 785 1719 72 1099 272 1237
76.9797
43.0029

210 435 474 570 612 720 773 886 963 1034 1042 1267 1488 1644
1458 1163 1214 1701 1618 1423 1394 1198 1089 316 36 814 58 1706
44.4561
27.4391

98 105 113 132 369 408 487 523 562 592 601 719 778 903 979 981 1016 1178 1248 1488 1509 1561 1584 1721 1746
1685 1520 1722 1214 1480 1744 1699 1133 1392 1510 109 339 476 1567 537 215 621 1679 67 1048 568 1022 808 593 172
74.145
42.7786

91 121 130 166 179 397 467 671 718 826 842 982 1016 1268 1309 1338 1375 1379 1391 1485 1487 1519 1528 1582 1621 1700 1706
1641 1691 1532 1451 1480 1618 561 1373 1466 1346 1617 1514 1341 1734 1483 1161 1739 1124 279 1360 283 1267 1492 1517 186 1347 1677
88.2784
51.6

5 67 249 328 409 725 785 870 916 923 1123 1199 1267 1406 1495 1744
1562 1701 1553 1671 1204 1532 179 1163 1127 1627 1020 1149 1062 1624 224 1310
53.9083
32.0863

76 148 170 225 551 665 701 850 956 1087 1123 1160 1194 1278 1429 1433 1469 1519 1581 1644 1717
1553 1698 1685 1671 1545 1150 1107 1244 1089 1423 753 499 814 1033 11 1124 1386 50 546 1267 1325
63.6257
36.7723

147 194 275 279 371 450 473 550 574 575 607 718 719 782 813 821 848 886 905 926 1086 1095 1126 1184 1374 1459 1515 1550 1561 1578 1746
1732 1685 1520 1683 1566 1666 1640 1731 1660 785 1511 651 1722 1026 1330 1057 1371 1439 1466 1242 1340 637 745 1048 1402 537 895 1510 215 572 374
96.7829
51.1527

41 120 283 332 410 474 553 625 758 780 1067 1262 1494 1509 1644
1713 1701 1089 1423 1604 814 1461 1607 1469 522 1566 1345 1714 291 903
39.5976
24.2498

76 142 343 397 718 857 929 995 1095 1143 1147 1161 1237 1385 1392 1397 1459 1556 1747
1727 1010 1466 1396 1722 1260 1511 1660 569 1605 847 433 572 1646 1536 374 686 1594 1690
57.1744
34.2829

44 52 85 361 650 792 930 1462 1640 1693
1584 1148 1101 1028 72 927 370 688 996 39
34.2583
20.1493

81 85 182 316 514 523 667 690 883 982 1052 1161 1164 1193 1339 1368 1646
1726 1680 1010 884 91 1133 1527 215 1053 688 1282 526 1236 5 283 1530 1263
48.9544
26.0958

70 367 426 670 768 804 1079 1101 1401 1459 1612
1588 688 202 1511 1737 1487 1385 1444 572 1346 828
30.9456
17.8588

69 77 361 388 525 612 658 1059 1133 1257 1722
1458 546 1732 713 829 425 474 1318 1256 433 1083
31.4042
19.1496

178 179 345 394 438 533 592 724 889 939 1042 1118 1135 1199 1224 1245 1256 1308 1379 1520 1546 1553 1578 1585 1621 1683
1747 1641 1644 665 1610 501 1663 1517 1657 526 582 1141 1613 1722 1346 1371 1394 1662 25 1624 1618 186 1337 621 1344 247
92.62010000000001
55.849000000000004

56 77 102 232 314 437 443 454 469 781 799 809 850 880 1068 1178 1192 1211 1272 1298 1341 1345 1433 1441 1449 1452 1469 1572 1577 1676 1713 1726
1744 1735 1502 1253 1267 1681 1653 969 1237 1532 1545 618 1689 1042 1337 1340 1159 1236 1133 1248 1650 1344 1094 1616 154 1618 1019 1549 25 794 1224 1150
98.4871
54.1934

76 103 688 765 1339 1360 1397 1400 1497 1539 1668 1678 1691
1640 1732 1242 1722 1637 884 1431 91 1749 1095 561 1127 1471
58.8327
37.324400000000004

235 612 668 726 956 1126 1200 1430 1435 1706 1744
1685 1724 1722 1737 1553 1701 651 1204 1691 1693 1026
54.1108
31.7928

35 313 656 720 736 816 899 1004 1026 1031 1156 1184 1235 1256 1263 1304 1328 1405 1423 1459 1497 1505 1731
1562 1680 591 1511 1464 1137 1163 1198 1691 1040 1303 316 1431 793 303 1551 1555 1493 1573 1141 1598 572 698
63.3667
38.0254

107 120 310 330 335 397 434 469 907 913 1133 1530 1533 1622
968 446 1719 1732 1690 1717 433 1161 178 51 1487 1256 1105 830
36.8425
20.5718

88 244 286 685 706 998 1051 1466 1539 1558 1573 1647 1659 1725
1744 1687 1242 1386 1204 113 1614 1431 1552 272 1173 1535 1127 1373
62.2518
38.5713

52 88 240 328 424 504 551 817 818 880 913 926 956 973 1006 1029 1067 1077 1209 1292 1305 1328 1495 1533 1551 1579 1634 1663 1714
1720 1685 1719 1048 1555 1594 1143 1618 1333 1501 38 320 84 480 1062 1310 1357 1215 1617 621 1436 1616 1493 434 79 321 355 1046 1173
82.21979999999999
51.1993

105 249 314 345 719 949 996 1034 1083 1157 1322 1494 1606 1658 1747
665 1691 1618 1260 1610 339 1638 326 1646 51 984 663 24 1536 1271
47.253
30.3083

514 516 800 829 858 903 981 1040 1173 1281 1332 1339 1455 1486 1678 1700
1736 1684 884 1480 91 1734 1204 1471 1349 701 1341 1605 279 1171 1089 1454
57.4759
35.4173

62 139 165 209 286 313 450 470 495 541 737 768 804 816 821 960 981 1034 1195 1470 1555 1556
1618 1666 1610 726 113 202 882 1159 1019 1346 227 1573 1227 426 1473 1588 1176 1165 224 172 1277 67
54.137
30.2252

147 451 913 960 1099 1180 1200 1239 1267 1629
1722 1684 1719 1127 1330 1415 880 1169 1404 36
31.5917
17.8138

147 452 473 558 719 780 861 946 1007 1044 1140 1272 1313
1520 1242 969 1718 925 1330 938 1491 1614 307 1345 733 626
32.4436
16.2755

13 121 303 394 411 420 510 524 737 980 1008 1037 1060 1072 1079 1087 1281 1303 1350 1368 1375 1435 1540 1564 1588 1644 1666 1675 1679
1595 1532 1562 1244 1647 1068 1649 1693 1517 238 814 1613 1089 1712 1124 1423 938 1487 561 1190 649 250 272 1469 1577 608 175 1497 990
89.1839
52.9022

98 415 426 435 436 456 736 778 1522 1578 1656 1679 1692 1706 1717
1691 1471 1722 1244 1737 109 493 1052 1026 1150 1260 1498 1077 138 252
51.44
33.4676

235 570 578 606 688 908 988 1362 1406 1416 1468 1481 1691
884 1637 1107 1749 1532 1095 1675 1351 1438 532 167 1706 38
39.1554
23.2712

139 405 470 523 674 742 895 967 991 995 1000 1007 1051 1133 1162 1180 1315 1326 1362 1370 1383 1385 1487 1556 1691
1520 1703 884 1727 1732 1396 1739 1749 1610 1159 1095 1552 1299 1617 1346 1493 433 215 1351 355 532 847 294 1534 38
76.3998
43.8806

55 132 153 190 438 549 601 795 897 916 919 1021 1060 1095 1134 1145 1332 1370
1726 1732 1660 1250 1163 1425 1534 67 1699 345 294 630 374 1188 401 1649 1337 567
45.2238
26.4412

52 56 94 179 440 490 607 641 653 677 701 785 807 816 858 862 895 962 966 1067 1162 1176 1180 1192 1193 1199 1269 1305 1332 1346 1489 1533 1553 1564 1686
1703 1609 1610 1618 991 1479 526 1657 1204 1684 1624 1349 456 1402 480 1242 992 1124 247 1016 11 1737 1461 1414 981 315 1289 50 1261 922 413 1587 1482 1165 345
92.0607
54.0945

85 88 237 259 426 510 556 661 668 677 719 725 804 810 884 900 918 1083 1150 1162 1190 1310 1332 1374 1488 1528 1539 1564 1572
1584 1629 1242 1214 1532 1737 1712 1267 1514 1431 1617 72 1250 300 688 1127 1574 1443 745 1742 993 709 663 227 898 24 733 345 213
76.5493
43.1493

67 94 294 409 579 804 853 966 1140 1271 1679
1053 1627 1589 224 307 680 568 797 740 1147 1108
22.929000000000002
14.7325

245 426 594 667 702 998 1173 1193 1235 1345 1381 1447 1659
1726 1737 1736 1727 1224 303 1150 737 425 95 1497 1277 1172
38.8746
18.8519

19 71 93 113 153 313 317 404 496 636 702 767 939 1007 1040 1091 1094 1192 1237 1284 1310 1385 1391 1533 1556 1573 1593 1719
1520 1727 1386 1722 1517 1614 1454 1663 237 1425 318 847 388 1254 538 993 1032 1069 189 790 211 10 67 1438 1369 1024 253 1273
72.56400000000001
42.7767

62 131 277 317 488 601 684 745 838 939 980 1128
1622 1642 1649 1699 334 1517 1618 844 1356 427 1438 790
30.8828
16.234099999999998

17 190 232 332 566 581 582 618 674 699 809 996 1083 1342 1425 1481 1546 1573 1669
1691 1746 1734 1736 1074 1337 1740 1605 1614 633 1299 1004 1574 253 1150 24 1136 663 671
56.2571
32.7787

149 194 244 382 388 389 464 582 606 607 622 667 706 768 814 857 906 938 996 1015 1077 1079 1095 1108 1350 1385 1446 1458 1515 1622 1692
1726 1691 1595 1706 1732 1636 1727 968 1242 1392 1074 924 1057 1566 72 1660 202 910 1717 1373 1740 1034 923 1605 425 637 1690 1487 1423 1416 1544
103.9998
56.0771

210 405 464 525 880 973 1064 1072 1248 1372 1415 1416 1421 1503 1668
1640 1699 884 1089 1085 1675 238 1618 915 500 1616 476 1330 434 215
45.1557
26.9959

88 156 232 249 305 369 434 550 553 649 653 677 792 848 857 884 893 913 962 970 974 1135 1140 1172 1222 1308 1423 1430 1464 1530 1632 1726
1744 1028 1737 1618 1629 446 1719 1605 1663 799 793 1042 1604 480 591 72 1340 1650 1742 882 1239 154 991 1002 1263 1266 1087 1549 317 1594 1329 1236
96.2782
55.8132

44 210 598 702 737 1092 1215 1577 1604 1721
1636 1681 1689 1600 957 1022 153 621 1337 593
32.2509
20.6398

115 366 414 420 443 454 516 537 590 930 1170 1189 1269 1309 1368 1394 1515 1561 1579 1581 1737 1741
1732 1520 1698 1642 1566 1709 1621 1057 1720 1479 1407 1483 1340 701 753 1143 316 1459 1343 1436 1209 314
78.8931
46.0192

71 126 415 827 934 940 980 1059 1131 1211 1243 1288 1405 1433 1579 1668
1640 1653 1471 1720 1649 1253 1137 1143 847 1052 1719 953 277 1083 1124 1154
45.5859
24.9707

74 150 156 170 207 283 411 584 591 617 641 809 861 938 998 1006 1193 1324 1333 1341 1357 1374 1421 1470 1595 1744
1636 1748 1737 1554 1553 1701 1204 1392 1724 991 923 882 1020 1127 1559 1085 1461 1607 1501 1017 582 1386 1215 1094 522 745
84.8963
49.7879

35 62 327 450 510 541 737 1040 1064 1430 1447 1528 1579 1624 1657
1737 1446 1699 1666 1712 1618 1617 1720 1514 1454 1143 1530 1152 1062 847
57.8235
33.2193

473 685 782 800 841 874 884 897 979 1055 1249 1271 1322 1470 1595 1606 1629 1700
1744 1737 1554 1684 1734 1415 882 923 1127 1392 1169 279 623 1267 1742 72 582 885
63.166399999999996
37.1631

327 574 903 1077 1157 1164 1357 1410 1414 1505
1562 1621 1480 1299 1559 410 1303 1040 1539 1260
30.9933
17.4863

437 438 496 581 871 1121 1207 1263 1267 1319 1345 1368 1410 1566 1683
1691 501 1737 582 370 847 1344 1555 1648 1224 1198 793 927 194 1188
43.2089
26.516

103 113 136 327 361 742 906 963 1290 1459 1558 1591 1624 1638 1669 1682
1446 1722 1605 1511 1152 1519 5 1574 1532 1157 1135 561 1539 778 1029 773
58.311
39.0642

53 102 139 182 504 556 652 667 981 995 1030 1059 1094 1105 1303 1369 1421 1449 1597 1731
1726 1502 238 1396 1747 1159 227 121 1691 896 25 1639 1085 1574 1254 1083 526 1598 50 1244
60.0301
33.8658

148 373 385 408 415 440 469 515 590 618 643 649 652 799 821 925 932 962 1037 1079 1083 1085 1192 1269 1372 1387 1392 1561
1520 1602 1731 1471 991 1487 1479 1407 1244 1248 1260 1237 992 1618 981 1004 1052 910 24 1337 1209 1136 255 663 808 1329 1330 813
71.5428
40.084

66 105 331 643 737 820 979 982 1000 1008 1046 1193 1259 1284 1685
1647 1617 1517 1161 1646 1392 557 1004 339 1097 1695 1715 1411 1614 446
44.6589
27.9843

17 136 320 656 670 712 765 882 897 946 996 1051 1060 1086 1147 1385 1458
1706 1691 1727 1517 1737 1552 633 1614 569 1505 215 1431 847 785 219 1544 1112
53.9432
31.623

70 507 625 652 718 720 905 974 1272 1433 1621
1641 1163 1731 1618 1466 969 925 1198 316 186 1097
36.5207
20.2553

17 310 418 462 853 889 956 1057 1085 1284 1286 1666
1711 1685 1602 1545 633 1487 1190 980 1516 1577 253 1281
36.143
20.7815

88 178 464 659 710 744 991 1192 1550 1638
1499 884 1026 1371 621 1519 375 1196 915 773
31.9763
19.4849

2 211 348 420 641 783 893 1026 1032 1150 1186 1235 1269 1308 1325 1487 1522
1680 1739 1479 1532 709 452 992 981 777 1461 1559 315 303 138 1618 1201 762
41.7433
25.534

8 66 88 203 235 277 343 405 454 456 485 883 919 1068 1170 1269 1531 1551 1597
1726 1691 1747 1161 992 1594 981 526 98 1479 401 433 1518 252 567 1354 1002 636 300
47.373
27.2247

305 370 373 470 549 650 665 690 848 893 930 1153 1170 1305 1405 1553 1564 1663 1667
1610 1689 1242 526 1657 1159 1137 1419 1107 320 1346 1033 321 114 247 1354 1481 413 1261
55.9388
33.42

70 184 330 331 396 427 516 518 560 598 745 768 820 906 939 1042 1046 1111 1134 1156 1181 1221 1448 1488 1577
202 1609 1517 1681 1214 1689 954 1394 1250 334 701 1097 1695 557 36 778 153 988 1674 953 446 1286 63 344 786
64.4667
36.8102

93 98 179 435 452 456 516 560 625 652 889 923 1008 1138 1147 1186 1278 1313 1451 1487 1564 1663 1747
1727 1618 1242 1647 938 1646 1731 1517 109 1739 320 499 701 569 1491 1149 1256 1706 1516 922 252 1393 957
72.8561
44.2807

105 207 330 415 424 436 454 504 523 533 655 684 726 804 938 981 1040 1092 1157 1268 1305 1448 1455 1485 1515 1686
1732 1724 1636 1642 1566 1471 1373 1392 1057 1048 1553 1454 215 1052 844 637 339 607 1017 1260 1662 1133 1517 1271 1168 413
77.5613
42.6736

132 317 357 462 656 795 862 1292 1315 1360 1361 1441 1539 1642 1711
1732 1727 1431 1242 1609 1722 109 1692 1720 1080 38 1127 1281 67 1702
57.3541
32.9216

77 109 384 437 473 494 495 516 570 656 820 930 935 1091 1172 1283 1337 1533 1540 1566 1737
1691 1642 1617 701 847 1731 1309 1436 1459 591 1344 1695 1317 1431 1087 317 1717 953 1286 649 314
52.2873
30.8331

55 556 606 641 792 799 816 923 1134 1138 1281 1401 1455
618 1028 1250 1248 1618 1237 1149 1461 315 1393 1672 1165 227
33.8379
20.7626

126 182 303 440 506 795 799 871 893 1006 1072 1079 1414 1634
1732 1621 1299 618 1501 1373 938 1618 1248 238 1237 1487 1357 1215
42.367
24.6025

94 121 132 151 258 399 455 496 541 592 643 655 780 995 1169 1178 1194 1237 1358 1360 1361 1435 1509 1577
1732 1532 1126 1681 1722 1396 1720 1693 1689 1552 1662 67 1614 1472 1266 109 1345 1702 598 793 1168 668 1305 215
63.8448
37.0561

26 91 129 164 193 210 328 389 418 451 513 649 671 688 874 919 939 1021 1031 1059 1147 1235 1315 1331 1461 1597 1706
1373 567 1637 1451 1517 1446 1710 1360 1747 1677 1026 1416 1394 1662 569 219 1498 253 885 487 990 776 410 1329 401 1083 1257
73.6364
43.7443

98 283 286 356 384 507 625 656 700 735 862 1156 1433 1581
1698 1737 1609 1204 113 109 753 1607 1097 522 1646 1431 1674 1519
42.5662
23.5019

107 182 211 332 424 473 537 622 671 718 826 1176 1246 1338 1703
1743 1687 1048 1684 370 1174 456 711 1343 1677 1360 283 738 1423 1227
45.2895
24.5547

52 66 370 607 700 712 782 960 1032 1083 1305 1533 1658 1666 1685 1710
1242 1204 1161 1402 1167 1646 1004 1715 1610 1190 1732 980 1614 114 984 1454
54.3325
35.7243

132 511 556 862 1176 1185 1312 1365 1406 1462 1615 1642
1733 1727 1609 1672 1101 1201 996 1641 1532 456 1684 67
44.7653
24.9483

184 190 367 745 809 929 988 1145 1311 1324 1397 1436 1527
1107 1155 1722 1724 334 881 320 1567 1649 630 1337 1035 1378
32.1098
17.7611

13 501 539 578 612 813 862 865 1088 1110 1209 1267 1455 1584
1685 1704 1683 1609 1562 1458 1371 1333 1068 167 785 1744 568 1394
53.4245
30.5136

93 166 211 240 283 331 606 897 981 982 1038 1051 1215 1267 1395 1536 1647
1691 1585 1386 1711 1552 1660 1248 1607 522 1493 932 538 1663 107 446 1373 1658
49.0222
28.5428

88 156 366 424 504 525 533 537 570 584 625 667 733 735 768 821 991 1037 1193 1237 1387 1421 1464 1470 1480 1488 1503 1604 1630 1650 1691 1731
1726 884 1549 1636 1430 1621 1048 1244 1638 1214 1618 1749 1239 1085 227 882 1095 1646 1343 1351 546 202 1002 876 1518 1600 532 1158 1330 1196 1598 908
99.8695
57.382

103 115 166 719 755 821 829 850 870 940 998 1032 1068 1079 1110 1230 1325 1478 1577 1668
1726 1640 1696 1487 1691 1681 1545 452 1394 561 1689 733 1482 1108 1029 286 824 425 1201 131
52.6256
27.5957

46 142 232 380 527 566 1189 1446 1459 1744
1701 1553 1204 924 1511 572 1736 1135 923 1020
37.0159
22.6314

103 149 164 277 394 396 426 581 618 622 665 718 730 838 848 907 916 927 991 1007 1014 1099 1118 1150 1236 1312 1406 1464 1555 1659 1679 1683 1719
1520 1553 1532 1386 501 884 1687 1737 1710 582 1163 1613 1019 1033 1421 1239 1107 561 1618 1466 1029 1356 1196 768 1004 1588 1227 178 1136 1002 175 388 1481
97.2304
56.0691

361 720 818 874 900 1163 1495 1572 1599 1654 1679
1618 1703 862 1198 84 1343 1551 1062 316 1574 1310
36.9314
24.6238

203 234 258 331 537 581 598 745 783 865 929 1094 1105 1128 1245 1326 1421 1485 1612 1658 1683
238 1622 1588 501 582 709 334 1610 1444 1639 1343 446 1085 326 1517 1385 153 1574 1369 1294 1254
67.0639
42.1992

70 98 105 237 290 451 574 575 578 612 644 736 785 818 854 963 966 1008 1016 1021 1110 1178 1224 1272 1290 1306 1415 1455 1509
1584 1458 1089 1647 1734 109 925 969 1517 1607 500 1439 339 1706 167 1251 1618 1662 898 1401 317 1394 957 850 1689 838 626 1652 633
71.2893
40.9404

74 88 405 667 750 795 1067 1079 1140 1180 1325 1401 1462 1495 1551 1561 1659 1715 1717 1720 1721 1744
1726 1520 1737 1732 1701 1553 410 1101 1204 1244 1691 1150 1127 1062 1020 179 1594 1022 1310 621 1487 1265
83.2607
50.9917

109 210 932 982 1004 1095 1108 1321 1415 1584 1678
1685 1744 1089 1617 1471 500 1309 1679 864 922 1063
40.381
25.6095

105 533 809 950 1044 1101 1111 1133 1157 1190 1243 1257 1315 1326 1333 1433 1483 1497 1509 1575
1748 1714 688 546 1732 300 339 1260 1256 1369 1545 433 1271 1422 1211 830 1695 512 633 561
47.7737
28.1429

13 258 515 606 900 916 939 1131 1133 1391 1394 1485 1519 1632 1638 1644 1647
1562 1386 1517 1732 1574 1068 1423 1248 1373 109 814 1163 1469 1089 773 969 1099
54.6951
33.0934

17 102 216 258 420 481 549 582 869 1059 1060 1303 1372 1388 1584
1502 1685 1471 1074 720 1740 633 1744 568 1083 1679 172 1696 382 276
42.2838
22.9653

67 294 339 436 677 700 706 857 1051 1083 1086 1288 1311 1312 1362 1460 1687 1700
1204 1577 881 1552 1716 1330 1053 1517 1341 279 1605 1267 730 785 1108 1734 1627 1493
61.7039
40.09

142 178 183 427 450 591 773 783 1030 1230 1642 1711
1727 1666 1692 709 1371 991 621 1080 1539 109 1482 1346
38.8372
23.4747

41 42 132 316 332 349 431 462 468 487 506 700 718 769 829 876 962 979 1049 1105 1162 1245 1257 1304 1310 1311 1365 1388 1391 1400 1427 1436 1565 1659 1687
1204 1330 238 1155 1577 881 67 546 1567 1315 1719 1373 720 1068 991 1294 1517 1346 1392 1574 1281 730 993 248 1527 1022 810 511 1140 1466 488 1172 363 1277 131
87.0644
51.269

17 56 354 367 903 930 1107 1194 1342 1374 1405
1746 1480 1339 1137 633 745 1737 1059 1322 909 716
28.8137
15.9248

70 328 331 470 643 694 935 982 1041 1083 1099 1138 1193 1290 1381 1578 1719
1386 1610 359 1159 1244 1722 1346 663 446 898 388 24 36 894 95 1262 1261
46.1336
28.8231

2 56 129 290 370 385 570 720 758 903 905 1207 1259 1286 1288 1321 1338 1394 1456 1519 1693
1480 1242 1734 1163 109 283 1737 1198 316 1020 114 72 1267 1492 1099 941 1432 1133 553 984 1012
54.3944
33.5548

77 139 290 450 454 501 607 718 1016 1029 1095 1110 1118 1121 1252 1305 1337 1365 1464 1555
1704 1666 1734 1660 1466 1731 1242 1019 1402 1394 1239 1317 1002 328 1588 303 79 1272 317 1227
53.6903
30.8684

39 310 328 388 551 706 799 829 842 1060 1189 1416 1711
1480 884 618 1248 1692 1080 1675 1237 425 1618 808 316 1487
39.3419
24.1062

8 88 374 707 724 939 1180 1269 1310 1584 1667
1685 1689 1479 1517 1669 1631 992 1633 1744 568 981
36.2326
21.0958

39 94 170 184 374 513 598 694 736 750 809 869 979 1041 1118 1164 1178 1214 1246 1271 1400 1423 1448 1466 1608 1624 1711
1687 1446 726 591 1204 1732 359 1692 1152 711 1080 1244 1631 793 5 808 1392 1633 67 225 1342 924 1322 1436 1107 424 307
84.7291
50.8963

31 74 77 348 361 388 399 452 499 636 650 665 677 719 725 854 871 966 973 1046 1057 1111 1153 1185 1246 1262 1263 1278 1304 1311 1315 1433 1486 1527 1657
1566 1553 1684 1711 1687 1242 1545 881 1201 1641 557 1419 711 1033 709 215 320 847 1062 425 1567 1097 938 1107 863 1605 1555 321 1218 1481 1267 733 903 763 481
92.0813
52.8368

74 207 506 658 785 807 1004 1170 1236 1369 1460 1573 1676
1735 1373 1614 1421 253 50 72 1068 794 1337 1108 1354 501
38.0712
24.285

44 277 405 436 469 525 566 643 656 658 706 903 1055 1111 1124 1209 1328 1361 1395 1410 1473 1551 1573
1585 1711 1722 1480 1720 1333 1736 1254 1660 1614 1552 253 1431 1594 621 1610 1493 480 671 764 1287 916 869
58.112700000000004
33.2511

136 139 286 373 462 490 531 533 659 688 690 701 773 842 1087 1091 1118 1209 1257 1416 1456 1495 1632 1679 1725
1499 884 1637 546 113 1480 1173 345 1333 11 1062 1124 1675 272 1535 1020 50 179 887 84 1310 1263 1414 1281 388
75.143
45.3216

17 91 190 277 335 345 408 487 525 570 656 701 842 966 1012 1037 1052 1083 1105 1161 1215 1224 1303 1311 1387 1425 1468 1536 1572 1579 1615 1693 1701 1720 1725
1733 1737 665 1010 1451 1734 1244 1373 1672 1480 1267 881 238 1648 808 1337 272 1173 1053 11 1535 50 1143 1567 633 1124 1649 79 901 941 1282 530 24 1379 776
112.3393
65.2605

225 234 405 409 464 506 523 592 658 818 829 956 962 1192 1236 1243 1325 1446 1451 1658 1703
1727 1743 1685 991 370 924 1421 910 1373 1618 1610 215 224 1133 738 1100 923 1227 1256 326 72
65.1269
37.7055

66 85 356 590 677 712 829 848 865 1021 1410 1427 1429 1485 1591 1630 1667
884 1689 1407 1719 688 1209 1618 241 880 908 1517 1230 227 793 621 131 425
44.4273
28.9318

41 62 67 76 151 178 467 527 653 685 871 910 1111 1310 1397 1401 1416 1549 1615 1642
1744 1733 1672 884 1727 1722 1371 1386 1627 1505 1295 1618 480 1675 621 1218 630 433 1160 109
62.4053
33.8397

53 120 129 184 227 305 467 795 895 897 988 1029 1043 1044 1052 1161 1173 1256 1385 1488 1615
1733 1736 1732 1010 1703 1107 1672 1727 1649 1214 1053 1282 847 1141 79 1530 862 48 1551 398 727
56.2926
27.5718

130 235 335 374 464 592 688 703 730 733 768 826 858 899 1026 1044 1110 1200 1249 1305 1319 1388 1406 1421 1435 1445 1459 1539 1586 1706 1737 1741
1722 1242 1642 1637 1709 1511 1532 202 1204 1431 1680 572 1498 1464 1693 720 1436 1691 1287 1631 1349 623 1085 1127 1633 898 1394 1196 1404 1648 1087 1638
97.7497
56.7486

74 76 117 211 259 370 409 418 438 455 539 641 656 665 880 925 950 1014 1123 1124 1130 1172 1173 1247 1250 1263 1271 1383 1441 1470 1483 1509 1634 1721 1746
1736 1553 1687 1714 1671 1133 1337 1242 1048 1254 882 1510 621 1033 1107 355 1617 307 537 1717 1022 1461 315 247 1555 1616 1618 767 1200 1431 1157 847 253 317 1059
102.7738
61.8532

121 146 380 504 886 897 1192 1306 1383 1719
1386 1532 1607 355 58 388 860 84 1518 1479
25.0783
14.2778

26 69 149 275 431 454 556 690 730 964 1006 1032 1051 1068 1209 1305 1350 1397 1495 1505 1582 1629 1667 1698 1719 1721
1726 1595 1562 1684 1689 1386 1722 1552 1127 1333 1501 72 1169 1303 84 1040 452 1493 768 395 1347 1357 1310 1062 1618 1215
90.9937
53.8976

73 81 190 330 389 437 452 488 495 513 553 650 861 886 929 941 974 998 1079 1185 1193 1283 1288 1450 1585 1646 1683 1700 1714 1746
1734 1680 1048 1242 501 1618 1555 1604 1236 582 1344 1641 1337 1141 1510 1346 1341 1201 279 1097 25 1333 1267 1436 537 1487 1416 1352 847 1613
96.0451
58.8348

42 52 895 905 1044 1230 1286 1331 1362 1459 1487 1595
1737 1554 1703 1511 1739 923 582 1482 572 714 38 984
36.436
20.8916

53 93 98 148 404 437 478 488 507 562 598 661 694 718 871 1004 1067 1111 1163 1257 1269 1288 1309 1360 1368 1388 1427 1698 1744
1732 1701 1553 1204 1703 1479 1720 1617 1466 1483 395 1020 1551 546 1097 202 1719 992 1344 720 1242 1663 981 988 538 318 1314 153 1250
86.4304
50.7392

94 102 151 409 606 622 641 658 736 807 862 900 940 1046 1095 1259 1313 1325 1466 1520 1644
1502 1687 1747 1609 1423 1089 1204 1660 1574 1097 814 224 424 1469 1491 557 279 315 1461 374 630
63.3958
34.186

156 237 618 750 814 820 838 1064 1178 1259 1278 1311 1414 1685 1722
1584 1699 1621 1004 881 1299 713 499 1695 1646 1161 829 1034 1356 1614
52.6344
32.9447

109 235 643 742 939 970 1008 1185 1271 1483 1530 1536 1667 1746
1517 1689 1647 1048 1617 1691 1510 1641 1594 1201 537 1157 51 957
46.7583
28.5163

115 235 357 658 696 780 842 853 1200 1345 1435 1452 1483 1669
1722 1480 1693 1605 1157 1691 1574 1589 846 1150 1404 1108 1224 1232
39.1957
23.5737

136 169 244 510 522 547 558 570 643 658 816 850 906 960 1000 1190 1257 1362 1549 1572 1582 1615 1630 1701
1733 884 1712 1545 546 1386 1718 1648 1617 300 1672 1295 1505 901 1267 778 1347 1548 609 227 908 38 1160 1045
65.7153
36.7743

2 55 81 253 303 310 320 667 1312 1365 1606 1642
1726 1727 1737 1371 938 1040 1236 109 1381 51 641 1487
39.0724
22.837

164 253 515 558 566 658 760 769 785 1030 1134 1370 1425 1429 1527 1676
1735 1734 1710 1718 1523 1250 1736 1534 320 1315 1371 1567 794 671 709 1040
46.8335
26.0682

113 129 328 584 671 724 821 903 938 960 1207 1381 1494 1515 1564 1579 1675 1676 1735 1737
1732 1642 1722 1566 1480 1694 1392 1174 1712 1720 1057 1340 1436 637 1636 1459 1143 1677 277 794
75.014
46.1765

42 121 207 316 328 501 659 817 908 1134 1185 1193 1326 1425 1549 1558 1604 1737
1704 1499 1532 1636 1734 1642 1386 1250 1201 1068 1641 1436 1295 1459 1505 1438 1135 1369
65.1479
37.4602

55 130 303 332 370 388 396 409 431 456 650 1156 1164 1186 1192 1298 1305 1441 1448 1706 1710
1242 1167 224 938 1026 1559 1498 363 114 493 252 1674 1422 641 413 561 1127 1002 425 705 1660
50.2694
33.0423

8 17 107 147 209 414 462 551 575 578 688 785 795 1143 1219 1248 1415 1429 1459 1481 1564 1588 1597 1703 1722
1743 1732 1609 1727 1089 1511 1330 572 1439 1637 633 370 1747 713 829 1473 738 250 476 167 500 1706 1401 1690 652
81.4117
48.6305

268 283 313 574 939 970 980 1181 1195 1473 1495 1595 1722
1737 1554 202 954 1649 713 1517 1594 923 829 582 84 522
50.089999999999996
31.3516

178 394 574 696 699 701 718 724 853 1099 1124 1138 1160 1170 1184 1314 1322 1414 1486 1494 1577 1654
1684 1621 1681 1613 1731 1689 1299 1466 862 1343 1371 621 1605 1254 50 11 1589 668 1287 1291 1237 36
62.3797
36.3157

275 327 366 607 903 1163 1387 1389 1586 1650
1621 1480 1242 1551 1703 1402 847 1518 202 1562
30.5932
18.411

26 55 66 69 209 354 410 515 575 720 758 778 809 817 842 874 889 910 1015 1041 1064 1123 1133 1215 1221 1303 1324 1368 1388 1391 1466 1473 1584 1683 1692
1687 1691 1685 1732 1671 1609 1244 501 1204 1480 1699 1198 1163 582 630 433 1461 1679 1439 1610 1322 1713 1744 1260 1516 316 1724 1644 568 1173 1256 172 830 1373 885
101.7413
56.7254

2 76 86 166 240 467 570 592 636 820 842 1012 1015 1099 1147 1163 1175 1433 1451 1459 1464 1536
1727 1658 1646 1691 1480 1511 1373 623 1551 1703 569 1695 1239 1562 670 1002 219 572 202 1160 36 1594
61.3277
34.3847

77 105 129 549 906 994 1026 1057 1145 1463 1700
1711 1734 1680 1341 1545 709 279 1602 1473 905 339
35.5348
21.9015

130 183 210 382 418 625 659 694 820 1029 1145 1224 1243 1252 1445 1530 1575 1591 1691 1711
1499 1749 359 1080 1095 769 1351 1662 1695 51 253 1196 532 1539 1211 241 1272 222 1692 79
54.7941
34.7174

56 320 343 397 618 700 861 967 1015 1131 1184 1379 1481 1520 1747
1737 1644 1731 1204 1161 1004 1646 1505 1381 1536 1154 433 1136 848 1260
43.6325
26.5021

151 214 303 410 622 650 653 658 758 799 848 893 905 916 967 1123 1463 1588
1671 618 1163 1248 1713 938 1423 1473 1618 1237 1602 1566 1461 480 608 1530 250 272
48.0664
28.6317

6 107 335 354 356 369 394 434 469 582 598 641 649 652 677 694 769 773 841 882 908 1000 1160 1178 1185 1209 1309 1337 1370 1387 1509 1646 1686 1720
1731 1737 1680 446 1074 1201 1553 1517 1740 1613 1617 1641 1333 1483 1534 1322 1438 1317 79 294 530 1690 1379 1315 1461 1236 988 153 1329 315 39 1630 1696 674
90.0805
51.4219

214 404 462 522 533 562 625 668 690 719 755 791 816 865 874 908 919 1067 1133 1292 1309 1585 1595 1698
1696 1737 567 1554 1732 395 1483 923 38 1438 1097 318 25 885 1237 733 1344 1484 582 1141 433 1548 880 1281
70.9751
41.6028

348 371 388 427 579 667 795 826 880 923 932 1124 1175 1247 1507 1515 1632 1663
1726 1732 1691 1658 1566 1373 1646 1057 623 1607 1254 637 425 1149 572 320 1616 1263
67.3378
35.6272

258 316 340 399 464 487 488 601 795 938 1092 1257 1301 1303 1306 1445 1451 1520 1536 1682 1713
1727 1732 1636 1499 1747 1644 1551 1392 546 1567 1699 1068 1607 957 1017 1150 1141 1196 1646 499 915
68.0835
37.7464

169 371 415 420 431 469 499 541 742 820 966 994 1004 1032 1051 1094 1267 1332 1358 1360 1441 1472 1480 1578 1691 1698 1706
1732 1549 1430 1471 1744 1566 1749 1552 1722 395 452 1026 493 709 1614 1695 1052 1095 1493 1484 1498 546 1351 1639 548 107 345
86.1876
54.1299

5 178 310 327 361 485 537 591 649 699 765 903 976 979 1008 1029 1060 1271 1338 1421 1430 1456 1460 1577 1607 1695 1737
1562 1642 1706 1728 1681 1647 884 1517 1371 1414 1480 1689 1392 1436 1087 1459 1085 1343 1530 1539 1020 991 1068 74 285 1108 1346
83.916
49.9431

120 384 470 500 581 671 880 962 1338 1389 1588
1737 1610 991 1159 1174 1360 1677 847 283 1346 1492
38.2768
23.9578

35 109 128 357 394 410 571 694 903 935 1173 1269
1736 1480 359 1479 1617 1613 1713 1309 992 1461 1566 981
33.6769
16.9168

190 305 388 443 523 533 641 644 813 962 1046 1057 1200 1222 1350 1427 1483 1495 1519
1595 1722 1683 1545 1711 1371 991 1028 557 72 1133 215 1461 84 1157 1404 179 425 1719
62.8757
34.6996

129 136 209 210 244 409 606 671 782 811 842 857 973 980 1029 1041 1121 1236 1284 1462 1491 1555 1577 1629 1658 1721 1735
1684 1480 1579 1681 1712 1649 1101 1127 1174 1610 1694 1617 1689 1019 1421 1360 1244 996 1605 326 1169 224 1677 1473 609 1453 984
89.43
56.1377

93 207 253 354 499 537 765 900 937 1021 1088 1249 1288 1657
1566 1371 623 1343 1062 847 863 709 538 1519 1574 1663 1322 1218
37.7371
22.9545

183 258 316 340 388 524 527 641 688 700 706 829 858 899 1000 1008 1068 1086 1333 1400 1566 1586 1634 1646
1726 1748 1737 1691 1680 1204 1617 1637 1647 1517 1551 1464 847 1349 785 1527 425 67 215 1461 315 957 1539 1218
73.5304
39.5573

80 156 279 504 510 525 694 736 893 895 1031 1060 1086 1250 1271 1306 1400 1450 1566 1595 1650 1658 1683 1713 1726
1737 1744 1687 1554 1640 1691 582 1703 501 799 1712 923 1042 359 1133 847 1610 215 67 307 1607 785 154 1340 1549
97.9795
57.4257

26 46 67 317 385 414 553 696 702 730 962 1040 1083 1091 1099 1184 1189 1193 1200 1259 1284 1345 1528 1539 1578 1584 1585 1741
1722 1685 1242 1709 1617 1731 1431 1744 991 1604 1135 1514 1127 1454 898 1627 25 1344 768 1404 1287 568 1438 1097 1224 1734 172 1141
87.6875
52.4866

46 74 115 303 345 438 553 700 736 780 785 818 826 897 916 956 1016 1059 1108 1143 1217 1315 1319 1341 1357 1486 1515 1520 1527 1593 1666 1676 1746
1744 1735 1732 1747 1566 665 1684 1644 1685 1204 1517 1163 1605 1337 1057 370 1340 1135 1604 1559 1510 637 537 320 1567 1618 1190 1727 980 794 1019 410 938
112.606
62.8349

56 487 606 960 980 1008 1193 1211 1406 1446
1653 1647 1253 924 1532 1567 923 1517 910 1649
32.1798
19.273600000000002

26 55 380 384 395 591 938 1037 1161 1290 1700
1636 1737 1341 1010 1734 1666 1392 991 1244 279 434
43.3756
25.5215

76 77 170 418 496 661 884 970 988 1168 1172 1190 1252 1551 1553 1554 1561 1644
1629 1520 1504 863 1610 1107 1594 526 814 1657 1089 1250 1423 300 72 1742 1469 247
61.0071
36.2596

165 253 305 327 332 366 462 501 598 707 712 807 893 947 1059 1219 1252 1308 1360 1374 1428 1436 1446 1447 1494 1555 1559 1585 1608 1650 1675 1737
1732 1704 1642 924 1621 726 1155 1609 1669 1508 109 1322 1682 1734 1019 1539 1459 1371 745 1227 1281 1344 1150 1040 923 1518 1702 232 910 25 1087 621
102.995
63.9664

191 244 294 396 440 473 504 515 547 617 760 842 880 918 1030 1067 1101 1156 1298 1315 1339 1410 1416 1470 1591 1595 1606 1692 1711 1721 1744
884 1737 1691 1701 1554 1553 688 1204 1480 1053 882 923 91 1523 1675 1080 1127 740 1020 621 526 1150 1314 1022 1171 582 1260 1616 213 1443 434
103.85340000000001
62.511

142 361 371 470 474 490 494 504 510 549 684 769 982 995 1014 1049 1160 1248 1322 1430 1505 1678 1714
1642 1562 1737 1701 1396 1555 1610 1159 1471 1346 1040 1303 1712 1089 1315 1530 476 844 1436 1414 922 1618 1087
68.0649
39.8594

153 203 225 259 653 785 980 1055 1436 1489 1644 1676 1735
1089 1694 1155 1649 1712 1423 480 1289 1425 814 1469 546 794
47.1674
31.2506

31 85 94 131 259 778 826 937 996 1040 1057 1140 1185 1194 1272 1313 1347 1478 1481 1644 1722
1691 1711 1491 1201 969 925 1545 1641 814 1454 1089 1423 713 1469 688 1487 1318 307 1519 829 852
63.7065
38.4754

418 470 511 513 579 646 671 773 804 889 905 1000 1035 1085 1164 1169 1186 1193 1331 1341 1360 1456 1634 1687 1703 1719
1744 1743 1732 1386 1666 1617 1602 1126 370 1577 1610 951 1174 1330 1159 1677 738 1020 1346 1094 1516 730 1559 253 1618 1031
90.5702
51.8648

139 191 235 327 451 501 510 541 562 655 665 735 745 817 905 1035 1095 1168 1283 1430 1458 1509 1572
1706 1704 1553 1737 1666 1712 1660 334 1033 1107 1646 1539 1530 1691 1544 1267 1662 1439 374 1481 1087 328 1173
64.5157
35.3511

31 109 117 234 438 490 735 767 778 795 838 857 1021 1034 1046 1088 1173 1209 1219 1271 1305 1389 1423 1468 1546 1561 1565 1581
1736 1732 1520 1698 591 1618 1617 1609 1333 753 1133 793 1646 1309 847 1605 1414 1097 557 1691 1356 413 1337 480 1188 852 1369 194
81.9781
48.4379

31 121 237 893 934 1007 1026 1083 1111 1176 1267 1303 1491 1522
1584 1520 1532 1579 1617 1680 1684 847 456 663 777 138 24 1244
44.0677
24.7178

13 102 170 253 320 328 450 467 488 504 575 592 838 899 903 919 938 1052 1108 1180 1236 1298 1421 1464 1481 1558 1629 1647
1502 1726 1386 1562 1636 1666 1737 1684 1392 1127 1480 1439 1053 1248 1371 1415 1085 1135 1169 1040 1356 1017 1239 225 1381 1282 1002 1157
87.3495
47.9107

107 121 132 149 169 370 405 470 496 575 581 848 850 883 979 1222 1263 1328 1425 1452 1462 1530 1591 1688 1701 1722
1720 1532 1734 1545 1610 1101 1242 1439 713 1648 1028 1346 882 1392 1696 996 621 1159 1318 829 793 67 1555 1493 238 51
76.4043
43.0646

194 467 791 858 929 1030 1315 1326 1433 1604 1731
1636 1204 1691 1349 1600 1369 1237 895 1598 1378 1158
31.795
20.1887

194 431 436 523 956 988 1064 1108 1257 1463 1553 1586
1685 1107 1610 1699 546 1657 526 215 1133 1602 905 895
37.514
21.2867

66 313 335 354 490 504 579 703 750 1007 1034 1105 1118 1245 1256 1321 1464 1468 1487 1559 1669 1711
1520 1508 1574 1618 1692 1605 1739 1080 238 1322 892 1573 1239 109 1294 1150 1141 1414 1002 1032 355 1379
60.8609
36.237

13 70 147 190 203 313 328 356 388 396 454 473 476 525 733 926 1021 1138 1303 1308 1370 1391 1415 1497 1669
1562 1089 1204 1330 1068 500 1605 1534 1574 425 253 1150 1638 294 1649 1244 382 1573 1442 459 1337 636 300 1173 1689
58.2811
35.0528

53 388 468 487 564 646 668 688 783 1035 1224 1394 1460 1720
1737 1666 1637 709 951 109 1693 1567 425 1257 1439 1662 530 79
45.6221
27.8586

126 414 574 769 804 1064 1430 1540 1584 1595
1737 1685 1554 1699 923 1530 1315 1744 1679 582
37.8684
20.6588

52 81 132 136 190 410 426 481 490 496 537 556 570 650 685 782 813 826 898 950 963 973 994 1012 1094 1200 1248 1406 1455 1495 1539 1632 1666 1682
1744 1722 1683 1242 1532 1714 1371 1737 1649 1471 1431 179 1236 1343 1127 1062 1713 1566 709 1404 1254 1310 785 670 1251 1263 1461 84 67 896 476 1414 1603 1577
97.7278
55.5265

149 253 313 316 317 792 1032 1123 1170 1337 1342 1682
1746 1671 1028 1731 1068 452 1527 1371 1317 1603 1040 1644
35.9278
21.3795

102 184 370 495 649 719 745 907 908 1031 1193 1337 1346 1430 1577 1632 1686
1502 1737 1681 1242 1731 1689 1553 334 1530 178 1438 1317 1263 1329 733 1087 833
47.2062
26.1493

67 128 394 455 655 795 883 905 1358 1464 1593
1732 1613 1627 237 1239 1614 1662 175 598 1266 1168
33.3255
21.4338

91 142 305 487 726 894 900 1099 1163 1189 1207 1314 1383 1597 1685 1741 1747
1373 1724 1646 1709 1451 1703 1161 1567 1551 1732 1004 1562 1614 1715 1574 202 1237
63.0847
39.9398

67 216 725 853 1107 1198 1199 1370 1421 1470 1624
1446 1339 882 1167 1627 1152 5 1534 1085 1059 294
35.2374
20.9195

156 328 598 1194 1211 1237 1551 1607 1667 1720
1653 1737 1728 1253 1414 1689 1594 79 988 530
40.2362
25.0978

374 515 758 908 919 1012 1360 1365 1388 1389 1483 1572 1654 1731
1732 567 720 862 1691 1631 1343 1157 1438 847 1267 1633 670 1702
46.2588
28.5258

31 207 316 380 388 455 500 976 1023 1199 1446 1515 1539 1546 1599 1682
1566 1732 1242 1706 1734 1057 1127 924 1431 1527 1068 1340 425 923 1624 1148
58.821799999999996
34.9545

26 35 249 331 579 646 884 940 1094 1134 1245 1345 1459 1469 1505 1531 1540 1551 1640
1584 1629 1562 1148 1250 1511 951 1161 1040 72 1594 370 1303 1742 446 98 39 1639 508
62.661100000000005
37.0294

13 44 71 107 156 213 331 507 694 938 966 1092 1333 1381 1392 1406 1410 1478 1666 1667
1748 1636 1562 1689 1423 1532 1260 359 1068 1097 446 1190 957 1487 980 1017 1715 1230 1690 1330
60.6038
34.543

330 348 367 571 908 925 1038 1321 1668 1726
1744 1640 799 1337 1042 1340 1650 1236 1549 1438
39.0934
23.5474

396 469 510 558 636 684 745 778 938 1101 1107 1164 1301 1310 1324 1455 1456 1483 1584 1585 1686 1687
1685 1744 1636 1642 1718 688 1330 1577 1712 1339 1392 1724 1499 1553 334 1517 25 730 1097 1679 1157 1017
82.1671
49.2813

253 268 310 581 702 854 861 947 998 1189 1192 1328 1515 1522 1539 1584 1642 1666 1669 1678 1686
1727 1685 1566 1242 1732 1553 1431 1057 1340 1127 1605 1744 1471 1190 637 1371 459 1574 1150 568 980
79.7811
49.65

39 102 170 440 455 496 560 603 618 658 723 742 773 795 817 884 930 1021 1160 1195 1249 1281 1298 1308 1360 1368 1458 1468 1478 1489 1531 1540 1555 1669
1502 1732 1706 1629 1161 1605 72 1544 1019 1004 109 1672 1289 1150 225 808 1742 1487 1325 1574 426 623 1136 649 1588 1227 1691 224 1386 152 98 660 355 793
89.663
53.6336

74 388 454 507 571 579 649 650 841 900 1072 1099 1173 1515 1528 1608 1621
1736 1732 1566 1641 1617 1057 1346 1514 186 1340 637 1322 1097 425 238 1574 924
53.9193
28.6042

213 374 515 750 821 869 903 947 1312 1331 1388 1486 1515 1556 1698 1737
1732 1642 1684 1423 1566 720 1480 1057 1340 1459 395 1436 1605 1631 637 1484
53.7922
30.8088

5 69 661 694 760 854 874 970 1029 1143 1156 1160 1198 1250 1252 1360 1430 1451 1489 1495 1565 1695
1727 1732 1687 1562 1737 1523 1167 1594 884 1646 1530 1062 359 179 1310 307 84 1289 1702 885 1236 1087
70.1613
39.9847

56 142 214 294 394 418 427 500 539 553 571 677 782 826 848 932 949 982 1004 1031 1085 1186 1209 1221 1286 1331 1365 1448 1531 1588 1640
1584 1148 1609 1602 1613 1333 1053 1604 370 98 1737 250 767 927 700 608 508 1161 253 39 272 175 1618 480 764 501 1127 1638 1559 1605 1474
84.9274
51.9884

103 670 684 720 773 886 964 1046 1190 1385 1485 1539
1727 1242 1163 1642 1431 1198 316 1127 844 557 300 847
42.744
26.4025

64 227 562 612 649 782 783 799 818 827 858 949 980 994 1029 1060 1068 1184 1215 1308 1416 1421 1612
1726 1649 1618 1458 1731 884 1588 1204 618 1248 1349 1237 1675 709 1085 1385 828 953 1444 48 79 513 1329
63.0212
32.4033

120 316 410 701 810 850 907 1006 1162 1324 1358 1468 1612 1676
1735 1588 1724 1068 1713 1545 1501 1566 1124 11 178 1527 50 1385
48.5037
29.9977

234 380 467 551 566 765 821 857 905 937 1064 1147 1172 1184 1219 1247 1257 1268 1308 1509 1586 1703
1743 1699 1731 1609 370 1736 546 569 1605 219 738 671 1519 1717 317 84 1059 686 1227 984 1305 1000
55.4958
31.8404

227 500 524 531 578 750 897 935 1077 1131 1248 1268 1427 1650
1649 1127 887 476 1719 1706 167 1518 1154 989 1701 848 1497 1148
34.9282
22.5591

234 331 464 574 818 838 940 1014 1049 1121 1304 1379 1606 1667
1618 1689 1356 446 51 915 1230 425 910 1116 1000 1195 548 867
30.2751
19.0449

67 132 164 436 478 525 1038 1205 1347 1491 1565 1725
1733 881 1710 1579 1617 1173 1627 1242 1535 1610 345 932
40.6509
23.8064

52 73 339 566 649 1186 1405 1472 1591 1701
1716 1736 671 1648 1137 1333 901 1559 1618 548
30.1673
18.3286

44 150 607 870 900 1087 1375 1527 1631 1650 1722
713 1242 1124 1402 320 1574 1567 1701 561 1239 1518
35.7521
23.8069

132 164 165 214 237 395 405 450 513 591 641 656 661 670 684 776 778 814 817 821 874 929 1055 1178 1331 1383 1509 1531 1588 1631
1666 1584 1642 726 1710 991 1346 1161 434 1034 1662 1250 1491 250 844 608 67 98 1431 1606 272 355 990 885 315 1239 1461 1112 1448 852
78.4375
44.3617

56 69 81 86 102 148 320 487 783 813 818 988 1088 1123 1147 1169 1200 1209 1284 1308 1459 1522 1533 1647 1668 1746
1502 1640 1722 1737 1683 1107 1386 1126 1511 1671 1371 1048 1248 1618 1567 1333 569 1373 537 785 219 138 1505 1404 1236 1510
86.76989999999999
47.6628

35 405 469 476 566 661 720 785 930 1049 1124 1321 1481 1533
1163 1204 1254 1250 316 1198 1736 652 1287 671 818 1024 1016 179
32.2644
19.0194

52 374 409 468 493 501 652 653 723 726 755 782 939 1190 1278 1331 1337 1429 1449 1546 1579
1724 1704 1696 1731 1720 1517 1159 1143 121 480 1373 25 300 224 1631 1633 499 1317 1662 303 328
61.0581
32.0726

85 165 190 310 332 349 434 478 636 659 726 820 876 884 899 900 903 1107 1181 1339 1358 1369 1388 1430 1486 1489 1509
1724 1737 1499 1684 446 202 1629 1373 954 720 1242 1464 1480 1346 1530 1605 72 1742 91 1266 1171 526 1059 688 953 1289 1087
83.1174
47.2853

148 213 500 551 800 925 937 1107 1126 1134 1173 1205 1325 1578
1685 1736 1733 881 651 1423 1339 1250 1337 1722 1127 1059 255 1519
47.9127
25.0204

117 148 420 426 487 560 963 1034 1060 1083 1306 1339 1387 1458 1459 1559 1577 1612 1700 1713
1706 1133 1588 1681 884 91 1511 1689 1508 1567 1737 1734 1618 1171 279 1267 1385 1607 1341 1544
69.0597
40.9106

19 71 136 331 369 504 511 702 755 799 876 893 897 930 994 1118 1224 1328 1629 1735
1696 1684 1712 1127 1662 1618 1694 618 446 1237 1248 1415 1169 1089 1453 906 1018 621 1032 1149
55.6361
32.5585

169 361 533 644 653 671 883 923 1004 1021 1083 1162 1247 1281 1290 1324 1345 1445 1447 1481 1640 1654 1679 1682
1737 1584 1148 1724 862 1360 480 1343 1174 1149 1677 927 508 370 1672 1196 1150 1224 501 652 1062 24 1393 680
74.6592
47.1337

156 244 515 671 730 816 894 906 981 1034 1064 1314 1485 1505 1577 1612
1562 1681 1588 1699 1689 1618 1174 1385 1360 1677 1040 1303 1444 768 1675 778
46.8108
27.1409

153 409 591 1006 1038 1059 1250 1286 1301 1325 1464 1531 1536 1550 1564 1578 1607 1741
1499 1687 1728 1709 1414 991 1161 1026 1722 1287 932 1425 1239 98 224 1357 1267 307
64.87310000000001
41.0379

130 394 674 795 880 980 1193 1288 1304 1410 1483 1486 1489 1497 1509 1654 1714
1732 1684 1613 1555 1343 862 1649 1157 1605 1074 1436 434 1616 1299 1289 175 1510
51.9637
32.202799999999996

35 105 455 696 814 925 935 1133 1217 1286 1288 1331 1468 1631 1668 1698
1640 1517 1732 1337 395 1034 1491 1484 339 1239 1256 1606 648 255 433 589
46.3889
28.5784

35 67 183 194 211 283 501 547 562 581 769 776 778 804 898 995 1041 1185 1192 1237 1311 1469 1473 1491 1573 1577 1586 1667
1704 1689 1681 1396 1617 1732 1579 1641 1244 1627 881 1614 1315 1607 253 522 895 1448 764 1305 1539 1230 303 328 1267 1035 1610 852
78.1168
47.307

179 452 507 550 551 773 853 870 884 895 900 918 939 949 966 1014 1021 1083 1087 1199 1243 1298 1427 1481 1550 1607 1679
1618 1629 1703 1728 1242 1517 1414 1624 72 1026 1097 1443 1719 1574 1150 1572 1589 1742 938 174 1653 663 214 213 652 24 969
72.434
41.216300000000004

70 156 335 356 443 485 525 594 745 791 799 1030 1126 1150 1163 1322 1441 1448 1495
1685 1237 1618 651 1562 1703 1532 334 618 1248 1062 1551 84 1379 1310 202 1544 1646 179
50.1848
27.8765

62 249 420 539 566 617 670 688 848 870 880 905 995 1035 1043 1083 1111 1168 1172 1257 1397 1469 1481 1561 1573 1575 1588 1735
1520 1666 1736 1637 1694 1396 546 1722 1089 1712 1618 1614 250 1150 1616 253 608 663 1439 1267 671 1020 767 652 24 272 1662 1346
83.0581
50.9576

55 332 456 636 937 1026 1044 1168 1224 1675 1721
1680 621 1662 1022 593 777 1020 1519 252 1306 641
29.4761
20.468799999999998

85 117 136 139 153 183 210 235 268 388 560 591 659 670 674 795 883 885 893 897 1037 1169 1224 1341 1464 1522 1558 1666
1744 1732 1126 1181 701 1499 1691 1346 1133 991 1662 1539 425 1425 1135 1157 1299 688 1094 1019 1190 1239 1577 1002 980 1472 1112 1244
80.7214
45.817

81 146 164 209 210 237 374 380 511 694 712 816 838 899 918 973 1037 1083 1328 1333 1360 1389 1530 1539 1612 1711
1584 1732 1748 1242 1588 1710 1431 621 1464 359 1692 847 1236 1244 1080 1473 1127 1443 1633 1385 1631 1702 1150 1356 1444 109
83.7892
48.1665

6 86 674 685 735 841 900 1004 1449 1455
1744 1159 121 1299 1646 25 1574 501 1519 759
28.4202
16.2069

39 64 184 225 279 371 408 507 511 518 553 670 719 758 811 862 871 930 1168 1178 1315 1341 1360 1385 1463 1480 1509 1663 1693 1715 1725
1744 1732 1609 1549 1430 1640 808 546 410 1727 1173 1473 1604 345 1535 1265 72 1097 1346 1094 272 1508 847 905 320 1019 1602 1112 1702 814 109
102.0172
60.0084

8 64 170 317 366 369 410 598 702 712 723 804 838 900 935 940 964 998 1023 1049 1162 1178 1230 1245 1551 1642 1691 1714 1741
1727 1621 1734 1709 1555 1713 1749 1498 1461 1287 1095 1594 1436 1574 1386 109 1351 1356 621 225 1438 988 1482 532 1325 1294 737 153 676
84.14529999999999
52.765

52 62 139 277 279 294 437 438 737 773 791 865 869 871 973 1004 1272 1332 1452 1478 1497 1546
1640 1618 969 1053 925 1344 215 1487 345 1337 880 846 501 1141 1237 1188 276 194 768 759 988 1016
52.005
32.838

13 356 388 405 571 703 791 905 1172 1195 1462
1562 1101 1068 996 425 224 1237 426 700 317 984
27.0941
15.6727

5 348 389 451 506 510 885 966 1140 1669
1562 1181 701 1605 1373 1712 1574 1150 1416 355
27.6797
14.7201

93 136 216 234 249 380 397 702 925 1134 1305 1315 1461 1473 1551 1555 1706
1250 1446 1337 1594 1019 1161 538 1663 1610 1026 1498 1020 487 1227 178 493 255
49.6281
32.7772

182 499 533 656 725 730 745 925 932 956 979 1026
1566 1685 1680 1337 334 1392 1675 768 1431 255 777 704
32.589
18.8112

227 335 367 411 443 478 485 496 531 665 674 841 956 1004 1190 1221 1313 1391 1460 1581 1647
1553 1698 1386 1685 1609 1649 1373 1248 1242 1033 753 1107 1299 300 887 1614 1108 1491 1481 1379 501
61.1233
34.8624

184 366 379 385 547 897 1230 1397 1491 1588
1621 1579 1722 1617 250 608 1482 272 677 874
27.9393
16.7556

70 259 760 820 900 905 996 1094 1126 1170 1211 1249 1533 1686 1735
1685 1691 1653 651 1253 1694 1712 1523 1553 1639 1089 623 953 1695 1254
52.0587
29.705

44 62 66 77 115 191 277 303 331 409 500 696 783 853 885 913 932 950 976 1015 1134 1147 1161 1172 1284 1341 1357 1401 1486 1489 1497 1555 1608 1612 1725
1744 1588 1684 1706 1010 1181 701 1714 1719 1250 1019 1618 1535 938 1559 1173 272 1589 410 345 1385 1322 569 1094 1127 924 1108 709 1289 1605 1444 189 446 828 1148
104.5081
60.1364

5 88 142 216 225 310 435 923 1077 1094 1180 1248 1470 1503 1531 1556 1599 1676 1741
1735 1562 1709 882 1618 1161 1639 1287 1149 476 1706 1330 546 1487 1508 98 1337 653 1267
61.0537
38.9616

67 170 305 452 571 584 674 703 773 929 1007 1321 1503 1533 1561
1520 1242 1627 1618 225 1299 700 938 1330 272 1320 1024 1325 1386 1141
37.9628
20.8575

55 77 232 290 703 895 946 1092 1147 1168 1237 1331 1346 1685 1693
1703 1734 1614 1646 1161 1004 72 1532 569 1715 1432 957 1529 1411 219
47.3433
30.5626

153 234 317 382 467 1012 1495 1533 1539 1647
1242 1386 1431 1248 179 84 1062 1373 1127 1310
36.5569
23.2984

343 451 487 501 527 592 658 723 783 792 795 838 853 876 903 962 1143 1156 1185 1211 1237 1245 1319 1325 1362 1374 1389 1400 1406 1520 1686
1732 1704 1747 1644 1253 1480 1653 1028 1532 709 370 1727 1553 991 1567 67 847 1356 1589 1641 1218 1648 745 1674 38 1294 433 328 892 1691 511
90.0793
51.4616

2 31 148 149 178 348 579 641 658 795 811 882 885 918 1057 1067 1133 1215 1262 1303 1324 1360 1406 1421 1456 1509 1555 1591 1631 1688 1698 1726
1732 1744 1720 1711 1532 1181 799 701 1517 1545 1042 1724 621 395 1371 1019 1236 1650 1491 1239 1085 154 1340 1443 1020 1549 1702 1484 315 1630 1696 433
107.69109999999999
62.2881

8 178 183 210 303 335 379 525 562 618 767 782 804 950 956 1268 1429
1714 1685 1371 621 1004 938 1136 1369 709 1379 384 1539 1273 466 1575 705 1176
35.4374
20.7976

191 310 443 539 550 570 700 701 940 1049 1186 1250 1325 1381 1410 1461 1703 1722
1743 1687 1204 1446 713 370 738 1124 11 829 1618 767 307 1318 487 474 50 174
56.1835
33.7868

42 85 91 216 245 268 303 327 384 510 551 677 696 725 811 820 871 883 897 949 976 1006 1123 1185 1303 1338 1429 1597 1695 1700
1727 1737 1373 1706 1712 1671 1236 1201 1734 1641 1267 1501 1747 283 884 279 688 1539 938 526 1451 1357 1215 1341 1492 74 382 776 1644 1244
82.6762
45.401

117 150 277 506 578 643 829 871 964 973 1014 1095 1118 1180 1181 1249 1478 1481 1489 1509 1668 1720
1640 1737 1133 954 202 1660 1373 623 1618 1706 1289 167 1487 530 869 215 1386 374 79 1252 39 652
61.3673
36.6345

19 74 126 183 349 388 495 556 782 783 862 930 1153 1214 1311 1481 1536 1565 1608
1609 1732 726 709 881 1346 1419 1322 425 1342 924 1539 1719 1436 227 321 1035 652 896
49.6317
30.0462

142 279 335 495 525 1060 1135 1211 1346 1381 1435 1445 1700
1640 1653 1253 1734 1693 1663 1341 1196 1267 1236 1379 95 1703
41.1273
25.6003

6 128 404 427 431 456 781 857 1060 1138 1161 1249 1341 1342 1401 1480 1483 1572 1573 1591
1744 1549 1746 1010 1430 546 623 1614 1157 1094 1267 318 1019 253 1605 909 1545 248 252 513
60.4364
34.1894

102 214 356 443 652 730 736 925 1185 1211 1236 1306 1325 1383 1536 1539 1572 1622
1502 1253 1242 1731 1653 1431 1717 1201 968 1127 1421 1641 1267 1607 1337 1675 1690 355
57.7718
33.1861

305 598 706 937 973 1107 1394 1509 1531 1676
1735 1339 109 1161 794 1059 153 1519 215 1337
32.1823
20.0111

179 253 303 415 550 861 930 932 939 1040 1077 1128 1406 1459 1480 1536 1540 1555 1573 1647
1386 1471 1622 1430 1549 1618 1517 1614 1511 1248 1454 1532 1373 1371 1019 546 938 1052 174 572
64.198
36.8424

126 495 507 579 838 905 960 966 981 1178 1219 1564 1565
1609 1097 1356 1719 984 227 1277 194 822 836 1634 1414 1018
25.9392
17.3779

348 395 424 455 470 549 556 767 809 842 898 930 995 1049 1059 1067 1087 1094 1108 1130 1150 1312 1321 1325 1379 1421 1483 1505 1528 1553 1622 1624 1640 1703 1722
1743 1584 1446 1610 1562 968 370 1480 1048 1148 1617 1346 1396 1666 526 1532 1514 307 247 1657 1303 713 1159 1040 1157 434 738 1318 1085 1105 1690 927 1261 668 508
116.83539999999999
67.1946

66 451 518 549 603 829 886 949 988 1068 1133 1180 1200 1245 1311 1487 1622 1634 1710
1726 1722 968 1107 881 1739 1732 1717 1167 1617 1404 1690 58 433 1256 1035 1518 1638 830
57.803
34.394999999999996

77 136 147 268 369 523 688 776 814 976 982 1004 1209 1262 1268 1365 1489 1692 1710
1691 1706 1637 1330 1333 1167 215 1289 1133 1034 1373 1606 572 501 1448 1260 903 1018 1077
54.9009
33.542500000000004

67 128 876 883 895 1235 1456 1509 1679 1746
1703 1048 1627 1510 537 1020 303 680 511 568
30.0795
19.2496

2 85 440 454 494 547 827 1215 1268 1326 1497 1528 1599
1617 1514 688 1369 953 1337 591 653 1346 874 300 561 1106
28.9584
18.3099

56 98 361 415 493 525 531 725 970 1087 1195 1245 1337 1433 1715
1471 410 1731 109 1737 1594 1052 1265 1317 1294 1662 887 814 1267 224
40.3691
24.1278

2 5 26 41 142 253 335 389 723 850 870 979 1046 1110 1176 1332 1345 1495 1578 1615
1733 1562 1672 1545 1722 1684 179 1371 557 1392 456 84 1394 1416 1379 1062 1224 1040 1310 345
54.4046
29.9785

132 149 225 380 409 591 625 703 733 792 858 882 883 1068 1200 1207 1236 1319
1726 1722 1028 1517 370 1204 991 1421 224 1349 67 1638 72 1404 1508 1040 546 1493
47.7592
25.129

120 139 207 235 395 524 556 617 710 744 963 979 1049 1449 1556 1586 1710
1159 1666 434 121 1392 1167 1691 25 375 1251 227 363 896 1497 850 687 67
41.8369
25.7663

146 207 209 283 290 354 374 396 452 462 606 661 723 908 940 962 1130 1150 1175 1236 1446 1452 1549 1572 1578 1597 1607 1624 1647 1659 1693
1386 1373 1658 1728 72 1242 1414 1722 1267 1734 991 1646 1248 924 1152 623 1505 1747 1421 1532 1631 923 1250 1438 1473 1322 522 938 1633 1295 910
101.1835
58.696

418 700 791 1185 1321 1429 1473 1550 1575 1608
1204 1641 1201 1026 1322 253 1237 924 1610 709
30.1979
19.1975

73 102 139 305 345 370 707 895 956 1051 1105 1135 1170 1383 1394 1505 1581 1659 1687 1693 1706
1502 665 1698 1562 238 1685 1577 1703 1663 1242 1552 1330 1517 109 1669 1303 1040 730 1333 1498 1277
81.4205
47.9873

19 93 132 234 418 500 514 516 661 723 725 733 785 804 813 1135 1189 1199 1243 1250 1267 1309 1326 1461 1551 1654
1663 1683 1687 1371 1446 862 701 1483 1343 253 1594 307 538 1127 1638 316 1624 67 487 1148 1369 1016 1286 1004 551 704
71.5429
42.8666

67 113 551 684 725 809 857 923 1035 1079 1372 1555 1607 1656 1741
1642 1666 1728 1722 1709 1414 1627 1487 1019 1149 1287 844 1267 1605 1439
53.8514
32.2778

13 31 131 179 286 320 405 424 452 474 592 696 706 773 781 895 919 923 947 950 1016 1031 1037 1099 1173 1175 1247 1290 1372 1433 1462 1507 1519 1686 1722
1691 1726 1736 1562 1714 1658 1703 1048 1737 1618 1101 1242 1244 713 1646 623 1373 1701 1553 1607 938 1318 572 113 898 1141 1381 829 1149 427 291 922 727 1160 36
104.6829
58.369

91 384 523 558 818 962 964 1077 1345 1472 1559 1582 1585 1588 1666 1682 1720
1737 1373 1451 1508 1718 991 1133 25 1347 1577 1097 1190 1603 1344 980 530 250
65.7754
42.5646

85 148 411 454 780 871 966 1172 1480 1530 1631
1549 1430 546 1239 1491 688 51 1345 317 1717 433
27.4809
16.0149

42 73 183 207 290 443 581 791 838 910 925 991 1035 1160 1268 1315 1400 1436 1447 1533 1556 1588 1659 1726
1744 1737 884 1666 799 1734 1155 1042 67 1337 1333 1650 1340 1236 250 1609 608 272 1237 1549 1150 1196 630 671
79.4335
47.999

62 81 203 332 367 414 487 571 618 646 773 807 850 970 974 980 994 1016 1085 1235 1271 1346 1361 1573 1585 1597 1741
1618 1709 1602 1722 1720 1649 1545 951 1747 1287 1567 1141 1004 25 1594 1614 253 1136 1344 1734 1127 1385 1498 700 1097 303 1236
79.2946
47.6514

39 93 126 148 426 434 582 607 707 827 893 1006 1256 1332 1341 1423 1473 1546 1586 1634 1654 1722
1744 446 591 1074 1669 1740 1737 862 713 1242 1343 1501 829 1337 1402 793 808 1094 1318 1019 1719 1663
76.1895
47.7127

2 46 53 103 294 339 404 415 427 450 487 618 650 934 960 1138 1423 1455 1564 1634
1666 1471 1716 1053 591 1135 1567 1176 847 1004 561 793 318 1029 1617 1136 1046 286 886 1052
52.9829
31.5665

69 76 81 210 356 427 506 690 976 1026 1031 1051 1180 1309 1312 1388 1588 1657 1726 1731
1744 799 1706 1373 1680 720 1236 1552 1042 1483 1650 847 1691 863 272 1609 154 250 1549 608
69.643
42.884100000000004

46 52 107 210 622 641 1091 1099 1161 1472 1597
1010 1747 1135 548 315 1423 1461 1530 1690 526 36
26.0762
15.7087

258 268 305 490 537 622 706 724 733 745 908 1007 1015 1030 1067 1068 1101 1193 1243 1304 1361 1451 1528 1549 1630 1685 1706 1717 1721
1726 1520 884 1727 1646 688 1722 1386 1720 1514 1505 334 1244 1532 1617 1498 1295 1161 1438 1004 1343 1414 1638 1256 1715 1614 1411 1529 493
93.1227
54.190400000000004

103 244 317 339 768 785 799 865 870 1325 1497 1566 1725
1691 1737 1716 202 618 1173 1618 847 1535 1248 272 561 345
45.141
27.4884

26 129 227 345 515 541 549 653 700 724 893 934 939 1004 1068 1135 1361 1362 1441 1445 1462 1695 1725
1726 665 1204 1663 1722 1517 1720 1649 1101 272 996 480 1552 1173 1535 1196 884 847 38 1236 1600 501 1150
67.8625
38.0152

93 149 275 294 328 394 470 500 550 553 625 685 724 861 874 897 926 929 956 1012 1095 1111 1169 1281 1358 1374 1553 1642
1744 1610 1685 1727 526 1657 1604 1613 1159 1346 1053 1663 374 1126 885 1127 247 538 1261 1472 1660 109 598 745 174 1266 1672 1614
83.1267
49.6272

31 120 210 327 443 511 668 817 880 898 926 1014 1189 1445 1519
1539 1618 1616 1196 316 434 1099 669 1012 1173 755 1442 277 739 788
29.753
19.1115

6 53 70 332 411 490 566 785 926 956 981 1004 1091 1219 1400 1427 1428 1540 1632
1685 1736 1682 1609 1719 671 67 1414 1263 501 1016 649 1247 1442 227 1340 759 576 1598
43.9134
27.6278

115 151 153 450 473 516 656 795 821 898 918 964 1038 1200 1252 1286 1345 1509 1735
1722 1732 1666 1694 701 1712 1089 1443 1425 1404 1150 932 1662 769 1108 1176 1431 1272 1453
50.7554
29.4949

73 194 225 373 478 510 525 539 581 667 690 712 814 841 850 885 976 1016 1032 1077 1134 1160 1259 1263 1281 1286 1314 1488 1546 1551 1682
1726 1706 1712 1214 701 1181 1594 1250 1242 1545 1333 1034 1555 767 1237 1337 1603 1606 499 1089 895 452 1508 1291 671 546 621 317 1168 1201 1498
81.9396
47.0574

19 93 132 702 719 889 916 1101 1140 1189 1397 1461 1515
1566 1732 688 1722 1163 1446 1057 1340 316 1663 538 67 1516
40.1186
21.7163

147 210 225 235 277 369 464 474 487 496 513 515 872 910 922 1134 1172 1190 1222 1269 1333 1342 1459 1575 1630 1640 1675 1693 1710 1715 1722
1584 1748 1746 72 1691 1148 884 1701 1330 410 1511 1250 713 1167 1681 1028 370 992 1265 1567 829 510 1318 630 1479 915 317 981 1267 433 572
100.0216
59.6075

2 74 335 339 468 506 527 531 560 566 655 725 781 976 1037 1040 1169 1286 1539 1698
1242 1706 1126 1716 1431 1244 1736 395 1373 1454 671 1484 1127 887 1218 1472 1662 1379 1168 648
57.193
33.429899999999996

5 76 77 115 190 720 829 1007 1239 1286 1381 1581
1520 1562 1698 1163 753 316 1198 880 1108 1649 1462 1337
37.2214
20.8449

232 235 450 474 504 553 667 813 814 937 991 1007 1014 1092 1124 1250 1306 1447
1726 1520 1737 1687 1683 884 1666 1701 1618 1254 1691 1604 1371 1607 785 957 1605 1150
64.2268
33.5664

67 105 129 191 436 661 725 916 1087 1130 1658
1163 1627 1250 326 1610 339 247 984 1485 1454 1267
27.6309
16.9229

52 126 193 249 531 571 584 625 670 724 767 821 838 900 905 1164 1175 1247 1278 1342 1450 1451 1486 1522 1593 1595 1640 1698 1717
1727 1584 1737 1746 1554 1684 1658 1373 1646 1148 1244 923 623 1069 1394 1605 395 1299 927 1150 1574 1719 39 887 370 1356 499 700 1256
103.2581
60.566

81 139 232 451 452 527 541 653 903 1015 1068 1309 1347 1615
1726 1733 1672 1242 1480 1483 480 938 247 1218 1236 1145 969 1051
38.4367
19.020599999999998

183 316 382 399 438 468 493 496 501 644 650 690 719 829 913 922 1044 1162 1186 1193 1198 1332 1397 1478 1488 1539 1584 1711
1685 1242 1704 1214 1744 1719 1431 1692 1722 1080 1167 1127 1527 1068 1487 1679 72 1662 1559 172 345 568 1188 328 733 303 222 1618
79.2545
46.9549

88 113 164 349 373 473 493 524 541 558 765 829 869 991 1023 1059 1108 1162 1164 1259 1445 1494 1509 1559 1582 1586 1668
1640 884 1722 1196 1734 1710 1718 1508 1347 1346 1662 1089 864 211 109 662 824 1083 276 1714 1497 1305 492 876 131 745 100
66.1131
38.7517

35 67 88 164 367 404 411 470 531 575 603 618 641 684 744 817 857 897 962 964 991 1040 1095 1110 1135 1138 1230 1362 1394 1410 1586 1698
1642 884 1663 1660 1610 1439 1710 395 1159 109 1454 1627 1461 1346 887 1605 318 1484 1004 844 976 315 1482 374 38 553 1136 1173 1196 686 648 1305
83.68
49.7382

53 191 361 490 524 870 880 1016 1094 1123 1342
1746 1671 1639 1414 1616 1254 1644 434 1497 909 317
28.5979
17.1692

179 225 829 1130 1284 1292 1383 1392 1428 1642 1747
1727 1260 1618 1682 38 247 109 922 910 546 1536
40.1453
27.0579

121 126 166 227 420 440 487 618 871 966 1023 1031 1131 1157 1162 1163 1178 1341 1410 1551 1561 1656
1744 1520 1532 1649 1734 1691 1703 1567 1260 1594 1004 1719 1094 1271 1019 1562 1154 1136 848 1397 202 466
59.8317
33.5244

5 41 85 132 182 183 259 361 373 385 409 411 468 653 769 800 841 848 853 870 1043 1168 1219 1345 1485 1551 1586 1599 1608 1630 1703 1710
1743 1562 884 1609 370 1167 1594 480 738 1315 67 1322 924 688 224 1224 1517 1305 1020 1539 908 1589 1227 1022 227 793 312 745 226 705 1127 786
75.906
44.493

94 426 507 813 829 1118 1304 1449 1549 1573 1629
1683 1371 1684 1386 1159 1737 1127 1505 1415 121 1614
41.8005
25.7176

19 42 129 277 340 361 388 420 558 560 661 767 886 900 956 1000 1007 1040 1092 1094 1105 1215 1269 1328 1383 1416 1428 1463 1478 1507 1549 1579 1593 1711
1520 1691 1685 1720 884 1386 1551 1718 1574 1607 1080 1639 1682 1454 1250 1473 572 992 1143 1617 425 1295 1602 1505 1487 957 1675 981 237 238 355 1493 905 1254
101.0804
57.5847

56 85 88 148 203 286 340 361 397 582 668 706 829 850 862 884 929 937 939 950 962 1030 1041 1055 1150 1230 1243 1259 1503 1509 1549 1658 1679 1685 1698
1609 1629 1714 1161 1532 1740 1551 1545 1074 1610 1517 113 1482 72 1386 1618 1244 1646 1004 395 1505 1737 1295 1484 1614 326 991 1742 1519 688 984 1715 1411 1160 1529
101.28
58.5286

314 384 389 395 515 827 841 882 982 1029 1118 1143 1193 1339 1379 1481 1593 1663 1685
1727 1737 884 1517 1666 91 1646 1032 1004 1161 434 1614 1322 1715 1411 1171 237 526 652
60.7957
37.813

560 702 963 966 994 1190 1278 1361 1397 1486 1591
1722 1684 1720 499 709 1605 1552 1251 241 850 1560
30.1989
16.6987

582 869 907 1247 1256 1400 1488 1556 1683 1698
501 1214 1074 1740 67 395 1299 178 1141 1059
37.726
25.3823

17 146 190 227 277 379 469 488 649 827 932 938 982 1068 1128 1133 1134 1172 1263 1283 1311 1389 1428 1555 1640 1654 1695 1746
1726 1584 1732 1636 1622 1649 1148 1250 1392 1343 847 633 1682 1019 1337 881 1510 862 884 370 1035 39 1017 1256 927 860 799 430
95.094
56.0959

80 105 245 290 367 395 415 436 506 571 703 710 776 939 949 1271 1272 1288 1312 1337 1368 1430 1455 1536 1559 1640 1663
1584 1727 1737 1148 1471 1734 1666 1731 1508 969 1517 434 1373 375 1530 370 927 339 39 1317 925 109 700 1052 1124 1168 1448
81.8822
46.9255

316 331 349 408 467 473 553 652 919 964 1118 1533 1710
1726 1731 1604 1346 1527 1167 446 401 1024 567 1032 1474 808
34.0458
20.3648

62 121 216 328 373 649 1043 1143 1394 1397 1615 1621 1746
1733 1641 1672 1727 1048 1532 1722 1618 1510 109 537 186 1346
47.0525
25.8293

44 105 142 207 240 348 385 500 591 699 702 767 897 900 940 1021 1060 1145 1256 1288 1308 1322 1365 1389 1447 1461 1597 1634 1663 1683 1725
1737 501 582 1446 1173 1747 991 1148 1127 1535 272 339 345 1346 847 1574 1617 1273 1068 487 1141 1150 1493 5 1198 1124 513 1046 526 244 355
87.5457
55.862

109 418 791 927 1110 1326 1468 1505 1644 1659 1731
1562 1687 1617 1423 814 1040 1089 1303 1469 1691 1309
36.6164
22.4555

66 71 367 373 485 531 592 649 685 760 768 799 874 1283 1292 1311 1406 1414 1427 1433 1478 1495 1539 1595 1650 1700
1744 1737 1242 1554 881 1532 1621 1618 202 1299 1431 618 38 1237 923 1523 1236 279 1310 1734 1127 885 1719 1487 1062 1248
88.9324
50.4604

46 240 357 455 473 694 699 818 821 874 884 956 1101 1389 1429 1458 1469 1579 1585 1667 1722
1720 1706 1629 1685 688 1689 1618 1143 847 713 25 72 1135 1742 829 1344 1097 1544 885 1318 1230
67.6326
39.4133

55 179 454 488 667 765 908 946 981 1014 1016 1055 1219 1236 1319 1365 1372 1452 1551 1572 1588 1595
1726 1737 1554 1618 1609 370 1438 1421 923 1614 1594 1267 582 846 608 250 72 714 272 641 650 922
65.1317
37.2278

455 467 493 510 690 703 810 937 1038 1095 1107 1138 1172 1173 1243 1308 1314 1346 1559 1584
1736 1685 1744 1712 1339 1508 1679 1662 1059 932 374 568 1519 1660 172 109 1237 1018 492 1291
58.6878
35.4753

98 209 216 335 389 467 515 522 690 694 718 946 949 962 1042 1059 1092 1099 1105 1126 1309 1401 1433 1445 1588 1629 1657 1715 1741
1685 1684 1709 1720 651 410 1466 238 1127 991 1473 36 1483 863 1614 1415 847 709 1394 1196 1265 957 1574 272 109 1287 250 1548 1498
91.90859999999999
56.2169

74 191 211 214 380 399 414 488 525 574 636 814 820 966 1040 1118 1161 1224 1230 1298 1555 1713
1010 1133 1019 1695 1454 1150 1034 1662 1606 1482 1588 1227 953 616 1032 84 1324 248 646 481 812 325
50.1561
31.732

94 105 366 513 991 1052 1181 1209 1248 1292 1447 1528 1622 1703 1731
1743 1737 884 968 1621 202 1514 954 1717 1333 1691 370 1617 38 1053
64.3139
38.2607

6 237 550 783 854 1391 1452 1494 1559 1663
1584 1508 709 320 109 846 1714 355 174 321
29.6062
17.9785

131 151 164 209 361 371 539 696 707 742 939 1007 1016 1026 1286 1301 1325 1370 1414 1428 1701
1520 1621 1499 1299 1517 1710 1680 1648 901 1682 1669 1473 1534 1173 767 294 317 739 829 777 427
56.5847
31.3954

67 129 178 193 335 539 821 885 893 1207 1313 1342 1397 1414 1416 1509 1549 1638 1731
1746 884 1621 701 1386 1722 1181 1299 1627 1371 621 1691 1675 1394 1295 1519 1505 767 773
63.1155
37.4959

52 303 426 476 539 730 1057 1143 1497 1711
1727 1204 1545 1692 1737 1080 938 767 768 1675
29.4926
17.4165

19 55 91 142 193 244 249 275 354 356 384 399 470 590 598 703 724 780 827 910 941 996 1029 1077 1190 1193 1237 1268 1271 1585 1675 1693 1725 1744
1737 1691 1701 1553 1451 1204 1373 1346 1610 1173 1407 1322 1394 1535 1127 1734 1020 300 72 1159 1344 345 1238 1097 625 630 1267 1209 1617 513 609 272 776 988
103.3497
63.4379

69 94 98 120 474 527 547 564 699 720 807 874 882 886 1021 1172 1250 1288 1379 1430 1452 1455 1458 1472 1586 1607 1650 1706 1717
1737 1687 1701 1244 1517 1163 1414 109 1518 1728 1198 316 1693 1530 1150 1026 1544 885 307 1498 1630 846 1236 291 317 548 1305 1218 493
83.40729999999999
49.9661

240 279 473 574 581 807 980 1012 1023 1057 1184 1257 1269 1358 1519 1669
1640 1711 1545 1731 1649 1734 1479 546 1605 992 1574 1150 670 1614 981 598
49.6422
28.630300000000002

19 70 71 148 294 468 527 744 967 1029 1145 1178 1181 1224 1306 1397 1460 1604 1663 1725
1636 202 1173 1722 1068 954 1053 1662 272 345 320 1108 1535 1607 1600 48 255 355 79 1271
60.2521
37.028999999999996

74 77 81 395 547 781 799 880 974 981 1023 1190 1195 1246 1328 1410 1485 1666 1686
1618 434 1734 1687 618 1553 1236 1248 711 300 980 1237 1616 1577 1493 224 621 1266 426
55.7506
34.275

81 147 275 313 339 394 410 478 504 539 579 776 862 976 1049 1156 1230 1248 1301 1313 1358 1520 1546 1573 1621 1657 1659 1678 1747
1641 1499 1609 1644 1706 1716 1614 1613 1330 1242 1482 1566 1713 1471 1461 476 863 1089 51 186 709 847 253 175 1646 767 1346 1218 1062
96.2396
59.3279

76 245 303 435 436 736 884 1267 1312 1461 1566 1588 1634 1682 1722
1727 1629 1737 1691 847 1446 938 713 829 272 1742 474 250 1318 72
54.5599
34.6455

434 485 487 541 549 560 579 742 765 781 782 811 919 932 1029 1087 1088 1145 1147 1194 1247 1257 1272 1290 1314 1342 1357 1451 1459 1481 1622 1646 1676 1686 1700
1727 1735 1746 567 1680 968 546 1553 1511 1717 1734 446 969 1559 1567 671 79 925 279 569 1341 1267 1690 652 1237 898 572 1256 794 1236 630 410 1291 219 1485
102.9206
59.3256

148 165 369 541 570 646 916 1042 1077 1086 1156 1389 1528 1599 1703 1746
1743 726 1617 1048 1514 847 951 215 1510 1394 370 738 785 1163 537 36
55.6409
32.7249

370 668 684 1079 1153 1199 1248 1358 1497 1632 1657
1642 1242 1624 1419 709 1062 847 844 1487 476 863
38.5979
24.8234

86 115 357 426 718 950 956 1189 1207 1706
1685 1714 1466 1737 1026 1108 1498 316 493 279
26.3028
14.8238

53 115 150 237 317 330 373 394 450 454 462 500 807 889 979 1057 1190 1248 1436 1675
1584 1711 1666 1155 1613 1545 300 1392 1127 1516 476 1281 1108 1438 1148 175 1176 989 790 344
54.4996
31.4129

6 41 69 93 275 380 389 455 494 500 558 702 745 780 816 894 1012 1030 1035 1037 1077 1087 1180 1290 1368 1462 1478 1581 1624 1711
1446 1698 1666 1101 1244 1718 1692 1080 1152 753 670 5 996 1663 1127 1416 538 334 737 1487 591 307 898 1345 1151 1148 84 1165 1485 885
78.7927
45.9798

70 98 235 294 332 380 426 452 500 674 677 703 783 827 893 926 949 1057 1170 1181 1184 1246 1250 1321 1374 1387 1549 1581 1593 1622 1668 1686 1720
1687 1737 1640 968 1711 1698 1386 1691 1242 1717 202 709 1545 954 711 1553 109 1053 1731 1295 753 1299 307 347 1505 953 938 1690 745 530 237 1127 79
106.6298
60.452

55 71 86 93 117 290 327 395 773 950 1121 1163 1247 1321 1365 1369 1483 1527 1642 1659 1719 1735
1727 1386 1714 1133 1734 1694 1666 1703 1551 1712 1539 1157 320 1662 974 434 1567 1663 538 109 1089 388
71.3086
42.752

136 165 210 327 380 531 658 699 773 804 937 1121 1198 1237 1395 1405 1546 1578 1584 1642 1686
1744 1685 1585 1727 726 1711 1553 1167 1722 1539 1679 1670 568 1337 172 109 887 1262 1519 1141 716
64.9556
38.3074

136 147 258 551 574 646 702 712 826 862 939 1006 1035 1059 1094 1110 1211 1245 1257 1268 1306 1310 1372 1375 1449 1509 1578 1582 1685 1693 1695 1720
1609 1737 1666 1532 1253 1653 546 1517 1330 951 1501 1159 1646 1639 1722 1004 1254 72 1161 1347 25 561 1439 1715 1394 1411 79 1215 1607 530 1614 1252
107.5479
67.4823

19 55 121 190 464 493 562 571 810 991 1301
1532 1499 884 1196 915 700 829 1649 1337 641 1422
29.7435
17.1251

214 225 396 468 522 549 653 869 1663 1668 1722
1640 713 320 480 829 1318 1508 1548 474 546 824
34.9504
22.7819

117 183 382 410 438 525 607 988 1162 1304 1375 1519 1663
1107 1133 1242 1402 320 1124 561 1461 1566 222 1713 355 1012
37.0121
22.485500000000002

151 388 468 478 899 980 1046 1161 1269 1305 1388 1450 1679
1010 1649 720 1479 992 1464 557 1097 1242 425 1613 680 698
37.266799999999996
21.2828

150 388 562 618 659 768 884 1040 1140 1236 1324 1519 1747
1629 1499 72 1724 202 1421 425 1004 1454 1742 1646 1536 1099
40.6709
24.5708

126 139 396 411 418 562 646 750 767 809 857 973 1032 1034 1068 1095 1118 1221 1308 1333 1339 1361 1400 1441 1487 1646
1726 1748 1680 1660 1739 1722 1720 884 91 951 1609 1618 67 1605 452 1552 526 1719 374 253 215 1369 686 762 1171 1560
69.2175
37.506

330 655 865 939 1180 1256 1472 1631 1676 1741
1735 1709 1517 880 1287 1491 1498 794 1168 1662
35.538
22.5593

81 191 451 702 718 930 1060 1094 1389 1700
1466 1236 1734 279 1639 847 1341 1267 1254 513
29.8804
19.026600000000002

80 115 232 310 320 330 357 369 382 388 467 539 670 701 702 900 906 998 1138 1194 1205 1245 1252 1427 1463 1464 1634 1669 1679 1710 1717
1733 1737 881 1244 1574 1150 1167 1719 1605 1239 1124 1473 50 778 1602 905 1617 11 1381 1530 1127 767 1505 1002 425 1108 680 1610 1224 568 1112
85.2745
52.4184

19 77 128 354 389 507 773 939 940 996 1180 1190 1248 1554 1558 1612 1647 1725
1691 1386 863 1517 1588 1504 300 1385 1173 272 1097 1135 1416 1535 1157 345 1322 476
64.0739
40.131

139 203 384 454 481 511 612 1091 1175 1310 1565 1615 1731
1733 1737 1658 1458 1373 1672 1646 1471 623 1691 1598 993 1169
45.0863
23.7221

165 211 225 384 452 455 462 1068 1135 1455 1497 1698 1703
1726 1743 1737 1242 726 1663 395 738 938 1484 1281 1508 370
45.6238
24.3523

85 115 207 244 382 399 456 606 893 1000 1195 1288 1573 1586 1722
1617 713 1614 688 253 829 1318 1124 609 1108 224 252 474 222 426
39.0857
25.7692

227 408 415 618 661 841 893 1044 1311 1456
1471 1649 881 1250 1004 1020 1052 808 1136 660
26.8554
15.8299

286 314 357 435 464 516 525 556 659 735 780 882 1079 1088 1101 1111 1130 1176 1181 1193 1235 1290 1314 1370 1391 1485 1486 1579 1731
1684 1517 1499 688 113 1720 202 954 456 1691 1143 701 1605 227 1487 1646 1534 1236 294 1345 388 1706 1237 915 303 247 898 1291 63
82.1992
47.9658

6 26 147 190 214 279 335 373 451 510 562 564 649 658 671 782 800 817 898 922 929 1007 1051 1057 1192 1200 1428 1430 1433 1449 1458 1573 1685 1722
1520 1706 1737 1640 1711 1614 1545 121 1682 1712 1552 713 1159 1677 1360 1530 1646 1330 1544 1004 25 1493 1693 829 1161 1404 1715 1174 1529 1318 107 1378 253 1649
99.4729
55.7057

150 191 382 558 659 758 850 1042 1072 1195 1309 1451 1540
1727 1499 1545 1718 1394 238 1483 36 224 1256 388 1646 222
37.5342
20.91

53 69 179 305 424 435 514 560 579 769 799 816 981 1029 1083 1140 1150 1256 1267 1315 1415 1428 1448 1509 1675 1703 1714 1741 1744
1743 1553 1701 1048 1618 1709 1682 1204 370 618 1555 1089 1532 1020 1237 500 1248 738 1706 1287 1141 1379 922 24 663 1436 307 572 1498
93.4375
57.6459

320 451 473 622 649 667 726 765 769 827 829 903 995 1085 1107 1126 1168 1192 1239 1256 1257 1263 1312 1339 1342 1347 1365 1447 1539 1564 1597 1746
1726 1737 1685 1724 1242 1602 884 1373 526 651 1396 546 1048 1747 1510 1127 1431 1480 1315 537 880 247 1505 1555 1381 1423 1059 91 1150 898 1141 1020
104.1408
57.5826

85 126 139 193 203 385 431 601 625 750 765 768 795 821 885 923 926 1029 1060 1181 1199 1209 1341 1361 1435 1505 1579 1582 1644 1669 1710
1744 1720 202 1562 1732 701 1722 1693 954 1624 1574 1333 1605 1167 1699 1150 1303 814 1394 1719 1040 1149 1143 1423 688 1347 1094 1127 209 1019 1552
96.2491
54.3934

17 98 193 225 427 450 562 594 650 870 874 979 996 1030 1087 1143 1169 1170 1305 1593 1658
1691 1666 1126 1727 109 633 1392 984 1069 237 326 1610 885 1508 1472 1394 1354 1032 1176 1485 546
58.4399
34.612899999999996

17 86 147 203 394 522 549 578 584 656 744 758 804 807 841 899 935 1083 1105 1178 1245 1248 1309 1357 1361 1365 1383 1392 1486 1530 1564 1599 1638 1685
1684 1330 1720 1532 1722 1706 1613 238 1715 1260 1552 633 1464 1646 1559 1519 1483 476 1004 1605 1431 1614 1161 410 1529 1548 910 1411 175 1294 355 1320 24 773
96.8447
58.742399999999996

42 80 493 712 725 814 900 981 1015 1029 1123 1245 1401 1430 1486 1505 1693 1741
1562 1737 1684 1709 1671 1267 1530 1498 1303 1287 1034 1040 1662 1605 72 1294 1574 941
62.1449
38.5692

211 331 354 500 515 661 883 941 1131 1168 1288 1309 1374 1459 1473 1615 1621 1632 1666 1676
1733 1735 1641 1672 1346 1511 1483 186 1127 1250 1610 1190 980 446 745 1020 572 1263 764 1322
63.2023
37.1975

62 66 343 494 500 513 531 607 807 841 946 960 1085 1248 1315 1385 1410 1435 1456 1494 1593 1682
1727 1602 1693 1242 1618 1402 591 1020 887 237 1614 476 847 1127 1603 433 1662 499 1032 1069 1148 990
59.7617
37.9005

31 35 39 131 169 408 410 493 560 795 804 807 853 883 1015 1067 1246 1304 1369 1638 1654
1732 1687 808 1343 862 1519 711 1713 1461 1566 50 1589 1662 773 427 1587 1691 818 1021 1016 949
52.6817
31.447

46 343 420 500 550 603 842 960 967 1128 1195 1283 1428 1519 1597 1676 1719
1735 1386 1622 1480 1747 1682 1127 1135 526 426 794 174 1337 1099 1148 388 1012
49.9814
29.7409

371 511 603 690 726 829 885 898 981 1012 1059 1085 1150 1235 1268 1368 1558 1604 1698 1726
1744 1724 1636 1602 799 701 1181 1373 1042 1532 395 1135 1650 1484 1600 1157 154 1549 670 1236
75.4448
45.7505

46 455 474 495 566 592 718 853 862 872 927 1099 1140 1178 1257 1486 1495 1578 1682
1684 1609 1687 1736 546 1701 1605 1722 1135 84 179 1681 1310 1062 1589 291 1603 499 671
52.5897
30.0851

5 77 80 113 169 207 571 656 894 919 949 973 1064 1067 1128 1284 1322 1338 1362 1473 1565 1604 1654 1678
1726 1562 1636 1722 1622 1699 1471 1343 862 283 1089 1610 1431 1600 764 430 74 1519 1492 401 189 211 922 700
73.5722
45.3988

121 178 335 349 394 397 405 495 659 694 737 800 804 893 903 913 939 1042 1052 1111 1169 1221 1222 1369 1405 1423 1448 1456 1486 1528 1564 1629 1685 1688 1731
1720 1684 1532 1499 1161 1517 1609 1346 1480 1617 1719 1127 1028 1613 1020 1646 1514 1371 621 591 1415 1394 1004 1053 1691 1715 1126 36 1605 1614 1472 1411 238 793 1282
112.0223
62.3648

81 426 744 871 929 932 1079 1247 1433 1449
1159 121 1737 1487 25 1236 1059 976 1299 1378
24.1645
14.9816

169 371 394 603 826 1370 1383 1448 1575 1658 1710
1613 1167 1610 1534 326 984 175 1211 355 294 1454
31.2692
20.378

77 86 91 94 245 331 733 848 1135 1193 1222 1262 1263 1346 1391 1679 1735
1727 1373 1663 1712 1694 1028 882 1089 1638 1173 1451 1555 446 1453 680 253 776
53.7156
32.2471

69 71 179 253 354 456 494 500 694 707 792 883 884 929 935 964 981 1110 1311 1339 1406 1415 1448 1573 1582 1612 1663 1682
1629 1588 1720 1618 91 1028 881 1532 1148 1089 1669 72 1614 1385 1371 1394 1322 1347 1040 320 1444 526 1742 1127 1603 1171 499 1035
81.3612
48.7139

62 64 94 129 317 330 379 578 871 929 970 1060 1449 1456 1470 1507 1539 1585
1691 1242 25 1618 1431 882 1607 1159 121 1127 1097 572 1344 167 1706 1020 1594 1438
58.0323
34.7413

2 437 474 496 719 874 889 900 996 1163 1369 1487 1584 1642
1727 1685 1691 1701 1739 202 1551 291 1344 1744 1562 1703 568 50
48.491
28.919999999999998

128 237 268 328 356 578 601 641 703 811 1008 1044 1060 1131 1190 1271 1315 1503 1595 1686 1703
1743 1584 1737 1554 1553 370 1647 1699 923 1517 1618 300 582 1706 738 315 1330 1154 167 714 1461
66.9138
38.0685

182 244 249 394 424 470 547 625 723 827 829 1059 1170 1235 1360 1539 1572 1703
1743 1732 1242 1610 1613 1431 1159 1127 738 1702 1346 1048 1267 1227 109 953 303 609
57.2948
33.1574

2 91 184 290 389 462 581 641 745 765 785 809 919 938 1099 1123 1143 1186 1192 1214 1217 1262 1394 1421 1531 1607 1629
1636 1373 1727 1517 1684 567 1671 1732 1728 1392 1414 726 1127 109 1734 334 1415 1085 1161 36 1169 1436 1342 1017 1451 1416 1281
84.8945
46.7728

26 126 320 418 454 726 854 893 1014 1124 1221 1331 1429 1446 1472 1528 1546 1691
1724 1737 1609 1618 924 1514 1749 1254 1617 1095 1719 923 1505 910 1381 532 253 1373
58.2894
36.0703

170 216 235 258 385 816 994 1021 1037 1236 1269 1332
1691 1244 1421 709 992 345 225 981 1386 1479 72 1325
28.48
16.5619

66 193 305 367 373 435 490 493 501 525 584 701 712 818 826 872 1135 1145 1147 1153 1168 1268 1313 1322 1389 1451 1483 1497 1530 1531 1579 1608 1679 1698 1735
1727 1704 1720 1712 1663 1694 1419 1618 1484 1662 1681 1394 11 847 1124 395 1157 569 98 924 1161 1491 50 1089 1646 1256 321 1320 1706 1020 1069 630 680 1521 1143
104.5607
65.7281

56 94 156 478 570 598 865 876 926 1021 1049 1360 1387 1488 1615
1733 1732 1672 1214 1242 511 109 880 153 1702 988 1737 862 1442 831
39.922
21.5029

5 26 121 156 286 305 371 478 514 537 550 707 750 767 814 871 893 916 960 1014 1040 1044 1052 1214 1286 1452 1455 1579 1584 1588 1731
1685 1532 1562 1720 1691 1732 1744 113 726 1618 1669 1163 1454 1282 1143 1242 250 1343 1053 1679 1606 174 1436 568 1342 1598 172 272 846 608 660
84.7238
49.397999999999996

76 91 232 582 641 712 821 889 934 1133 1288 1346 1401 1427 1668
1640 1373 1451 1732 1740 1719 847 1074 315 1516 433 1256 1461 776 824
44.4166
26.6299

8 17 88 117 129 404 409 454 496 578 612 617 706 782 918 937 960 1029 1086 1088 1156 1211 1262 1269 1309 1326 1612 1621 1693
1641 1133 1588 1458 1653 1253 1479 215 1346 1483 992 633 72 1727 318 224 1150 1443 785 167 186 1444 981 1369 1706 213 1386 1267 1519
83.7861
49.3605

109 249 513 804 1021 1108 1135 1160 1176 1429
1663 1617 1684 456 1309 990 864 709 1662 1257
23.6991
13.8091

85 332 438 549 1023 1111 1423 1540 1558 1698 1700
1734 591 1341 395 279 793 688 1135 1267 1484 1157
41.0371
27.4352

13 67 128 179 331 653 668 685 737 918 1176 1278 1312 1527 1546 1700
1744 1562 1618 1684 1734 480 499 1627 1068 320 279 456 1443 1567 1267 446
51.4921
29.9024

183 232 427 494 857 894 1067 1185 1248 1249 1362 1388 1414 1427 1447 1553
1737 1641 1610 1657 720 1201 1299 526 623 1621 1719 476 1261 1605 247 1173
50.5722
29.3632

46 384 473 490 513 870 937 1092 1319 1321 1710
1737 370 1167 1135 1414 957 1648 1519 990 1662 226
27.8502
16.3594

76 214 575 783 908 937 1193 1214 1530 1700
726 1732 1341 709 1439 1734 279 1438 1342 1267
32.2458
19.6075

26 71 103 294 370 469 531 591 606 667 699 730 737 792 811 827 1046 1110 1224 1268 1341 1429 1458 1462 1572 1650
1726 1744 1706 1242 1101 991 1053 1544 1662 996 1394 887 1267 1028 1019 1097 768 561 1094 557 1518 114 1675 709 1029 1346
74.2658
40.8661

117 259 426 467 481 531 533 617 646 653 745 792 853 906 981 1175 1331 1332 1361 1375 1577
1658 1681 1373 1737 1133 1722 1646 623 1471 951 1028 1124 1720 334 1689 480 887 561 778 1589 345
60.481700000000004
32.6977

139 193 380 438 470 485 533 781 783 817 923 1008 1026 1055 1181 1256 1304 1358 1388 1433 1487 1522 1572 1579 1582 1659 1682
1720 1647 1739 202 1610 954 1517 720 1680 1143 709 1394 1347 1159 1141 1346 1149 1267 1551 850 1603 598 84 777 957 499 138
76.9852
46.5432

105 234 258 469 490 668 677 699 765 781 927 1035 1052 1094 1271 1292 1322 1345 1357 1358 1374 1387 1458 1632 1654 1687
1706 1666 1577 1330 1559 1544 1639 1343 1053 862 410 1517 339 730 1614 745 38 1263 1562 1224 1266 1282 598 1414 1254 1439
70.3813
42.0528

67 93 117 129 214 335 408 450 539 553 612 725 811 870 880 910 932 935 963 974 1000 1131 1193 1262 1288 1310 1312 1350 1372 1480 1577
1595 1549 1458 1618 1133 1430 1666 1689 1681 546 72 1627 1617 1604 630 1663 767 538 1251 850 990 808 810 1154 1605 993 848 1386 1267 1379 1127
86.1821
50.5719

46 240 349 354 493 527 562 582 598 702 876 918 940 979 1016 1072 1110 1130 1519 1683 1737
1642 501 1740 1074 1346 1459 1392 1135 1394 1322 1436 1218 1150 1443 1662 247 153 1099 1696 988 1087
60.2559
37.364

128 399 733 807 869 1006 1169 1185 1309 1425 1456 1488 1491 1507 1553 1726
1744 1691 1734 1126 799 1732 1657 1610 1617 1579 1607 1042 1641 1501 1483 526
71.1253
43.7727

93 227 418 730 1118 1252 1256 1263 1326 1337 1469 1507 1604
1636 1691 1649 1607 1731 572 1141 1317 1555 768 1663 1675 1369
43.1063
26.4197

76 310 330 332 343 348 411 612 668 950 967 1192 1341 1346
1744 1458 1714 1094 1019 433 255 1594 1487 344 788 872 129 725
33.9107
19.298

120 562 570 750 862 894 1006 1060 1211 1249 1369 1458 1577
1706 1609 1681 1253 1653 1689 1501 623 1215 1544 50 1357 513
39.3714
21.5585

183 464 550 792 865 907 932 998 1211 1236 1262 1350 1507 1717
1595 1691 1653 72 1244 1253 1028 572 1421 1607 1150 425 178 880
44.321
23.7848

41 424 440 468 603 804 1046 1199 1237 1286 1369 1427 1450 1588 1717
1048 1244 1624 557 1719 1150 1097 50 388 250 608 272 1613 1022 215
39.3038
24.0347

52 93 184 210 331 411 516 522 571 578 826 827 829 848 869 871 927 934 1101 1105 1131 1135 1160 1180 1288 1410 1515 1551 1599 1711 1715
1566 1732 1663 688 1687 238 410 1340 1594 701 1706 1265 637 847 167 538 1692 1057 953 446 1080 653 1548 793 700 276 814 1695 478 1286 1574
85.4155
50.9503

115 227 399 485 591 598 646 723 792 1052 1469 1507 1679 1747
1691 1649 1607 951 1028 991 1053 572 1282 1267 1646 153 1108 1536
45.641
28.8176

66 121 178 237 316 356 427 768 899 1060 1077 1190 1194 1290 1338 1425 1456 1466 1509 1581 1608 1642 1703
1743 1687 1727 1584 1532 1698 1734 1204 202 1371 370 1464 1527 621 283 300 1068 1322 738 753 424 1020 1492
83.4299
47.013

42 44 313 320 330 369 410 487 490 513 537 668 838 897 927 938 967 1016 1051 1157 1319 1347 1369 1389 1447 1466 1495 1497 1573 1612 1630 1647 1656 1714
1737 1687 1636 1386 884 1588 1204 370 1614 1373 847 1552 1392 1248 1713 247 1555 1567 1505 84 1461 1310 1343 424 179 908 1017 1381 1493 1648 1356 1062 1436 50
108.3051
63.0328

66 67 210 225 249 283 424 438 487 652 653 765 841 848 998 1169 1286 1362 1370 1410 1463 1505 1650 1737
1642 1562 1731 1126 1048 1602 1627 1303 1436 1473 480 1607 1567 1040 1459 1534 546 905 522 1518 1087 1472 1508 294
70.7879
42.0475

69 85 164 193 367 476 592 685 700 760 865 919 1088 1092 1131 1157 1207 1211 1247 1284 1288 1397 1427 1629
1744 1204 567 1684 1253 1653 1722 1710 1523 1415 1394 1169 1127 957 1260 1719 688 1059 189 1154 401 880 1124 1069
69.1292
38.3856

8 41 86 102 107 130 148 164 178 454 501 553 571 574 656 726 737 760 895 908 946 1092 1205 1495 1549 1586 1717
1502 1724 1733 1704 1703 881 1386 1244 1710 621 1371 1523 1373 1295 1604 1438 1062 1614 1150 84 957 1310 700 1505 179 1431 1690
80.156
42.7304

102 166 571 710 745 755 760 1315 1445 1519 1663 1668 1700 1719
1502 1640 1696 1386 1691 1523 1734 334 320 1341 375 1196 1267 700
52.7092
30.1857

225 700 826 1072 1083 1138 1168 1249 1559 1717
1204 1508 623 1244 1150 238 546 109 663 24
28.4175
16.3985

71 139 164 170 179 190 207 235 294 316 331 343 371 408 431 443 455 518 894 956 962 1107 1169 1245 1326 1368 1372 1459 1528 1566 1607 1622 1644 1695
1685 1691 1728 1737 968 884 1618 1710 1414 1511 1514 1068 1423 1717 847 1089 814 1617 1339 1126 1053 991 1527 225 1472 433 1059 1294 1369 1469 1690 808 1386 1325
101.8251
59.4232

91 279 316 369 564 723 760 781 1016 1057 1077 1138 1185 1461 1485 1489 1551 1615
1733 1373 1640 1711 1672 1451 1446 1594 1201 1545 1523 1693 1641 320 1068 1289 487 776
60.6325
33.1672

253 967 982 1026 1184 1298 1346 1361 1582 1642 1658
1727 1731 1722 1720 1680 1347 1552 1371 1454 1610 326
40.4799
25.1377

77 109 207 237 389 399 438 454 500 516 527 592 659 694 907 962 973 1143 1160 1178 1192 1239 1301 1303 1333 1451 1459 1505 1519 1546 1550 1588 1640 1682
1584 1727 1499 1748 1562 1148 991 359 1511 1026 880 701 1617 272 1309 1040 927 370 1603 250 1256 508 608 829 499 1416 178 572 39 799 1286 1337 388 214
98.8433
54.023

13 56 94 131 190 234 394 396 474 594 606 646 656 776 778 853 882 995 1161 1429 1549 1553 1586 1588 1656 1675 1692 1706 1720
1737 1691 1562 1010 1517 1386 1610 1701 1613 1657 526 1068 951 1295 1431 250 1589 1026 1498 1396 608 79 1373 1649 1184 291 1448 1261 247
94.5511
58.028

41 166 277 357 501 553 718 730 941 960 1042 1072 1121 1162 1219 1249 1283 1311 1322 1485 1575 1688 1695 1706
1720 1704 1691 238 623 1466 881 1609 1394 1604 884 1026 768 1498 1696 1517 1116 36 430 493 1346 328 303 1236
71.9453
42.9988

17 31 232 244 332 371 410 450 468 500 518 581 598 744 905 906 925 1043 1055 1118 1121 1150 1313 1446 1470 1483 1486 1638 1714
1684 1666 1532 924 882 1555 1337 633 923 1519 1605 1157 1148 984 1436 1713 1566 778 1127 773 153 1491 910 1461 988 976 179 609 1074
79.6442
48.8809

550 551 650 670 900 1026 1321 1455 1559 1575 1608
1680 1508 1322 1574 924 109 1112 174 1346 777 1224
30.689799999999998
20.2822

182 414 500 523 737 854 960 1168 1678 1687
1517 1577 1330 1471 1127 1133 730 1063 922 1020
32.9205
21.8591

294 349 594 625 674 765 963 976 1237 1319 1357 1362 1497 1644 1725 1731
1706 1173 370 1691 1559 814 1423 1053 1469 1535 272 1089 1346 345 1299 1648
54.461
35.3266

35 56 71 76 98 148 234 253 490 590 646 649 653 700 783 865 937 1035 1055 1150 1199 1252 1290 1339 1486 1546 1666 1667 1675
1684 1689 1204 884 951 91 1532 709 480 1624 109 1605 1371 880 1414 526 1407 1190 1171 980 1040 1737 425 1337 1519 1577 1209 1263 898
81.0102
48.5114

13 179 244 434 443 451 617 690 703 916 929 932 998 1105 1184 1207 1256 1306 1369 1428 1458 1459 1549 1693 1703 1746
1743 1706 1562 238 1731 1386 446 1511 1682 370 1048 1618 1068 1607 1295 738 1544 537 941 1141 1510 572 1574 1163 1227 425
83.4099
48.3535

85 470 699 742 795 848 862 1164 1222 1385 1433 1488 1632 1710
1727 1732 1609 1610 1028 1159 1167 1214 1346 882 688 847 1263 1127
41.8239
23.1463

35 56 88 191 244 380 470 511 550 592 886 1049 1057 1473 1582 1588 1622
1711 1610 968 1545 1717 1159 1347 1737 608 1346 250 84 1690 609 58 174 347
48.0664
28.6698

85 380 451 470 501 694 785 893 919 930 1026 1150 1180 1301 1342
1704 1746 567 1499 1680 1610 359 1159 1532 1346 688 777 829 401 1016
47.6282
25.927

35 117 316 527 938 962 1374 1436 1491 1692
1691 1636 1133 1617 1155 1392 1579 991 1068 1527
38.5929
21.9306

98 146 348 437 494 504 564 765 872 886 1339 1342 1494
1746 884 91 109 1714 1693 1344 1681 1171 510 320 58 860
35.4872
20.3918

183 253 277 340 677 962 1034 1161 1245 1710
1010 1551 991 1618 1167 1371 1294 1040 1127 1539
28.2665
16.4861

39 227 348 527 617 842 899 1012 1162 1211 1262 1338 1414 1427 1441 1466
1687 1480 1621 1204 1253 1653 1299 1649 1464 1719 424 808 1492 1218 670 283
49.9045
27.3016

5 73 404 592 653 718 725 1094 1497 1735
1562 1466 1694 1639 480 1333 1089 1712 318 1254
32.2963
19.3961

132 379 696 906 939 1303 1365 1405 1450 1579
1720 1137 1517 1143 778 67 1613 1244 1352 382
25.8343
15.2147

249 275 601 652 895 905 1008 1101 1130 1214 1298 1361 1397 1509 1528 1604 1615 1717 1747
1733 1722 1703 1636 1647 1732 726 1672 688 1731 1720 1617 1514 1517 1244 1699 1600 1646 1150
71.7012
40.1015

53 88 107 120 357 927 930 949 1006 1650 1666
1687 1501 1357 1190 1215 1577 980 1518 1690 1701 1029
30.2819
19.9502

151 214 330 677 905 946 1072 1181 1194 1305 1322 1346
954 202 238 1614 1562 413 984 63 344 623 1544 833
29.1405
19.1456

169 178 203 313 504 694 736 744 767 783 807 827 1012 1172 1249 1379 1458 1459 1646 1698
1706 1680 709 359 1511 1371 623 395 1484 621 1544 670 1573 317 1369 572 648 1587 589 636
52.073299999999996
30.3505

169 420 523 661 765 842 1121 1185 1321 1566
1737 1691 1201 1480 1641 847 215 1133 1250 1116
27.097
14.0024

130 314 328 374 487 493 510 690 700 807 811 916 935 963 966 1051 1181 1207 1249 1309 1326 1464 1505 1612 1667 1668 1678
1640 1562 202 1588 1204 1689 1552 954 1483 1471 1385 1662 623 1040 1633 1239 1303 1712 1567 1163 1444 922 1369 107 1493 1002 1631
79.7232
45.5851

232 469 533 592 636 785 1088 1215 1288 1358 1383 1458 1522 1644
1706 1089 1423 814 1469 1544 1614 850 598 1124 1337 1016 355 481
39.6092
25.3055

132 165 468 539 684 736 755 1032 1163 1219 1339 1401 1458
1696 1706 1642 726 884 91 1703 1609 1551 844 452 1544 767
43.3585
23.6319

74 121 207 467 720 733 768 923 941 1016 1059 1079 1121 1272 1333 1436 1451 1463 1658 1701
1727 1532 1748 1155 925 1163 1648 1638 1610 969 316 1487 1602 1198 326 984 1149 202 1530 1346
64.5462
37.6437

35 136 150 327 644 874 947 1034 1035 1135 1239 1304 1310 1466 1679
1687 1666 1663 1204 1618 880 1539 885 424 1439 993 1018 630 568 680
42.2965
24.2586

86 148 183 227 800 838 908 1189 1224 1236 1248 1360 1489 1638
1732 1649 476 1519 1438 1702 1421 901 1356 1289 72 316 109 1662
38.4718
23.3798

259 332 426 510 618 684 730 795 814 848 876 980 1031 1043 1108 1385 1430
1737 1727 1732 1649 1642 1712 844 1530 1004 1034 768 864 847 1606 1087 1136 511
46.6678
25.663899999999998

2 44 62 71 178 396 426 527 553 817 893 956 963 964 1007 1021 1157 1160 1161 1163 1176 1186 1192 1283 1315 1325 1331 1332 1485 1522 1536 1595
1737 1520 1010 1554 1618 1685 1703 923 1684 621 1551 1271 1371 1260 1604 456 582 850 1218 1559 1251 1173 1562 714 1517 345 1530 138 1497 202 1474 193
85.9632
50.0972

31 436 450 562 652 919 980 1031 1032 1199 1387 1486 1488 1608 1622 1658 1669 1737 1744
1701 1684 1553 1642 1605 567 968 1214 1666 1204 1649 1731 452 1717 1322 1610 1574 1020 1436
77.3476
47.6872

105 183 464 541 598 778 781 898 934 991 995 1131 1145 1211 1286 1337 1368 1451 1527 1528 1584 1698
1685 1727 884 1253 1653 1731 1514 1396 1744 320 1617 395 1484 339 1567 847 1679 1196 1317 988 630 153
71.2944
41.7293

31 85 129 148 156 313 369 487 510 612 649 658 659 703 755 854 922 930 939 949 1118 1178 1283 1303 1389 1401 1485 1536 1551 1638 1692 1713
1696 1691 1499 1517 1458 1133 1712 1594 1567 1519 1150 688 847 1573 72 1373 773 388 1329 1260 969 382 1497 1032 1077 916 775 739 111 312 901 408
77.9017
45.7566

193 258 409 431 500 525 964 1067 1257 1262 1395 1461 1555 1565
1585 1711 1446 546 1660 1019 1394 487 224 1127 1148 248 551 178
39.6024
23.9558

476 582 690 706 813 882 908 940 979 1008 1374 1577
1517 1683 1074 1681 1647 1371 1740 1392 1689 1204 1438 785
39.2559
20.779600000000002

102 136 170 193 332 345 367 404 411 470 522 636 769 811 838 882 962 1211 1410 1447 1463 1486 1533 1546 1593 1669
1502 1737 665 1605 1517 1150 1653 1610 991 1684 1253 1159 237 1602 1069 1346 1394 318 1315 1530 225 905 1473 1018 1356 1325
79.8084
44.0693

132 182 249 424 462 501 533 575 760 857 1145 1160 1235 1315 1460 1629 1642
1704 1727 1684 1048 1439 1523 1127 303 1169 1415 1605 109 67 1281 686 1068 328
52.4253
30.0854

76 136 305 396 514 579 658 765 810 1026 1243 1435 1449 1555 1692 1747
1691 1680 1693 1019 1159 121 1260 1018 25 1373 777 1594 1536 1227 1588 769
46.1727
27.6866

415 493 785 893 1030 1150 1193 1312 1491 1668 1714
1640 1471 1617 1555 1579 1532 1436 1662 1052 1016 824
37.4929
23.3904

120 361 366 426 507 562 574 804 842 898 908 913 927 1023 1092 1110 1163 1369 1642
1727 1621 1734 1719 1480 1687 1551 1703 1737 109 1438 957 1097 50 202 1394 1562 277 60
52.9858
29.8728

19 74 81 151 518 558 601 641 841 842 870 1006 1094 1108 1133 1134 1189 1245 1272 1325 1486 1554 1692
1691 1684 1504 1718 863 1480 1732 1250 925 969 1699 1501 1605 1639 1254 1357 1236 1260 1461 1256 315 864 1077
66.7677
37.8455

13 182 380 550 719 737 853 1086 1427 1703 1706
1743 1562 1068 1719 370 785 738 215 1026 1589 1498
37.956
22.4515

213 367 385 411 513 591 671 702 765 885 916 960 1014 1034 1131 1209 1326 1332 1358 1387 1405 1450 1558 1582 1612 1624 1703 1714
1743 1446 1588 1618 1181 1137 701 1423 370 991 307 1163 1333 480 1677 1174 1347 410 1360 1555 1436 1135 1385 1152 1157 5 1614 738
92.5934
55.7751

414 607 758 884 889 1029 1324 1342 1362 1423
1746 1629 1724 591 72 1242 1402 793 1742 1516
34.3513
20.8145

88 103 148 234 258 531 564 668 723 769 818 869 905 1044 1087 1209 1312 1321 1331 1588 1646 1678 1737 1747
1680 1642 1333 1471 1315 1693 1089 250 887 608 1459 561 1063 1618 1029 1536 272 276 480 286 1436 922 1392 377
68.0744
44.5286

194 470 514 699 768 842 998 1051 1303 1458 1564 1593 1703 1725
1743 1706 1610 1480 1173 1552 370 202 1346 345 1535 1159 738 1493
54.727000000000004
32.7877

46 126 294 485 490 724 865 908 980 998 1108 1189 1199 1221 1288 1333 1360 1361 1451 1549
1727 1732 1748 1609 1386 1722 1624 1720 1053 1295 1505 1649 1135 1256 1438 425 1414 1702 864 880
60.3248
32.3534

62 76 147 305 371 404 427 769 811 869 1004 1006 1015 1083 1123 1192 1239 1345 1533 1581 1631 1695
1698 1671 1330 1618 1501 753 880 884 1315 1224 318 1491 1357 1215 1537 1236 663 1644 501 1600 276 1594
57.3902
34.5014

537 566 688 949 966 1043 1077 1147 1156 1281 1341 1388 1667 1676 1720
1744 1735 1737 1637 1689 720 1736 1337 569 1094 1343 671 219 530 1252
57.515100000000004
34.8715

182 622 723 744 791 795 804 814 932 980 1087 1161 1162 1199 1205 1331 1350 1362 1435 1480 1483 1676 1721
1595 1735 1733 1549 1732 1010 1649 1430 546 72 881 1693 1624 1157 1034 1237 621 1022 1423 1606 976 38 593
78.0055
45.0048

80 190 366 380 468 523 571 750 758 857 865 1007 1032 1143 1199 1215 1248 1308 1328 1365 1632 1647 1706 1744
1520 1204 1553 1701 1621 1386 1337 1624 1127 1727 1133 452 1373 1020 1026 215 1605 1498 621 1263 1314 561 1273 1493
74.6997
43.8607

169 210 409 434 667 668 829 848 1015 1088 1111 1175 1262 1268 1414 1421 1519 1554 1688 1719
1726 1720 1386 1373 1658 1504 1621 446 1646 623 863 1299 1085 224 1696 1173 238 1099 388 340
70.3669
37.963

62 74 103 232 237 286 335 436 437 481 513 514 571 670 724 907 919 937 947 1111 1131 1140 1224 1263 1321 1441 1446 1448 1688 1706
1720 1584 567 1471 113 561 1662 924 1618 1696 1344 923 1026 1555 178 700 119 910 1498 1112 1029 990 248 1154 238 307 1379 1346 1519 401
80.7902
46.5236

139 216 328 435 646 1194 1284 1328 1350 1368 1406 1481 1577 1581
1595 1698 1681 951 1532 1689 72 189 1493 621 753 652 1706 1462
40.5432
22.6579

279 494 496 522 549 550 612 641 685 769 861 885 930 960 964 974 1004 1026 1032 1087 1138 1193 1370 1379 1421 1425 1528 1676 1691
1744 1735 1734 1640 1618 1458 1181 1514 701 1749 1617 1680 1095 452 1315 1127 1346 1534 1085 1351 1548 794 532 315 777 501 294 1266 174
83.9229
47.2123

53 550 551 575 670 1064 1185 1207 1224 1271 1375 1597
1201 1699 1747 1439 1641 1124 561 1662 1112 174 526 1518
31.0178
18.4163

113 128 294 369 395 474 478 560 795 885 894 960 973 1092 1176 1190 1198 1224 1247 1414 1503 1533 1575 1629 1669 1747
1684 1722 1732 1621 701 1299 1181 1242 1701 1618 1605 1666 1167 1053 1415 1169 456 434 1059 1574 1330 1662 957 1646 1127 291
80.688
46.4505

76 136 146 166 209 384 485 905 1037 1057 1101 1130 1466 1629 1668
1640 1687 1737 1711 1684 1204 688 1244 1691 1545 1415 1473 1127 1169 424
53.6969
28.3477

66 85 317 382 661 765 773 872 940 1007 1087 1180 1306 1345 1357 1406 1427 1433 1461 1528 1581 1588 1676 1711
1520 1735 1698 1532 1617 1514 1446 1692 1080 1559 1719 753 688 1250 1607 608 1681 1224 410 1438 1346 272 1337 487
74.195
43.545

193 237 356 405 468 515 646 827 910 940 982 1133 1169 1194 1304 1372 1392 1430 1435 1447 1507 1530 1559 1595 1685
1737 1691 1554 1584 1732 1508 951 433 1607 1693 1260 923 1394 1715 572 1646 1004 1161 1532 1126 582 630 51 1472 1256
85.8685
49.355199999999996

153 227 388 405 523 612 795 966 1037 1345
1732 1458 1649 1244 425 1425 215 1224 1133 576
26.0283
13.4973

67 80 244 332 418 450 539 655 733 745 800 884 894 897 899 906 1101 1180 1247 1262 1326 1362 1423 1503 1553 1632 1691 1746
1629 1610 1666 1048 688 1618 591 253 1657 1749 334 526 1627 72 1464 1095 1510 793 1351 537 247 1369 1638 1662 1742 778 38 1263
87.51820000000001
52.6342

817 882 899 925 947 1006 1281 1383 1449 1561
1520 1517 1337 1501 1159 1464 121 25 1357 1236
33.1787
19.0952

183 330 366 570 578 652 707 724 726 817 848 923 1425 1486 1561 1588
1724 1520 1734 1684 1621 1731 1669 1373 1149 1605 1706 250 608 272 167 1393
50.1783
27.494

103 213 380 560 780 862 874 907 910 937 980 1052 1172 1189 1546 1608 1646 1683 1691
1423 1680 1609 501 582 1749 1095 1649 1053 561 1351 1322 885 1282 1029 178 924 84 1345
63.6029
40.2387

130 389 618 688 712 720 810 974 1278 1362
1637 1618 1163 499 1198 316 1004 1416 1136 1127
32.0332
20.4898

169 227 454 792 872 934 1064 1077 1195 1199 1286 1370 1435 1559 1629 1667
1689 1684 1649 1508 1699 1028 1693 1127 1624 1169 1534 847 224 1415 510 109
52.1605
31.7143

46 102 316 462 514 671 782 783 870 940 956 998 1064 1121 1130 1369 1559 1581 1591 1726
1744 1502 1698 1685 799 1508 1174 1699 753 1042 1360 1527 1677 1135 709 1340 1650 154 1236 1549
70.0772
40.8776

6 85 91 210 234 283 424 435 641 720 795 841 932 980 1006 1015 1145 1205 1333 1385 1395 1423 1456 1489
1733 1727 1748 1732 1373 1711 1585 1163 591 1649 1660 1501 1198 881 1607 522 1289 1048 1610 793 1357 316 688 1215
75.7415
40.5459

17 19 109 115 234 380 418 440 566 570 765 818 935 970 980 1029 1043 1046 1138 1189 1305 1315 1400 1447 1452 1464 1497 1507 1700
1737 1691 1736 1617 1649 1341 1734 1607 279 633 671 557 1267 253 1309 79 846 1594 1239 67 572 1618 1185 1108 1150 316 1236 413 1097
75.8579
42.7834

67 182 370 780 799 816 1038 1281 1387 1463 1578 1722
1242 618 1627 713 1248 1237 1602 1618 829 1473 932 1318
40.3155
26.6668

86 190 227 343 361 443 501 511 556 582 712 871 949 1124 1143 1250 1314 1427 1692 1713
1704 1691 1687 1649 1727 1074 1740 1254 307 1719 1133 1150 705 1237 1696 1260 1373 1077 328 1287
57.9193
32.175399999999996

13 17 170 385 581 963 1046 1205 1221 1612 1703
1743 1733 1562 1588 1609 881 633 1068 370 1385 1097
45.8021
25.9386

19 147 244 436 926 1347 1488 1528 1667 1713
1689 1214 1330 1617 1514 1133 1150 247 609 1145
29.849899999999998
17.6449

450 655 800 941 1205 1290 1333 1462 1491 1530
1748 1733 1666 1101 881 1579 1617 996 1662 898
36.1322
19.7679

85 88 373 405 462 549 601 821 842 934 937 1029 1304 1311 1550 1656 1711
1480 1699 881 1692 1026 1080 688 847 1281 1519 1397 1035 79 214 1306 1184 1572
42.4673
26.039

53 66 373 414 431 462 707 782 922 1256 1292 1328 1375
1669 1124 38 561 1281 1493 1141 621 72 248 1551 986 436
30.279
19.2578

316 488 494 584 649 661 737 818 862 946 1123 1321 1421 1460 1509 1550 1561 1720
1737 1520 1068 1609 1671 1026 1085 1250 1527 1614 1618 1320 530 591 79 1252 1482 1299
56.8619
34.8762

109 210 216 462 725 768 826 1032 1157 1290 1436 1540 1606 1646 1685 1687
1680 1155 1577 1617 1330 202 1004 1517 1161 452 1309 1715 1411 1260 51 1529
51.8173
32.7599

136 147 404 408 487 499 500 652 838 880 1014 1198 1298 1303 1304 1392 1640
1584 1566 1148 1330 1731 1167 370 1260 1567 434 318 1356 1244 1616 1618 927 808
50.303200000000004
27.4136

225 1021 1060 1450 1551 1582 1691 1711 1737 1744
1553 1701 1642 1204 1749 1080 1436 1127 1020 1594
50.2128
35.624700000000004

103 151 214 227 294 454 456 469 701 967 1099 1181 1207 1248 1252 1288 1341 1369 1370 1385 1489 1495 1561 1604 1688 1715
1744 1720 1520 1636 410 202 1649 50 1124 954 1727 1053 1696 1062 179 11 561 1600 1310 847 1265 1019 1534 1289 1158 36
89.9722
52.2917

191 259 286 327 335 366 537 598 707 724 773 778 842 929 1092 1135 1290 1315 1328 1332 1429 1446 1489 1494 1515 1522 1588 1668 1683
1732 1640 1566 501 1480 1621 1340 1663 582 924 113 1669 1057 637 1343 1539 923 621 250 910 1289 957 709 513 153 1610 1379 988 138
95.9723
57.286

41 77 150 216 313 688 816 1034 1105 1333 1688
1720 1748 238 1637 1618 1696 1574 1573 1257 1165 572
32.6056
16.2586

39 88 136 147 153 156 165 193 234 240 283 310 490 516 522 551 650 737 776 848 872 897 1092 1173 1219 1249 1337 1361 1365 1405 1520 1555 1691
1736 1747 1644 1744 726 1722 1330 1749 1720 701 1609 623 1731 1141 1394 1425 1095 1414 1351 1317 1019 510 957 1681 808 532 1552 1448 1273 676 1548 1487 769
87.5546
50.345

69 313 464 650 838 1041 1164 1246 1312 1427
1687 1244 711 1719 1356 1573 915 1261 910 599
24.4088
15.086

8 86 146 191 193 210 320 411 450 464 525 549 618 674 744 758 807 854 919 964 981 1016 1161 1215 1288 1395 1553 1682 1693
1726 1010 1737 1666 1585 1711 1610 1657 526 1660 1394 1299 1176 976 317 1004 72 1381 1261 1505 247 1603 1136 499 1277 860 1432 941 1337
80.6115
46.910000000000004

77 354 758 816 1319 1365 1436 1455 1515 1646 1656 1657
1566 1732 1680 1155 1340 1057 370 863 637 709 1062 847
43.352
25.7259

64 69 165 166 225 335 518 556 574 906 922 988 991 1014 1108 1131 1175 1176 1186 1205 1256 1306 1314 1350 1519 1520 1522 1549 1582 1624 1691
1595 1733 1747 1446 1644 1658 1107 884 881 1386 1505 72 1646 1373 1749 623 1152 456 1095 1141 726 1618 1351 1684 1347 1607 307 1196 778 476 1295
104.3206
59.7696

117 153 320 408 427 513 671 889 979 1052 1099 1185 1257 1430 1612 1631
1737 1732 1588 546 1641 1392 1174 1133 1385 1491 1677 1053 1530 1239 808 1505
54.385999999999996
32.6392

93 225 227 275 283 467 571 661 744 745 776 791 861 871 922 960 1034 1046 1057 1064 1178 1346 1347 1400 1406 1503 1505 1546 1564 1607
1562 1618 1711 1728 1699 1532 1649 1545 334 1414 1040 557 1303 247 1250 1663 538 67 1237 1097 522 72 1653 546 700 272 1448 1337 1330 1508
78.2481
44.2355

39 139 279 434 440 469 485 500 507 515 564 584 592 618 636 690 735 768 941 1230 1247 1259 1314 1347 1365 1459 1597 1726
1744 1640 446 1042 1511 202 799 1747 1346 1340 1236 1097 1650 247 320 1646 154 1482 1004 1549 1693 572 1320 808 1237 526 1136 1291
79.488
48.6864

139 332 967 1091 1164 1190 1392 1445 1606 1640
1584 1148 1260 300 370 927 1196 51 39 508
30.7699
18.1162

5 153 339 574 906 1094 1268 1488 1536 1703
1743 1562 1214 1716 370 738 1639 1425 778 1254
33.6415
18.2638

55 102 150 436 501 514 549 550 655 674 694 730 809 949 1004 1040 1059 1186 1337 1423 1455 1458 1494 1604 1607 1654
1502 1704 1706 1636 1728 359 1731 591 1299 862 1714 1454 793 1414 1317 1544 1343 174 668 1662 1083 1675 1559 328 1653 1638
78.9149
45.6686

66 253 340 435 570 694 742 809 982 1030 1049 1172 1178 1286 1301 1397 1430 1441 1599 1624 1631
1446 1737 1499 1722 1551 1371 1152 359 1530 5 1706 1040 1491 1239 307 653 1151 829 1087 317 793
57.3203
33.3683

147 216 235 244 294 328 394 455 518 603 646 950 1032 1108 1143 1153 1175 1721
1658 1373 1714 1727 1330 1613 1646 623 1053 951 1691 452 189 1022 1419 621 864 593
53.7448
30.7375

41 44 107 151 170 286 335 411 418 525 821 1043 1135 1252 1383 1414 1451 1549 1604 1687 1725
1727 1636 1386 1621 113 1173 1299 1663 1577 1295 1505 1330 1517 1535 345 730 272 1600 225 355 253
70.1261
40.864

6 13 109 234 415 427 469 553 720 869 907 1016 1118 1184 1192 1456 1522
1562 1471 1731 1617 1068 1163 1604 1198 1309 1052 1020 178 316 138 276 1032 1474
43.8744
24.6903

150 178 490 531 850 939 1091 1111 1140 1527 1669
1517 1605 1545 1371 621 320 1574 1567 887 1150 1414
27.6424
15.2671

70 103 164 286 294 468 488 514 525 584 688 725 809 882 907 919 941 950 1051 1190 1292 1298 1341 1389 1391 1585 1693 1722
1744 1637 567 1714 1517 1710 72 1267 1053 1552 847 38 25 713 561 829 1029 1097 1318 1493 1344 1094 113 1630 178 1141 1019 1320
85.26950000000001
50.0717

55 76 81 142 148 237 305 349 399 414 494 525 636 688 737 785 813 826 1068 1178 1199 1224 1247 1271 1391 1392 1423 1478 1503 1519 1555 1629 1650 1659
1726 1584 1683 1684 1637 1371 1618 591 1624 1127 1260 1330 1346 1415 1487 1662 1169 1019 272 1236 1172 1059 1173 793 1518 1227 1299 1257 1099 1403 1588 1422 1016 641
94.69
54.8549

179 553 829 937 1026 1130 1190 1608 1666 1706
1618 1680 1604 1322 300 924 247 1577 980 1498
36.3744
25.5625

31 249 388 677 882 937 1042 1060 1099 1290 1392
1517 1260 36 1394 425 1630 898 1236 513 1062 910
30.8183
20.2327

130 170 303 579 707 736 908 919 1067 1101 1175 1199 1259 1566 1720
1737 1691 567 1658 1669 688 1646 1373 847 1624 1438 1325 938 225 623
55.7251
31.2231

361 438 473 671 674 750 929 1032 1346 1515 1579 1629
1732 1566 1684 1720 1057 1143 1127 1340 1677 637 1174 1169
44.7955
25.5387

44 56 210 283 349 404 462 539 581 821 850 935 941 1004 1038 1086 1118 1123 1173 1224 1292 1324 1459 1463 1491 1495 1559 1612 1703 1747
1743 1736 1588 1671 1602 1617 1508 1346 370 1511 1545 1579 1724 1062 1646 1385 215 1473 785 738 84 1607 1310 318 1662 179 767 905 932 1530
96.4234
56.5827

237 314 470 601 661 919 926 1332 1414 1553
1584 1610 567 1621 1657 1299 526 1159 1346 1250
36.4039
18.918

8 17 279 366 405 408 592 760 858 923 962 973 1046 1131 1143 1153 1358 1381 1495 1515 1573 1606
1566 1732 1640 1727 1621 1614 1204 1523 1057 991 1349 633 1062 637 1340 1149 84 253 557 1419 1310 179
71.2706
40.516

42 74 139 193 245 275 279 316 699 874 913 1052 1181 1215 1357 1416 1445 1449 1480
1727 1549 1640 1430 202 884 1159 954 1719 121 1068 1559 1675 1053 546 1527 1394 410 25
60.8637
33.2502

76 380 420 719 811 858 1143 1298 1388 1414 1497 1631 1679
1727 1621 1204 1299 720 1349 1491 1239 1173 733 84 680 568
33.8665
19.159299999999998

8 102 139 178 194 371 440 462 493 495 511 516 725 910 941 1016 1059 1181 1207 1259 1269 1284 1306 1400 1415 1448 1527 1550 1675 1685
1502 1089 202 1479 954 1371 1026 1004 701 992 621 500 320 1607 67 1161 1567 630 1662 1411 1715 981 895 1614 1646 901 1281 1529 214 189
83.3506
49.8746

76 165 182 210 451 467 690 710 726 973 1042 1055 1126 1178 1312 1536 1608 1692
1691 1685 1724 1373 651 1394 1322 924 1260 375 36 1594 215 607 1077 5 1588 439
49.9333
28.4405

8 19 80 132 194 207 225 244 370 395 438 470 525 592 649 653 702 755 773 792 861 900 932 1124 1135 1180 1239 1246 1249 1342 1406 1447 1527 1597 1687
1737 1696 1746 1242 1532 1028 1577 1610 1663 1747 434 1330 1254 1159 1666 480 711 623 1567 1346 730 1574 1517 880 546 114 1508 67 895 1710 526 1188 609 320 971
92.0155
49.973

259 328 437 481 592 670 712 820 829 1107 1322 1368 1584
1685 1471 1339 1744 1344 1679 1695 1112 1059 172 621 568 1346
38.8262
24.5944

42 44 91 105 153 190 232 758 769 791 1051 1128 1130 1150 1161 1247 1311 1360 1606 1621 1663 1668 1676
1732 1735 1640 1641 1373 1451 1622 1010 51 1552 1532 881 1337 320 186 1315 1346 1425 247 339 1493 794 1237
78.7415
44.2283

55 209 332 566 700 744 829 926 1247 1405 1472 1481 1565 1703 1713
1743 1204 370 1137 1133 1736 1473 738 1150 671 1227 652 1299 548 976
43.3634
25.0434

56 169 305 414 435 558 656 735 858 1000 1046 1064 1347 1410 1577 1711
1699 1718 1681 1204 1689 1692 1617 1080 557 1349 1646 1737 1431 247 1097 1706
46.8622
27.5567

39 64 94 166 179 234 305 317 335 431 562 584 730 733 883 960 976 1128 1217 1319 1325 1374 1430 1458 1485 1588 1591 1691
1706 1517 1737 1622 1618 1749 370 1095 808 1638 1530 250 272 1648 1544 745 1438 1675 532 1320 1351 922 1379 241 253 608 768 790
77.7382
45.2601

64 164 560 575 707 1041 1324 1332 1338 1491 1622 1741
1709 968 1244 1710 1579 1669 1439 1617 1724 283 1492 1717
45.0627
27.6443

2 153 244 443 622 960 998 1322 1503 1741
1709 1618 1423 1425 1287 1330 609 1498 272 5
29.402
19.7368

94 191 601 667 750 800 907 1326 1341 1357 1595
1744 1726 1737 1554 923 1559 410 582 1094 1369 1019
40.7557
20.3656

120 132 408 418 464 469 473 549 765 791 838 1049 1057 1288 1328 1365 1495 1549 1593 1668
1640 1711 1386 1545 1505 1295 1062 84 179 915 1310 1356 67 1237 808 253 621 237 1493 1032
52.7986
30.1573

35 74 120 126 142 191 275 317 414 474 579 581 591 767 870 897 919 973 1012 1015 1029 1034 1052 1111 1145 1245 1309 1429 1455 1461 1585 1682 1710
567 1618 1701 1446 991 1483 1053 25 1719 1344 1167 1282 1097 1127 1603 1493 487 215 1438 291 1385 1346 790 79 499 401 1734 1141 1501 1369 48 1294 430
78.5618
48.199600000000004

31 120 128 235 290 399 495 553 570 571 612 622 744 897 929 937 939 949 982 994 1014 1035 1131 1134 1249 1389 1464 1466 1497 1564 1577 1650 1687 1713 1741
1517 1204 1709 1458 1666 1734 1618 1681 1689 1604 1691 1330 1732 847 1423 623 730 1239 1150 46 1250 424 1519 1518 1133 1002 1701 1439 1154 279 1498 1168 1069 1306 848
96.332
58.1137

41 382 487 495 617 800 820 1079 1101 1268 1310 1554 1559
1504 688 863 1508 1695 1567 1487 109 340 993 222 470 810
38.3671
23.4766

129 277 476 853 854 882 903 910 1085 1133 1423 1447 1449 1527 1550 1615
1733 1737 1672 1602 591 1517 1480 1159 1732 1026 1204 433 1567 1589 121 793
55.7119
30.1526

183 547 598 869 1087 1272 1322 1332 1350 1599
1595 925 969 72 153 345 1539 653 988 1485
30.8953
19.124200000000002

77 148 279 452 495 531 659 853 870 950 1012 1095 1236 1247 1450 1451 1494 1646
1727 1714 1499 1680 1640 1242 1660 1421 887 938 1589 670 72 1256 1613 1299 1059 388
48.7895
25.1264

52 209 213 283 343 380 443 658 710 758 795 838 906 1121 1153 1315 1319 1341 1450 1470 1503 1507 1566 1632 1663 1713 1714
1744 1691 1737 1607 1732 1423 882 1555 1618 370 847 1419 1473 1150 321 1613 572 375 1019 522 1094 1648 778 1356 433 1436 320
82.4224
45.9682

64 98 179 183 191 279 452 469 485 496 564 700 854 907 938 941 967 1087 1108 1252 1259 1263 1271 1288 1326 1406 1421 1451 1472 1488 1555 1558 1629 1654
1727 1636 1640 1684 1392 1618 1242 862 1204 1214 1532 1127 109 1343 1019 255 1415 1085 1693 1135 1256 178 1588 320 1369 969 1346 864 1227 1169 922 1124 1646 1485
98.1305
56.8987

46 56 126 214 357 414 437 485 514 550 735 765 769 783 800 807 813 842 884 922 934 1064 1184 1205 1271 1284 1288 1311 1374 1389 1446 1452 1593 1629
1733 1683 1684 881 709 1480 847 72 1371 1731 1127 924 1699 1415 1646 1344 1135 1315 237 1742 1169 923 745 785 1232 1719 1610 174 910 1032 1737 1035 511 1124
95.7436
54.3706

455 606 655 1094 1250 1478 1582 1640 1659 1711
1584 1687 1148 1080 1692 1639 370 1347 307 1662
39.8191
25.1397

39 178 210 607 652 724 926 1170 1195 1205 1207 1257 1381 1405 1466 1491 1556
1687 1733 1731 1617 881 1579 1204 546 1371 279 621 1137 1402 424 1242 808 1610
55.0659
30.8187

42 69 105 109 120 268 277 525 564 598 723 783 821 848 1091 1162 1198 1314 1391 1405
1137 709 1617 1693 1167 339 1309 153 320 1237 988 1291 1366 793 716 686 1039 513 1319 1173
41.3409
24.7057

130 501 506 570 574 668 670 872 1059 1110 1281 1342 1435 1480 1546 1553 1711
1704 1549 1746 1430 1610 1373 526 1657 1693 1080 1692 1394 510 1681 546 1112 1337
58.9644
35.7477

149 454 659 726 872 981 991 1091 1338 1341 1357 1494 1531 1575 1581 1593 1746
1744 1724 1698 884 1048 1510 1373 1161 1559 1499 753 537 410 1094 283 237 510
66.6444
39.7378

132 184 327 371 553 677 813 821 885 949 1008 1105 1138 1160 1245 1257 1312 1342 1370 1401 1423 1441 1455 1564 1565 1585 1710 1720 1725
1737 1683 1746 1647 701 1181 1371 591 1517 546 1604 238 1734 1173 345 1167 1535 1539 25 1534 272 79 793 1344 67 1294 1097 1574 1127
98.59
61.2052

330 367 369 617 658 684 937 940 1198 1459 1612 1701
1642 1588 1648 1511 1167 1385 901 844 1444 572 828 1519
34.6447
20.0924

103 193 340 397 510 694 742 1043 1051 1068 1083 1247 1489 1606
1726 1712 359 1551 1552 1161 1394 561 1029 1289 1493 24 286 51
40.7341
23.224899999999998

81 170 203 522 523 872 1072 1133 1180 1215 1629 1726
1744 1684 799 1732 1236 1415 1042 238 1127 215 1340 1650
50.4276
32.3705

164 389 671 973 1044 1326 1361 1394 1410 1565 1612
1588 1722 1710 1720 1174 1385 1360 1677 109 1444 828
35.5844
21.5204

74 80 130 258 303 340 373 414 415 424 456 712 781 792 807 810 874 884 922 930 976 1118 1160 1180 1248 1303 1314 1328 1357 1365 1392 1435 1491 1622 1657
1706 1629 72 968 1048 1471 709 1579 1551 621 1693 1559 1717 1260 1062 1617 1690 863 476 1636 1028 1742 410 1218 1052 901 252 1237 1493 847 382 885 385 1244 1291
99.988
60.5959

77 80 81 105 314 330 426 550 750 760 795 1038 1059 1087 1153 1252 1463 1540 1565 1720
1737 1732 1523 1602 1419 1473 339 905 932 1530 1236 530 321 1325 174 1691 107 1083 39 649
53.4788
33.0756

6 149 305 533 668 922 1012 1145 1246 1379 1394 1586 1701
1687 1648 711 109 901 670 630 72 553 1305 745 850 1227
31.2722
19.4708

31 81 411 513 582 601 702 778 946 1007 1026 1292 1314 1369 1445 1550 1599 1634 1659 1741
1520 1709 1680 1740 1074 38 1699 1287 1614 1196 1617 1237 50 1498 1236 990 346 653 777 214
60.2932
37.9332

178 268 286 310 374 485 494 582 592 778 827 926 979 1052 1086 1128 1153 1263 1309 1421 1530 1540 1556 1710
1622 113 1074 1740 1053 1371 215 1483 1392 1167 1631 621 785 1085 1633 1555 1282 1419 591 363 762 649 1127 321
65.5789
39.6884

17 109 117 193 207 216 345 356 389 395 500 501 571 625 699 755 907 918 1091 1107 1157 1162 1262 1357 1427 1445 1463 1480 1489 1505 1530 1558 1565 1735 1746
1704 1696 1562 665 1549 1339 1048 1430 1666 1133 1694 1617 1150 434 546 1510 1303 1712 633 1602 410 1040 1559 1089 1260 1135 537 1473 1386 1309 1289 1443 1453 1059 1127
111.7099
66.0284

19 91 244 245 415 462 531 560 690 791 792 941 947 964 1451 1466 1473 1559 1591 1692
1727 1687 1691 1373 1471 1508 1204 1028 424 1237 1610 1256 1260 279 1077 1052 776 109 1646 630
60.5744
32.1776

2 147 237 244 357 601 636 688 781 929 934 998 1086 1193 1262 1305 1309 1312 1325 1480 1495 1713
1584 1549 1637 1430 546 1330 1483 215 1133 84 1699 847 179 1310 1062 1150 785 609 572 425 413 1646
60.7796
34.043

268 305 795 1021 1138 1263 1272 1298 1375 1679 1726 1747
1744 1732 799 969 925 1042 1340 561 1650 1236 1124 1646
50.6236
32.5914

516 533 606 644 782 869 885 966 982 1164 1211 1222 1298 1423 1455 1495 1519 1593 1630 1667 1711
701 884 1253 1689 1653 1181 591 1028 1080 1692 1062 84 237 179 1310 793 882 1099 1032 908 1237
67.32900000000001
40.3275

98 418 897 908 934 1193 1383 1466 1559 1584 1593 1642
1685 1687 1727 109 1204 1508 1438 847 424 1679 1744 355
46.8572
27.02

26 203 213 227 328 396 656 677 712 724 893 894 907 980 1205 1262 1339 1342 1383 1423 1445 1507 1555 1556 1566 1615 1698 1744
1733 1691 1649 1553 1746 1737 1701 1672 884 591 572 1204 881 1607 847 91 1127 1019 1484 621 793 395 1020 355 1431 1196 1171 526
97.8519
54.4275

91 109 516 537 562 598 707 1362 1473 1647 1657 1725
1373 1386 1451 1617 1669 1610 1248 701 1309 1173 847 1535
54.6561
36.2057

109 190 348 684 760 870 1006 1064 1368 1410 1428 1483 1558 1561 1599 1640 1706
1584 1520 1642 1148 1699 1523 1157 1617 1682 1501 1135 927 370 1357 1337 844 1026
60.8175
36.3138

343 388 735 865 1023 1029 1059 1239 1470 1654 1685
1646 880 1734 882 862 1343 1161 1004 425 1411 1715
41.8645
27.4153

76 102 164 290 394 646 791 810 861 907 932 979 1000 1021 1055 1060 1362 1447 1676 1683 1687
1502 1737 1735 501 1710 1577 1734 1330 1613 582 951 1617 1517 730 175 1392 794 1018 1237 363 1337
70.2851
40.131099999999996

71 450 566 667 671 745 918 1495 1624 1634
1726 1446 1666 1152 1736 1360 1677 1174 1443 179
43.3929
25.7919

113 408 518 553 653 707 712 744 785 807 925 929 1000 1252 1325 1370 1423 1433 1455 1622 1624 1631 1735
1446 968 1722 591 1712 1694 1617 1669 1337 1152 1717 480 1089 793 1604 1239 1534 1690 808 5 769 294 1587
79.4748
50.0509

234 279 290 317 414 450 504 883 884 907 910 1034 1077 1249 1286 1314 1321 1322 1325 1381 1582 1683
1640 1629 1666 501 1618 1734 582 72 623 1742 790 1347 1291 630 433 1237 1438 178 1594 95 1176 1198
61.169200000000004
36.237700000000004

164 249 361 395 718 755 782 869 1041 1085 1092 1163 1205 1310 1350 1395 1410 1423 1461 1483 1546 1631
1595 1733 1696 1585 1602 1711 591 1710 881 1466 1703 1446 1666 1660 1551 72 1244 202 434 1157 957 1337
76.8051
42.2298

191 213 227 327 468 490 518 527 582 785 826 903 937 939 950 956 962 1004 1007 1008 1060 1124 1217 1243 1247 1313 1401 1414 1447 1565 1585 1631 1683
1737 1517 1520 501 1685 1621 1423 1299 1480 1647 1714 1740 1491 1074 1254 991 1649 1539 1239 25 1097 1344 1218 1734 1519 1385 1150 513 1173 1198 1287 1141 1016
96.6091
52.5406

73 436 720 871 872 1034 1092 1200 1221 1321 1345 1374 1379 1533 1604 1682 1720
1737 1722 1636 1609 1163 1618 1333 1198 1681 316 1600 957 745 510 530 1603 1404
55.6248
33.3498

93 258 725 780 964 1107 1153 1250 1350 1381 1435 1468
1595 1687 1339 1693 1419 72 538 307 321 95 1059 1345
37.3975
22.0987

98 151 240 259 314 464 582 758 799 807 861 865 929 1012 1108 1118 1140 1162 1173 1333 1374 1392 1455 1469 1495 1663 1715 1721
1736 1748 1074 1618 410 618 1740 109 1260 320 84 1237 1248 910 1265 1062 880 1022 670 1310 745 621 307 864 1267 593 1150 1032
80.6439
47.8238

283 303 385 399 427 473 476 522 539 549 606 707 872 897 960 974 1169 1193 1235 1256 1262 1314 1325 1347 1414 1464 1591 1593 1640
1584 1621 1618 1126 1204 1148 1669 1299 370 247 1681 1239 938 1237 767 927 510 1472 1002 1607 1141 39 1173 1266 1069 903 508 1548 1032
79.0838
46.9478

93 275 279 305 354 622 725 726 1026 1064 1239 1579
1724 1640 1720 1699 1680 880 1143 1373 1322 1423 538 1663
36.828
20.0747

275 320 379 560 726 792 1031 1087 1168 1236 1368 1387 1676
1724 1735 1737 1373 1421 1028 1505 1020 1381 72 794 1485 1337
35.7112
19.4905

42 316 332 343 437 778 882 1041 1094 1161 1624
1446 1010 1517 1068 1152 1244 1527 1344 1639 5 1630
37.6251
22.4122

2 70 88 102 470 549 653 671 674 895 956 1060 1064 1067 1105 1214 1245 1315 1338 1368 1593 1691
1502 1732 1703 1685 238 1610 726 1749 1699 1677 1174 1159 480 1095 1346 1351 283 1492 1342 237 1294 74
70.2696
40.2333

76 77 109 234 354 388 500 661 783 906 910 991 1079 1173 1272 1283 1301 1338 1688
1720 1736 884 1499 925 709 969 1617 1696 1487 1322 425 1250 1127 1309 283 778 1492 630
58.3452
31.9174

35 66 105 139 211 216 646 861 949 1310 1429
951 339 709 993 810 1638 488 436 384 818 115
22.137
14.2064

13 170 303 356 371 566 570 726 1030 1101 1108 1314 1375 1698
1724 1562 688 1736 1068 395 1124 1373 938 1484 225 864 671 1237
44.9426
26.8145

165 213 348 443 603 758 925 1401 1436 1686
1423 726 1155 1337 1553 255 607 1472 1315 1114
25.8915
15.2447

46 283 426 440 564 652 677 869 895 1042 1099 1107 1248 1312 1448 1483 1533 1540 1581 1646 1679 1719
1386 1703 1698 1680 1731 1737 1394 1339 36 1693 1135 753 1607 1157 522 476 1059 680 388 1462 989 568
67.5852
39.978

105 130 328 384 499 504 553 578 643 652 674 724 736 814 1000 1162 1284 1315 1337 1379 1550 1572 1579 1582 1584 1593 1597 1700 1725
1737 1685 1731 1744 1026 1267 1173 1734 1566 1747 1617 1604 1720 167 189 1535 1143 1299 279 272 1347 345 1034 568 1317 1606 339 1679 1706
94.8481
57.9945

35 249 641 656 814 861 1014 1369 1429 1546 1584 1646
1685 1680 1618 1744 568 1431 315 1679 1337 1461 1606 172
35.2284
20.9342

115 126 249 320 473 495 706 737 871 876 926 967 1004 1029 1072 1107 1283 1303 1312 1460
1737 1339 1108 1719 1381 1059 1505 79 501 238 255 382 1244 511 48 1442 1068 1257 492 759
45.8691
28.966

55 56 389 434 584 652 661 690 718 726 776 800 963 1000 1006 1138 1192 1252 1338 1339 1372 1383 1394 1462 1486 1487 1507 1606 1654 1678 1710 1741 1744
1691 1684 1701 1553 1617 1709 446 1724 572 1739 884 1607 1101 1204 1731 1471 1167 1605 1373 1287 1466 1343 862 1127 1020 1501 1737 1314 1063 1357 355 1320 526
115.7277
70.13550000000001

506 531 539 581 650 656 795 816 893 923 1049 1162 1176 1214 1368 1678
1732 726 1471 1373 1684 1149 1089 456 887 767 1342 1436 1431 922 1063 661
45.2361
26.597

6 55 131 148 348 361 551 582 702 809 865 885 897 1160 1284 1455 1464 1573 1599 1604
1636 1181 701 1074 1740 880 1614 1600 253 189 1271 1002 653 427 1239 1696 705 1422 1158 641
48.3915
28.0565

115 165 286 349 366 469 515 598 688 730 781 870 963 1021 1031 1072 1088 1101 1247 1259 1328 1341 1441 1469 1644 1725
1744 726 1621 1637 1089 113 1173 814 1346 272 1423 1535 345 1094 238 768 153 1267 1251 1019 621 1675 850 1108 1493 988
75.7008
44.696

184 305 420 501 531 539 547 659 783 858 950 967 996 1041 1130 1133 1252 1441 1446 1447 1449 1554 1604 1638 1644 1667
1499 1737 1704 1636 1714 1691 1689 863 1504 1204 1732 1532 924 709 1423 1089 1159 814 1349 923 1519 1469 25 433 887 767
94.31700000000001
54.8909

191 361 436 792 814 946 995 1365 1644 1668
1640 1396 1028 1089 1423 1614 1469 1034 1606 824
29.3131
17.0414

39 56 103 105 109 146 227 253 328 348 646 735 816 861 886 893 980 1181 1303 1381 1423 1429 1462 1494 1624 1747
1446 202 1646 951 1101 1649 591 1617 1152 1737 954 1371 1691 561 1309 5 808 1029 58 1536 1040 1244 709 307 860 793
79.5487
47.9209

52 184 249 310 411 501 658 776 783 800 872 925 995 1016 1086 1224 1283 1370 1381 1430 1451 1624 1731
1727 1704 1737 1446 1691 1396 1152 709 215 5 1534 1256 1681 1530 1662 294 1646 1598 303 785 1087 1337 307
70.5695
41.5639

126 290 303 415 434 539 649 665 668 760 826 848 883 937 1243 1332 1341 1414 1441 1451 1466 1497 1629 1713
1744 1687 1553 1727 1684 1621 1734 446 1204 1471 1299 1523 1415 1107 938 1256 1127 1150 1094 767 1019 1133 1169 1519
78.7577
43.0912

5 85 86 169 320 373 374 485 511 539 618 688 882 906 907 1023 1031 1250 1310 1346 1347 1389 1450 1488 1597 1608 1629 1630 1659
1562 1687 1684 1637 1737 1517 1214 1127 1734 1415 884 1747 1631 1633 1004 847 1169 767 1381 1613 1322 307 924 908 778 1136 247 178 1236
88.3858
53.5986

234 516 871 1143 1181 1263 1269 1400 1561 1565
1520 1727 202 1479 954 701 992 67 981 1555
32.0499
18.0606

149 166 234 317 330 617 690 1194 1222 1263 1321 1480
1549 1691 1430 1028 546 882 1555 790 1438 687 5 344
29.774
16.486

369 382 397 409 420 938 1079 1168 1185 1284 1292
1636 1392 1201 1641 1020 1487 38 1161 224 1017 189
29.9225
15.6969

5 44 139 313 385 813 1134 1160 1314 1531 1536 1640 1642 1669
1584 1727 1683 1562 1148 1371 1250 1605 1161 109 370 1574 1237 1150
54.1984
31.9745

2 13 71 88 130 150 523 719 807 869 876 1014 1072 1086 1094 1153 1192 1527 1558 1581 1644
1698 215 1562 1089 1133 1068 1423 814 320 753 1639 1469 785 1567 1157 1419 1135 238 1254 511 1462
60.9176
36.3809

41 182 566 571 773 1157 1215 1332 1385 1452 1686
1727 1553 1736 1260 671 847 1337 846 1271 345 700
28.5237
17.461

17 85 132 211 268 294 706 1021 1111 1123 1173 1178 1480 1486 1621 1658 1668
1736 1640 1641 1549 1684 1430 1671 546 633 1053 1605 186 1610 1346 984 326 1644
56.5661
29.9212

13 66 71 178 213 240 356 409 450 462 553 854 871 1379 1394 1464 1468 1515 1549 1737
1562 1732 1642 1666 1423 1566 1386 1057 1371 1068 1604 1340 109 1295 224 1436 1239 1459 637 1281
64.4905
35.9554

52 70 77 142 164 314 424 426 438 510 516 547 718 827 854 885 906 930 995 1126 1134 1175 1193 1243 1395 1449 1489 1515 1528 1533 1549 1632 1676 1695
1732 1735 1685 1566 701 1658 1373 1711 1712 1585 1181 1710 1617 651 1386 1660 1250 1514 1646 1295 1159 623 1737 121 1396 1466 637 778 884 1289 794 1340 953 1505
110.6798
58.8591

98 169 688 1310 1362 1455 1473 1556 1578 1667
1689 1637 109 1722 1610 38 1230 572 993 810
35.1886
24.1739

8 73 522 527 550 579 724 905 1026 1156 1301 1337 1345 1630 1686 1698 1746
1499 884 1048 1731 1680 1553 395 1510 1333 1317 1218 537 1548 829 777 908 1484
55.2538
34.8654

86 232 275 279 367 531 607 707 733 913 1198 1305 1321 1324 1394 1480 1642 1721
1727 1549 1640 109 1430 1724 1719 1669 1167 546 1242 1638 887 1402 1022 621 413 593
57.9034
33.799

85 385 495 553 562 581 923 962 1057 1068 1091 1138 1169 1194 1222 1246 1283 1374 1381 1494 1551
1726 1687 1711 1126 1028 991 1545 711 1604 688 1594 1149 882 745 668 1472 1393 1714 95 1474 193
57.473
31.4694

8 64 67 74 94 313 320 382 394 438 501 531 537 649 778 782 886 897 939 1015 1134 1160 1163 1292 1341 1401 1632 1650 1658
1744 1704 1737 1517 1250 1613 1703 1627 1518 1551 1610 1343 38 326 887 1019 1562 1381 175 1094 202 1263 1329 1454 812 984 1573 852 58
80.5736
46.4783

53 85 86 121 129 149 151 235 310 367 373 394 404 518 523 606 656 659 700 718 916 963 1086 1263 1272 1281 1410 1428 1470 1559 1698
1499 1532 1204 215 1508 1133 925 1613 1682 969 882 1163 1484 1691 1466 395 785 688 318 1555 1251 1431 388 109 648 850 175 1487 1672 589 172
82.4194
46.9924

209 395 443 468 487 539 938 1060 1123 1209 1211 1423 1464 1466
1687 1636 591 1671 1204 1253 1653 1666 1392 1333 434 1567 793 424
51.3063
29.5405

56 85 283 455 566 578 579 658 671 735 783 791 813 1008 1246 1313 1452 1722
1683 1687 1647 1371 1517 709 713 1736 711 1706 1677 1360 785 1607 1737 522 829 1646
57.3948
34.7606

76 102 225 455 811 838 974 1088 1195 1331 1410 1460 1495 1644
1502 1618 1127 84 1423 1469 1062 1356 814 1310 546 1089 1508 1266
43.5706
27.6426

31 64 126 216 244 310 511 514 523 618 653 850 1099 1173 1175 1193 1247 1322 1397 1461 1519 1528 1554 1676
1736 1735 1658 1373 1504 1722 1646 863 1545 1617 1446 1514 623 1133 1719 215 480 1004 1346 609 1136 487 794 340
77.8366
45.1037

35 105 283 310 348 367 373 396 409 410 473 551 723 865 950 1006 1021 1051 1057 1221 1288 1308 1466 1539 1721
1687 1242 1711 1714 1609 1204 1552 1545 1431 1713 1501 1127 522 1607 339 424 621 1493 1566 1022 1215 107 593 279 1357
73.1911
41.553

132 724 817 922 1044 1315 1341 1357 1624 1630
1744 1446 884 1152 1559 5 67 410 1094 671
37.2087
21.2902

120 191 209 234 253 487 495 578 612 641 685 826 871 949 1030 1049 1194 1221 1333 1387 1405 1406 1468 1531 1622
1744 1748 1458 968 1609 1532 1161 1567 1717 1473 98 1371 167 1040 1690 315 1706 1105 1461 1427 347 1638 716 248 1000
63.2003
34.3178

103 356 582 706 885 903 905 925 949 1016 1186 1304 1430 1630 1669 1678 1683
1737 884 501 701 1181 1740 1074 1337 1480 1605 1089 1471 1530 459 561 255 1063
63.9746
40.1642

120 452 468 750 963 1135 1427 1461 1478 1667
1689 1242 1663 1446 1719 1487 1251 938 487 1230
29.5805
17.7028

56 214 258 275 408 618 710 964 982 1052 1087 1108 1207 1449 1564 1683 1735
501 582 1694 1712 1159 1089 121 1282 1053 25 808 1004 1136 864 1453 1737 927
50.7803
32.0483

234 286 385 395 641 652 800 861 916 1263 1281 1449 1461 1503 1581 1687
1577 1698 1330 1731 113 1446 1163 1159 121 1666 1618 434 487 1517 730 25
50.5124
28.3566

17 76 102 113 388 408 450 516 547 655 658 703 874 908 922 1057 1095 1219 1281 1369 1379 1555 1692 1706
1502 1691 1722 1666 1711 1660 1609 1545 701 633 1019 425 1662 1438 374 1498 1026 1373 1176 50 808 211 1286 1588
70.9987
41.6409

56 388 550 876 905 938 1473 1507 1604 1624 1644 1656
1636 1691 1446 1607 1392 1089 1152 1423 814 5 572 425
51.0764
30.9098

42 76 77 136 316 369 431 481 488 490 603 656 744 778 800 818 826 841 848 884 991 1051 1145 1181 1230 1319 1333 1401 1429 1452 1488 1491 1495 1531 1735
1748 1629 1726 202 1618 1214 1579 370 1471 954 1552 1694 1712 1527 1617 72 1161 1062 84 1493 1742 1431 1173 1482 98 107 1310 976 1414 709 846 852 1648 1196 1018
98.5676
58.7154

13 91 102 165 339 379 405 418 601 603 674 719 742 865 935 982 1200 1374 1423 1428 1495 1522 1638 1686
1502 1722 1373 1562 1451 1716 1699 591 726 1553 1682 1519 1068 84 1299 1310 793 1062 253 1404 179 745 880 773
72.7783
40.7047

385 501 537 649 703 778 781 791 979 1015 1077 1086 1099 1128 1134 1230 1245 1292 1430 1458 1472 1495 1565
1704 1706 1737 1622 1250 215 1392 1062 179 84 1343 1530 38 1310 1544 1482 1294 785 1329 852 1237 1646 1594
68.1351
40.2405

46 115 129 153 303 405 541 791 820 996 1008 1068 1126 1168 1224 1489 1721
1726 1685 1691 1647 651 1517 1425 938 1135 1289 1662 1695 1237 621 1022 1108 593
52.5316
29.386499999999998

39 235 258 454 525 641 650 906 913 940 1134 1230 1262 1313 1528 1546 1564 1658 1683 1715 1741
1709 501 410 1719 582 1617 1250 1514 1610 1691 1287 1265 808 1346 1461 315 1482 984 814 1100 326
67.8411
42.7162

73 74 178 194 253 328 356 357 370 396 455 464 506 516 726 862 916 960 1007 1021 1140 1310 1313 1357 1491 1536 1553 1644 1719 1725
1724 1520 1609 1386 1371 1373 1610 1242 1579 1657 671 1617 1163 1173 526 1559 1535 1423 814 621 1469 1333 701 1261 388 1286 307 1040 488 895
96.0861
55.2866

6 396 650 804 925 946 947 979 1051 1252 1520
1747 1644 1552 1337 1392 1614 1141 1493 255 769 107
30.9119
17.499100000000002

39 130 184 225 235 437 464 644 769 810 889 925 1004 1086 1092 1175 1214 1321 1328 1549 1632 1659 1713
1658 1373 1732 1386 1295 1646 1691 215 726 1505 1337 623 785 1344 1315 1150 808 957 1133 1342 1516 1263 1493
71.788
43.7499

313 348 462 485 893 1130 1145 1257 1312 1325 1459 1717
1511 546 1244 1150 247 1281 1573 572 630 1200 660 129
29.4439
18.320999999999998

52 182 396 418 427 452 462 606 706 765 817 908 1059 1130 1131 1175 1314 1365 1406 1486 1522 1663 1691 1710
1658 1684 1242 1532 623 1646 1749 1095 1373 320 1605 1167 1438 1351 938 247 532 1237 253 138 1083 848 1291 1281
69.0545
41.9206

26 53 62 71 327 452 594 768 791 872 923 1105 1256 1305 1322 1339 1381 1461
1242 238 91 884 202 526 1446 1618 938 1237 510 1149 1171 1681 1574 1141 487 1393
51.716
31.749200000000002

71 371 493 685 723 781 872 883 908 937 1016 1083 1123 1163 1178 1259 1283 1290 1325 1379 1461 1554 1629 1644 1714 1720 1747
1744 1737 1684 1504 863 1671 1446 1127 1551 1555 1423 814 1662 1703 1562 1438 1169 1469 1089 1436 530 1519 1681 79 1260 1646 1415
92.2771
57.1589

117 268 426 431 451 511 601 655 659 1326 1447 1528 1572 1725
1737 1499 1133 1699 1617 1173 1514 272 1535 1267 345 1662 1386 1369
46.8892
27.1791

408 501 781 910 913 1014 1037 1077 1157 1199 1527 1584 1715
1685 1704 410 1719 1744 1624 1244 320 1260 1567 1679 1265 808
44.0922
25.6047

146 216 258 427 644 700 898 956 976 994 1156 1200 1725
1722 1706 1204 1685 1173 272 709 1535 345 1404 860 1674 126
37.3797
20.7804

131 214 258 374 379 551 671 1107 1192 1365 1383 1491 1632 1676 1706 1717 1744
1735 1553 1617 1701 1579 1204 1127 1339 1677 1020 1244 1150 1360 1026 1174 1633 1263
64.3696
41.0165

46 91 382 510 1040 1160 1192 1222 1237 1379 1383 1387 1494 1622
1373 968 1451 1028 1712 1717 882 1454 1135 355 1690 1714 776 222
41.0468
23.6457

67 182 275 384 454 574 575 750 903 1086 1107 1111 1189 1224 1252 1321 1347 1368 1428 1447 1449 1456 1558 1578 1686 1731
1737 1480 1722 1691 1532 1553 1159 215 1339 1682 1439 1157 1627 1662 785 25 247 1059 1020 1135 316 1598 1145 769 475 1272
75.8821
44.7616

41 76 120 327 397 516 590 606 607 618 706 853 910 929 1067 1083 1086 1199 1448 1468 1478 1527 1646
1680 1242 1624 701 1407 1161 1402 320 1567 215 1004 785 630 1487 1209 1589 24 663 1136 433 1594 1539 1286
56.4596
33.6505

131 191 513 547 579 814 970 995 1057 1341 1456 1519 1588
1744 1711 1396 1545 1594 1034 1606 1020 1094 1019 250 272 608
41.7051
24.3925

379 414 431 781 809 994 996 1030 1186 1250 1379 1621 1634
1641 1687 1691 1618 186 1346 307 1617 1559 51 248 949 1046
37.0593
22.0203

74 126 356 379 420 424 427 541 584 590 750 755 776 809 811 872 1044 1068 1101 1184 1186 1190 1214 1217 1257 1292 1345 1406 1597 1608 1668 1731
1726 1640 1696 1732 726 1517 1532 1691 688 1407 1747 546 300 38 1322 924 1436 1048 510 1209 1224 824 1681 1719 1598 1559 1448 1342 526 1320 1518 1575
86.9654
48.2408

283 558 885 1083 1121 1230 1416 1436 1483 1536 1556 1657 1746
884 1048 1181 701 1155 847 1718 863 1675 1607 1157 537 709
50.0329
32.0888

77 314 440 516 706 780 974 1217 1272 1435 1564 1647
1386 1517 1618 925 1373 1248 1693 969 701 1127 1345 1266
38.2006
22.6326

8 286 331 348 389 409 436 603 617 730 755 780 874 895 898 1156 1219 1246 1290 1350 1397 1414 1445 1461 1533 1573 1577 1597 1654 1659
1595 1696 1703 1722 1681 1621 1609 1299 1446 1747 1689 711 224 72 1687 253 1614 1343 1675 885 487 1196 1345 113 768 862 1173 1416 1674 1277
87.557
49.3719

130 380 646 780 996 1156 1338 1362 1445 1634 1731
1691 951 283 1617 1196 1492 1345 1046 1598 1674 38
32.8088
21.1573

178 190 237 320 394 420 464 919 926 974 1221 1427 1701 1713
1584 1609 567 1618 1737 1613 1532 1133 621 1371 1719 1127 175 1381
45.9182
26.1825

19 74 77 225 395 410 474 649 703 723 820 895 949 973 1015 1023 1110 1156 1224 1304 1326 1481 1554 1631 1683 1720
1737 1703 1734 1504 1666 501 1701 582 1713 434 1695 863 1394 1461 1662 1491 1329 1369 530 340 1508 1198 652 1239 79 546
81.7341
50.7509

53 467 495 504 549 566 1049 1052 1198 1245 1383 1555 1561 1703
1743 1520 370 1736 1167 1227 1053 1019 738 1282 1294 355 1588 671
41.7482
22.8264

71 85 279 551 562 575 598 723 799 865 882 949 960 1156 1192 1214 1249 1337 1347 1362 1421 1494 1551 1682
1640 1732 726 1517 1731 1439 618 1248 988 1085 1594 1618 688 623 1237 1436 247 1342 153 1317 880 499 1630 1603
66.4681
38.9702

275 369 880 964 1292 1347 1357 1368 1388 1400 1575 1711
720 1692 410 1559 38 67 446 247 1080 1211 671 1145
34.0467
21.7333

496 760 810 818 923 949 1145 1304 1326 1379
1523 1149 1618 1369 1638 630 1393 740 807 1018
22.7835
14.4296

126 128 210 211 510 653 667 694 725 813 850 1040 1068 1278 1288 1357 1406 1686 1741
1726 1683 1709 1532 1712 1371 1545 359 1287 1553 1559 480 499 1454 785 410 1267 1719 1498
62.516
32.5141

69 86 340 385 411 420 443 493 510 541 547 994 996 1262 1310 1338 1485 1595 1667 1686 1717
1737 1691 1554 1689 1244 1712 1553 1551 923 1150 283 1662 582 425 1492 993 709 1116 1517 714 1230
62.6493
37.1661

211 235 305 340 388 450 507 625 706 804 927 980 1107 1224 1278 1281 1283 1387 1448 1464 1487 1565 1578 1666 1676
1735 1687 1339 1649 1722 1551 1739 499 1097 1691 1239 1059 1577 425 1662 794 1002 1190 1337 1262 716 1189 764 1176 1672
65.8623
39.2918

31 41 77 81 117 146 164 211 232 310 384 408 409 411 496 506 607 685 730 1175 1195 1286 1361 1379 1461 1469 1536 1566 1595 1612 1630 1668 1685 1691 1717
1737 1744 1640 1646 1554 1658 1373 884 1588 1133 1446 1710 847 1722 224 1749 1150 1242 623 923 1244 1004 1720 487 768 1161 1095 1552 1351 1444 1715 582 1614 1675 808
117.1101
66.1173

2 121 179 183 237 277 431 481 560 650 718 853 854 905 913 974 1123 1246 1358 1449 1678
1584 1618 1471 1532 1687 1671 1719 1159 922 1266 711 1127 25 1466 1589 1063 598 1614 1089 248 459
61.5775
32.8775

77 305 332 435 523 671 730 737 816 938 995 1328 1710
1636 1706 1392 1677 1133 1167 1360 215 1396 1174 1017 768 1675
38.7874
23.2803

70 165 190 211 234 408 426 455 478 524 553 558 644 720 782 919 926 1051 1105 1123 1250 1257 1284 1372 1397 1458 1461 1553 1647 1656 1659 1698 1721 1725
1726 1706 1687 1737 1386 1446 1722 726 1610 1671 1718 1163 546 1657 526 1248 1173 1552 1604 1242 1373 395 1198 247 238 621 1605 1022 1535 1493 1544 1574 1484 1614
114.633
68.026

35 91 558 612 617 658 809 817 854 982 998 1014 1041 1068 1088 1101 1163 1288 1332 1394 1676
1726 1735 1373 1458 1451 688 1718 1551 109 1244 1703 1618 1562 345 1124 776 1337 202 794 425 1261
64.3302
36.3233

395 618 903 988 1108 1156 1342 1365 1473 1604
1636 1746 1107 1480 1666 434 1004 1600 1610 864
34.7798
20.2552

35 142 165 191 193 237 279 294 438 451 556 818 842 854 938 1092 1147 1192 1198 1219 1252 1350 1531 1572 1573 1737
1584 1642 1636 1595 726 1640 1609 1480 1392 1053 1167 1394 1436 569 1267 1161 1459 72 253 1614 957 1017 1618 1087 98 227
80.3222
45.6334

74 136 426 646 710 745 768 927 1207 1237 1263 1267 1360 1448 1486 1509
1732 1684 1687 202 951 1737 334 1605 375 1555 1702 109 1004 279 1018 764
41.055
23.0164

103 178 234 339 410 420 435 641 703 736 744 862 907 925 937 949 1101 1157 1248 1259 1262 1271 1290 1331 1339 1416 1445 1533 1638
884 1609 1716 1519 91 688 1337 1461 1713 1371 1706 476 621 1675 561 1260 1171 526 1566 1089 773 1029 1196 315 901 989 286 898 424
79.4276
46.0819

19 67 98 109 182 516 525 636 996 1032 1072 1230 1358 1572
1691 1617 1627 701 1309 238 452 1267 1482 1614 598 1266 1201 1286
36.0405
21.4058

55 117 210 290 434 584 598 641 723 778 795 935 956 1164 1304 1308 1369 1573 1579 1582 1615 1682 1741
1733 1732 1672 1709 1720 446 1734 1685 1143 1133 1614 1347 1461 253 50 1498 988 1691 315 1320 153 277 852
70.5187
40.9117

121 253 385 389 396 410 464 495 523 560 571 668 684 706 783 800 861 869 894 900 905 925 1049 1085 1091 1169 1237 1388 1446 1586 1604 1650 1675 1746
1532 1642 1636 1602 1126 1337 1048 709 215 720 924 1133 910 1371 1600 1510 537 844 923 1574 1305 1566 1472 700 1040 1713 915 847 511 276 1518 179 984 1031
94.5708
54.9409

42 56 207 418 649 724 874 976 1184 1186 1194 1246 1256 1257 1271 1308 1604 1658 1683 1714 1725
1636 1687 1706 501 1731 582 546 1555 1610 1173 711 1535 345 1436 326 1559 885 1141 984 1737 1329
72.0064
44.8393

26 191 207 249 258 305 348 481 511 622 649 703 712 1135 1170 1195 1328 1332 1369 1401 1470 1485 1553 1706
1610 1663 1657 882 1471 526 621 1498 1026 50 247 224 1423 1261 1517 345 1493 1329 493 426 1354 172 561 129
62.122
38.6335

105 213 227 259 327 514 590 826 907 1015 1067 1107 1153 1172 1189 1298 1447 1509 1531
1737 1423 1649 1339 1407 1419 1161 339 98 1059 1209 1150 1539 317 316 178 321 1497 1717
47.7323
26.9343

35 42 67 169 216 305 527 571 618 706 725 792 869 929 934 1000 1162 1306 1368 1414 1448 1478 1581 1591 1595
1554 1737 1698 1621 1028 1617 1627 1299 1736 923 1004 582 847 1487 753 1218 241 1607 714 276 1462 700 1136 704 1378
66.523
38.1628

225 485 504 550 690 853 883 886 916 991 1143 1195 1358 1387 1430 1679 1688 1741 1744
1720 884 1737 1701 1553 1709 1163 1204 1127 1020 1727 1287 1530 1696 58 1196 1614 1314 598
72.6594
44.778

126 129 150 249 294 349 366 408 436 455 487 547 562 765 767 1085 1140 1162 1175 1243 1314 1361 1379 1483 1551 1565 1585 1632 1656
1658 1373 1621 1722 1602 1646 1720 623 1053 25 1157 1594 1567 1346 1719 1344 1552 1263 1237 1385 1291 808 1369 307 1097 1141 1422 189 1169
78.4559
46.6554

17 39 46 184 210 234 330 371 424 431 473 525 541 553 625 656 677 690 850 1111 1161 1222 1257 1267 1310 1314 1357 1358 1646 1659 1701
1680 1010 1048 546 1545 633 1648 1028 1559 901 1604 882 1135 410 1431 808 1614 1237 993 1291 1562 598 1004 1266 1277 248 810 344 488 1021 1474
77.6095
46.7723

335 758 826 1037 1038 1205 1246 1333 1345 1530
1748 1733 1687 881 711 1244 932 1224 51 1610
28.9893
14.302

52 165 179 279 385 395 481 814 869 967 1094 1173 1194 1462 1744
1736 1701 1640 1553 726 1618 1101 1204 1471 434 1666 1020 996 1639 1314
50.4897
27.0231

148 203 303 345 476 500 507 674 707 745 848 919 1004 1007 1087 1281 1478 1638 1720
665 1520 1737 567 1204 1669 334 1299 1519 938 1097 1340 1127 530 1487 1252 79 773 1148
59.5464
34.7792

129 179 283 388 710 804 906 930 1029 1175 1209 1435 1445 1447 1485 1497 1528 1533 1624
1737 1446 1658 1373 1618 1333 1693 623 1617 1646 1514 1152 1607 375 425 5 522 1196 1517
62.3052
35.8494

6 113 120 369 396 437 511 592 625 688 707 755 838 898 980 1067 1185 1247 1305 1310 1314 1315 1539 1573 1675
1696 1242 1722 1637 1669 1431 1649 1201 1641 1614 1127 253 1344 1356 277 993 1237 413 211 572 1059 1257 810 1291 1299
66.7068
38.6063

5 73 86 253 374 394 467 537 551 655 671 726 744 871 1016 1038 1184 1192 1215 1248
1724 1731 1562 1613 1677 1174 1333 1373 1631 1360 1343 317 1371 932 476 1633 1662 1040 410 976
54.8799
31.3747

98 102 166 331 332 373 397 510 518 684 723 783 795 900 934 974 1012 1094 1121 1173 1176 1235 1308 1325 1331 1429 1473 1509 1683 1735
1736 1618 1642 1712 1732 1691 1502 501 1694 582 109 1089 1684 847 1610 1161 1254 456 844 709 446 1639 670 303 1574 927 1127 1266 1198 906
86.9281
48.2991

6 98 128 314 373 380 440 551 579 622 700 742 758 895 925 938 940 1123 1175 1214 1246 1272 1325 1468 1604 1685 1703
1743 1636 1658 1646 1373 1732 1204 1687 1671 370 1392 726 969 109 1337 623 1715 1004 711 1423 1161 1600 1342 738 1322 1436 1017
89.5694
48.6018

64 191 253 345 369 973 1072 1086 1105 1362 1515 1519 1747
665 1732 1566 238 215 1057 1340 1371 637 785 1574 1646 1040
47.301
27.8751

151 245 374 452 513 566 736 745 908 922 1085 1092 1121 1140 1250 1283 1284 1536 1647 1693
1727 1687 1386 1242 1602 72 307 1248 1736 334 1373 1438 1633 1631 1614 957 1267 671 189 938
60.3419
33.8712

91 103 169 216 710 821 929 1007 1124 1145 1162 1172 1222 1456 1472 1520 1650
1747 1644 1373 1451 1028 1254 882 561 1020 1518 1029 375 548 630 776 1287 317
50.2923
29.8362

207 214 367 473 592 601 724 934 1049 1184 1224 1248 1358 1463 1675 1685
1731 1614 1699 1602 1004 1646 1161 1473 901 1662 847 905 476 1530 1411 1715
45.4445
28.0711

117 130 148 211 649 820 857 1029 1057 1064 1088 1248 1385 1464 1558 1722
1727 1711 1133 1699 1545 713 1135 1157 847 829 1695 1605 1318 1239 476 1002
52.7382
33.0884

102 514 792 900 1199 1331 1346 1394 1556 1564 1577 1656
1502 1028 1681 1689 109 1624 1574 388 67 553 1397 398
36.2146
22.2533

120 495 558 601 720 773 827 882 898 900 932 950 1026 1107 1217 1246 1267 1306 1337 1381 1423 1522 1585 1593 1656 1668
1640 1517 1714 591 1163 1718 1339 1731 1680 1687 711 1198 1141 25 316 953 793 1699 1097 1344 1734 1059 1317 1607 1236 237
81.5015
47.4326

39 214 389 487 527 838 900 927 1051 1068 1180 1186 1189 1249 1288 1319 1333 1346 1365 1435 1455 1468 1483 1491 1495 1582 1584 1629 1631 1663 1693 1720
1726 1685 1737 1748 1684 1687 1744 370 1552 1617 1415 107 623 1347 1567 808 1579 1574 1127 1157 1679 1310 1062 1239 72 1493 1618 84 79 568 1218 1356
107.2174
65.891

149 249 451 504 919 930 934 941 1044 1057 1217 1222 1312 1347 1435 1466 1553 1564 1624 1654
1687 1446 567 1711 1517 1610 1204 1657 526 247 1545 1028 1693 1343 862 424 1152 847 630 5
70.8105
39.8566

179 182 184 385 399 451 462 504 817 820 1079 1337 1455 1487 1688 1720
1737 1618 1731 1739 1695 1696 530 1317 79 1281 1252 922 39 674 953 1173
43.494
26.872700000000002

71 142 331 408 462 493 562 591 607 612 659 829 883 922 964 981 1153 1173 1180 1310 1339 1357 1445 1491 1528 1700
1736 1499 1617 1458 884 1734 91 1514 1579 1662 1346 1559 1419 1402 279 1341 410 1267 72 526 321 1196 388 1281 1171 808
79.896
46.1295

35 367 496 594 735 773 981 1247 1290 1395 1487 1550 1561 1629 1711
1520 1585 1684 1739 1026 1660 1415 1080 1692 1169 1127 1184 1059 1646 1519
51.4932
30.889

328 331 339 394 501 537 578 653 703 707 885 1046 1160 1446 1540 1720
1704 1737 1181 1716 701 923 924 1669 557 1343 480 1613 1706 79 1097 446
59.0715
35.920700000000004

42 86 94 121 370 440 464 524 650 670 685 700 918 922 966 974 1023 1052 1134 1160 1278 1365 1369 1447 1456 1463 1505 1549 1561 1584 1588 1638 1640 1714 1747
1744 1532 1737 1685 1562 1148 1520 1242 1204 1618 1250 1386 1734 1020 1555 1040 1497 1303 508 1295 1602 250 1443 1473 1519 499 1679 1053 1436 39 1150 905 1646 114 568
116.191
67.9448

156 214 303 345 385 405 409 723 874 893 1306 1325 1389 1451 1577 1624 1669 1691
1727 665 1446 1749 1681 1605 1689 1150 938 1152 1095 1256 224 1607 1574 847 5 1351
62.5253
35.8605

17 102 115 389 420 641 893 925 947 1014 1072 1243 1301 1306 1358 1406 1449 1650
1502 1532 1499 1337 633 1159 238 1461 1607 1416 25 1618 1518 1614 598 315 1266 793
53.3874
31.4579

148 232 369 434 481 506 571 603 800 883 905 1049 1163 1168 1172 1181 1192 1281 1346 1446 1449 1462 1466 1478 1546 1591 1634 1688 1726
1744 1720 1687 202 799 446 1373 1471 1101 1696 954 924 1042 1551 121 1650 1703 1204 923 154 1549 25 996 424 1487 630 1236 1562 1159
99.514
58.085

53 67 81 290 317 396 435 706 768 900 935 1015 1031 1064 1138 1194 1211 1358 1400 1468 1497 1646 1701 1722
1680 1653 1253 1734 1699 202 1648 713 1627 1574 829 901 1266 1318 1236 598 1614 1438 790 1706 591 455 576 1598
63.7997
38.2166

131 345 374 384 440 511 556 564 584 677 841 967 991 1091 1111 1195 1243 1346 1361 1486 1527 1539 1604 1638 1692 1693 1719
1737 665 1684 1691 1636 1386 1242 884 1722 1431 1605 1519 1552 1631 1720 320 1567 1127 72 1600 1633 1150 1267 1196 773 1077 227
92.2193
54.2507

98 115 164 166 203 316 388 414 507 702 755 918 923 939 966 982 1092 1111 1160 1181 1200 1235 1593 1606
1696 1722 202 1691 1710 1517 954 109 1068 1527 237 1097 1149 1150 957 1443 1404 1108 425 1393 1032 51 303 347
65.4798
36.829299999999996

451 462 513 737 767 964 1259 1391 1460 1634 1692 1698
1691 395 1617 1089 1484 1108 1077 1281 1260 1273 1373 648
34.906
23.2378

641 655 782 785 842 870 876 967 1051 1118 1237 1247 1310 1388 1436 1464 1634 1656 1678
1480 720 1155 1552 1471 1089 1239 1662 1617 1461 922 315 993 1493 1002 107 1168 1063 511
57.0661
37.2037

39 227 385 464 487 490 495 506 524 696 699 736 841 857 882 932 960 1021 1107 1135 1160 1292 1333 1350 1370 1389 1436 1554 1584 1604 1650 1658 1679 1692 1721
1691 1685 1636 1595 1748 1517 1155 1744 863 1504 1663 1649 1373 72 1339 568 38 1610 326 1605 1567 847 1600 808 1022 686 621 1059 1077 1534 1518 593 1414 812 172
112.0615
66.1127

64 164 305 507 515 644 735 885 886 908 1026 1333 1478 1520
1748 1747 1644 701 1680 1181 1710 1438 1097 1487 58 777 1519 1388
40.142
20.3661

130 156 191 313 531 590 1121 1172 1246 1278 1503 1604 1659
1636 1687 1407 1618 499 711 1600 1209 1573 317 1330 887 272
36.317
21.9358

367 814 1051 1055 1059 1086 1150 1169 1281 1301
1499 1126 1552 215 1532 785 1472 1034 1493 1606
32.6998
20.3929

2 93 130 481 791 910 1016 1131 1303 1374 1389 1423 1462 1478 1520 1595 1717
1737 1747 1554 1244 591 1644 1101 1471 923 996 793 1237 847 1150 1487 745 582
60.0834
34.6277

8 19 31 736 811 926 981 982 1068 1077 1162 1173 1175 1184 1224 1321 1678
1726 1736 1658 1373 1731 1646 623 1471 1089 1662 922 1063 1519 189 459 1169 1594
48.8021
26.3465

193 214 253 317 357 443 494 551 579 658 688 694 755 765 773 791 792 976 1015 1068 1092 1094 1269 1286 1357 1362 1427 1446 1522 1632 1710 1731
1726 1696 1706 1691 1637 359 924 1559 1719 1371 992 1394 923 1639 1167 957 1237 1028 591 410 1479 981 1040 1438 1263 1598 38 138 179 790 910 1238
88.8186
51.9965

132 136 147 193 773 908 1436 1462 1505 1555
1562 1155 1330 1101 1394 1303 996 1040 1438 1019
31.2801
17.8641

35 70 126 149 156 476 581 590 744 792 848 853 883 1000 1032 1052 1064 1138 1145 1184 1268 1309 1436 1463 1472 1528 1549 1553 1555 1561 1632 1663 1726
1744 1520 1617 1610 1155 1731 799 1028 1386 1699 1657 1505 1346 1407 1483 1514 1295 1204 526 1042 1650 1053 1602 1019 154 1340 452 1589 1282 320 905 1209 1261
102.6439
58.8189

148 504 531 574 760 767 800 869 889 1088 1421 1640
1584 1148 1523 887 1085 927 370 1516 39 799 508 276
34.228
19.7732

85 88 408 982 1110 1235 1250 1298 1360 1374 1397 1584 1632 1646
1685 1732 1687 1680 1722 1744 688 307 1394 745 1679 1702 1263 808
43.136
23.9223

5 6 69 85 88 131 316 328 415 469 562 685 733 755 811 842 908 935 1060 1088 1153 1178 1303 1441 1585 1642
1744 1696 1562 1471 1727 1480 1419 1527 1052 253 1438 1068 25 1638 688 1344 1734 1097 109 321 427 1670 382 513 60 1141
68.9631
37.3578

88 129 249 258 369 394 427 598 643 668 730 884 897 1016 1184 1480 1486 1551 1656 1658
1684 1549 1430 1629 1731 1613 546 1605 1594 768 1742 72 1610 326 984 709 1675 1454 153 988
58.8755
34.6167

39 52 64 120 179 371 571 712 733 773 804 870 925 937 950 1014 1051 1086 1091 1110 1134 1313 1332 1342 1406 1455 1456 1481 1577 1606 1659
1618 1746 1714 1681 1337 1552 1689 1532 1250 808 215 1020 1394 1491 785 1493 1519 700 922 107 255 253 909 51 345 652 621 1141 851 1021 1498
78.1685
45.9494

170 361 370 434 454 506 566 650 668 737 874 899 1172 1441
446 1242 1736 1464 1373 225 671 1386 114 885 698 1325 317 300
33.5131
19.785

13 86 91 450 494 707 778 811 880 923 941 967 1067 1691
1451 1562 1666 1373 1669 1749 1068 1095 1351 1149 1616 1346 434 532
44.7092
27.0719

39 107 147 366 606 690 706 730 922 927 980 1055 1068 1326 1395 1507 1519 1737
1726 1691 1585 1642 1621 1330 1711 1649 1607 572 1687 1660 1436 808 1369 768 1690 1459
58.5277
31.562

225 305 367 590 905 935 956 1131 1181 1263 1427 1555 1559 1604 1711
1636 1685 1508 202 1692 1407 954 1080 1719 1019 109 1588 1600 546 1209
52.3551
32.755

13 146 149 234 330 366 841 895 935 1068 1172 1269 1338
1726 1703 1562 1621 1479 992 283 1492 981 74 860 317 344
34.7511
17.3279

148 151 249 268 305 388 399 454 495 560 733 755 1023 1118 1130 1131 1161 1189 1286 1290 1365 1423 1530 1581 1631 1711
1696 1698 1010 591 1734 1692 1491 793 753 1080 425 1239 1638 316 898 1154 253 1722 51 1462 1032 838 1257 1184 1520 1273
69.1108
41.4552

81 91 462 500 685 829 913 1086 1111 1392
1744 1373 1451 1719 1260 215 785 1127 1236 1148
34.8891
20.1905

44 283 450 452 553 730 913 995 1128 1288 1326 1456 1519 1659
1622 1242 1666 1719 1396 1604 1607 522 1369 1020 768 938 1675 1099
44.1924
26.684

31 136 366 451 652 778 858 894 1031 1301 1342 1491 1678
1746 1621 1499 1579 1731 1617 1471 1204 1349 1063 922 1519 909
43.264
25.6237

94 183 214 253 303 317 332 343 374 397 438 462 501 584 650 696 733 769 895 935 996 1049 1110 1172 1198 1306 1435 1688
1720 1704 1703 1691 1693 1161 1371 1607 1631 1394 1167 938 1315 1696 1638 1633 1040 1438 1281 1320 238 1188 790 433 1366 328 1539 1717
72.8491
40.8743

13 77 214 245 290 450 455 490 671 718 726 783 804 853 910 940 960 962 1012 1060 1079 1145 1247 1271 1290 1309 1326 1331 1342 1388 1400 1458 1481 1710 1714
1727 1706 1724 1746 1666 1562 1373 991 709 720 1466 1555 1734 630 1677 1068 1167 1360 1483 67 1174 1414 1369 1436 1487 670 898 410 1176 1589 1127 1544 909 1059 513
99.6411
56.6215

146 397 612 702 730 853 935 995 1079 1087 1245 1319 1584 1591
1685 1458 1396 370 1161 1744 1487 1648 568 1675 1589 768 1294 172
41.1791
24.02

46 107 130 234 371 404 485 533 566 700 773 850 876 913 1008 1046 1105 1189 1211 1221 1436 1551 1622 1646 1720 1722 1726
1744 1737 1647 1609 1253 1680 1155 1736 799 1204 968 1719 713 1545 238 1517 1717 1690 1042 1135 1653 829 1650 318 79 1340 154
98.6037
58.4252

170 216 245 294 310 330 369 443 473 518 522 643 661 897 900 907 1055 1126 1185 1214 1243 1324 1325 1362 1485 1487 1495 1606
1685 1727 1732 1724 651 1739 1641 1053 84 1250 225 1062 179 1310 1574 726 1386 1436 1342 38 1517 178 1548 1045 51 1422 344 341
72.8158
40.6541

