111 433 1643 2184 2974 3164 4786 5044 5546 6870 6881 7669 8061 9893 10051 10374 11495
61 438 2189 137 106 483 3698 1903 3081 3072 3056 929 145 296 441 352 6336
142.129
46.0532

0 59 75 1775 2025 3025 3033 3223 4199 4301 4374 4871 7372 8128 8618 9717 10308 10420 11022 12575
61 202 963 629 514 84 6817 394 4865 330 169 441 1689 4477 899 9311 7963 184 3074 145
114.5333
51.4339

608 889 1765 1818 2894 3332 3568 3645 3794 4066 4097 6369 6416 6470 9169
61 202 1476 106 137 629 963 145 1689 483 951 6475 977 2594 6483
192.80259999999998
53.862

146 184 619 693 765 937 1276 1279 1356 1621 1867 2473 2696 3031 3541 4014 4228 4563 5618 5742 5909 6791 7268 7756 8402 8444 8809 9370 9684 10294 10401 10430 10458 10671 11573
61 106 1476 36 2357 629 202 2601 137 3252 1871 145 1554 1065 827 8406 8975 3249 7270 1689 650 1831 4847 188 432 8360 3624 3648 514 840 1628 2193 1254 5238 1670
174.9176
87.6111

12 76 590 788 917 3350 3391 3968 4112 4339 4448 4913 5682 6646 7300 7377 7816 8260 8402 8487 8790 9114 9284 9458 11399
61 1476 106 438 202 151 1311 145 155 1553 8406 156 970 795 150 792 4847 812 2755 514 6648 1304 239 936 3966
153.6663
60.1085

120 244 255 663 1162 1247 1331 1753 3255 3376 3815 3946 3949 4391 4789 4889 5027 5079 5263 5336 5689 5751 5775 6172 6776 7272 7286 7715 8728 9469 9712 9781 11438
61 438 202 137 106 1476 514 3072 5787 333 827 629 1186 257 90 1689 9713 5286 4536 188 150 3 502 330 3379 265 441 2351 1279 1796 4418 168 2385
213.7228
87.4395

467 505 583 608 975 1487 1557 1846 1889 2119 2894 2899 3386 3704 4658 5107 5238 5416 5442 5584 5586 6402 6463 6544 6779 7398 7442 7696 7756 8001 8613 10051 11428 12546
61 202 106 483 137 1476 155 4235 1689 1853 629 145 413 3946 485 169 7432 2699 7739 1764 6548 168 239 970 930 1524 605 468 2746 504 2139 372 3790 1499
237.2437
96.4573

8 1549 1603 2718 3757 4519 6172 7619 10329 11411 11971
61 1476 438 36 106 483 1550 1311 801 1770 1856
118.1801
36.3363

398 821 855 917 941 3132 3421 4789 5307 5664 6217 6576 6708 8156 8450 8499 9173 9977 10141 10294
61 202 106 1476 137 36 3069 10977 629 514 3072 1888 1264 4324 333 8774 4477 90 8466 483
174.6573
56.2384

182 235 1138 1262 1522 1754 2025 2993 3108 3121 3332 3547 3698 4003 4878 5027 5166 6369 6394 6515 6817 6923 7208 8001 8397 8402 8557 8596 8618 8644 8845 10051 10414 10639 11767
61 202 438 1476 137 106 483 360 514 145 1264 191 330 1311 3072 970 951 36 4865 329 577 1127 943 3081 5059 1525 1279 4871 8406 6033 1854 3820 1856 1753 515
239.4895
114.64750000000001

394 558 893 1290 1621 1751 2011 2993 3191 3315 3414 3995 4623 5243 6172 6321 6371 6544 6908 6923 7058 7079 8270 8815 9009 9169 9573 9625 11520 11914 12047 12088 12118
61 1476 106 438 8684 2189 36 202 8461 968 1530 145 412 3072 2235 1853 1264 330 169 342 9673 1379 827 6548 3074 9583 90 6369 2139 2018 10939 3225 3946
245.4815
95.959

0 344 857 3254 3414 7139 8502 9676 9880 10069
61 202 3905 137 1888 795 4623 158 361 2159
130.2558
36.096000000000004

105 491 855 4254 4878 5361 5584 6483 6838 7537 7806 8109 8360 9191 9717 10289 10303 10308
61 202 438 483 106 330 963 3905 629 1138 605 1791 1689 329 7425 4882 4190 1127
192.7484
63.6667

296 1304 2701 3115 3547 3628 3850 3978 7311 9867
61 1311 3109 3573 169 1918 1151 6548 2425 1092
53.2757
24.9412

152 265 416 2755 3750 4892 6775 8570 9407 10167 12589
1476 438 61 106 333 150 1568 812 158 4894 151
111.1161
33.0744

306 2113 2746 2999 3315 4486 5822 6061 6361 6631 6791 8860 10294
202 61 137 629 4235 145 4865 6459 169 296 2071 929 535
81.8119
37.9159

381 784 812 979 1444 1751 2368 3815 4081 4306 4622 4658 4677 4822 4981 5402 5764 6648 7162 8074 8188 9245 9417
61 106 438 137 1476 3035 605 330 6783 1311 1379 4864 329 66 401 2159 3742 744 4286 2993 3389 2123 70
119.6554
62.6245

499 2344 3645 4032 4225 4456 5546 6544 6863 7804 8596 8636
61 438 202 137 2189 36 510 511 1311 1554 6385 4623
164.4144
52.1283

994 1143 3386 3968 4057 4686 4816 6817 8169 8716 12120
629 106 2357 36 360 943 202 6369 881 951 1311
75.0743
31.8576

836 2400 3290 3583 3900 4342 4596 5635 5827 6792 7372 9114 9643
438 61 106 6817 3080 3012 4609 374 1296 373 1702 200 4191
54.5511
27.4311

1695 1952 2956 3757 5055 5398 6049 6483 7442 8001 9050 11049 11427 12014
202 61 1689 605 963 629 1065 623 5059 3147 2475 2547 608 3874
104.9582
45.3706

8 859 1147 1309 1531 1587 2272 2866 5866 6470 6775 6943 8589 11422
202 438 61 137 36 145 963 1311 1264 6483 1310 6475 2454 773
130.5495
44.5704

1246 1254 1355 1441 1753 1774 1830 1925 2004 2872 2960 3211 3790 3946 4649 6172 6515 7900 8121 8678 8886 9309 10053 10303 10397 11176
438 61 1476 106 629 3992 1831 1311 1528 202 5059 1647 1775 394 1689 181 4536 1522 5453 262 1313 4609 2652 2924 330 1769
135.1719
78.5873

73 343 1176 1769 1857 2209 2449 3561 3944 5472 6208 6680 6683 6747 6810 7150 7282 8454 8502 8799 9239 10431 11284
61 629 438 106 360 137 1476 361 1789 1888 2454 151 3073 357 408 1786 353 171 4623 1524 3593 158 2977
197.08089999999999
67.7105

75 786 829 1566 1871 2025 3040 3279 3946 4003 4306 4689 5980 6731 6931 7086 7208 7409 7994 9050 9198 9786
202 61 2189 2235 84 1560 1689 629 1311 1264 6489 6932 145 4789 502 1091 184 2652 2942 1660 4684 274
154.6992
49.7175

33 273 693 1283 1617 1772 1867 3709 3749 4001 4003 5055 5870 5978 6009 6034 6076 6478 6789 8104 11752
61 1476 202 629 106 1499 3946 1871 6483 1616 403 485 1310 5059 1127 173 3147 881 373 4132 6260
135.1207
62.3234

1290 2155 2400 2584 2625 2806 3033 4066 5194 5352 5372 7282 7438 8001
61 438 483 4141 1008 330 441 516 929 2627 7455 3082 1311 8208
95.3276
36.7793

755 768 1167 1525 1772 3483 3760 3804 3826 4230 4473 4563 5402 7113 7291 7994 8088
106 438 629 1476 2189 61 6881 329 1370 4477 441 394 2836 1989 1012 468 4478
90.40780000000001
46.4355

1444 2473 3128 4889 6791 6792 7636 8104 10416 12088
137 106 330 333 151 401 6548 10939 61 3012
46.4098
27.309

244 381 852 1070 1283 1531 1893 3108 3447 4473 5943 6975 7675 9050 11228
438 61 202 3337 145 1264 3905 441 1689 4477 795 403 1186 1012 1936
71.8126
36.5022

693 1818 1924 2162 2688 3349 3561 4293 5751 5909 5978 6225 6370 6557 6874 7270 8018 8761 9759 10159 10458 11468 11520 12088 12125
61 202 1476 483 137 438 106 485 629 514 3072 1853 6369 1311 516 2310 6872 1301 3456 145 372 6368 10939 2076 1734
174.97809999999998
65.1162

619 895 1444 1621 2062 3978 4724 6367 6557 6776 7387 8809 9057 9250 9585 10167 10374 11176
61 438 629 202 4729 145 6370 330 3109 3332 3249 514 1647 401 2310 150 6371 1628
128.4452
52.5849

1070 4032 4806 4908 6089 6631 7016 7024 8161 8231 9742 11435
61 438 483 629 137 485 6459 145 1888 827 930 373
105.4788
38.7046

558 891 1077 1246 2164 2586 4434 4523 4858 5286 5398 6838 8323 8837 9958 10003 10159 10216
61 202 1476 629 483 1952 1530 106 1061 1316 1311 1963 1734 3081 1098 2378 472 5932
193.5607
66.1632

126 202 353 590 828 1069 1603 1643 2487 2898 3884 3908 4606 4608 4682 5365 6233 6234 6449 7141 7619 7763 8349 8398 8487 10294 10992 11176 11386
61 1476 106 629 36 4379 438 3072 483 137 142 3081 1888 6227 145 6368 169 1689 3698 6451 6719 3080 1311 6544 608 895 2601 468 4847
374.4143
180.5131

75 569 809 965 1217 1253 1742 6491 8260 9057 9174 9224 9487 9993 10038 10159 11502 12546 12587
61 483 1476 36 629 3838 84 4081 763 1734 151 3249 145 158 66 1331 812 169 1796
108.493
50.4779

979 1309 2259 2999 3075 3393 3672 4065 4119 4308 4519 4794 4919 4983 5664 5789 5827 6102 6136 6520 7316 8133 8324 8809 8837 9344 11358
61 438 372 1476 1310 929 202 3884 731 1770 4050 4124 700 1300 265 1304 2735 394 1283 1925 583 804 4256 1306 146 3307 1718
135.4184
76.3029

244 491 666 893 1304 1984 2242 2797 3697 3908 4029 4519 5353 6102 6992 7035 7307 7761 8154 8159 8220 8389 9050 9302 9305 9344 9407 9458 9919 10303 11332 11551 11772
61 202 438 106 2235 2189 36 483 1476 3698 3813 1689 169 441 4190 1770 3297 1792 1584 7372 6548 485 792 827 1186 1300 1012 4050 989 303 168 2746 1306
267.8017
90.9807

889 910 1693 1926 2357 2861 3051 4050 4423 4765 4865 5978 6654 6776 7133 7933 8040 8224 8742 10052 10248 10431 10671 11449 11578 12577
61 202 963 106 1476 629 3056 8875 9977 2127 635 1264 6478 895 441 4847 3898 2093 516 73 171 145 514 675 257 2408
233.9274
94.9854

344 582 608 675 988 1096 1190 1900 1952 2473 2507 2806 2930 2977 4184 4193 4301 4423 4473 5008 5033 5357 5430 6121 6151 6683 6817 7157 7754 8000 8220 10454
61 438 629 202 1476 1903 963 36 360 106 6478 943 1689 145 191 4477 4626 483 951 2612 148 2601 516 1541 1905 6369 1091 1907 989 1008 35 1817
243.3177
90.2287

1557 1754 2584 3736 6301 6874 7816 8461 8774 9643 9970 10069 10989 12118
61 438 202 137 2189 485 106 3337 3905 8775 514 3072 1764 6369
176.1056
65.4304

1143 4326 4561 6775 6976 8466 9914 10333 10977 11845
1476 438 106 629 2189 1530 485 514 1264 3834
116.469
43.7466

441 535 1316 1765 1923 2385 2507 3025 3075 3251 3456 3578 3596 4254 4387 4522 5080 5336 5357 6121 6478 6898 6908 7289 7433 8342 8398 9455 9914 10277 10329 11049 12548
438 106 629 202 61 145 1311 329 809 3847 4523 1065 6483 6294 1138 1098 2755 5359 4865 7682 6260 2159 3252 1997 1972 90 895 360 755 1888 84 1541 3795
184.4134
100.1863

797 917 1096 1186 1603 2449 3794 4097 4301 4596 5398 5451 6059 6792 6863 7221 8397 8444 8778 9050 11468 12040 12266
61 1476 106 438 629 36 3030 11022 1311 3283 1689 3992 1952 2454 373 8471 3447 1856 11824 333 407 1091 1451
202.9648
78.2952

12 490 499 859 965 1262 1625 1693 3614 3738 4682 4816 4865 5307 5652 5869 6368 6557 6846 7212 7270 8429 8774 8933 10159 10431 12563
61 106 202 483 36 1476 514 4081 1264 510 8775 505 629 511 6370 1012 3389 1888 66 512 577 1530 1311 2310 372 504 3624
190.4734
77.6196

394 629 895 970 1936 2025 2918 3274 4254 5775 5888 6470 6742 7035 7244 7307 7646 7754 7756 8128 8392 8496 9337 9625 11358 11469 12125
202 61 1476 106 36 963 155 417 3332 6483 6475 1856 1877 1689 4626 296 1831 145 9837 1311 82 2254 792 1554 3697 2385 1091
218.9896
92.1128

810 970 2357 4348 6370 7132 7785 8173 8387 10051 11646
61 202 963 36 137 483 1476 2127 514 155 6369
154.9854
63.5486

91 1309 3771 3790 4794 5080 6394 9873 10785 11866
1476 438 970 3992 1310 3884 1528 2755 4029 1316
85.3024
48.7117

456 1283 1549 2373 3863 4538 5592 5689 7380 9498
1476 61 2189 1550 2280 1616 1095 5593 1796 577
73.1682
25.3683

1925 2274 4789 5416 6470 6923 9146 9447 9946 11444
202 61 1476 137 963 514 2280 6475 6483 1450
116.6697
29.1883

499 755 1275 3030 3160 4321 4363 4699 5721 6697 9026 10013
61 202 1476 6227 510 7230 1316 417 4235 36 511 3171
166.0283
48.6158

188 812 994 1249 1391 1797 2004 2594 2746 2999 4032 6707 6789 7806 8133 8411 8827 9511 10038 11176 11469 12113
438 61 629 1316 2601 106 2013 10939 1791 2755 1647 899 1689 744 109 2599 1356 2123 7567 3672 1398 896
125.6956
65.4366

202 1997 3704 3858 5509 6449 7208 7367 8613 8761 9743 10336
61 1476 106 438 629 4379 3072 36 3081 137 6227 343
305.2364
162.326

73 206 510 619 676 784 828 927 2245 2266 2584 2617 3561 4622 5281 5546 5809 6004 6698 6747 6787 6861 7086 7212 8088 8159 8429 8941 9146 9384 9427 10977 11287 11385
61 438 1476 36 137 2357 2189 106 485 202 1530 4847 2280 2242 151 3039 169 5580 441 4623 4141 4504 156 333 184 1522 2977 1176 4427 3868 7733 1264 2993 205
267.9207
97.2114

635 751 1223 1441 2575 3255 3990 4094 4644 5882 5925 5951 6102 6700 6975 7061 7849 8601 9224 9289 9674 9781 10671 11358 11845
1476 61 106 438 2189 963 483 7230 3992 202 1888 1264 151 795 3332 1311 285 3905 11176 773 152 169 2894 1689 4093
199.0066
75.9912

69 191 464 988 993 1311 1352 1754 2144 2373 2378 2520 3176 3315 3481 3750 4014 4203 4230 4326 4933 5192 5352 5353 5593 5635 7001 7678 8578 8863 9970 9986 10128 11674 11719
1476 106 629 61 137 2189 485 36 1316 998 202 156 357 169 1000 1348 4865 895 1770 827 1388 1967 989 6370 374 68 3081 2385 1382 1718 170 353 396 1132 432
198.7415
89.2786

91 693 2117 4423 5412 5597 5742 7040 8636 12012 12302
514 137 61 4623 1734 2601 2755 675 577 2474 1356
58.6507
32.8753

416 590 708 1678 2054 6792 7582 7897 8389 8624 9511
106 61 2013 3337 1499 239 438 202 3672 3012 3334
54.4128
31.5286

13 171 797 1096 1228 1486 1870 3456 3578 6076 6336 6581 6975 7311 8939 9344 9519 9809 9932 11469 12571
61 1476 629 137 36 438 106 1264 9411 202 1888 3072 773 795 1098 3905 4865 403 3889 1300 4050
222.3659
65.3975

445 2344 2735 3073 3132 3992 4066 4184 4203 5400 6775 6908 7413 7563 9245 9409 11425 11772 12406
438 61 1476 629 749 145 1382 4324 9743 3668 2834 895 1541 1770 2835 90 3 1963 5735
153.9732
55.8358

91 184 613 1316 1524 2119 2977 4409 4892 5621 6557 7061 8175 9191 11831
36 106 629 1753 145 61 3690 333 1098 2310 2755 2385 895 146 4894
80.692
49.5725

35 109 632 784 965 1774 1952 2872 3279 3793 3794 4064 4141 4291 4535 5104 5584 5882 5943 6089 6286 6747 6838 6898 7113 7307 7582 8484 8774 8799 10289 10654 11573
61 106 1476 629 5591 417 2189 4081 202 1311 145 1775 8775 1888 441 483 66 403 1098 577 1530 3249 2755 169 1221 151 2576 2547 1151 4536 3614 1132 5412
179.8556
90.2554

111 1070 2073 2594 3356 4104 4228 4434 5217 6412 6919 7233 8784 11092 11719
61 438 1316 2601 202 899 3332 1554 3668 2755 629 73 1776 403 2599
89.4212
39.16

1176 3541 3568 3882 4030 6491 6928 7035 7438 8450 9742 10013 10420
438 106 36 137 7230 483 3884 394 3074 4141 3517 792 562
80.2542
37.608

1384 5166 5472 5592 6499 7625 8487 8875 9674 10470
1476 61 438 773 2652 1095 5593 577 3593 3081
79.1
28.1131

731 851 962 1566 1581 3140 4081 4596 4724 5789 6553 6731 6791 7191 7378 8596 9781 10244 12571
61 202 137 4729 1476 3249 3035 6385 1560 502 106 963 929 2735 1356 636 66 145 3698
137.5734
60.9545

151 255 1091 1309 1331 1819 1889 2233 2811 3191 3578 4237 4473 4596 4609 4783 4933 5777 5869 5978 6198 6349 6982 7433 8618 10401 10458 11145 11397 11491 11914
202 1476 2814 61 629 438 968 106 2235 1310 6992 169 2234 342 9673 265 512 895 372 1012 4477 650 374 1584 8360 1320 1098 1718 257 394 1001
212.7755
79.8806

669 1356 1903 2245 4052 5881 6409 8444 8570 9198 10350 11228 11444
438 1476 2348 2235 5209 1907 1965 4029 442 967 1905 5662 1831
84.7101
32.7126

398 445 505 582 891 1348 1999 2507 2564 3106 3276 4794 5978 7032 7790 8392 9222 9986
61 438 629 2189 202 485 1316 155 7432 3905 3884 1689 1264 1856 632 1190 504 3279
133.66140000000001
50.6811

993 1581 1889 2956 2960 4482 5040 5322 6225 6463 7286 8652 11332 11483
438 106 998 169 1311 145 3297 675 171 2475 5453 827 1940 4609
69.0489
43.0988

106 184 829 3128 4878 6301 6557 7141 7453 9009 9498 9676 10321 11520
61 202 438 2189 36 137 329 9784 1853 1888 1138 330 1279 4882
162.2797
68.4111

109 343 462 516 650 844 1126 1347 1775 1871 2073 2288 2956 3160 3211 3542 4047 5297 5400 5455 5931 5943 6208 6783 6789 6820 7380 7465 7735 7739 7760 7793 8178 9011
61 629 1476 438 202 2189 360 1557 1316 106 4235 372 145 4626 441 184 3171 2755 1554 357 169 73 403 1065 413 1562 361 4050 2942 1952 899 2378 472 1776
266.8789
97.5167

152 202 852 1486 1754 2155 2164 2899 4724 5044 5199 5591 5635 5664 5710 6096 6707 7472 7806 8728 10294 10319 11385
61 1476 629 106 4379 483 438 36 137 3072 6817 4729 6227 3698 514 1689 2755 6719 3080 6544 3249 145 1791
375.6277
173.7053

120 374 1132 1213 1819 2149 3736 3791 3951 5342 5584 5664 5794 6245 7236 7453 8749 9010 9057 11270 11385
438 61 1476 372 9784 2696 394 2351 8 265 4324 2385 792 1888 188 967 7469 2123 401 3037 1587
96.5921
52.8723

751 861 1262 1625 3295 3481 4326 5597 6121 6483 6491 6576 7307 8088 8297 8384 8886 9411 11092
202 438 106 61 36 1476 1264 963 3891 1552 605 4477 9412 441 1689 3332 73 623 9121
171.5033
55.5117

407 471 889 1147 1283 1522 1932 2171 2272 2285 2547 2564 2790 2797 2837 3376 3908 4066 4682 5811 6226 7554 8386 8716 8880 9241 9503 10003 10629 10957
202 438 61 2357 629 6227 2189 137 1525 963 485 412 171 1065 4882 106 372 3081 330 8316 895 827 8188 1264 408 1854 7378 1770 6342 1954
216.0821
86.7055

33 271 766 2242 2918 3147 4612 5664 5689 6610 8652 10248 11394 11449 11906 12027
202 1476 61 2235 514 3813 3951 943 42 191 1877 9837 1584 1796 2254 491
146.2846
42.5375

200 262 1916 1936 3464 4291 5584 5699 6225 6475 6838 7221 7398 8780 9169 9344 9712
61 202 106 1476 5787 1311 605 441 1925 9713 1300 4536 145 1304 171 1221 1306
111.2847
55.4167

75 442 632 917 975 1061 1867 1877 2395 3251 5888 6603 6831 7058 7387 7636 7785 8778 9551 9643 9901 12047 12547
438 202 36 2189 61 483 8461 360 145 629 1264 84 1138 516 5509 8471 151 6342 1065 3252 6548 2139 1012
159.5312
72.1739

111 262 1232 1247 1311 1753 2018 2599 3698 3978 4152 4199 5584 5822 7246 7316 7588 7900 8429 9780 10052 10393 10989 11425 11611 11646 11752 11914 12563
1476 438 963 106 137 202 3992 61 968 2235 3072 4871 2189 3081 635 1499 1095 342 3109 9673 3556 6478 1819 145 8844 623 330 2086 1997
215.9339
95.5197

164 200 535 1730 4254 4423 4689 5610 6349 10639 11029
202 438 61 1734 441 675 6471 468 4608 542 239
110.92439999999999
28.634900000000002

951 1621 1669 1789 1924 2018 2025 2209 2368 2699 3279 3583 3990 5592 5616 6076 6791 6841 7417 7537 7594 7687 8001 9659 9901 10143 10654 10939 11646
202 61 438 137 963 4847 2189 3337 106 1476 3992 145 1311 2837 623 1819 182 1554 168 156 6340 1997 2835 1095 1734 2696 1963 403 635
257.7861
85.91799999999999

23 76 158 855 1070 1096 1176 1276 1316 3072 4764 5311 5811 6089 7875 8636 8652 9358 9417 9667 10308 11468 11591
61 629 202 137 1476 36 483 106 145 970 8075 1279 4623 895 4729 1098 42 514 6783 1091 577 1382 1776
188.361
80.556

296 421 1936 2400 3133 4423 5217 5268 8784 9239
629 202 360 2837 239 1499 2576 675 438 612
42.9634
28.5225

447 977 1867 5777 6059 6227 6402 6747 7148 7715 7806 8928 11013
202 438 61 137 963 1311 1871 1791 8994 169 629 3030 106
111.9241
46.8631

669 857 1300 1450 2178 2617 3213 3541 3709 3790 4048 4291 4326 4423 4822 5027 5104 5199 7233 7588 7714 8073 8478 8557 8955 9538 10051 11024 12015
61 1476 2189 483 202 937 1264 895 73 1382 1528 675 1522 2408 8074 33 4477 2894 3315 239 3375 5038 1708 619 516 282 4535 169 3318
193.3337
80.8708

8 76 608 784 809 3245 4342 4783 6327 7032 7756 8275 8502 8837 8941 9684
1476 61 137 2357 3251 202 4847 4623 965 1888 1689 5607 1311 3252 285 1451
153.5916
57.379

797 2378 2746 3386 3736 3884 3889 5268 5584 5809 6245 6807 6882 7427 7941 8565 8860 10141 10308 11448 12585
202 61 1476 106 629 963 3891 1279 3697 605 2918 360 2073 4197 2837 1499 145 4427 3037 4476 129
146.23930000000001
65.0989

3600 4028 4225 4326 8161 8778 9684 11228 11332 12546
61 2189 1554 3297 202 8471 1560 930 2605 5259
80.5938
27.4245

115 3023 3106 3704 4032 5464 6061 6810 6820 7133 7639 8406
963 438 106 7134 4847 1888 4512 145 170 2755 951 3874
81.1456
29.0914

122 442 499 583 852 975 1963 2242 2526 2583 2746 3023 3120 3297 3583 3597 3815 3863 4047 4431 5226 5357 5592 5775 6952 6979 7097 7196 8805 8985 9645 12014
61 1476 438 629 2235 36 202 137 510 3540 1584 1065 511 1888 3702 1550 3813 5509 505 2837 142 73 512 1547 2834 5359 1095 749 3081 504 483 3126
231.9974
85.7225

407 812 1923 2810 2844 5336 6301 7849 8074 8398 8775 9191 10052 11591
202 61 6143 1530 8075 6227 635 5585 412 4864 6478 4729 3307 1389
98.3466
51.518299999999996

857 2899 3672 4077 6817 9932 10397 10416 11013 12571
61 1476 438 360 202 191 6369 943 372 951
126.4341
34.162

146 200 766 910 1693 2119 3114 3132 3350 3966 4132 4878 5303 5357 5650 6189 6943 7642 8061 8108 8270 8342 8725 8774 9315 9528 11399 11551 11914
61 1476 438 202 106 629 36 968 1903 329 3072 2235 441 151 332 3847 970 3056 2357 4324 342 1553 8775 1138 2699 155 330 394 1279
265.2235
106.8036

202 1309 3283 3542 3815 4387 4486 4816 5286 5591 6463 6700 7719 11386 11413
61 1476 438 629 106 4379 36 483 137 3072 514 6227 3081 3698 145
322.0209
156.74

66 73 1666 2362 2718 3108 3213 3243 4791 5055 5372 5699 8487 10321 11284 11719 12012 12120
61 438 106 137 3073 151 1789 84 1786 2977 5059 158 2898 3147 586 3874 3818 75
107.8229
41.8347

355 499 512 613 758 1643 1776 2209 2977 4029 4046 4081 4431 4933 5008 5033 5055 5334 5600 6371 6468 6576 8121 8156 8452 8875 9742 9880 10244 10450 11386 11674 12585 12589
61 202 629 2189 438 106 360 36 1476 510 3035 191 505 1065 511 372 1311 1316 408 4477 2652 4252 5059 169 66 3556 3147 6369 504 1091 3874 2208 2872 1854
252.2919
91.3069

184 188 766 904 951 2110 3456 3593 4806 6049 8326 8452 8875 9174 10052 11448
1476 629 36 106 635 6478 623 2918 2073 4865 2652 2696 2385 182 2872 146
89.4639
53.2288

28 318 558 708 1223 2788 3140 5079 5194 5482 6136 6976 8809 9511 10003
61 1530 2013 3081 202 3074 929 2894 2413 3082 265 6489 7455 8208 3672
93.6848
38.6055

106 158 535 1370 1464 1582 1625 1754 1889 2242 2245 2601 2746 2788 2790 2810 2993 3600 3622 4097 6163 7433 7816 8040 8624 11013 11358
1476 438 2235 61 137 629 9784 2755 1279 3813 246 1770 1831 374 169 1309 1301 1151 3129 1584 1320 1830 4104 542 372 699 1547
185.4842
97.721

122 932 1077 1232 1916 1924 2272 2362 2440 2930 5205 5682 5777 8169 9297
61 202 2189 5209 6227 106 412 1061 438 36 137 145 156 417 142
146.1481
45.8828

1581 3697 4339 4517 5592 5925 6327 7163 10016 12023
61 1476 2357 3698 483 202 5607 1095 285 7298
123.5004
30.0418

76 398 1126 2178 2373 4522 5243 6059 7440 9498 10393
2189 438 809 6451 1264 4523 1391 333 373 998 1871
50.4582
23.5323

8 160 202 512 635 673 731 977 1011 1254 1582 1751 2362 3455 4515 4699 5471 5987 7696 8161 9370 9780 10420 10629 12023
61 1476 106 629 438 483 36 4379 137 3081 3072 7230 6227 2189 394 1689 3698 285 6719 1065 3080 1311 6368 145 3992
376.9504
182.9097

632 788 2718 3946 3994 5675 5946 6136 8768 8844 8860 8941 9977 10310 11752
438 137 3072 483 3069 10977 4847 61 1499 151 8598 795 8774 265 4623
123.3168
62.8633

12 654 883 2025 2233 2898 3164 3223 4448 5400 5593 5704 6013 6061 6151 6198 6846 6992 7286 7472 8886 8939 9337 9967 10454 11551
61 963 106 137 2189 1888 2234 1476 827 1264 145 1689 468 989 1091 1389 1792 35 1854 3081 296 3624 731 3380 14 650
150.2702
63.7936

1348 1775 1819 2605 3223 4491 6491 10289 11427 12573
963 438 61 36 629 1689 632 899 372 3225
69.8173
26.979

755 2242 3108 4456 5613 5811 6151 6335 7268 8083 11394 11435
61 2235 202 438 106 1476 36 6336 3813 943 514 137
84.5028
25.8914

3114 5365 5397 5462 6931 8275 10125 10933 11799 12266
438 202 485 11022 137 3337 3283 608 3992 5398
80.3447
43.2712

91 1091 1765 3031 3737 5058 5095 5107 5397 5564 5946 6004 7196 7455 8429 8742 9153 11013
61 438 36 8875 1476 1264 788 485 3946 795 844 2755 5398 3648 1474 3037 296 7469
98.7196
51.3537

676 821 2209 3132 3251 4057 4084 6576 6938 7793 8466 9946 10297
438 202 629 106 61 2127 4324 1138 8406 4477 1791 6225 3252
110.0059
45.4652

499 797 828 1197 1246 1531 1936 1980 2918 2960 3356 3481 4256 4631 5107 5342 5618 5759 5868 6009 6198 6874 7196 7380 8815 9315 9585 9606 9884 10248 12125 12546
61 1476 36 106 202 485 137 510 2601 6368 3946 505 511 1451 1264 6872 1877 512 514 9837 1301 169 504 1254 6369 881 2254 786 5453 246 456 257
215.0622
74.2924

1213 3028 3290 3583 3863 4342 4423 4687 5943 6631 7286 7793 8844 10053
61 438 202 145 441 1846 403 6459 675 3031 3030 1151 827 5412
90.5
37.0324

91 1441 1924 1925 2274 2689 3040 3133 3176 3203 3290 3295 4119 4141 4203 4889 5710 7032 7162 7307 9050 9986 11393 12120
61 106 485 202 372 137 2280 156 333 1689 4124 357 3905 181 329 1450 1499 244 1770 1283 2755 239 331 612
151.3268
67.7474

1065 1232 1926 1984 2368 2866 3826 4306 4612 4908 5463 5682 6173 6225 6294 6654 6658 7001 7233 7655 8159 8297 8644 8809 9528 9632 10310 12266 12573 12587
61 438 145 202 1311 1476 11022 1853 3283 629 3992 73 3447 3760 333 11824 158 394 827 2746 1389 239 373 6178 2086 11015 4882 1963 2071 344
174.22480000000002
79.7709

12 1850 2161 2499 2882 3211 3462 3854 4093 4807 5352 6227 6313 6470 6687 6708 6931 6982 7018 9505 11092 11914
202 61 1476 438 963 2189 485 106 968 137 2235 6483 1525 6992 8994 342 151 6475 285 827 9673 145
241.11939999999998
86.3726

632 678 1643 1742 2368 3978 4275 4431 4473 4475 4973 6831 6975 7018 7028 7097 7148 7575 7941 8073 8324 8578 8933 9011 9822 10321
202 61 2189 483 137 1525 827 795 1476 1888 4477 1331 3905 998 151 3109 2898 1012 6908 3699 586 8074 6913 3697 374 8075
139.7256
66.2575

471 861 1309 2484 2599 2746 3568 4046 4291 6349
202 629 1310 485 61 1095 1320 1091 4028 1316
108.6867
29.307

42 1132 1253 1753 2076 2918 3037 5357 5405 5777 8880
1476 438 629 106 61 184 171 1877 169 9837 812
92.4877
33.9572

1275 1525 2827 3540 4301 5869 7307 10454 11394 11419 11491
61 106 514 6881 1311 3542 943 372 2093 491 1967
66.8642
28.6769

344 2209 2395 3128 4473 4919 5416 5987 6245 6416 6708 6776 8406 8827 8955 9742 10289 12589
61 438 629 106 2189 1888 202 4477 2594 1775 90 1012 151 896 2208 2861 7010 2755
104.1696
42.5269

861 1065 1077 1151 1391 1581 1837 2575 3164 3858 4789 5170 5405 6520 6861 7018 7141 7372 7816 8175 8260 8406 8955 9412 11385 11387 11448 11800 11816 12023 12406
202 61 438 1476 2189 137 1888 1264 6817 1061 514 1525 296 1311 145 152 827 2918 2073 1554 795 11006 929 6908 394 1304 2071 10052 2601 6913 1398
211.5446
88.7597

861 1065 3255 3356 3884 4563 5405 7507 8613 10431 12015
1476 937 145 61 1279 840 2071 4535 344 3242 1708
55.1972
36.866

666 1347 1464 1678 2055 2113 2259 2357 2520 3031 3045 3393 3949 4200 4486 4568 4596 4791 5353 5616 5742 6009 6708 7311 7363 8000 9291 9315 9919 11386 11448
61 1476 106 202 36 963 2127 6478 629 485 3898 2725 90 2918 4626 145 2755 516 2073 257 2601 2408 801 514 3648 1356 3394 3903 4818 1625 5071
184.0968
83.7355

23 42 91 859 891 2715 3961 4003 4006 6409 6874 8047 8224 8774 9286 9880 10350 11483 11520 11913 12375
61 438 202 106 629 36 1316 485 3081 6368 1853 6872 8775 2093 9977 892 608 6369 1301 184 605
208.0405
61.0463

499 2144 4301 4363 4374 4519 4889 5303 8799 9222
61 36 510 333 511 505 69 1770 512 504
85.8752
29.4956

875 910 1011 1246 1524 1582 2069 3115 3209 3211 3672 4431 4786 5338 5827 6225 7940 8548 9050 9198 9411 9534 9573 9684 9813 10216 11495 11551
202 61 438 1476 8684 483 2235 36 137 2624 412 3891 3838 3698 3081 1552 1311 3072 1689 9583 9412 812 6336 1792 2699 73 516 9121
254.0207
91.6934

111 149 257 844 1441 3863 4046 4561 4606 4794 5194 6136 6982 8392 8502 8845 12266 12573
61 1476 438 629 202 137 744 11022 372 3992 6992 156 1888 3283 3447 3884 1689 1856
199.364
70.7144

397 1352 2564 2710 2735 4568 6560 7754 7757 12031
2189 403 372 3178 1264 2594 8074 3690 173 302
43.9484
24.8678

23 109 583 965 1061 1193 1549 1819 3028 3056 3176 3516 4093 4658 4686 5613 5696 5932 7157 7839 8326 8749 11029 12589
61 1476 438 202 2235 106 483 36 4081 629 1550 360 156 5427 485 516 145 3052 66 42 353 2234 372 3031
236.7114
85.7509

629 1246 1525 1812 1877 2474 3274 3516 3568 4064 4889 5702 6009 6449 6992 7761 8040 8156 8863 11845 11913
61 106 2189 438 145 1264 441 333 6451 485 3834 6881 11176 296 1098 2755 1831 827 901 1967 331
148.1993
90.7151

73 235 780 1391 1772 2117 2547 2625 3276 4064 4141 4568 4644 5467 5616 5932 6163 6610 7032 7669 7719 8693 8863 9169 10303 11022 12047 12125 12302
61 202 2189 8461 629 514 137 1264 330 158 3905 3279 151 36 394 2627 929 2977 1600 7963 1098 9311 69 5990 246 2898 612 1398 397
215.4153
75.498

407 1819 3242 4124 4644 5365 5804 5909 7453 11845 12548
61 202 438 106 2189 372 6227 1264 412 3834 11176
75.6403
37.7711

758 768 904 1953 2149 2474 3056 3069 3593 4048 4084 4256 4622 4783 4865 5400 6163 6173 6792 7150 7268 7636 7675 8326 8636 8768 8955 9717 9781 10141 10329 11332 11799
61 106 137 438 1476 3072 36 629 2189 2127 202 4623 1853 1311 3052 5427 1530 1126 3297 1791 3075 6548 246 394 7270 577 2385 3073 801 1797 6178 2993 6554
205.1211
90.7031

1925 2176 2993 3392 3585 4132 5055 6234 6491 6603 7286 7804 8231 8594 12569
202 483 106 142 36 137 485 1476 3217 1311 145 3874 169 1796 5059
93.7275
50.7522

1098 1247 1953 2161 2242 2605 2974 3023 3225 3597 3750 4001 5311 5464 5650 5789 6402 6810 7079 7113 7427 9010 9291 9885 10431 10639 11386 11504 11914 12548
1476 61 438 106 2235 412 2189 968 202 2924 3813 342 1557 9673 137 1584 152 2735 4512 1560 413 977 936 804 3874 4476 3 1547 756 1888
216.6596
75.175

69 608 1193 1300 1320 1444 1775 2025 2837 3194 3501 5194 5286 5430 5759 6412 7139 7289 7465 8128 9057 9427 9528 9667 9717 9867 11767 12047
61 438 106 2189 202 137 8461 629 394 1525 1264 330 1689 169 929 899 1770 6415 413 401 605 3760 1734 3082 2408 1151 7455 467
202.2772
73.5574

142 182 512 809 810 1228 1262 1290 2144 3254 3332 4046 4515 5607 6286 6301 6683 6706 6810 6846 7132 8178 8484 9455 11800 11831 12088
61 106 629 202 145 5591 1264 330 36 3946 3903 812 285 1888 3951 1571 2746 408 1854 2755 1065 6309 169 10939 6707 265 2159
198.5824
90.389

516 1176 2894 3279 6225 6370 7639 8402 9384 10038 12575
202 137 2357 106 1476 1311 2242 483 5580 514 2280
92.301
42.6124

206 669 1311 1316 5192 5618 5721 7639 8725 8749 8933 8985 9916 11913 12023 12031 12571
61 629 2189 895 2601 145 106 1098 1888 1348 1382 9653 1388 360 3795 13 1524
99.7097
48.5038

491 951 2178 2259 3037 3414 3501 3874 4001 4056 4057 4704 6707 6708 6973 7739 7866 8879 9884 11071 11772
61 629 106 202 2189 483 4626 330 145 4235 2755 812 1264 1557 4190 182 109 3217 2696 1562 485
155.1649
57.6686

42 262 467 1228 1352 2017 2547 2918 3516 3593 3990 4563 5334 5584 6034 6309 6368 6520 6943 6975 7079 7150 7221 7298 7307 8411 9682 10013 10143 10289 10297 10785 12573 12587
1476 106 61 202 438 629 7230 360 3992 514 483 137 795 184 373 3905 145 6706 191 1877 9837 394 6370 171 951 3517 2746 577 3668 929 2894 170 2254 372
204.9687
100.4046

106 792 2171 3255 5104 5455 5463 6172 6544 7016 7174 7286 11504
61 9784 372 202 6548 1186 1279 7610 2127 2755 827 3342 169
86.2818
56.7215

1753 2209 3056 3279 3622 3794 6061 6468 7196 7620 7655 8933 9301 10167 11578
61 438 36 9977 7618 514 3052 1311 5427 1888 2627 145 2139 2208 2393
121.46940000000001
41.2997

731 2164 2400 2977 3160 3516 3556 3994 4006 4687 6791 8061 8484 8775 8837 9178 9659 9780 10013 10069 10143 12573
61 1476 202 438 137 2189 7230 1530 1316 1903 3905 6143 106 5585 483 3056 145 3171 441 73 3992 1888
220.9476
84.181

206 510 855 891 2526 2978 5397 5509 5600 6227 8693 9417 11419 12026
1476 61 202 629 438 36 137 343 963 1316 2334 106 485 3540
168.0796
70.3243

13 344 510 593 1925 2449 2580 2688 2872 2999 3213 3332 3456 3541 4200 4275 5357 7655 7761 8160 8231 8360 9250 9659 10248 11304 11431
61 106 629 963 483 36 1476 438 145 2189 202 485 137 1689 441 2454 169 4190 4832 151 4050 1854 191 4865 5359 895 9487
193.0656
78.1915

398 1304 2054 2209 2288 3628 3704 3795 4104 4112 5402 5809 6208 6394 11358 11578
61 1476 202 9977 970 329 1499 169 239 2139 438 4427 408 2208 1065 244
104.0971
48.0636

318 2334 3379 3968 5368 5811 7816 9194 11752 11799
438 106 2348 441 1499 137 169 749 3380 1974
65.4884
36.1143

852 1666 2076 2357 3795 4286 5071 5334 5585 7763 8074 9538 9645 10013
202 61 1476 629 360 7230 2242 2127 137 3898 1550 516 1525 145
147.4019
80.8797

75 663 988 1985 2977 5621 6576 7300 7655 8220 9370 9384 9647 11580 12027
202 61 438 2357 1476 629 2242 36 84 5580 3039 145 2280 4477 4504
176.1543
49.4965

106 149 786 1769 2054 2209 2612 2984 3421 4256 4628 5192 5263 7157 7881 7941 8452 8499 9566
61 629 202 1476 1316 9784 1888 1264 2755 1388 36 137 156 401 895 1831 1734 1348 8466
198.6271
79.7137

184 635 962 1567 1751 1812 1871 1903 2402 3379 3749 3966 4786 5044 5593 6229 6483 6520 6931 7079 7163 7300 7413 7760 8000 8484 9661 10003 10143 10294 10297 10510 11752 11971 12589
202 61 106 438 629 1476 963 2189 2348 36 483 5209 7230 2894 3081 1499 3946 4626 623 6478 3332 605 1888 1689 352 1379 812 373 1311 2942 929 285 3380 394 146
298.752
96.4205

151 271 788 1666 1720 1997 2564 3704 4047 4065 4321 5107 5881 7804 8189 8487 8844 9302 9407 9682
2189 629 61 1065 3946 895 795 812 7372 1264 1718 1311 191 792 1098 202 801 1936 148 804
89.9625
57.9987

758 937 1061 1077 1903 1980 2017 2918 3307 3908 5281 5591 5832 8061 8188 8220 8410 9262 9781 10013 10374 10989 11502 12047
1476 438 202 483 2189 2357 2348 61 8461 137 360 5209 36 485 106 1311 7230 1264 1012 3056 629 516 1314 442
203.0136
78.6739

821 883 2735 2866 2872 3795 4535 4622 4724 5093 5166 5699 5764 6706 7139 7687 8074 9114 9977 10629 12088 12240
61 1476 106 3072 4729 417 10977 3069 145 3249 202 483 1065 4882 4864 605 372 6707 13 1389 90 8774
143.00560000000002
68.4944

69 151 673 1382 2073 2357 2368 2378 2575 2715 2735 2872 3464 4065 4254 4491 5322 6367 6979 7442 7801 8805 9573 10052 11866 12546
61 202 1476 438 106 629 8684 145 514 2127 1316 635 412 895 1888 3992 6478 9977 516 3898 1098 403 892 257 152 6370
195.38909999999998
85.3987

257 442 1391 2696 3075 3194 3279 3759 4379 5978 6361 6581 7191 8402 9174 9632 9645 9696 10038 11145 11906 12118 12571
202 1476 106 61 438 2235 629 744 675 4235 1963 5509 1550 1098 470 8406 1091 1311 929 2735 1584 749 837
169.7507
84.2415

675 3023 3295 4066 4807 4919 5194 6931 7221 7258 8879 9813
61 2612 2601 929 1817 3082 6489 7455 797 8208 6932 3375
71.1559
23.9753

191 516 844 1557 2718 3596 4097 4339 5033 5268 6791 6827 7233 8188 8324 9659 11029 11448 11520 11845 12406
61 1476 438 106 629 2189 137 372 1853 1264 329 1764 3834 184 2918 413 360 2073 11176 2837 239
210.2605
71.86619999999999

1167 2138 3757 4084 4094 4225 4409 5585 8161 9970 12420
61 106 2189 2127 1554 1525 151 1560 1791 930 1388
96.1363
37.2758

8 755 851 965 2266 5107 5336 6049 8001 9503 11228 11551 11573
61 438 1476 4081 3946 66 1311 989 333 1792 1557 513 145
66.9391
36.3488

381 590 857 1331 1356 1718 2484 2601 3075 3211 3593 3826 4256 4473 4889 6631 6810 7113 8805 8827 10310 10933 11302 11780 12375 12569
61 1476 106 2189 2174 629 333 1888 11271 1831 137 6459 4477 1796 1770 265 1276 329 1012 3307 1972 1283 270 1963 4312 331
164.8981
77.0438

397 471 965 1643 1984 2605 5584 5592 7739 7824 8173 8454 8678 9250
61 438 202 1476 1557 4081 6369 4626 485 577 4235 1095 106 66
146.2262
49.4313

160 364 3949 4237 5352 5610 6361 6402 6792 7639 8360 9191 9659
202 438 61 152 191 106 4235 158 352 3012 929 150 827
88.6609
31.945800000000002

42 381 836 1197 1228 1693 1734 2718 3023 3033 3037 3209 3645 3839 4152 4184 4644 5008 5621 6130 6385 6415 7268 7790 8392 9194 9222 10292 11520 11752 11816 12014
61 106 36 438 1264 629 202 1853 2894 169 1311 1689 184 1856 1924 372 9417 6706 1541 1499 168 1190 441 812 1065 3951 516 7270 170 171 2613 1012
220.6233
87.2769

8 105 2259 2580 4184 4822 6227 6603 8749 11013 11448
202 438 61 1476 137 963 2189 8994 1311 895 2918
111.0805
45.6593

1678 2113 2806 3028 3030 3568 5125 6327 6560 7594 8005 8024 9684 12573
61 1476 202 2357 6227 438 106 6874 483 417 5607 3031 516 413
175.4784
42.6861

1126 1167 1789 1867 2594 3709 6336 6779 8173 9011 9302 9509 9743 9781 12118
61 202 137 438 1476 4235 2601 3337 1316 1264 6369 7739 3072 1311 970
180.5482
65.9714

344 491 1309 1347 1575 1985 2234 2584 2974 2993 3349 3455 3614 3863 4003 4374 4486 4794 5610 5635 5987 6309 6369 6919 6931 9114 9932 10416 10452 11483 11551
1476 61 438 202 483 106 629 675 36 3081 137 1310 1547 3035 516 951 3884 9323 1792 4141 3456 989 514 485 1311 1775 5303 1320 515 2755 1818
200.94480000000001
90.0433

669 1776 4254 4374 5482 6358 7162 8005 8757 9309 9885 10401 12233
61 372 137 106 2924 1316 36 1922 650 8360 2413 169 3375
67.7368
31.7348

449 993 1643 2474 2837 3056 3394 4124 4434 4535 6470 8160 8644 8815 9153 9291 9498 10401 10671 10992
202 438 1476 106 2189 963 417 998 844 788 2601 1525 6483 650 795 5427 3052 6475 1689 3797
171.6551
63.5051

244 1643 2605 3884 3944 4293 4816 7191 7625 10414 11573 12589
438 1186 2076 1065 1311 2526 700 2011 145 1765 129 4077
46.0428
25.5725

69 889 1126 2184 2334 2395 2811 3147 7609 8161 8780 8805 9222 10244 10308
61 438 202 2814 106 483 7230 629 2348 514 1476 6874 441 1888 3951
172.2193
60.0777

262 433 490 663 758 1132 1382 1753 1963 2073 2652 3255 3787 4097 4423 4938 5462 5689 8024 8742 10329 11092 11287 11752
61 438 1476 106 202 36 372 8875 6874 1264 145 1311 623 2837 629 2834 977 675 441 1499 1012 3332 374 514
214.3589
90.5617

910 2272 2274 4615 4783 5080 5286 7150 7174 7191 7300 8160
61 106 2348 2280 1450 1186 1151 7610 1734 2894 1760 3951
62.0363
30.7722

35 889 951 1026 1587 1871 2178 3045 3853 3994 4348 4609 5775 5925 6009 6049 6394 6415 6791 7040 7378 7554 7761 8160 8589 9606 9717 9986 10294 10319 10414 11284 11448 12452
61 1476 106 2189 629 137 438 485 202 970 145 3073 1264 441 171 1789 2918 1786 929 2073 169 182 394 2696 9200 4252 895 1306 6342 3818 3 6402 732 530
205.3565
91.5497

74 416 812 1290 1582 1965 4225 6789 7058 7678 9505
61 106 2189 84 1603 145 330 1554 3297 5585 5683
93.6003
43.2316

3069 3295 3334 4892 5033 5394 6061 6163 6560 8349 8411 8937 9696 10003 11022 11428
3072 137 61 1753 202 330 246 1530 333 3081 3073 145 9311 394 106 5990
84.3439
47.9515

530 629 731 2149 6449 6705 6779 8768 9222 11411 12589
61 202 137 106 1476 4235 970 6451 7739 2699 1831
123.42869999999999
58.2031

8 169 375 1026 1984 2378 3394 3968 4003 4050 4892 5463 6581 6603 6646 7609 8088 8402 9222 9412 9643 10397 11394 11591
61 202 106 438 483 514 7230 1311 9784 1476 6874 2894 1450 1190 8075 333 3905 4729 1554 8406 795 943 441 516
196.6668
80.5909

3254 3966 4007 4687 4689 5597 5705 6217 7760 9409 10216
202 1476 629 36 1382 1310 895 61 313 5735 2159
96.109
30.9245

828 836 951 1382 1486 1867 1984 2076 2882 2918 3393 3394 4622 4786 4806 5058 5696 5764 5931 6022 6233 6358 7132 7442 8083 8749 8778 9566 10016 11611
1476 61 106 629 483 1871 202 1311 169 145 182 8471 109 9837 1877 577 977 2696 3374 2755 812 1819 1764 2254 2193 1098 2993 1776 2385 374
153.627
72.7236

76 693 1167 3389 3978 4084 5044 5943 6234 6385 7300 7525 7760 8104 8178 9173 11428 12571
106 142 1311 2894 145 1476 2127 441 403 3109 352 516 1791 1012 3392 1176 1151 1065
75.0907
39.9422

623 2484 2837 3243 3389 4032 4077 4622 4789 5166 5194 5600 6061 6369 6792 7440 7537 7591 8565 8678 9632 9661 11029 11385 12240
61 202 438 106 137 514 1476 1311 1525 6451 4252 951 929 156 145 109 168 516 7455 3392 8208 2993 1954 6841 3456
226.9004
67.8495

1382 1568 1932 2715 3878 4724 5365 5652 5882 6211 6336 6458 8047 9114 9958
61 1476 106 137 202 4729 629 963 1316 3249 3072 1098 1952 1264 9977
159.2861
53.3029

447 893 1176 1450 3030 3455 4563 9519 9645 11228 11419 11483 11539 12088 12125
61 202 1476 36 6227 2242 417 3081 73 106 9411 1011 1311 895 773
142.7061
55.634100000000004

255 666 678 812 891 1151 3254 4677 5033 5759 5764 6301 6817 8815 9469 9682 11176 11611
61 629 1476 360 202 943 1316 1311 6369 145 951 1647 744 191 2159 881 2123 2076
102.6783
57.3339

505 708 1026 1143 1643 1774 2436 3274 3350 3455 3547 4312 5166 5586 5613 6385 6742 6789 7291 7582 7591 7754 7940 8188 8761 8860 9297 9538 9781 11425
61 202 106 438 6227 36 2624 412 145 3081 629 3838 2894 1311 155 417 7432 2699 1011 413 516 504 1524 7941 109 1012 1775 930 883 3645
228.4875
82.3819

146 343 433 613 654 1232 1444 1575 2018 2507 2617 3108 3628 4348 4783 4794 5467 5585 6022 6061 6217 6286 6581 7576 7619 7646 7839 8389 8761 9291 9309 9901 11449 11539 11799
61 1476 106 438 2235 36 483 360 202 5591 137 191 357 330 169 2234 3884 1525 401 145 441 361 1819 1011 1775 3697 1972 353 2086 7841 307 1283 1582 801 1670
187.4985
92.9578

353 828 861 1126 1143 1382 1877 1923 2209 2245 2334 2584 2755 2827 3295 4626 4822 6229 6260 7282 7642 8083 8941 9239 10125 10374 11287 11591 11971
61 438 202 137 36 2348 629 106 4847 155 8075 1311 4729 1560 441 4427 605 502 4623 749 145 3697 156 4141 2576 184 1753 188 1098
225.2604
94.8429

12 988 1176 1870 1893 2984 4175 4225 5696 6361 7941 8636 9337 9390 9487 9977 10957 11469 12420 12452
61 202 438 2189 137 3069 1476 10977 106 1560 3072 9391 763 1547 151 4623 1554 577 4235 1734
208.2826
74.4128

398 650 861 979 1232 1830 3392 3759 3889 3951 4237 4312 4631 4689 5704 6846 7377 7387 8461 9009 9717 9813 9862 9893 10321 11444 12040
61 438 1476 137 106 2189 202 3337 3891 9784 3072 3992 3217 3030 1279 3056 333 899 1831 3037 2475 4050 1264 394 586 407 3946
178.37369999999999
85.2747

76 1370 1441 1742 2385 2467 3028 3051 3376 4301 4609 5412 6130 7760 8548 8761 9407 12575
61 202 3056 1279 1734 106 827 3030 3031 1320 1846 1331 1309 1936 2468 8765 78 372
92.4474
43.5863

75 821 1772 2797 2904 5870 7246 7440 7465 8047 8613 11317 12013
61 106 629 84 441 6451 413 145 1310 202 6415 146 1924
84.9196
32.9673

355 510 675 881 1262 1336 1666 1830 1867 3438 3541 3568 3628 3908 3990 4439 4764 5580 5822 6468 7028 7086 7148 7170 8121 8784 9114 9224 9786 9873 10671 12088
61 438 2189 4379 36 629 1476 1264 3992 2280 169 1689 145 1817 3039 1831 899 1176 1776 3 827 1628 3447 10939 2601 274 8975 3668 5136 3441 2612 1355
192.4637
86.101

109 650 673 1151 1223 1228 1348 1568 2138 2866 2999 3025 3481 3556 3884 4066 4275 4286 4609 6089 6461 6648 6683 6870 7061 7272 8260 8502 8780 9411 9417 10452 10671 11520
61 106 1476 629 202 1311 145 137 3891 1853 1888 1552 2189 4050 3379 2755 632 4623 9121 1389 9412 1012 1689 6783 8975 1304 73 6706 361 1388 3698 1065 289 2746
233.2892
94.5925

126 491 669 765 859 1228 1336 1695 4006 4983 6335 7620 8565 9194 10510 11398
61 106 483 514 438 36 6336 7618 137 6706 485 441 1012 169 515 3375
87.5018
36.6328

857 994 1147 2266 2978 4644 6841 7806 8679 9194 9712 12113
61 1476 438 5787 137 202 1791 9713 333 171 373 4536
117.7314
33.6595

120 491 1850 3274 4014 6491 7270 7594 7994 9284
61 483 106 485 514 438 36 372 1012 2696
67.65
29.8842

1316 1751 1923 3108 3176 3596 6022 6061 6658 7282
61 145 629 329 485 1098 357 156 1379 360
63.2155
31.2116

467 1441 1666 2011 2119 2993 3072 3464 3867 4175 4448 4568 4658 4791 4807 4983 5621 5809 5987 6461 7367 7472 7790 8384 9146 10420 11029
61 202 629 137 2357 36 2624 483 797 1476 1264 394 1190 514 145 731 1775 1388 1382 1889 3074 2018 2013 1924 4427 2897 2123
152.8604
82.3552

1515 1999 2184 2755 3797 4794 5394 6163 6938 7378 8088 8565 9011 9417
61 438 137 202 441 6783 246 1528 3884 1530 929 1306 239 1522
88.21340000000001
42.8639

296 344 583 1444 1734 1900 2861 3121 4704 5194 6136 6705 7162 7455 7678 7849 8454 8478 9194 11317 11831
61 106 1903 330 137 441 202 372 265 6033 401 1905 1856 929 1907 433 3082 8208 3951 7469 6706
139.2655
58.597

271 836 1581 3031 3254 6245 6412 6846 7316 8323 10216
202 61 191 1916 1554 3648 2159 8844 3900 3624 675
108.4322
35.0847

191 930 1581 2348 2605 2844 3867 3990 4326 6658 7272 7725 7897 8118 8410 8693 9528 11719
61 438 629 2357 749 441 343 3992 797 3760 2189 1389 929 3337 8340 394 6294 106
145.9526
62.9882

449 491 1230 1311 1903 2004 2209 2894 3030 3853 3867 6151 6173 6416 6576 6783 8383 9667 11176 11413 12118
61 202 438 483 137 2348 6227 2357 5209 106 1557 1476 4477 797 417 1853 4235 485 4190 1689 3797
217.033
74.5325

861 1695 2176 3456 3516 4596 6419 6731 7236 7291 8040
106 1476 2755 145 4865 2746 6318 859 109 117 7294
43.8411
25.4949

255 629 650 758 963 1070 1356 2209 2378 3072 3386 3568 4409 5334 6119 8487 9174 9191 9194 9498 10069 10292
61 202 106 2189 137 1311 483 3905 360 6475 605 2385 1831 2004 145 1300 514 1499 191 296 257 5256
217.5352
112.8254

171 306 355 977 1464 1923 2696 2899 3023 4081 4623 5405 5467 6560 6779 7387 8224 8844 9284 9358 9970 10420 11483
61 202 629 106 36 4235 970 3035 2093 2699 7739 66 1476 394 562 1098 313 372 1459 3074 1314 821 3690
151.4723
66.16890000000001

106 593 1522 1916 2701 3391 3628 3672 3961 4184 4391 5368 5616 7372 7438 7719 7785 8108 8809 8860 9286 9970 12302
438 61 202 36 6817 514 9784 491 3081 2755 1499 1525 4832 90 169 1541 608 4141 1918 1718 158 373 605
158.5718
87.1176

675 859 965 1077 1450 2583 2861 3213 4112 4301 4512 5093 6102 6233 6309 7244 7378 7442 7849 8725 9174 9674 10159 10380 10393 11448
1476 61 106 483 36 629 438 73 4081 1061 441 1382 2280 2601 1311 2918 929 66 2612 773 1616 2073 4050 1306 895 1734
180.4967
69.3869

1450 3508 5482 6130 6327 6463 8275 8698 8742 10013 11394
61 1476 2357 202 8875 7230 1264 895 5607 943 8706
146.2848
45.8742

755 1320 1581 1754 2144 3349 3556 3882 4066 4563 4644 5467 5675 5822 5888 6130 6136 6461 6919 7806 8809 9717 10310 10420 11302 11767
438 1476 137 61 2174 629 394 11271 106 1791 2189 1279 3884 3037 1283 840 289 516 265 3379 3074 73 1276 4312 2837 675
132.5666
70.9252

3672 4066 4104 4857 6560 7028 7191 7268 8917 9568
106 36 2699 4858 7270 827 1718 1954 8074 373
48.4828
27.7107

8 111 375 1190 1522 1603 1850 2149 2385 3356 3698 3737 4491 5546 6061 6163 6841 7272 7377 7427 7715 8532 8618 9867 11399 11419 11427 11845 12587
61 1476 438 106 137 629 202 485 36 2189 3072 9784 1264 3081 156 4871 1311 970 3834 1525 151 11176 8471 1553 155 8499 150 2755 246
249.6627
99.4252

106 407 608 635 1923 3242 3332 5008 5334 5400 5931 6402 6412 6898 6976 7028 7162 7754 7801 8161 8917 9315 9932 10303
61 1476 202 36 483 137 360 7230 9784 191 3252 1689 145 827 412 6227 285 1854 930 417 605 2894 2755 5497
219.8342
84.3593

69 1249 1857 5430 6817 7756 8636 8837 9370 10460 11469
61 438 106 137 360 191 202 4623 951 943 145
99.3035
42.4034

468 810 1524 1845 3791 3853 4791 5104 6061 6198 6707 6987 7763 7849 8275 10416 10458 11071 11270 11449 11591
202 61 8075 145 394 4729 7567 265 191 929 731 2894 109 792 438 2755 977 4050 5135 858 3037
97.0043
60.1544

202 262 828 1320 1331 1830 3516 5467 5616 5870 6321 6370 6870 6919 7174 7272 7286 7785 8578 9384 11228 11284 11394 11646 12302
61 1476 106 629 963 36 4379 137 438 2357 514 2189 3072 483 3081 145 6227 3698 2242 3073 6719 1689 2280 3080 3456
372.452
175.6822

447 608 1719 1900 2334 3622 3736 4084 6499 6817 7032 7303 7433 7576 7875 8384 9505 9568 9684 10379
61 202 2348 1476 438 360 970 943 629 1903 2127 1311 106 1689 441 6369 145 3905 265 1264
154.0215
75.5057

169 1217 1984 2245 2385 2810 2898 3760 3804 3867 4028 4057 4342 4379 4878 6096 6419 6792 6874 8109 8450 9169 9286 9509 10038 10216 10977 11071 12013
202 61 629 106 438 485 36 1476 1530 2357 329 468 3905 441 6872 332 6368 1279 1854 1963 1098 330 6369 797 675 1127 7425 2735 1091
259.637
116.1682

171 403 1011 1450 1464 2612 3541 5336 5980 5987 6241 8161 8429 8502 8939 9384 9674 9676 11483
61 1476 629 2357 36 1888 483 137 5580 2242 145 1264 158 1382 2280 3039 895 1831 73
186.0949
66.8981

33 459 464 467 613 810 889 917 932 1352 1582 2161 2274 2968 3481 3891 5372 5412 6227 6603 6940 7472 7756 9667 10052 10292 11092 11591 11767 12015 12118
61 202 438 1476 106 137 629 8075 963 1316 937 635 2280 895 73 8994 239 1734 2189 4729 1296 171 6478 2396 731 156 145 623 3030 605 1065
245.9323
93.9842

889 1797 2402 2956 3121 4254 4889 5882 7554 9661
202 61 106 629 1476 333 895 6033 171 1856
107.87519999999999
30.7983

164 397 442 512 1830 1997 2178 2599 2710 3108 3815 5869 6208 6260 6544 6680 6708 6982 8693 9222 9469 9884 9914 9946
61 438 2189 202 106 1476 408 6992 605 1264 5509 1095 6548 90 749 1831 5268 5286 3178 4418 1689 7582 273 1769
155.5854
69.8085

1061 1775 2055 2234 3037 3393 3791 3815 4047 4054 4684 4724 4892 6327 6499 6705 6707 7028 7763 9174 10069 10459 11270 11468 11913
1476 61 202 106 2357 483 4729 1065 1753 629 675 3905 3249 285 1547 360 333 3035 812 516 5607 899 109 827 929
226.9882
87.8128

28 75 515 1819 2161 3858 4254 5881 6229 6646 7757 8502 10454 11071 11435 12012 12113
106 629 137 1311 84 145 1888 61 4623 372 361 10939 2162 2696 6648 184 191
77.5752
40.1421

516 650 829 1223 1327 1999 2018 2564 2743 3547 4152 4175 4348 4606 4658 5079 6882 7367 8532 9123 9873 10128 10143 10463 11049 11284
61 202 137 438 2189 36 1311 3030 2624 4865 3073 3337 1110 1820 1786 1264 1819 1065 8471 8499 2696 1789 4050 184 623 5136
163.8863
76.6746

184 306 802 828 963 2017 3438 4104 4491 4791 6919 7244 7941 8349 9509 9950 10248 10393 11304 11385 12014 12406
61 1476 202 438 106 36 3072 1689 605 5192 1936 6475 403 5256 1796 1499 372 4677 1300 3447 2827 3
214.7251
78.5837

515 3160 4682 6394 6631 7097 8618 9224 9469 10310
1476 61 970 1316 2696 202 3171 73 483 6459
86.13759999999999
36.8471

375 449 768 2564 3540 4030 5881 7591 7940 8297 9712
61 202 438 2189 2624 5787 9784 629 1311 106 9713
129.2411
56.486

608 666 3389 3541 4050 4806 8601 10052 10186 11435 11780
61 106 202 635 1888 1311 6478 1689 605 3797 623
71.0501
37.9135

265 1262 1382 2968 4606 4682 5372 5775 5978 7289 7793 8188 10992 11024 11387 12120
438 61 1264 2601 892 2189 812 2396 3389 145 2755 1098 5777 2393 977 2974
87.5958
42.1471

851 2625 3332 3393 3456 4596 7018 9674 10654 11013
1476 438 61 145 4865 1525 1854 827 773 895
83.1581
34.0935

262 403 895 1900 2076 2625 3379 6705 7609 8088 9241 9916 10393
202 438 629 106 61 7230 1903 145 514 483 6874 3905 3332
137.7239
59.1988

669 1776 1870 2449 2710 6208 6499 6520 6742 7636 8220 8863 9284 10052 10053 10308 11502
61 438 202 36 372 635 1316 2454 6478 623 3178 6548 394 408 929 6503 6554
117.81190000000001
46.5875

142 456 1132 1247 1669 2062 2400 3075 4339 4348 4512 6560 7032 7162 7236 12118
106 137 3905 2280 3946 3951 1616 3307 8074 1967 1474 438 1972 1628 200 1008
72.2333
47.5844

355 535 574 2018 2209 3736 4658 4689 5027 5194 5610 6394 6938 9050 9661 9759 10360 11287 12027
61 202 438 1476 36 970 1689 156 593 1819 929 577 184 7455 6943 2208 8208 586 6402
191.5666
54.5268

2474 2918 3203 3209 3274 3547 4097 4889 6217 6367 6747 7291 7380 9393 11176
1476 106 61 202 417 412 1311 3030 333 514 1647 9837 1877 372 6370
134.8953
43.8373

111 765 930 988 1697 1845 2110 2866 3516 3854 4050 5597 5742 5932 8601 9482 10052 10244 10939 11483 11772
61 137 1476 4847 145 1888 635 6478 623 2189 2811 1389 2601 1600 929 3797 989 2755 2474 1356 7820
109.1386
57.8757

893 3276 3757 4387 4684 6061 6553 6817 7212 7270 7427 12013
106 36 61 360 145 202 191 441 943 951 372 6369
85.2169
43.1499

262 932 1132 2449 2599 3759 3994 4658 5682 7258 8156 8478 8761 8827 9509 9534
61 438 202 145 2454 156 239 1095 151 883 1301 8765 3 1382 344 6415
115.9559
39.6626

1985 3502 3914 4374 5205 5303 6049 6881 7790 7875 9241 10401 11394
61 438 202 2189 106 5209 1476 1190 970 514 330 943 145
125.2479
47.0305

421 3243 5397 5442 8104 8596 8716 9916 9967 11411
61 2357 485 202 6385 8598 3698 5398 577 1854
53.3344
24.3225

200 802 1900 1924 2586 4858 5943 6515 7086 8728 10470 11228 11438
61 2189 1903 441 1476 145 3379 1689 1311 1907 1796 472 5059
115.786
48.7431

191 257 271 675 1132 1279 1867 2617 2811 2882 3072 3483 3593 3990 4003 4057 4275 4606 4631 4687 4832 5192 5281 6361 7132 7377 8156 9337 9427 9503 9950 11444 11551 12546
61 1476 629 202 106 438 2814 137 483 3992 1316 744 2189 1817 1388 1065 4235 1382 895 2601 2897 1718 403 3249 2612 1348 1792 2385 35 989 145 1889 929 1871
272.6861
96.3332

1789 3290 3949 5811 6226 6419 6776 6975 8406 8624 9427 10053 10319 11752
202 61 438 6227 3337 1888 3905 795 2837 1499 1647 2835 150 1963
128.3605
36.2598

590 632 1186 1327 1356 2348 2473 2827 3593 3992 4312 5759 6234 6705 7174 7594 7646 7785 7940 8109 8133 8323 8487 8557 8875 9358 9717 11302 11444
61 438 202 1476 36 106 749 142 2624 343 2174 483 3905 151 2699 11271 3838 394 9743 7425 2349 3697 2652 3342 7715 1276 2712 6706 199
255.44050000000001
108.7848

12 1557 1621 4104 4608 5412 9194 9384 10374 11228
61 438 1476 2357 629 2242 145 106 5580 2280
97.2159
37.0539

505 802 932 2234 2344 5682 6560 7174 7642 7681 7761 7801 8466 9970 12589
61 106 202 438 1476 675 155 441 1547 145 7432 3035 156 7589 8406
164.251
59.5936

1011 1037 1965 3203 3462 3541 5764 7432 7804 7941 9010 10336
202 61 2189 483 106 3081 773 169 516 3697 1012 1311
83.9997
33.0923

1522 1643 1820 2113 2362 2872 2968 2999 3243 3456 4077 4515 4786 5607 6461 7940 7994 10319 11287 11491 11611 12113
61 202 106 36 2624 417 3903 2189 1571 412 812 156 1525 2699 285 2974 4865 2393 408 10939 7941 184
183.6703
62.5064

407 821 1223 1444 1923 3296 3464 3771 3900 4486 4704 5286 5463 5584 6470 6581 7378 7433 9393 11866
202 61 438 412 330 963 3992 3297 6227 417 929 6483 72 6475 4029 3080 401 69 1151 1734
177.0633
57.3951

273 1553 3797 3951 4615 5361 7824 7941 8159 8189 10450
61 202 2348 156 2189 9784 6089 3697 7860 3556 1764
146.5154
40.7403

574 765 930 1450 1775 2054 3254 4057 4254 4568 4791 5710 6013 6229 6499 6871 7208 9241 9813 9967 11438 12027
61 629 202 514 137 438 6370 1382 73 593 1850 330 1689 6873 895 239 169 6369 899 2159 929 502
147.8823
56.0704

574 889 1553 2018 2699 2735 2984 3315 3891 4291 5303 5980 6938 7300 8103 8188 9178 9538 9914 10368 12548 12577
202 61 438 629 106 1316 895 1476 156 593 1734 1819 171 73 1554 403 577 206 6340 1817 1760 5268
214.2528
80.1226

115 442 693 895 1091 1331 1850 2018 2208 2836 2968 3462 4094 4104 4293 4858 6313 7133 7233 7413 7687 7696 8775 9011 11468
61 963 629 438 2189 202 485 6143 1530 4847 145 2746 1476 5585 5509 2378 2463 3332 285 7134 1972 749 1819 2396 4093
184.41660000000002
83.4608

262 666 2735 2746 2993 3176 3547 4030 4684 5451 5932 6013 6367 6648 7696 7714 7801 9667 10393 12027 12546
61 438 106 202 1311 485 156 514 357 403 6370 372 1126 6371 191 1600 1742 1953 4477 1797 353
138.8642
62.7783

828 1441 2054 3393 3585 3697 5400 5751 5832 6013 9284 9411 12015 12031
61 1476 3072 2189 3698 1552 3891 937 438 1314 202 9121 73 9412
138.5241
39.6983

33 75 164 516 569 1669 2054 3697 5652 5742 6449 6648 6923 7289 8879 9893
61 106 3698 184 84 6451 629 1311 145 1734 1499 1796 2601 2475 3699 3389
105.3472
45.714999999999996

1190 1525 1997 2062 2155 2652 3296 3394 3455 3697 3750 4050 4658 5095 5869 6059 6301 6463 6875 7432 7994 8173 9153 9427 9659 9993 10308 11428
61 1476 202 629 438 36 3698 485 6369 514 3297 788 3081 6881 1011 795 844 6370 951 3797 3037 373 3374 577 1967 1474 296 1228
204.9005
79.0356

442 962 2176 2882 3194 3597 3863 4794 4981 6198 6610 9780
202 438 61 2189 5509 3884 3556 3992 1476 963 749 2159
112.2447
31.1834

1197 1327 1693 1720 1830 2357 5689 5759 5888 6881 7575 7881 8386 8478 9528 10051
61 438 106 483 202 2127 137 145 1796 3898 895 3760 516 1331 401 2408
120.9231
66.4105

467 505 678 1275 1568 1769 2017 2272 3031 3863 3944 3946 4291 4606 5696 7725 7841 8444 8845 9384 10350 10379 11022
61 438 629 106 2357 1476 5580 155 2242 7432 2612 330 3645 2280 1388 3039 577 675 930 4504 394 171 1817
174.38400000000001
66.1065

296 407 1769 3900 4522 4807 5093 5238 5342 6369 6871 10297
61 202 629 106 137 514 809 6227 412 1850 4523 6873
106.3472
43.2669

407 786 951 1669 1697 1719 1846 2564 3349 4454 6560 6807 6874 7413 7453 8466 8716 9901 10125 11772
61 202 1476 106 629 2357 2189 963 485 514 413 1853 6227 6370 1301 412 6872 408 605 8406
177.2189
65.5582

2178 2811 3121 3223 3295 4065 5809 6151 6875 6973 7024 7442 9011 10050 10128 11358 11394 11674
61 202 2814 137 963 106 2189 485 514 36 943 1689 6370 265 1264 827 3217 6033
153.9766
54.7657

35 146 1871 2872 4203 4486 4857 4983 6385 6928 8532 8570 8768 12118 12406
61 137 2189 106 4858 516 8499 8471 2942 1770 2894 1954 1012 296 1065
83.1431
44.818

569 1230 1549 1742 1923 2499 3075 3114 3481 3878 4515 4684 4832 5079 5463 6393 7061 7272 7681 7881 8161 8928 9967 10431 11385
61 1476 106 438 1550 191 7589 401 622 1734 1796 930 7682 1331 7298 2612 3307 2799 394 188 1552 2735 674 1967 374
172.4929
57.297

1384 3447 3793 4608 5451 6874 7180 7507 10470 10992
61 438 202 485 6872 6368 3337 2601 6369 895
86.9877
34.7573

318 1327 1669 1952 2968 3508 4275 4981 5394 5472 5675 6336 6742 6870 7268 8454 10141 10957 12240
61 438 36 137 106 3072 1264 357 8316 2396 7270 3081 2159 8188 2189 3593 2393 3742 1331
151.727
58.523

145 394 673 1070 1356 1718 2176 2499 2507 2956 3704 3797 3966 4256 4486 5071 5882 6163 6776 6841 6992 7191 7378 8005 8103 8139 8159 8589 8880 9222 9647 9717 10167 10374
61 438 137 106 36 202 1831 1186 1796 929 1476 2475 827 2755 265 1922 246 150 313 1306 146 1854 296 35 1253 7300 2425 3618 3968 1228 3858 4603 7298 422
190.0669
84.2118

142 844 1309 1617 2583 4892 5430 5585 6697 6783 6943 7191 7387 8450 8452 10297
61 1476 438 106 4235 36 372 1616 1310 1557 3946 1769 73 3951 1525 333
183.9884
61.606

106 161 262 881 1147 1249 1621 1678 2790 3813 3878 4254 4491 4517 5471 5482 5600 6706 6973 7438 7582 7715 7735 9370 9809 10431 12013
438 629 145 9784 61 441 1476 6707 4252 837 90 844 4141 3217 109 1628 2612 2413 148 3 344 2755 490 896 731 1474 1065
140.9521
88.6745

1487 1846 1952 2974 4308 4686 6335 6385 6520 7113 7588 8805 8886 9393 11092 11358
61 438 106 137 202 2189 1853 3030 412 1065 6336 1888 417 413 2894 3668
133.7803
54.8815

111 629 708 802 2449 2968 4014 4199 4254 4687 4783 5297 6294 6658 7933 9262 10333 10416 10458
61 1476 202 106 2454 504 1796 1877 2189 2974 66 1311 296 2393 1831 394 82 265 2396
140.7057
76.263

1091 1719 1830 2246 3295 3379 3438 3568 4321 4568 5980 6335 6560 6631 6700 6846 7032 7035 7163 8342 8398 9050 9867 10467
61 438 106 137 202 6336 3847 3905 1689 6459 3 1831 792 3447 3380 1541 265 2255 7298 3441 2159 394 3624 4047
133.4701
64.4271

158 797 941 1567 3750 3968 4409 5462 5635 6151 6321 6349 6683 6820 6841 7801 8444 10333 10458 10933 11719
202 61 1476 438 106 629 1877 170 1451 3838 2385 3129 1774 3082 951 2746 896 3966 257 2018 2155
213.8966
47.9305

963 3415 3483 4048 4050 4275 5357 5621 5832 6189 6402 6697 8018 8613 9057 9977 11448 11573
61 3072 629 1476 202 10977 3069 36 4235 438 6475 605 5256 1314 2918 1300 1499 2073
176.7636
75.1257

105 115 122 262 353 515 875 1037 1147 1232 2580 3334 3438 3908 3995 5311 5353 5702 6369 6581 7212 7900 8104 8175 9384 10051 10141 10186 12406 12420
438 61 1476 2357 483 137 106 2189 5580 2242 629 3992 2280 202 3039 142 951 883 151 4504 2696 145 821 3447 3456 3441 9487 188 4729 3868
177.7062
82.1841

855 1143 1531 2499 2872 3628 3831 3863 4363 4389 5055 5759 6034 6321 6705 7715 7881 8466 10013 11419 11449 11580 12125
202 61 438 106 7230 3834 483 1264 3009 8406 401 792 373 5059 3 1560 3517 8356 3147 6706 3874 927 3845
173.953
68.7474

445 650 875 1143 1190 2872 3040 3251 3334 4256 5107 5194 5699 6775 8815 9873 9977 10308 10933 12577
61 438 629 3072 36 10977 3069 137 3946 1138 929 8774 483 4050 3082 8208 3252 7455 883 5136
159.9881
62.757799999999996

191 623 2234 2385 2473 2904 3245 3255 3415 3839 3867 4056 4561 4699 4889 5593 6226 6234 6368 6416 6931 6979 7028 7303 8074 8109 8387 8845 9427 9509 9676 11772
202 1476 61 629 106 3251 142 2357 137 514 6227 1264 333 675 965 3905 3252 1547 797 4847 6369 3035 1279 605 9417 7425 145 329 2254 827 4864 795
261.7808
95.456

2234 2960 3114 3132 3391 5008 5804 7525 7678 9505 10431 11284
61 1789 675 1547 3073 106 3035 1786 3297 4324 9323 2755
56.2037
34.1086

407 467 1867 3296 3790 5580 5794 5932 6163 7058 8178 9198 9813 11845 12027
61 438 4379 202 2189 2235 137 1264 3297 2280 412 145 1476 3834 6227
131.0264
62.8275

558 675 861 2652 3386 4871 7307 7417 8761 10350 10380 11772
438 106 514 1530 4477 2612 2601 3074 169 6370 1817 8765
80.09140000000001
36.9227

1304 1871 2076 3276 3760 4006 4014 4682 5405 5586 6225 6358 6544 7801 8349 9123 10459 11398 11438 11491 11580 12120
61 202 2189 1476 145 3030 629 1311 6548 169 1820 1689 1370 468 2942 441 1524 394 502 1989 6554 171
177.3811
56.474000000000004

184 442 932 1091 1098 1370 2062 2810 3295 3891 4119 4517 4822 5616 6327 6335 7162 7258 7933 8178 8466 8775 9358 9411 10431 11284
61 1476 202 438 2357 106 137 36 629 1530 6143 73 1279 5585 1552 1316 6336 3073 749 372 5607 1789 3307 504 9412 4124
260.7491
88.9212

758 1091 1575 1820 3501 3585 4389 4486 4865 4892 5192 5238 5336 5342 5416 5592 6217 6878 8118 8444 10336 11228 11496
61 629 106 202 438 1316 6874 3081 441 417 137 1311 333 412 895 1348 6294 1382 1095 1388 408 4894 3389
165.9701
65.1349

200 650 676 1167 1603 4065 4434 4538 4865 5170 5205 6208 6468 6475 6698 7681 7841 7849 7941 8108 9867 10294 10350 11413 11816
61 438 106 202 2189 5209 629 1264 2280 1476 605 2612 441 1616 7589 408 3697 2378 675 7298 3389 1176 4050 1856 7682
226.7313
74.0565

421 468 676 1352 3332 3376 3414 4084 4878 5243 5472 5751 6121 6520 7024 7760 7900 8173 8815 8872 10977 11092 11427
438 61 202 3072 485 1530 329 6369 145 827 3992 394 1138 2127 1065 330 4882 514 1888 629 1127 1854 1522
167.5639
82.6363

857 1789 2047 2233 4064 4199 4321 4622 4892 5008 6370 7141 7180 8161 9224 9659 9676 11914 11971
61 202 1476 438 137 968 2235 3337 1888 158 333 342 2837 2234 2349 795 169 9673 3456
210.7952
68.91890000000001

332 512 852 1719 1742 2718 3585 5322 5600 6226 8594 9458 11468 11551
202 438 6227 333 4252 1389 1110 265 408 1331 331 1792 3256 1065
107.5203
38.6687

1355 1877 3251 3628 3891 4184 5286 5987 6368 7061 7316 8389 10143 10333
61 438 202 629 106 1476 514 1316 6370 1138 577 901 73 1775
137.0611
65.3265

23 596 828 1132 1695 2266 2696 3223 4256 5199 5699 6463 6468 6680 8872 9297 10430 11071 11304 11646
61 963 202 106 6227 412 36 1689 417 137 42 333 191 1936 413 1476 608 1997 145 3624
182.6301
58.107

467 593 1320 1370 5205 5342 6515 6658 7028 7132 7669 8389 8837 9123 9893 11317 12013
61 2189 5209 106 202 438 1476 3030 1279 441 491 1820 4832 929 468 146 827
147.5223
47.4852

2025 2898 3283 3990 4892 6458 6515 6581 6982 8139 8578 8775 9309 9407 9659 10360 11674 11784
438 61 2189 106 1530 1476 6143 3992 6992 5585 468 333 3307 5059 7790 2837 1389 4536
136.6687
59.5308

122 654 1900 1923 2119 2918 2999 3255 3750 4391 4522 4789 5868 6049 6412 6449 9511 9946 10303 10397 10668 11394 11780 11831 12023 12406
1476 61 137 514 1903 438 2013 6451 809 4523 202 142 1877 90 943 9837 1905 2254 145 273 1907 7582 1279 491 3672 4677
197.0916
67.373

158 1061 1151 1213 1327 1857 2233 2234 2274 2788 2977 3315 3349 3750 3884 4409 4535 5804 6151 6394 6861 7162 7701 7760 8005 8886 8937 10397 11489 12452
61 1476 438 106 483 202 1065 675 417 137 2280 516 1547 1311 3035 970 191 36 360 9200 1450 9323 145 169 1331 821 1524 967 1301 5303
221.39339999999999
81.6023

12 381 788 891 1603 1678 2171 2259 2605 3030 3978 4387 4523 4538 4832 5868 6013 6499 6557 6705 6831 7016 7609 7719 8161 8499 8768 9916 10414 10454 11145 11719 12585
61 202 106 438 629 137 6227 7230 1476 514 483 1316 6874 1888 2280 1264 417 516 1963 1616 3109 7618 372 3905 795 7619 5932 608 1450 69 2310 6368 145
288.0507
105.5684

1819 2810 3040 5509 5652 5682 6034 7719 9844 10303 11496
1476 438 629 343 145 1770 2334 61 2349 403 373
69.0183
36.3257

106 235 265 809 2564 3944 4081 4226 4789 5182 6470 7563 7582 7940 9390 10333 11831 12548
202 61 2189 137 963 1476 629 1562 9784 514 3035 812 1547 9391 6475 1554 6483 2624
221.1163
82.389

91 673 812 1889 2710 3561 3882 4806 6226 6560 6881 7058 7761 8270 8784 9305 11539 11780
202 106 61 438 137 6227 145 3072 441 3884 608 2123 413 2755 2139 169 744 1095
141.7894
52.8923

343 859 1197 1316 3878 4003 4538 6096 8001 8109 8624 9781
61 360 36 1476 3905 629 145 1616 2280 7425 353 357
82.85340000000001
41.895

881 1382 2069 2467 2797 4644 5455 5546 6557 7016 7272 7300 8323 10360 10450 10510 11332
61 438 106 145 2189 629 3297 2310 3900 3690 1916 977 3556 1098 2468 2960 1264
85.338
44.9421

122 650 731 1065 1228 1697 1718 1776 1870 2254 2285 2788 3481 3516 3839 3854 4200 4523 4538 5044 6004 6102 7372 7432 7739 8139 8698 9674 9862 10303 10350 11914 12302
61 1476 438 202 106 145 137 2357 968 4626 372 6817 2235 1264 514 4235 2280 4050 342 8706 1963 1616 1562 142 6706 5932 2029 352 1316 1557 1796 9417 929
269.32620000000003
98.2128

66 160 416 619 663 1625 1999 2334 2872 3033 3073 3462 3794 3854 3946 3961 4047 4057 4326 5416 6309 6776 7472 7816 8601 9585 9873 9901 9970 10289 11228 11800
61 438 629 1476 202 2348 2189 3081 441 1888 1065 158 150 1499 106 605 1963 84 749 773 2834 10052 1753 2835 608 2652 5136 3966 731 312 73 4677
189.9601
82.4195

462 829 1061 1197 2866 3045 3698 3949 5592 6367 6560 8061 8827 10013 10128 12088
202 137 106 483 438 61 1903 3081 36 7230 3072 145 360 4865 514 3056
134.67
64.1514

76 344 1246 3069 3072 3245 3944 3968 4029 4339 4486 4889 5322 6861 7639 7849 7940 8074 8160 8389 8844 8955 9566 10350 12015
202 438 106 61 2189 1476 137 483 2624 3251 965 937 333 892 605 2699 1530 109 151 3073 145 4864 3255 2897 3256
220.4762
88.876

13 164 375 515 751 1132 1525 1742 1775 1953 2357 2844 2861 2904 3438 4658 6217 6499 7554 7646 7875 8047 8349 8594 8693 9427 9632 9813 10052 10336 10668
61 202 438 1476 629 2127 106 9784 441 635 970 145 3081 137 3898 6478 169 516 514 257 6881 929 899 1389 2696 3441 2408 550 1331 456 4050
223.0666
110.9776

202 693 917 1568 1765 2930 2974 3561 4200 4568 4822 5194 5398 6022 6121 6294 7433 7715 8128 8725 8985 9146 9519 10639 10939 12573
61 1476 438 106 629 137 4379 36 3072 4847 3081 9411 6227 3698 483 6368 2189 1689 1952 3080 6719 773 6544 145 3 929
358.9206
161.988

257 836 932 1110 1464 1775 2233 2395 2594 4431 6294 6871 6898 7132 7139 7384 7554 9946 10051 10186 10393 11444
61 1476 438 202 483 514 2601 1316 899 6370 744 330 2234 629 1850 329 156 6873 6369 1138 7378 4729
189.4293
67.184

13 416 784 1775 3209 3481 4200 5742 7132 7733 11049
1476 61 106 629 3039 7737 1065 899 4050 5580 169
87.3696
27.938

693 797 1309 2487 2811 3254 4973 5243 5394 6707 7141 7525 7761 8260 8478 8499 9194 9412 11800
61 202 2814 1888 1476 1264 1310 1451 441 8466 1554 7567 795 2898 109 1718 10052 1316 2159
154.2014
57.6614

678 765 1553 2000 2285 4230 4321 4765 7311 8000 8324 10248
61 1476 963 6478 156 4626 202 7860 932 1764 239 470
84.4197
32.5396

158 2233 2999 3147 3194 3502 3516 3951 4175 4475 5307 5400 5610 5778 5882 6368 7141 7272 7398 7655 8189 8875 12047
61 202 438 106 2189 8461 514 1888 9784 2234 6370 1264 145 2652 182 577 3129 3082 963 4324 951 169 2872
184.2592
64.0052

188 206 265 930 970 1279 3794 3813 4612 5870 6301 6321 6705 6952 7433 7866 8047 8109 9511 9674 11302
61 1476 106 202 3905 438 2174 155 1065 2013 11271 417 4626 7425 3249 773 844 812 929 837 1310
186.6868
69.1842

158 161 273 306 441 855 889 2076 2395 2520 2861 3128 3455 3794 3944 4001 4097 4535 5268 5610 5704 6831 6992 7760 8121 8323 8775 8778 9390 9498 9503 11029 11580 11752 12585
202 61 1476 438 106 629 137 2189 1530 417 360 36 1547 2837 1311 3081 9391 6143 6294 5585 1011 895 1499 372 8471 171 827 3307 313 1916 3900 4104 2378 904 151
291.6723
99.8762

257 364 629 1327 1776 2806 3332 3334 3541 4084 4535 4631 5286 7756 8941 10013
1476 137 61 106 417 7230 483 4847 744 145 372 4623 1311 516 148 191
144.4579
91.2585

149 273 574 861 1176 1582 1980 2259 3568 3645 3737 3793 3794 3884 4065 4193 5307 5702 6245 6680 7282 7300 7307 7367 7678 7735 8160 8499 8548 8678 9659 9786 9932 9950 11906
61 1476 106 629 36 438 202 1888 1264 156 403 593 2624 169 8466 1065 158 577 5662 2104 168 6415 5192 155 917 1760 586 896 5497 8406 60 145 8397 9011 4094
267.7819
94.3157

343 456 583 1232 1254 2208 2395 2484 2735 3069 4054 4141 4519 4849 4865 5932 6952 7016 7139 7162 7268 8698 9625 11767 12113
106 438 137 61 3072 36 360 629 1476 2357 1530 1770 357 1528 403 353 2029 8706 361 3389 3073 10939 1626 7270 394
155.8236
78.8169

115 152 755 821 1213 1867 2898 3037 3194 3297 3815 4028 4030 4097 4871 5297 5822 5888 6309 6463 6882 6987 7040 7132 7681 8444 11145 11539 11800 11831 12233
1476 61 106 438 514 4477 202 1871 372 1854 3702 7589 169 1132 2755 468 150 1568 4865 1389 7682 5259 812 374 10052 158 7298 3256 4104 2071 4476
210.9402
80.9656

619 1818 4193 4230 5226 5368 6049 6817 9194 9645 10294
61 1476 629 202 360 2242 943 6369 1550 951 145
88.0098
40.4791

917 2017 3622 5751 7086 7427 7609 8435 9250 9284 12031
61 202 2189 7230 483 6874 3072 514 106 3905 372
109.1487
42.9252

344 1276 1772 4291 5044 5353 6706 7157 7289 7655 7824 12031
61 2189 629 106 1279 352 6707 1689 90 109 374 6070
116.8892
31.3355

257 829 891 1223 1575 2233 3464 3593 4066 4093 4439 4568 4686 5464 6321 6581 7507 7849 8383 8499 9412 10336 12015
61 1476 629 106 1316 744 1888 3081 2234 1264 937 1554 202 795 8466 151 4512 1584 6548 3071 1708 6370 8406
147.7526
64.1677

441 2266 3209 4423 4448 5033 7849 8189 9011 9390 9538
9391 1547 1311 6294 333 675 858 61 2268 398 4414
49.5806
33.615

188 1213 1253 1348 1850 1965 5263 6706 6878 7150 7409 8757 9286 9993 11332 11767
202 106 61 137 485 629 3297 6874 632 285 6707 6489 90 1603 109 1355
120.3412
42.166

13 666 993 1926 2872 3051 3132 3831 4293 5597 5869 5932 6260 6458 6470 6973 7881 7994 8775 9458 9511 10368 12014 12023 12569
202 61 1476 963 3056 1530 3834 6143 2013 998 5585 605 3009 3307 4324 6483 73 3845 3217 6475 401 896 2837 3838 7790
183.4894
73.2901

861 963 3211 4622 7113 8725 9717 10319 11539 12027
61 3072 202 2189 605 6475 5256 2004 1300 239
100.8635
45.6697

146 152 353 398 1026 1275 1311 1903 3132 3568 3750 3951 4522 4822 5372 6846 8088 8159 11449
1476 438 106 2348 61 5209 4324 629 809 4523 9784 4029 441 150 1568 188 1907 442 333
161.6577
63.3779

149 151 530 812 1143 2246 3297 3850 4473 6680 7681 8429 9919
61 106 1476 895 3702 4477 438 7589 156 3573 3256 7298 892
100.2183
42.6155

619 658 994 2073 2161 2184 2699 3030 3376 3874 4704 5398 5464 6076 6698 6827 7162 7620 7875 9606 9742 10654
202 61 1476 6227 106 417 629 137 970 7618 403 330 1952 827 929 608 3556 265 1127 1554 4512 1776
211.3798
65.6539

445 654 1275 2110 2164 2254 2378 2718 2968 3223 3944 4339 4363 4515 5303 5931 5980 6919 8452 8778 9659 10050
61 438 1476 963 69 2189 1689 3882 2396 8471 73 10052 2168 1817 408 150 2393 812 2974 792 2174 977
143.8334
51.127

66 1223 1867 2547 3176 5044 6560 7191 9682 9919 9970 9986 10467 11071
61 485 202 1871 191 156 357 145 78 352 1953 73 84 2193
84.5676
44.8154

265 1309 1695 1774 3350 5352 5580 5764 6394 9291 12113
1476 4379 61 970 1769 1310 2280 3039 10939 1775 812
72.7628
31.8458

146 1253 1566 2710 3481 3541 4203 4789 4857 5412 5607 6878 6908 7079 7196 8047 8349 8398 8784 10303 10414 11302 11387 11399 11611 12013
61 1476 202 106 137 36 514 2174 1571 441 151 4858 6874 970 11271 1734 3903 502 156 1560 155 150 1276 1954 1553 285
206.3082
70.9081

1678 1864 3069 4563 5093 5095 5759 6409 7646 9844
61 106 3072 1476 629 1770 1530 403 145 2918
72.1723
33.272800000000004

623 941 1077 1162 1223 1347 1464 2076 2583 2710 2999 3990 4093 4626 4686 4933 5593 5635 5866 6327 6827 6871 6940 7272 9337 11332 11646 12027 12302
61 1476 202 106 963 2357 438 514 629 1061 6370 3992 155 6369 1850 73 2189 502 5607 3297 1560 151 1997 6873 1769 3178 6872 516 2755
262.8275
82.5012

164 364 464 593 930 988 2110 3031 3516 3994 4203 4612 5281 5297 5689 6321 7016 8156 8173 9743 10463 11399 11914 12302
61 1476 202 438 514 968 2235 151 6369 1311 4832 191 491 970 3337 342 156 145 1110 150 936 2093 9673 1770
225.5714
81.2402

676 751 2701 3213 4606 4857 5263 5482 6369 7024 7032 7594 7866 8698 8985 11397
61 202 438 106 4858 2357 8706 137 951 4057 3905 512 827 2029 1626 2413
92.0433
43.9753

66 930 932 1391 1441 4306 5342 6172 6680 6708 6987 7086 7725 8074 8109 8392 8784 9173 9370 9447 10933 11431 11591
61 2189 202 106 8075 3905 4864 1856 156 605 4729 1689 7425 151 84 2894 90 929 1264 8203 158 73 1382
175.1528
64.6888

184 1316 1370 2440 2710 2715 2743 3290 3379 3593 3874 4473 5334 5394 7303 9174 9384 10159 10303 11914
1476 61 2357 629 106 483 2235 36 968 360 5580 1279 342 145 9977 812 191 1098 2242 4477
164.2942
75.5553

1789 1985 2993 4050 4538 6402 7016 8121 8805 10052 10128 10186 11772 12023
202 137 438 36 3337 1476 635 4865 2280 6478 1888 1616 2837 623
91.7284
48.7889

158 459 499 1575 2164 2811 7163 8693 8725 9717 11422
61 1476 2814 36 510 511 202 505 512 2454 2168
134.2861
36.5225

271 306 993 1249 1327 1352 1557 2049 2334 2594 3223 3793 4030 4561 5342 5412 5597 6211 6700 7576 8297 8454 8496 8955 9503 9632 9914 12577
61 1476 438 963 629 2348 202 1316 106 2601 998 2189 441 1764 1734 895 899 1689 73 307 749 413 896 151 5268 1753 313 191
236.5539
81.5328

1444 1846 2018 2266 3356 3542 4193 4983 6217 6520 6882 6982 7141 8863 9509 9967 11006 11228 11468
202 61 1476 629 1888 330 1853 6992 901 333 413 1952 2715 401 928 1819 929 7776 3790
139.19910000000002
53.9381

979 2904 3040 3225 3279 3464 3709 5311 5334 5721 6013 6119 6301 7625 7675 7790 8397 9384 9914 12575
61 1476 2357 412 629 360 5580 2242 1311 1557 2280 3039 1560 191 1190 4504 152 413 3868 2317
129.5572
46.3524

145 1524 1693 1718 1871 2473 2978 2984 3051 3414 3804 5951 6172 6923 7001 7196 10629 11029 11767 12031 12040
1476 2189 106 61 36 137 3056 3030 4882 1734 1065 1936 1186 5952 1796 2942 373 827 407 265 1854
142.9129
58.8367

91 111 146 693 962 2968 3031 3206 3568 3672 4001 4515 4806 4938 5472 5811 6294 7132 7141 7591 8040 9743 9893 10333 10977 11024
61 202 438 106 1476 1530 485 2755 629 1888 1311 2189 2093 1877 109 1522 2396 963 1718 373 3593 2746 2475 2393 1774 2974
178.9423
79.8733

76 171 404 421 1151 1167 1355 1600 1923 2436 2526 3455 3854 4256 4535 4568 4686 4857 7163 7170 7387 7438 7841 8109 8360 8939 9447 11332 11489
61 1476 629 36 106 412 417 3905 1888 1311 3081 4858 202 1264 3540 2612 1011 7425 3297 2735 137 191 675 4141 1954 1098 1831 1524 407
176.0894
79.1016

23 582 583 1316 1932 2178 2599 3853 4321 4427 7139 9469 9946
61 202 2189 36 1476 963 42 1264 895 1098 145 1095 5286
107.255
47.917

768 1065 2715 3481 3951 4030 4225 4301 4684 4832 5888 6975 7384 8398 8452 8939 9344 9503 9696 9809 10360 11431 11780 12023
61 438 106 202 2189 629 1316 1888 3905 145 9977 1554 9784 795 1264 2385 1304 1300 1560 1306 4324 344 1925 2071
162.8365
67.92869999999999

73 74 206 1147 1382 1765 2076 3698 3750 3760 3854 4230 4791 4822 5412 5472 6776 6807 7157 7212 8074 9986 10289 10416 12040 12547
61 1476 438 202 137 106 629 963 485 1603 605 84 3072 3081 4871 3030 4864 1734 145 1689 151 1370 5585 468 3593 1499
264.2983
86.7763

91 106 265 445 490 569 666 673 755 1356 1850 2790 4523 5352 6034 6208 6367 7244 7669 7897 8761 11580 11591 11973
202 61 438 1476 2357 485 8075 514 9784 36 1789 4729 2755 1963 929 3337 9325 6370 1734 812 408 5932 1012 5837
238.0909
101.0164

191 273 332 1065 1091 1903 2599 2688 3132 3804 3961 4097 5951 6208 6603 7233 9568
1476 61 106 438 629 2189 2348 202 5209 3081 333 145 1499 4324 1110 605 344
175.8237
63.4291

73 629 693 1900 2978 3164 3394 4374 4389 4689 5217 5303 5593 5704 5778 5932 7455 8484 9519 9813 10294 12233
61 1476 106 137 2189 1903 9411 202 773 296 1831 3889 1888 1311 151 373 1905 182 158 1600 2977 1907
189.4082
79.7516

1065 1327 2233 2272 4007 4682 5650 6919 7208 7303 7442 9482 9786 10053 11831 12069
61 202 2357 2234 145 5607 1310 106 2811 4789 73 2071 3389 1331 1115 344
74.8533
44.6182

574 583 1864 5794 7097 7133 7761 7793 9057 10297
963 438 61 4847 593 441 7134 483 145 6225
80.3535
26.4079

262 678 1197 1566 4030 5398 5721 6581 9884 11411 11845
61 438 2189 1264 629 502 1952 1560 3834 11176 7094
112.5571
31.9634

296 1999 2233 2993 3051 3115 3882 5243 6061 6130 6483 6871 7714 10430
202 61 137 3056 514 963 605 2234 6370 1850 1689 1151 6369 145
148.2077
53.2951

262 1091 2055 2254 2904 2993 2999 3056 3438 3914 4029 4326 5372 5613 6646 7174 7196 7900 7941 8088 9291 9407 10143 12023 12573
438 202 106 61 2189 36 1311 3992 2894 441 5427 3882 623 3052 3697 7610 10086 3447 6648 3441 1186 4373 3699 4050 3
160.1627
63.0746

404 675 1026 2357 2368 3414 6478 8360 8402 9305 10333 10350 11284
61 438 202 106 1476 629 412 2127 145 3073 514 3898 6483
144.3719
66.8704

74 255 583 1110 1695 2584 3736 3908 3992 3994 5721 5980 6349 6475 6705 7028 7040
202 61 438 106 749 1603 84 330 605 9743 5683 329 827 5585 257 4141 3
184.34120000000001
61.3743

105 152 755 844 1026 1138 2155 2288 3697 4054 4175 4228 4491 5192 5342 5394 5592 5597 5652 6810 7363 7619 7875 7941 8018 8784 9503 9528 11438
61 1476 202 629 106 438 36 483 3698 1316 970 372 3699 895 1348 502 169 3760 1011 1388 2624 1560 394 150 1095 1753 1689 1382 929
241.2294
79.5431

244 257 663 1190 1253 1486 1549 1877 1893 2960 3350 4014 5104 5365 5463 6544 6871 7735 8088 8109 8678 8742 8809 8950 9862 9970 10671 11006 12012 12013 12233
61 1476 629 202 438 36 8875 514 441 3905 901 106 744 1550 6370 1264 1850 1689 7425 1382 6548 928 2715 608 6873 1819 1186 6872 1772 3795 158
225.9541
87.5125

658 1999 2246 2288 2467 2507 2699 2836 3462 3759 4119 4237 5794 8805 10216 10939 11427
202 438 61 2189 137 4847 372 1888 1554 773 4124 6340 8 1283 2255 168 2468
185.5155
50.5436

798 977 993 1262 1290 1587 1621 2743 3211 3251 3709 3738 3826 4152 6938 6982 7174 8499 8624 9647 12266
61 438 1264 1311 1888 330 998 8466 145 6992 11022 3283 333 3992 3447 1186 11824 3252 7610 1628 3337
165.458
77.8856

13 459 623 780 891 1061 1176 3147 3826 3992 4312 5372 5462 5682 5881 6049 6810 7790 8040 8342 8411 8809 8815 9123 9173 10052 10143 11495 11784
61 438 202 629 137 106 483 749 1316 514 516 3081 635 3030 145 3847 3698 9743 3951 6478 360 1820 6336 1190 2755 7715 3072 52 4050
204.7974
84.6985

145 810 1384 1441 1997 2755 3245 3438 4256 5509 6049 6943 7032 7141 7196 8872 8875 9291 9511
202 438 36 1476 749 965 3251 343 1888 2013 2334 3905 137 2349 1186 2652 3256 239 1854
150.9511
73.7012

675 1190 3672 5104 6603 7032 7378 7409 7881 8349 8596 8742 9114 10467 12027
202 61 629 8875 36 1264 6385 929 2601 8598 1856 401 3698 2612 3905
131.4361
46.3954

533 731 784 852 1444 1531 2011 2047 2184 3245 3379 3483 3622 4658 5593 5751 6294 7133 7289 7804 8780 10380 11491 12014
963 106 61 1476 3251 3072 4847 330 965 1264 7134 3252 401 202 1311 3255 3256 2018 1095 3380 1382 2254 2013 1856
139.1489
62.1405

306 875 1531 2234 2378 4374 4522 4563 4699 6130 6908 8402 8613 10458 11358 11772 12587
61 202 106 675 1547 809 4523 3035 1264 9323 8406 840 4847 330 5303 313 3951
80.7441
47.8581

355 666 836 1730 2113 2285 2547 3206 6004 6368 8644 11006 11831
61 1476 202 106 629 514 6370 901 577 1734 928 2715 951
93.8119
41.0149

629 1232 1776 2011 2162 2184 2520 3242 3556 5705 6470 6870 7433 7507 8716 11411 11816 11913
202 438 2357 1476 963 1264 106 2189 6483 372 6475 1316 296 1831 1311 2013 3252 3379
159.96869999999998
75.01650000000001

635 654 795 1320 3839 4538 5170 5943 6863 7669 11049
61 483 7230 1476 1264 145 1311 2280 285 441 1616
103.4656
41.5437

33 364 459 530 533 593 844 1026 1487 1965 2076 2594 2755 2930 3051 3738 3949 4064 4104 4348 6211 6810 7609 8000 8156 8652 8749 9566 9884 9914 10069 10329 11767 12546
61 202 106 1476 629 137 7230 963 514 3056 3905 483 2601 6478 1316 6874 372 4832 516 7619 4626 191 109 491 7618 1450 352 1098 307 5268 4578 42 4818 1936
267.255
101.9643

235 1775 2696 2837 3223 3738 4486 5613 5881 6731 7655 11270
61 963 106 438 629 1525 202 899 1689 394 169 3225
98.7483
38.1189

160 404 468 1603 3132 3483 3990 4024 4056 5125 5405 5416 5592 5702 5710 5951 5980 6683 6697 6731 6940 6943 7756 8047 8827 9002 9009 10336 10380 10933 12125 12240 12569
61 202 106 438 2189 1476 412 3992 3081 4235 1769 4324 158 1095 394 145 407 577 1856 373 408 152 3946 1279 1924 3668 2834 2861 731 169 6370 977 2576
240.3537
76.7743

235 394 1162 1774 1926 2208 2601 3033 3073 3120 3279 3379 3797 4563 5616 6034 6416 7097 7233 7311 8939 9447 10420 10785
61 629 106 1476 1888 1831 73 562 483 1264 1963 1311 1770 840 158 1455 441 2834 1775 173 2835 3380 3126 8203
125.6013
75.19200000000001

200 265 306 875 1352 2117 2162 2234 2272 3596 3737 4077 5095 5400 5546 6402 6603 6838 7150 7756 7761 8073 8941 9224 9509 9643 9759 9813 9880 10360 11419 12569
61 202 438 137 1476 106 441 675 4847 1547 329 3035 4623 169 812 9323 883 1221 296 239 313 344 8075 6605 5303 2525 1190 8074 1254 3951 4050 967
189.827
75.4676

122 1621 1830 2178 2930 3028 3056 3863 4684 5008 5696 6368 7384 8108 8161 8778 8809 9337 10248 10321 11024 11386 11483
61 438 202 137 2189 106 145 1476 514 1264 3052 142 5427 577 1846 3031 6370 8471 3030 930 586 951 1936
180.5005
61.3451

904 2161 2584 2699 2984 3438 4014 6076 6700 6817 6923 6940 7316 8815 9169 9407 9893 10379 10459
202 61 438 629 360 943 1476 1734 6369 1554 951 145 4141 191 3447 1127 6340 3441 403
183.9991
63.4721

574 1176 1997 2208 3056 3583 4203 4491 5008 5546 5613 5866 6121 8160 9146 9309 11013
438 106 61 593 5427 3052 1936 1770 577 8837 1952 1151 840 2393 590 52 586
83.1769
39.8371

69 442 693 855 979 1751 2208 2234 2373 2499 2956 2960 3194 4175 4423 4475 4515 4786 5809 6870 6992 7249 7760 7761 8073 8435 8652 9455 10977 11013 11483 11489 11780 12233 12577
61 438 106 202 485 675 1530 1476 441 1547 3035 812 4623 1379 5509 9323 7682 963 2894 1522 2475 749 4427 827 1952 1091 5453 7589 5303 8075 3356 361 270 1587 2746
194.9867
98.6112

188 2233 2625 4286 5462 5742 5978 6415 6871 7763 8435 9682 10141 10303 11386
202 438 61 514 6370 2234 1850 106 3698 2601 6873 1012 929 2627 6369
96.0288
40.026

145 318 1026 1864 1889 2011 2467 2701 3025 3992 4047 4054 4626 4658 4789 6119 6393 7701 8047 8061 8128 8173 8220 8749 9813 9880 10053 11399 11502 12571
61 438 1476 202 106 137 155 749 514 1903 1186 156 1560 3056 6369 9743 150 1065 151 502 1553 1311 622 1557 951 7715 169 2018 1301 970
260.8189
83.6777

202 447 977 1143 1553 1720 1850 2162 2499 2837 3072 3251 3585 4119 4482 5027 6013 7097 8047 8594 10128 11752
61 1476 438 629 106 137 36 4379 483 3081 485 514 156 6227 145 3698 1525 1689 6719 1311 4865 3080
378.9656
183.0051

271 623 1276 1695 3194 3455 3704 3815 4001 4431 9286 10336 10977 11394 12233
61 514 485 3081 106 1530 943 36 191 1011 1279 2894 1522 516 394
95.2691
42.7036

0 271 2047 2373 4064 4454 4919 5464 5675 6172 7270 7433 7701 7733 7940 8184 8224 8589 9759 9977 10125 11491 11646 11906
1476 61 202 438 963 106 137 3069 629 10977 2624 3072 4512 3838 145 3039 2093 2699 1867 7737 413 1098 1997 970
221.5418
75.8202

255 1217 1857 1900 2171 2245 2348 2599 2696 2836 2861 2984 3037 3242 3600 3794 3854 4132 4608 4849 4858 5336 5699 6163 6807 7417 7563 8349 8398 9407
61 438 202 106 137 629 963 749 441 343 1903 372 812 246 6483 1905 1095 1796 605 1972 1734 1499 188 4197 3797 2378 3519 265 3252 1616
181.3737
84.8255

1776 2000 4006 4226 4568 5297 5353 6358 6394 6875 7061 7212 7387 7433 8005 8326 8937 9885 10416 11024 12088
61 1476 202 485 970 372 1562 514 2924 106 6370 36 1316 10939 441 1560 1012 1922 6402 6369 1554
152.6022
54.0038

122 364 433 802 1217 1753 3736 3874 4203 5471 6975 6987 7024 7272 9458 9696 10125 10141 10379
438 137 61 191 3905 795 265 441 6370 142 1888 1796 352 827 394 1770 106 145 801
92.5803
48.4614

1845 3213 4794 5564 7687 8594 9967 10668 10977 12548
61 1530 485 106 2004 3884 1522 4256 6009 4677
50.6824
23.6778

126 271 932 1356 2054 2904 3578 3831 3853 4832 5095 6700 7163 7525 7625 7701 7941 9057 9427 10629 11578 12047 12118
61 202 2189 438 106 8461 9977 1264 191 1065 151 3834 169 3009 4882 156 239 3697 2139 1560 732 1499 296
184.277
62.1723

126 1069 1697 1965 2164 2827 2861 3023 3028 3075 3376 3501 3547 3596 3994 4686 6576 7024 7150 7286 7790 7900 8104 8461 8863 9011 9174 9297 9447 9717 10167 10289
61 202 438 1476 106 2189 6227 3992 412 441 827 1311 1190 3337 3072 413 329 4477 3031 3056 3030 1888 3882 1846 3 2168 1967 394 1264 8203 3307 333
250.9476
87.6101

433 530 675 784 1348 1352 1753 3738 4391 4806 5352 5618 5794 6009 6992 7040 8844 10292
438 2601 61 90 485 441 2612 632 1355 851 8 827 881 1817 1443 330 1967 3375
95.7112
51.5396

265 596 951 988 1190 2575 3283 4226 5613 7367 9050 11024
61 438 1476 629 106 1562 36 2624 1689 1554 152 812
118.6678
39.3382

445 447 467 780 2000 3242 4348 4849 5338 7113
438 2189 36 1311 239 3252 468 1264 1115 731
48.161
22.9578

122 394 910 1355 1751 3622 4291 5058 5455 6189 9412 10310
61 137 11006 1554 1379 142 795 145 1450 899 1831 141
53.9661
32.4343

499 883 1065 1666 1753 1952 2000 2357 3794 3826 3944 4081 4919 6034 6061 6130 6151 6313 6878 7303 7440 7681 7701 7824 8386 8570 9173 9191 9503 9625 10459 11674
61 438 106 202 145 137 36 2127 629 510 6874 3035 6451 3898 511 505 1476 516 257 7589 512 2408 35 2071 7298 373 78 514 66 801 7682 504
243.7262
102.3004

963 1246 1524 2161 2652 3023 3874 4434 4649 4892 5777 6061 6478 6783 6928 7141 7687 8985 10785 11491 11551 11772
61 202 3072 1476 438 605 1888 1557 1499 1311 6475 106 333 265 1997 5256 169 145 4235 1300 1792 1689
230.7172
96.2231

257 889 910 1812 1932 2288 2735 2836 3541 3585 3593 4083 4124 4225 4387 4486 4858 6581 6631 6705 8139 8406
61 106 629 202 2189 5462 963 744 1525 145 1888 1554 372 171 1972 6459 3519 895 1560 403 3797 2837
148.9698
73.2158

449 829 963 1557 2018 2715 2746 3051 3393 3502 3867 3914 4064 4689 4857 5361 5463 5764 7440 8188 8450 9011
61 438 106 3072 629 36 2357 202 1316 1476 4858 6475 3056 6451 605 239 1764 1936 9977 1300 797 1819
214.30100000000002
84.8137

829 1300 1980 2119 2378 2806 3290 3356 3622 3737 3790 3826 3884 3949 4081 4301 4517 5635 7162 7286 7588 8061 8118 8466 8725 9302 9505 9682 9967 10671 11427 11752
61 106 438 137 36 1903 202 3035 483 441 3056 1528 66 8406 1499 516 3297 6294 1008 169 145 7372 1522 1689 70 8975 1963 827 3628 2408 6451 3318
162.0829
86.1861

462 993 1249 1567 4454 5205 5442 5610 6226 7897 8716 10450 11332 11419
202 61 438 2189 1476 2357 5209 6227 106 485 998 3337 413 3297
175.7728
51.4581

271 632 768 828 2254 3037 3276 3593 3737 4230 6863 7174 8387 8955 10052
202 483 2189 61 6478 635 1311 4847 151 191 137 623 1186 812 1888
72.4693
42.9922

106 171 184 365 693 1091 1309 1557 2580 4764 4794 6817 7725 7761 8000 11646
61 629 963 1476 36 375 202 360 2189 9784 6478 1310 145 943 441 151
187.6053
83.8741

365 810 836 1069 2827 2978 3596 3994 4047 5107 5217 5597 6610 7714 7739 7760 8121 8324 8435 8624 8950 9950 10016 11386 11411 11449 11504 11539
61 1476 202 106 438 375 483 4626 4235 403 329 3946 1065 372 441 374 5192 1562 373 1557 514 3 2474 4477 562 148 1999 4094
227.2317
69.5908

265 891 1441 2960 3206 3757 4724 4981 6576 6928 8398 8725 9684 9844 10454 11302 12587
202 629 1476 106 4729 61 2174 3249 1316 1770 11271 403 4477 2918 812 3742 2159
120.3434
52.1664

836 1348 2904 3106 5199 5482 6463 6658 7286 8454 8815 8845 9011
61 632 827 2413 1355 851 1254 502 2025 374 675 4682 2839
52.9853
30.3691

675 1568 1765 3056 3389 3737 4024 5832 6061 6121 6520 6631 6846 7735 8589
106 438 137 629 1311 145 61 2601 5427 6459 3052 2612 1314 3392 394
91.4714
45.1548

158 1275 3815 3826 4275 5742 5832 7675 7760 8757 8790 9114 9606
61 1314 2601 3082 3129 1311 1963 5033 438 1356 3290 1301 4191
44.8386
29.9053

510 917 1765 1774 3023 4391 5951 7453 7881 9759 11287 11973 12547
61 106 36 6327 2189 1789 629 2357 156 9325 5837 5952 169
122.9945
53.6157

146 2011 2395 2564 2790 3540 3596 5471 6648 7900 8761 9262 9822 11092
438 106 2189 1311 629 998 3992 329 3332 2013 3542 1264 2018 2093
93.1972
42.9886

91 202 206 1197 1249 1568 1877 3128 3394 3697 3889 5402 6967 9262 10463 10668 11611
61 1476 106 629 438 4379 3698 36 3072 6227 137 6817 483 3080 1689 2755 6368
334.0984
164.466

374 563 1162 1197 2272 2861 3069 3597 3995 5705 6908 7024 7244 7249 7760 8775 8941 9647 10297 10397 11495 12563 12571 12589
438 61 137 3072 202 1530 106 4847 6143 4623 36 3698 2837 441 3081 5585 3307 827 1888 1967 6336 6225 3073 191
157.7051
69.2051

490 510 596 619 1110 1336 1751 2385 3757 3949 3961 4535 5353 5482 5775 6151 6229 6361 6979 7244 7303 8109 8410 8499 8652 9573 10303 10336
61 202 1476 36 8684 3081 417 106 3905 412 1753 1888 1264 169 330 4235 7425 1379 605 1499 329 8466 9583 1012 3968 2413 4536 8340
220.211
81.1937

1819 3132 3242 5311 5775 5888 8018 9534 10128 12266 12563
438 137 36 61 372 11022 4865 3283 3992 4324 3337
88.0334
48.7316

590 1370 1923 3414 3704 3787 4014 4857 5618 6973 7191 7900 8349 8499 8815 9291 9407 9585 9862 11022 12113
61 438 1264 372 1888 2601 1279 3992 8466 4858 330 3217 10939 9311 394 1309 7963 516 5990 1320 8406
118.4462
53.4642

535 675 2467 3128 3414 3771 4081 4626 4816 6049 6173 6898 7785 8761 8778 10393 11022 11496
61 36 202 438 155 1476 78 2601 330 1560 1853 2612 502 3035 8471 66 1568 6178
131.6907
59.3683

109 433 786 1283 1348 1370 2184 2599 2837 3279 4112 4563 5079 5822 6478 6863 6940 7244 9344 10159 10319 11520 11906 12589
61 202 438 483 1476 36 1311 1525 1279 1853 472 6483 441 1095 2755 632 1300 1304 6260 1306 3012 1734 1309 1925
174.9852
74.2891

73 365 1617 2797 3075 5951 6787 7268 7455 7739 12587
61 106 1476 2189 36 375 4626 4235 1616 151 1557
139.175
41.7157

596 1320 2184 2507 2699 2811 4066 4225 4913 6705 6881 9625 10350 11425
202 438 61 2814 106 2189 1554 145 1560 1718 6340 468 6706 1001
161.8294
41.5622

857 2004 2894 3556 4003 4523 5616 9315 9498 10374 11913 12015 12023
61 438 2189 36 137 1476 937 483 1963 3379 1689 5932 289
131.8636
44.1384

0 1110 1186 1232 1327 1688 2993 3255 4293 5027 5881 7040 7268 8001 9566 11304 11496
963 106 36 61 1753 1689 330 2755 1476 2076 329 109 7270 1279 2526 271 1936
112.346
58.4216

0 115 582 1069 1486 1697 1734 1953 3578 4047 4083 4631 5194 5281 5462 6226 6301 6309 6680 8001 8018 8484 8596 8780 8879 9026 9427 9585 10292 11431 11438 12587
61 202 438 6227 137 372 1525 106 1888 1065 441 1689 6385 2837 929 3698 812 577 2755 7455 173 502 2835 8208 3951 1776 1856 3082 3961 8570 1774 1972
216.2402
72.3696

658 768 786 927 1980 2018 2234 2254 2357 3176 3596 3736 4003 4046 4193 4535 4608 4658 5058 5398 6004 6241 6294 6581 6687 7300 8175 8565 10414 11228 11580 11866 11906
202 61 1476 629 438 36 2127 485 3992 675 145 1952 329 156 417 3898 1547 895 3035 516 357 3882 257 330 2408 9323 373 4029 1091 514 169 1571 1625
267.9068
113.9776

2348 4199 4783 5597 6229 6336 8088 8360 10013 11228
61 438 137 7230 343 749 1264 3072 441 191
125.8303
44.8831

563 1327 2272 2484 2974 3160 3290 3481 3541 3556 5238 5243 6923 8484 8886 9370 10933 11284 11496 11504 11591 11780
61 1476 106 438 1316 8075 202 3073 2189 1450 4729 3171 1888 1786 73 773 1789 1331 2894 271 3162 3379
131.1352
66.673

105 343 530 768 1370 1444 1742 1877 1985 3750 4032 4132 4807 4973 5870 6468 6544 8231 10216 10350 10380 11176 11228 11304 11845
202 1476 438 61 963 483 360 2189 137 1264 485 1279 145 353 330 3834 1689 169 401 357 1310 1796 6548 629 2898
245.5602
88.0442

404 449 780 1311 2110 2155 3697 3968 4024 4275 4677 4765 4913 7246 7994 8005 8159 8402 8532 9358 9647 9967 10143 10379 10459 11386 11539 11971
61 106 202 412 3698 8406 2894 514 4847 8471 3797 36 407 8499 394 7 413 1922 8500 10086 635 623 408 650 3012 5281 3699 3966
163.3886
66.4294

120 262 365 1167 1553 1575 1772 2176 2357 3025 4454 4791 4806 5482 5868 6520 6707 6792 7016 7040 9487 10414 10939 12118
61 1476 202 106 629 137 4847 375 2189 2127 151 3898 763 156 145 516 257 394 413 274 929 970 109 158
187.4405
85.5143

8 505 965 1812 1980 1997 4409 4626 5104 5591 6294 7289 8402 9573 9717 9977 10430 10458 11780 11800
61 202 106 8684 483 1476 3072 155 3069 4081 10977 36 412 1557 514 394 1311 7432 629 8406
212.9809
78.3643

343 932 2612 4306 4649 6294 6409 7061 7174 7655 9519 10360
61 1476 438 360 9411 629 773 156 357 3889 1186 353
130.5755
44.2466

126 146 421 751 941 1304 1568 1850 2004 2025 2054 2334 3350 3645 3697 3874 3992 4029 4056 4112 4321 4628 5027 5307 6234 7040 8178 9289 9632 9932 11013 11914
61 1476 438 106 2189 963 202 142 749 485 3698 2348 968 169 2235 1311 1769 441 145 285 342 9673 9743 967 2344 1689 82 199 6415 936 229 1753
307.2165
95.2956

271 731 889 1643 2113 2288 3736 4699 4981 5482 5652 6234 6371 6483 7018 7413 7594 8139 8444 8499 9717
61 202 629 438 142 963 1264 1888 1525 605 895 394 8466 6369 827 171 1689 623 3951 2159 6908
183.7629
68.0964

0 558 2000 2449 2872 2930 3297 3561 3622 4342 4535 5412 5827 6189 7236 7282 7303 7554 7619 8411 8716 8933 9010 10016 10292 10414 11176 11431 12118
61 438 1476 36 2357 483 1530 417 1888 3702 2454 1734 1647 1115 3074 169 1011 7378 1854 3256 6342 4536 1128 801 239 55 1132 1283 967
159.42340000000002
71.1656

255 2000 2788 3542 3787 4301 5095 6385 6646 8360 9050 9743 10350 11358
438 106 629 1311 2894 1689 372 191 1952 516 257 2093 1065 6648
89.1554
40.076

510 2978 3867 5238 5675 5870 6775 7018 7933 8260 8618 11270
1476 438 61 36 2357 202 1525 797 827 265 504 66
143.8344
58.7498

398 798 1223 1695 2507 2594 3106 3990 5307 5675 6807 6861 6967 10159 10374 11145 11483
438 202 483 963 1316 629 3992 2601 605 4197 6483 2189 899 1499 1734 333 3668
117.0729
48.4328

852 2110 2788 3704 5205 5866 6059 6335 6706 7687 9632 10289 11496
61 2189 5209 106 6336 438 137 6707 5211 271 90 2977 109
78.23310000000001
29.6447

126 332 535 623 632 1061 1276 1391 5455 6226 6369 6775 7300 7427 7619 8392 9498 10303
202 438 61 483 2189 36 6227 106 333 516 514 360 169 137 1110 1689 1065 151
183.3773
72.0348

151 731 844 1336 1819 2520 2564 3414 3749 3992 4363 4684 5482 6226 6245 6475 6515 6810 7655 7841 8324 8757 8933 9123 9174 9417 9585 10460 11397
61 202 438 106 372 2189 6227 749 1476 895 2612 3946 605 1820 1888 9743 5059 6783 512 675 265 1264 892 394 7715 3030 1817 262 1098
225.5534
83.8413

792 1077 3056 4699 5618 6102 7866 8928 10051 10248 10310 11071
438 483 1476 1061 2601 5427 3052 4050 145 61 2127 3951
69.0899
37.8505

106 464 1331 1603 1952 2025 2467 2575 3023 4029 4124 5442 5759 6402 6520 6603 6919 7040 10186 10297 12585
61 1476 438 2189 202 9784 485 152 844 296 4729 394 6225 929 2139 5462 1329 6605 1856 827 73
161.7299
81.7113

151 505 792 1132 1693 1952 3356 3391 4596 6683 6973 7244 9901 10128 10329 11317
61 137 36 106 895 155 7432 202 3217 930 4865 2127 3645 629 2755 6370
131.4519
47.8548

563 1643 2790 3031 3045 3242 3356 3978 4764 5303 5307 5467 7174 7196 7453 7619 7804 8444 8698 8790 9153 9169 9224 9503 11719 12240 12571
61 36 1476 106 483 438 629 2357 788 169 202 795 8706 1776 3109 899 1011 1474 3252 2029 1311 2894 1626 3037 1186 929 844
146.7185
71.0215

200 590 836 859 2385 2436 3025 3415 3737 4908 7384 8061
438 36 1903 441 3056 373 1888 2746 374 442 2396 8471
53.4823
32.3643

35 374 593 669 2004 2176 2811 3176 3709 3815 3826 4226 4308 5107 5226 5398 5430 6234 6775 7609 7801 8775 9174 9643 9993 12546
61 438 202 2814 1476 7230 483 142 514 485 1562 6143 106 1530 629 1952 156 516 5585 3946 6874 1554 357 7618 4832 7619
230.7387
84.4727

35 1603 2138 2564 5592 6022 6121 6478 7221 8154 8231 8275 8548 8860 9412 9528 11973
202 61 1476 106 483 2189 2357 1789 485 137 6483 145 9325 3760 1095 1554 5837
209.8581
77.1087

1077 1247 1587 1678 1720 3414 4342 5352 5593 6198 6309 6449 6747 7790 8775 9498 9742 10470
61 106 2189 1530 6143 1061 1190 6451 5585 3307 1718 3081 2837 352 1967 1193 1716 2696
94.9563
39.9086

91 650 1011 1486 4626 4783 5464 5870 6034 6370 8799 10463 11772 11800
61 202 483 438 137 106 155 1819 3337 1560 1110 516 502 1476
121.3802
51.2817

0 798 1091 1151 1309 1600 1695 2402 3276 3393 3884 4028 4193 4981 5071 5338 5546 6321 6412 7024 7086 7148 8188 8384 8389 9011 9050 9123 9743 9901 10128 10216 10244 11483
202 61 106 438 2189 36 137 1476 1311 1264 3030 1689 1310 2735 1820 1065 827 2093 1888 4865 1524 2159 1320 6370 394 4050 1854 3742 629 5259 170 2385 669 3279
228.4745
95.4743

120 468 1275 1553 2827 2861 3243 3334 3542 4515 4919 5058 5635 5710 6499 6515 6783 7298 7609 7806 8118 8128 8169 8189 8644 10069 11438 11772 12266 12302 12589
61 202 438 629 1476 514 7230 36 3905 441 106 483 6874 156 11022 1557 3283 3992 1791 7618 3447 394 502 11824 1450 516 6294 1952 6368 4235 5059
289.4288
113.5278

859 2378 2526 7150 8383 8392 8444 9384 10350 11491
438 61 2357 1476 36 5580 2242 1856 3540 1689
76.71809999999999
30.7013

975 1926 2580 2696 2827 3164 3307 3749 3874 4119 4256 4626 4765 4933 5040 6034 7525 7594 7816 7841 8000 8047 8160 8173 9305 9919 9958 10416 11444 11502 12088
61 1476 106 438 202 2189 963 629 485 137 155 6478 3946 2612 6369 372 1952 502 360 73 1098 1560 1301 188 1283 675 514 4124 158 1817 895
243.5996
84.8391

844 861 2011 3307 3356 3389 3415 5194 6309 7576 8040 8323 8502 8863 9407 10463 11393
61 106 438 372 485 202 137 1311 360 3337 1888 1110 4623 188 929 2013 2755
155.8433
57.3808

669 1300 1441 1568 1718 2055 2402 2788 3295 3771 4765 5400 5592 6227 6393 6610 6700 6982 7058 7079 7174 7433 7620 8636 8955 9284 9289 9498 9568 10374 10452 11411 11422
61 202 438 106 2189 963 137 7618 1476 1095 8994 6992 4623 145 514 577 2454 629 605 3030 1186 1796 622 265 2139 82 1296 2411 483 792 229 608 373
262.4533
84.6168

126 1254 1857 1867 2062 2362 2580 3578 3593 4326 4339 4832 5591 5832 6683 7040 7174 7246 7298 8933 10292 11646 11780
61 106 963 483 438 2189 202 629 394 1888 1314 151 1186 1997 1524 169 514 191 1311 1871 895 9487 270
184.1681
69.32730000000001

164 1734 2526 2806 3225 4006 6874 7761 8324 10454 11270 11491
61 202 1476 412 485 441 483 3540 6369 6872 1557 514
107.5593
42.0536

75 244 447 669 1143 1742 1845 2138 2209 3121 3140 3254 3795 4119 4608 5307 5869 8074 8342 8644 10069
61 202 629 84 3905 4864 2159 1311 1186 372 605 1856 3847 4124 6033 731 1331 145 1541 307 1283
133.3792
62.356

145 462 1331 2113 3040 5809 6470 6789 8161 9344
61 202 963 6483 1186 6475 1854 1304 1300 1306
144.1232
38.6717

693 1110 1147 1643 3274 3349 4014 4032 4048 4609 6878 7268 7849 8778 9659 9916
438 106 6874 36 330 61 329 8471 7270 1279 4625 516 1138 1151 396 7618
83.0567
36.1727

786 2594 2701 3191 3645 4626 6096 6841 8224 9786 11387
61 202 1316 2601 155 106 2093 1560 899 502 169
116.982
33.0764

441 462 859 1669 1820 3283 3645 5416 5946 6061 8139 9585 10668 11772
61 438 36 417 412 1311 202 6294 408 145 6415 169 7537 1531
141.8483
41.764

158 505 635 855 883 904 1384 1575 2049 2233 3462 3759 3874 4094 4409 5071 5217 5226 5334 5405 5675 5721 6061 6076 6385 7642 7897 8532 8548 8805 8827 8875 9412 9458 10939
61 1476 438 202 106 629 137 2189 483 4847 7230 360 151 2234 1888 155 145 7432 1554 3332 191 2894 3337 2652 4427 795 8471 1918 8499 285 930 1127 3697 3645 899
280.0208
113.8664

1232 2274 2584 3391 4006 4046 4682 7537 7642 9505 11438 11539
61 202 629 2280 3297 156 4141 1689 1450 3697 4427 3389
130.1032
44.4386

59 257 590 941 1926 2755 3290 3332 3992 4339 6102 6241 7086 7678 9573 9667 12548
61 438 1476 8684 2189 106 749 145 412 744 202 9743 73 629 158 9583 4050
151.0825
56.8102

809 930 1370 1669 1820 1963 2234 2402 3114 3276 3421 3622 4275 4454 5080 5467 6776 7298 8761 11780 12120
61 1476 202 417 675 413 1279 1547 106 1451 412 2834 3035 1867 150 9323 2837 274 408 1320 929
187.3638
66.0842

271 2161 2710 3164 3456 3790 3995 4003 4608 5322 5334 5591 5705 8323 9893 10671
61 438 2189 202 483 191 106 360 629 1528 514 1689 1476 4865 394 8975
104.7774
46.3223

467 792 829 1734 2178 2625 3556 3813 5093 5696 6245 6463 7058 7387 7757 8452 8698 8875 9002 9057 9302 11428
202 106 2189 61 372 8706 2357 1264 145 2652 1476 2029 7372 577 2139 468 1095 844 289 2627 3951 1626
145.2504
68.8331

445 456 1870 2176 2580 3030 4919 5104 5192 6409 7316 8384 9370 11845
61 202 438 629 2189 6227 1264 1316 895 417 106 3834 1476 1348
151.8213
49.0128

33 374 669 1980 2836 3415 3891 6875 8937 10992 11049
61 202 485 36 629 1316 514 6370 2601 1065 73
77.035
35.0669

182 515 1924 2866 3223 3279 3995 4048 4568 4913 4983 5027 5621 5778 6700 7024 7881 9146 11013 11431 12125
61 438 963 36 145 2696 169 1689 1311 401 1888 1389 827 244 181 3225 8837 168 408 191 184
123.2542
50.4464

397 433 2696 2806 3349 3414 3737 5238 5368 5804 6458 6810 7620 7761 8757 8886 9384 10374 11496 11971
61 438 106 1476 2357 202 441 7618 5580 2242 483 516 2280 3039 7790 4504 514 7733 271 1279
129.1183
54.4386

449 1290 1355 4065 4286 5205 5751 5809 6121 8845
61 2189 5209 3072 438 202 330 3698 3797 1012
77.7137
33.7422

28 530 855 1186 1331 1549 1877 1923 1984 2866 3128 3583 3757 4342 5704 5827 6631 6791 7298 7719 8173 8757 8844 9358 9566 9647 10654 11496 12013 12546
1476 61 438 137 106 202 36 1550 441 145 6369 2755 168 1389 629 514 2746 6459 901 158 951 109 3795 271 3380 612 1459 577 146 535
162.8759
70.6845

755 979 1254 1522 1923 2368 3073 3614 4321 5268 5400 6412 7537 8133 8389 9243 9427 9813 9977 10051 11427
61 483 106 3072 629 10977 3069 1525 1972 394 360 156 2834 2835 168 8774 562 1524 899 6415 2837
154.0406
55.1842

235 1228 1275 2025 2605 3891 4699 4908 6189 7141 7900 9482 9647 10393
202 438 61 895 106 1888 3992 1316 73 6706 2811 1451 373 3951
100.1965
35.2909

12 812 1370 2171 4028 4431 5777 6976 8073 9384 12125 12375
1476 2357 61 1279 2242 372 5580 202 3039 1854 4504 169
78.4197
41.9124

146 364 951 1279 1309 1382 2368 2473 2601 2689 2746 3276 3542 3813 3867 3884 4254 5055 5192 5412 6076 7286 7378 7507 7839 8001 8496 10277 11071
61 629 1476 2235 145 2357 438 1316 1065 1734 1310 2696 929 191 1098 1831 797 1952 895 3249 1348 202 265 844 374 3147 1388 2234 182
191.1532
99.4306

569 663 1621 1936 3283 3542 3867 4858 7300 8159 10143 10294 11399
61 1476 438 629 2357 145 202 155 156 2894 797 970 1952
143.3052
56.4255

1999 2575 4454 6687 6992 7384 7715 8429 8879 9585 10992 11428
61 1476 438 152 202 2601 69 1867 827 413 296 274
103.3664
36.9077

271 844 941 1621 2069 2076 2605 2894 3203 3393 3813 3850 3874 3882 4237 4427 4765 4783 5104 7212 7244 7507 8103 8224 8429 9482 9568 9946 10639 11971 12585
1476 438 61 137 202 372 36 629 145 2093 3573 483 265 3012 191 3884 2811 837 7582 1765 1474 1776 6471 1012 1314 2755 1628 2071 2123 7300 1918
152.2071
72.12219999999999

1356 4348 4387 4981 5689 6807 7881 8104 8749 9289
963 202 69 605 401 1499 4197 1796 6483 2159
66.6571
30.653

244 364 510 563 932 1575 1925 2580 3164 4077 4699 6049 6557 7244 8780 8863 9284 9505 10454 12069 12573
61 2189 36 202 629 2357 151 106 3297 5607 352 169 156 2310 191 330 1176 3690 158 3951 1186
147.6231
63.8763

583 658 1486 1549 1693 2526 2617 3203 3414 3831 4427 4687 4789 4794 5079 5357 6089 6470 6841 6881 6973 7113 7537 7696 8297 9239 9309 9407 9667 9786 10050 12585
202 61 1476 629 438 106 137 2189 514 963 1550 3834 3540 3009 145 6483 6475 156 3884 3217 2746 2576 1819 5359 1560 3845 3749 1776 1774 10052 296 699
252.8873
81.641

1247 1525 1812 2520 3349 4032 4203 6367 6783 7933 8323 8487 8693 8875 9198 9986 11495 11591
61 438 202 137 106 1476 2235 485 1557 3698 8075 3081 1560 3072 514 6881 4729 2652
194.08429999999998
69.1491

91 169 462 2069 2117 2149 2272 2344 3760 4030 5080 5095 5467 5635 5881 5987 6163 6783 7413 7563 8805 9302 9717 11393 11394
61 438 629 1476 202 137 36 1557 1888 394 4235 1370 514 468 106 7372 1775 943 1560 246 2755 1356 1320 1190 296
195.5891
64.63850000000001

158 1110 1347 1797 2373 2806 3393 3826 3831 4321 5055 5226 5353 5804 6260 6402 7696 8728 9412 9712 9884 10329 11413 11468 12088
61 1476 202 3834 106 1753 483 5787 330 3009 605 795 516 9713 4536 329 1560 5059 10939 3147 2746 3379 3845 1450 3129
170.9478
80.5041

499 904 1138 1617 1621 2400 2402 3120 3847 4806 4857 5095 6976 8139 8392 8484 8565 9194 9469 9503 9585 9781 10003 10308 10360 11024
61 1476 438 629 202 510 36 4858 511 145 1689 1616 1888 505 1856 3081 3574 512 4132 374 1132 1753 1954 5286 3126 504
181.4312
73.1953

821 1382 1444 1718 2348 2899 3290 3315 3394 3596 3736 4622 5071 6700 7897 8040 8260 8487 8742 8879 8937 10050 10125 10470 11413 12113
61 438 343 202 8875 749 1264 629 330 3337 329 6370 10939 2755 401 265 169 2349 3374 1098 1796 372 145 10052 2993 2746
151.7361
67.80799999999999

462 1524 1581 1765 3176 3502 3672 3839 4057 4391 4789 6096 6783 7387 7433 7588 8716 8757 8805 9384 9458 9946 10510 10957 11491 11866 12015 12027
61 438 1476 2357 629 202 137 106 1264 514 2242 5580 3992 1557 156 1888 2280 357 3039 485 8316 90 4235 8188 4504 4029 330 1854
240.4731
88.3585

3254 4029 4563 4704 5416 5751 8594 8837 9315 9986
61 438 2189 36 3072 485 330 840 146 2159
74.4534
33.6128

1720 1877 2402 2827 2837 3826 3992 4431 4822 5307 5400 5509 5925 6358 6982 7303 8040 8139 8601 8939 9309
61 438 749 1888 343 106 1525 2334 6992 901 1264 9743 2344 1718 1382 2349 2755 3795 443 169 1065
152.3019
64.1456

42 766 1487 1870 2499 3209 3516 3995 6706 7453 8260 9427 9511 11591
61 106 438 171 8075 2013 184 4729 6707 2894 145 90 1304 109
101.4318
32.3929

146 693 855 937 1320 1846 2449 3114 3878 7378 8001 8040 8768 11495 12452
61 137 1476 2357 202 3698 1853 3081 2454 3072 929 1301 413 827 2755
127.097
45.5038

365 471 1846 1980 3738 4339 5751 7174 7413 7681 9873 10368 10431 11398 11784 12120
61 106 629 3072 375 36 1853 485 202 7589 413 3790 1095 7776 7682 7610
99.08
41.8554

693 1126 1327 1531 1666 2138 2164 2605 2899 3501 3847 3884 4081 4517 4677 4858 5107 5286 5482 5777 6898 7086 7387 8326 8532 8780 9173 9286 9393 9458 9893 10397 10510 12569 12577
61 438 1476 106 2189 202 1264 417 629 3035 3946 412 1065 3030 145 3519 8499 372 3574 66 1391 1151 3797 169 1331 1336 2378 2475 2168 8471 2413 1534 3575 2159 1734
226.3777
99.7207

42 126 593 1253 1867 2049 2176 3456 3863 4029 4094 4919 5080 5368 5462 5696 6136 6499 7244 7687 9384 11448
61 1476 438 106 2189 2357 202 36 629 2242 151 2280 169 491 5580 3039 2918 4190 2073 184 4832 73
197.8259
76.3846

182 1037 1186 1327 1695 2474 2710 4024 4047 4083 5080 5664 5978 6402 7150 8761 10414 10977 11799 11906 11913 12375 12406
36 1476 485 1525 1530 137 1065 61 2837 2835 9653 1331 191 1522 883 184 104 205 1972 2594 1347 8765 827
99.6032
61.6477

416 941 1568 1697 1751 1819 2018 2178 3455 3596 4032 4065 4889 4933 5166 6863 6987 7236 7246 8073 8761 9862 10463 11411 12118
438 106 1476 2189 3081 329 372 202 1011 3337 333 36 1264 1311 2894 1388 373 1379 516 1110 374 8074 82 8075 331
133.9958
58.8808

516 812 1190 2272 2735 2836 3839 4448 4783 4878 5243 5832 6520 9173 9224 9682 9862 10013 11386 11428 12026
61 438 629 36 1264 7230 329 1138 1476 330 1314 483 403 9417 2696 332 1279 4882 394 1127 929
133.2712
69.1871

13 1217 2718 3254 4084 4293 4312 6992 7472 7849 7866 9712
61 438 1476 5787 2127 9713 2076 1791 4050 827 4536 1316
75.8277
43.0328

447 2266 3797 4535 4682 4687 6928 10013 10277 11397
1476 417 7230 61 1311 483 333 512 3517 2268
61.2869
32.7282

447 558 1069 1300 1769 2138 3203 3447 3462 5027 5751 6286 6878 7472 8778 10159
61 629 438 483 202 2189 1530 3072 5591 3337 6874 1311 773 3074 441 8471
129.7309
46.941900000000004

569 851 1162 1464 1587 2334 2746 2836 3961 4028 4066 4084 4473 5868 5870 7272 7582 7588 7719 7801 8270 9411 10143 10186 10668
61 202 106 2348 1476 438 3081 3891 3072 1552 2127 441 608 4477 73 1854 1499 2894 9412 605 9121 5259 1796 749 1734
170.3757
81.2874

731 1348 2487 2499 2617 3994 7537 9194 9222 9224 9305 10294 11270 11767
61 137 629 438 156 394 169 632 36 3037 1356 3 265 1355
93.1468
36.4112

146 809 1311 1347 2259 2827 2894 3147 4065 4119 4807 4878 6061 6260 7268 7438 8589 8815 9026 9390 11049
61 137 438 106 36 629 145 329 1547 1138 9391 1065 605 330 372 483 3951 1127 812 4124 1451
144.6513
80.5991

751 883 1190 1688 2882 3502 3771 4427 5338 6211 8231 9123 9358 9862 10289 10992
61 629 202 36 483 137 3030 485 1820 2601 145 1311 650 3252 1689 69
99.0037
42.6467

122 191 675 1384 1444 1450 1734 2584 2844 3203 3759 4482 5405 5442 5546 5597 5610 5931 6061 6463 6483 6881 7472 8644 8799 8933 10308 11071 12240
202 438 61 629 106 145 137 963 330 605 485 73 142 1888 1389 2601 4141 1689 1382 2612 623 401 372 2139 3951 1940 550 1817 731
195.6775
83.2045

344 374 977 2960 4048 5471 6874 10452 11013 11906
61 438 202 485 6872 6368 106 514 967 6369
69.1881
30.012

296 1217 1916 3794 3900 4973 5033 5430 5652 6787 7537 8104 8768 9262
61 438 137 202 2898 156 3080 1925 1918 1922 168 1095 1092 1296
101.738
30.8766

188 751 1132 1230 2710 2866 3839 6776 8061 8088 8827 8863 9632 10379
61 438 1903 1264 145 106 441 3056 150 9417 1389 3178 1311 2594
99.1406
36.2618

271 403 1525 1932 2710 5338 5365 6009 6049 6349 6581 6610 7733 7757 8040 8224 9178 9528 9645 9659 9674 12563
202 1476 61 438 629 36 963 2242 145 106 3039 1550 2093 7737 485 6881 773 608 3760 206 1547 394
254.744
73.8177

1695 3031 4052 4077 5268 5980 6313 6979 7270 7316 7897 8161 11504
61 106 629 3337 360 2837 930 1965 3648 1173 372 8844 3646
91.6709
37.9369

73 1110 1143 1730 1903 2467 2806 3737 3995 4006 5311 5322 5909 5980 8121 8679 9742
61 438 2348 5209 483 151 1008 330 1734 137 441 516 4029 2977 158 1138 1907
126.4109
47.5194

145 1753 2246 2586 3031 3203 3206 3738 3914 5166 5868 6229 6321 6776 6792 6943 6967 7380 7609 7646 7675 7725 7824 9511 9519 9743 9914 10289 10459 10639 11719 11784 12113
61 202 438 106 1476 7230 483 1311 514 9411 6874 2013 773 1186 516 1450 3889 7618 3905 7619 10939 2093 5268 6368 150 3697 4409 2255 3648 1854 330 3672 6471
234.6113
86.9808

381 798 1331 2000 5881 6061 7132 7793 7806 7839 8073 9519 10374 11502 12547 12563
61 438 1476 2235 9411 202 773 1791 145 2234 3889 171 2894 8074 7841 3037
115.08539999999999
43.5062

499 574 693 1871 3561 6412 6468 6928 9674 11304
61 1476 963 2189 36 510 202 1689 505 593
146.8329
32.9355

318 1110 1348 1568 2836 4783 5322 5866 6478 7170 11022
202 106 330 438 6483 632 329 1388 6260 7963 1138
69.2928
38.5487

265 930 1557 1900 3040 3120 6416 7291 8184 9241 10248 11591
61 106 1476 1903 8075 4729 202 1128 330 1764 896 1905
109.6979
39.205799999999996

812 1193 1845 3900 5205 5866 6938 6940 7268 7824 8047 9178 10016
61 2189 5209 106 36 483 438 202 7270 206 5211 2123 3080
120.2332
36.4197

73 766 795 1557 1818 2507 2605 2866 3051 3878 4014 4152 4807 4858 4913 5008 5125 5710 5869 6787 6820 6928 7113 7180 7363 7455 7591 8389 8784 9407 9469 9682 10460 11413 12266
61 438 106 1476 145 2189 629 1311 3056 11022 3283 202 2349 3992 1764 151 1389 3447 413 11824 951 265 2348 333 3797 158 109 2378 7469 5286 3037 3337 792 1936 170
242.3444
107.649

491 941 2184 2520 2601 2718 2811 2956 3738 3891 4704 5033 5650 6683 6882 7058 7079 7300 7537 7675 7804 8383 8502 8678 8937 8941 11173 11304 11469 11906
61 1476 2814 137 963 438 483 202 629 4847 4623 1316 441 1888 330 145 1689 73 1831 1936 4190 827 106 1311 1012 361 1718 2475 1770 2139
253.2315
101.4205

1253 3295 4081 4230 4807 5297 5592 6189 6863 7398 7575 7625 8387 9010 10052 10350 10360 11029 11049 12015 12302
438 202 61 1476 514 635 937 106 3035 6478 1888 4847 1065 1095 66 1311 797 137 623 70 1708
124.5226
60.4599

244 590 619 1143 3456 4482 4849 5462 6838 7246 7669 8160 8837 9057 11448
61 438 106 2918 1186 2073 929 4865 146 1940 1221 530 1254 3398 3012
107.3423
36.9068

658 3023 4363 5079 6393 7687 8047 8173 9146 9659 9970 10167 11580 12233
202 61 438 6369 514 577 622 951 927 3749 8837 792 1924 1065
144.5798
41.0429

145 182 273 623 676 766 1143 1753 3791 4649 4791 6061 6294 6321 6371 6648 10459 11411
61 438 106 514 1311 36 6369 1186 2894 191 1854 516 1742 1313 330 184 3389 768
104.2597
48.9189

365 1772 2395 2625 2993 4032 4448 4686 4858 5040 6371 6707 7525 7642 10310
438 61 202 629 106 375 4427 3697 109 6369 8817 7567 2378 2699 3797
108.7498
49.6597

1147 1621 2520 3793 5199 7170 10297 10350 10379 11431
438 145 6225 373 1628 1151 4423 4849 619 3375
43.0613
20.8883

146 821 1568 2209 2402 3160 5925 6208 7157 9528 10216 10463
61 202 106 1476 438 1316 3337 3171 1110 1450 408 3760
143.19819999999999
40.4777

75 191 206 593 1309 1669 1812 2918 3203 3279 3392 4427 5311 5361 5888 6475 6878 7824 8326 8387 9696 9901
61 1476 629 202 106 6874 84 1311 491 3217 4847 1310 605 145 9837 1877 4832 4190 1888 13 1320 2254
179.6716
63.964

1666 3750 3900 5281 5400 5932 6646 6863 7816 8860 9174 9407 9667
61 1476 106 438 1311 3080 1600 6648 7010 2018 1296 188 5342
105.1682
29.1251

120 1253 1603 3223 4132 4699 5585 5699 5881 6708 6817 8061 9482 9487 9674 11387
61 1476 106 963 202 438 360 1903 151 943 191 3056 2814 3838 6369 1689
180.0699
67.6827

512 666 1486 1487 2735 2999 3028 3030 3831 4014 4203 5125 6059 6881 7715 8260 8499 8827 8863 9222 9315 11431
61 202 438 106 6227 36 1264 372 1888 3834 403 417 408 3009 145 3031 413 8466 1770 1846 1819 608
199.0528
69.6796

2069 2209 2547 2701 3128 4312 4522 4806 5166 6004 6096 6646 7061 7300 9002 9455 10336 10360 10430 12069
202 106 61 438 2357 1311 4523 809 5607 3081 7682 151 372 1918 6370 6648 2208 7589 2746 1316
130.1959
53.7611

569 786 1126 2000 2149 2285 3254 3297 3790 3795 5352 6841 7300 7455 7733 7940 8133 9245 10038 10141 10668 11591 12589
1476 61 202 2624 438 8075 3838 7737 4729 3702 3039 2699 239 5580 1528 1769 1734 2894 1391 3256 1796 1228 2159
171.7805
70.8474

91 582 795 970 993 1096 1819 2209 2499 2904 2960 3073 3121 3462 3949 4254 4791 5033 5442 6013 6217 7148 8389 9194 9224 9901 10308 10450 10458 10933 12266 12577
61 438 629 106 2189 1476 155 202 3992 485 11022 3283 998 4626 3447 6033 333 372 2834 265 11824 145 1091 169 1554 1311 2755 417 1856 1963 5453 4882
199.1318
93.9331

188 1213 1486 1985 2395 4423 7058 7162 8073 8326 8578 8879 9676 9862 11866
438 202 2189 106 137 629 3992 145 61 1776 675 795 158 2139 330
97.6467
48.8898

1924 2400 2984 3791 6680 6705 6827 8392 10186 11816 12023 12266
61 438 106 1856 1264 11022 3283 3337 1689 3992 1734 333
107.6514
52.6851

161 780 1900 2144 2743 3283 4003 4097 5400 6863 7757 8452
1476 61 438 106 1903 372 1905 1907 1311 4104 3295 2525
107.8409
27.6795

810 993 1253 2000 3194 4228 6976 7427 10050 12023
61 998 239 10052 1554 106 265 4476 562 374
42.1205
26.4594

569 895 941 1522 1581 1617 1718 2178 3455 4871 5058 5361 5430 6975 7763 9880 10125 11520
61 1476 438 202 629 2189 514 36 1853 3081 1796 1264 3332 4477 1616 795 4865 3905
202.7997
60.5092

407 1262 1693 1718 1774 4097 4515 5192 5297 5442 5951 11752
1476 106 629 61 2189 202 1316 1264 485 412 6227 5952
133.8689
48.7873

512 1304 2395 3501 3995 4028 4431 5217 5591 7113 7139 7372 7681 7841 9950 10654 11287 12589
61 1476 438 106 36 483 202 2189 6817 2612 629 7589 403 156 408 675 394 7298
170.6117
55.0236

449 1213 1331 1391 2242 2899 3176 3279 3795 5217 5361 6286 6470 6878 7212 7246 7316 7588 7696 7757 9169 9487 9509 9645 10289 10463 11071 11332
202 61 1476 106 2235 629 438 963 485 5591 1584 156 763 6874 3838 6475 3337 3813 1110 1547 6483 3297 357 151 1311 3797 1550 577
251.5334
101.01050000000001

2473 3946 4081 4104 5281 5357 5361 6034 6458 6742 6967 10393 11394 12233
61 629 36 514 438 3035 943 5359 66 373 6420 7790 491 2652
109.5931
44.8175

169 635 650 941 1384 1486 1819 1889 3978 4983 5650 6931 8398
1476 483 7230 202 629 106 3332 372 2894 3109 285 1190 4050
80.1717
40.0591

875 977 1734 2062 2473 3120 3223 3243 3914 4097 4622 5322 6831 6928 7016 7994 9239 9455 9503 9717 9862 9967 11520
61 1476 106 963 372 438 1853 1689 7682 3951 3126 7589 394 2746 883 4104 2993 408 35 6706 3225 3494 2576
163.9925
55.827600000000004

1567 2025 2605 3464 5585 7233 7591 8169 8728 9712 9822 10244 11411
61 438 1476 106 5787 36 998 3838 1525 9713 4536 109 3379
95.2944
34.8548

673 970 3356 3462 3946 5689 6557 6658 6831 6875 7282 7841 11914
61 1476 202 2189 968 485 417 155 2235 1568 514 2612 6370
144.1321
52.7781

658 930 994 1300 1531 1965 2047 3072 3556 4434 5696 5699 5794 6217 6309 6336 7024 8088 8118 8270 8578 10319 10397 10401 10450 10460 11491 11611 12027
61 438 106 137 2189 202 1264 483 441 629 1382 3081 514 145 827 182 6294 577 1888 929 1388 6451 847 2897 3379 8 650 265 289
216.2426
84.0013

344 447 512 619 917 1903 1980 2993 3203 3738 3795 3839 4048 4094 4308 4913 6260 6846 7298 8845 8950 9717 10393 10414 11411 11438
61 438 2348 202 5209 1264 36 1689 1311 605 151 4029 9417 408 2746 2463 1388 4093 1907 3624 502 394 442 168 169 90
143.9519
67.5802

491 512 768 1026 1132 2710 3209 3850 3900 4301 4374 4699 4789 5071 5125 5397 5546 5607 5909 6013 6102 6367 6646 7024 7097 7163 7760 8484 9114 9759 9932 11491 11611
1476 106 202 483 61 137 514 485 1311 1888 3903 3573 1571 408 827 1012 4050 2385 5398 3951 6371 3080 1742 7298 330 5497 6370 2594 6648 4190 3178 3575 515
185.6251
76.8028

296 1525 3297 3628 4686 5027 5702 7372 7433 7897 9309 10329 10470
61 438 106 6817 3702 3337 6881 2836 1128 4609 3256 1967 801
71.2754
36.5081

296 381 809 821 883 2617 3069 3516 3698 3771 4028 5238 5586 5592 5696 6022 6367 6458 6776 7196 8040 8121 8837 9528 10159 10374 10668 11398 12406
61 202 438 483 3072 36 137 106 145 3081 629 4871 577 3073 3760 1524 514 394 812 2837 1451 1972 2755 4865 1734 146 1854 810 1530
199.3472
88.8318

471 512 1923 2011 2348 2594 3191 3628 3709 4006 4832 6581 7994 8461 10939 10992 11973 12027 12587
438 1476 106 61 2189 137 2601 2357 749 4847 3337 343 1316 485 3072 1789 441 9325 629
179.1301
88.4359

66 111 2811 3949 7733 8260 8398 9011 9967 10989
1476 2814 61 137 3039 7737 1769 78 1304 5580
90.2415
30.2034

126 235 381 464 937 1061 1126 1356 1693 1900 2718 4409 4791 4822 4871 5192 5338 6013 6130 6151 6468 6779 7639 7687 8589 8778 10785 11483 11772 11906
61 202 629 438 106 1476 2357 137 1903 36 4235 483 514 1316 145 7739 4477 360 169 970 2699 8471 516 1348 827 1905 895 1907 1388 2385
238.7481
94.1365

109 365 468 883 2161 3349 3421 3464 4083 4348 4765 4789 7841 8429 9880 9884 11287
61 36 137 514 375 1525 2612 1476 156 1279 394 2837 1817 2755 184 373 675
146.4643
46.368

407 613 2526 3645 3804 3878 4312 4486 4658 5398 5675 5696 6321 6394 7620 7806 8596 8827 9026 10785 11491
61 438 1476 202 629 577 970 7618 6227 1952 6385 3540 412 1791 514 8598 3698 6415 408 1856 8601
186.7241
75.3628

1098 1217 1818 2245 2837 3350 3391 4199 5307 8326 8435 8716 9505 10308 10414 11431 11784 11973
2357 6327 61 1789 1525 9325 6322 3297 977 5837 1854 11954 2755 1770 1954 202 4522 438
90.3238
49.2866

109 765 1524 1531 1923 3596 3966 5418 6705 7163 7377 12575
61 106 329 36 1264 1128 2755 1734 333 2746 313 1306
65.64359999999999
39.8606

111 535 1290 1327 1669 1774 1923 3069 3386 5705 8450 8879 11816 12233
106 3072 36 629 1264 330 1530 61 3073 1775 2837 2755 3075 333
84.3602
44.1335

1331 1925 2436 3736 3757 4029 4379 4423 4981 5742 5827 5946 9011 9786
438 2189 629 675 61 106 1476 1098 1963 470 1091 1385 2601 1095
109.2403
62.620000000000005

447 1213 1254 1621 1774 1820 5008 6581 7380 7739 11358 12013
61 202 4626 417 1769 1311 4235 145 441 412 1557 1775
116.248
34.1565

0 619 1254 1566 2968 3274 3978 4048 5868 5943 7097 7839 8231 8411 9262 9302 9950 11973
1476 61 483 2235 106 2357 1789 145 403 485 202 441 137 502 2234 2189 9325 5192
172.6516
66.9778

563 1190 1812 2025 2288 3794 4871 5418 6061 6130 6646 6787 6908 7417 7619 9284 10671 10992 11449 11646 11971
61 106 963 629 36 514 483 1311 438 4477 2601 169 1997 1734 1091 1011 145 1689 4865 8975 90
137.40879999999999
57.8508

533 1348 2208 3132 3392 3393 3547 3826 4119 4203 4482 5353 6576 9191 9409 9813 11539
202 1476 629 438 106 61 1311 1382 3217 372 4324 895 632 4477 4124 1283 1770
107.7008
44.5863

962 2178 3274 3456 3795 5467 7221 8073 9010 11719
61 2189 4865 2894 1264 963 8074 282 8075 1888
51.2085
24.3899

306 394 780 2246 2718 2899 7701 8040 9813 10368 12014
438 61 372 313 2755 2255 7567 2746 10371 117 307
45.0539
26.8426

75 146 951 979 1730 2254 3376 3760 3858 4439 5361 6211 6463 6646 7058 7086 7760 8156 8728 9606 10128 10336 10460
61 106 2189 137 1476 36 629 1311 84 145 468 3081 827 6370 1734 1370 2696 394 1670 4865 2139 182 3379
158.3811
63.6173

421 583 632 1091 1751 1850 2625 3391 4482 4684 4938 5951 6483 6943 7300 7642 9178 9447 9809 9893 10143 11483 11800 11866
202 61 438 106 2189 485 963 483 623 3992 605 1379 1689 2699 285 330 206 151 2894 3697 4427 2475 8203 2755
204.2731
81.5286

106 505 1026 1553 1581 1678 2209 2652 2904 3447 3878 4047 4193 4308 5238 5416 6368 6841 7113 8128 8429 9606 10374 11767
61 438 202 137 2189 9784 156 3337 514 1065 155 7432 6370 930 1764 2755 1455 3645 577 932 2612 1936 7860 951
180.8455
85.5556

1311 1893 2144 3350 3415 4522 5166 5564 6233 6286 6313 6349 7157 7384 7866 9198 9224 9511 9573 9645 9684 10329 11469
202 61 1476 8684 2235 5591 412 2013 809 4523 1550 169 9583 1584 577 1775 2242 3225 2234 36 1689 4536 2746
217.0891
66.6349

1126 1190 1900 1936 2164 2234 4199 4254 5987 6394 7715 8383 8548 8698 9026 10510 11413
61 1476 438 629 106 1903 36 675 970 1547 2357 3035 8706 9323 1775 2029 1905
164.4818
57.12

416 1026 1096 2272 2334 2547 2594 3176 3194 3223 3501 4291 4454 4933 5071 5418 5451 5689 6245 6603 6700 6919 7141 7785 8088 8103 9315 9743 9813 11914
61 202 1476 438 629 36 963 106 2348 968 1316 2235 441 2601 1888 1311 485 342 156 357 9673 1867 1689 1734 413 970 2093 1796 3882 1091
261.5363
96.1847

786 1262 1600 1678 3391 4807 5107 5226 5268 6603 6742 6979 7133 7311 8270 8644 9289 11145 11411 11489 12013 12113
963 202 106 61 36 629 4847 1264 441 3072 3946 2735 2837 360 7134 10939 148 229 1524 2755 6605 797
130.0735
51.3678

355 731 927 1464 1487 2266 3290 4081 4475 5400 5593 5699 7079 8001 8557 8565 8809 9194 9551 9919 11022 11304 11719 11799 12125 12240
61 963 106 330 3035 1689 137 333 394 1571 66 5990 70 3082 9311 7963 1936 3081 608 4677 583 1356 397 2268 813 619
140.377
58.4888

1923 2018 2467 4596 4699 6361 7413 8326 8780 10639
202 61 629 4235 373 3379 330 3951 1819 6471
59.1485
23.5321

8 433 2242 2978 2999 3115 3813 6368 6708 7079 7417 7472
1476 61 2235 438 514 106 6370 1311 1584 577 844 2755
109.9436
41.8334

76 306 1625 2373 4046 5610 7272 8589 9427 12563
438 629 137 61 145 106 1091 313 4028 146
54.8712
22.9464

669 1568 1582 3600 3990 8487 8594 9661 11469 12233
202 61 438 106 3992 152 2189 1388 3668 82
92.6193
21.5696

164 365 859 1279 1845 2526 2790 4152 4686 4806 5093 5307 5455 5580 5586 5618 5689 5946 6217 7032 7432 7440 7588 7642 8484 9245 9315 9742 9759 10368 11520
61 106 202 4379 36 375 1476 3540 2601 3252 2280 1853 6451 145 1888 1311 1065 3039 3697 4427 3905 3249 1796 1628 2699 1524 6415 7315 7469 372 184
194.4332
80.4732

447 2234 3593 5058 5778 6335 6838 8398 8815 9916 11071 11270
61 6336 106 675 1547 137 3035 1311 191 394 9323 5303
77.1407
44.1554

365 635 1867 2743 3709 3882 3884 4006 4047 4184 4704 4849 5303 5322 5472 5546 5664 6700 7113 7646 7785 8270 8387 9781 10319 10467 11386
61 438 106 137 36 202 483 2189 375 7230 1065 330 3072 3332 1817 4847 1541 285 441 3593 1871 1888 3697 145 608 372 792
165.6581
68.3961

1143 1575 1965 3051 3456 3990 4724 5199 6226 6409 7427 8173 10639 12571
202 438 106 6227 4729 3992 6369 3056 61 3249 514 2189 4476 4865
123.17439999999999
42.2891

471 765 1197 1566 1889 1903 2144 2507 2861 3389 4226 4326 4363 5033 5199 5353 5635 5980 6245 6358 6791 7174 7196 7291 7714 8454 9676 10303 11674 12113 12571
61 106 438 2348 36 137 5209 1560 202 1311 485 1562 169 441 1554 4029 795 502 2746 158 10939 442 3392 168 7610 3037 1186 1907 456 4477 3342
209.5165
78.393

2062 2473 3990 6059 6468 6560 6846 6952 7554 7933 8392 8487 8950 9393
61 202 438 1476 3992 412 3030 1689 1856 504 1568 2189 417 7378
122.9337
42.666199999999996

257 844 910 1819 2844 3815 3900 4286 4439 5182 5980 6817 6846 8496 8636 8761 9305 9505 9880 10244 10374 10470 11287 11317 12047
61 438 202 2189 36 372 137 8461 360 1264 744 191 951 1476 4623 145 156 6369 50 1296 184 1389 943 3297 3698
202.50130000000001
77.3972

635 1247 1695 1797 1903 1924 2076 2844 3415 3961 5125 5472 5764 6783 7170 7384 8270 8397 8502 8837 9315 9659 9759 10053 10167 10289 10939 10957 12240
61 438 106 202 137 36 2348 483 5209 4847 3081 7230 2189 1557 629 3072 608 3332 1888 8316 1560 8188 4623 1389 605 441 285 361 4235
245.6129
95.312

1275 1730 3245 3455 3995 5170 6393 9243 9873 11468 12240
438 1476 3081 965 36 3251 1011 1734 3256 3255 622
71.513
28.7555

1926 1985 4124 4254 5600 5650 6783 7212 7625 8083 8104 8749 9885
61 202 1557 5462 2924 1476 73 4252 4235 844 1568 1065 1190
112.1349
40.5562

812 875 1151 1316 1331 1587 2184 2254 2827 3121 3583 3596 4423 4724 5199 5372 5418 5591 6309 6610 6787 7756 8001 8231 8342 9873 9950 9977 10038 11270 11317 11674 11799 12118
202 1476 61 483 106 137 3069 4729 145 629 485 438 3072 10977 1311 394 514 329 3249 3847 1098 2123 675 6033 403 333 1734 265 8774 35 744 1279 636 2159
261.3942
109.2728

1132 1162 1276 1311 1621 1925 2395 2689 3283 3853 4522 4687 5322 5357 5365 5951 6370 6415 7300 7620 7655 7875 7940 8406 11304
61 202 438 106 963 629 2189 1476 137 7618 970 1888 145 608 514 809 4523 2699 1689 731 1279 3838 2624 3456 5359
229.7031
87.3882

353 875 1254 4291 4789 4849 5342 6368 8133 9684 11317 11767 11816
202 137 61 514 1264 191 6370 188 951 394 472 577 883
80.956
40.5203

792 1197 1751 3115 6458 6576 6861 6874 8073 10003 11906
202 61 438 485 1476 4477 6872 2894 6368 3081 1379
105.1268
38.7997

8 66 433 977 1279 2583 2735 3106 4065 7035 9239 9914
61 1476 438 1769 73 1065 1311 3249 403 106 372 5268
79.9174
36.6662

965 1789 2049 2797 3951 6369 7191 8875 9503 11387
61 1476 438 202 4081 3337 106 137 629 9784
114.666
55.1725

512 1688 1997 2699 3858 4522 5721 6163 6245 6358 6747 6846 8827 10379 11573
202 61 137 106 809 4523 1689 246 1554 408 169 6340 3556 3624 1936
145.7963
46.3088

73 343 421 821 829 970 1370 1772 3108 3255 3645 4486 4606 4623 4858 5455 5931 6394 6658 8073 8360 8778 8844 9153
61 1476 629 202 360 1279 106 417 788 151 145 191 4626 3037 8471 155 357 844 361 1320 2894 795 6415 158
222.9632
85.3855

462 590 654 758 889 891 1695 1797 2245 3164 3813 3946 5055 5881 6076 6687 7507 7620 7866 8270 8937 9026 10957 11176 11448 12120
61 629 438 106 1476 2189 202 7618 1316 3072 895 844 514 171 1311 2918 8316 2073 5059 1647 8188 3147 837 168 1127 403
174.7024
78.9161

182 836 910 941 3508 5978 7244 8323 8435 9302 12569
1476 61 36 357 3012 7372 3900 191 1916 184 967
54.356
21.7815

1450 1893 2000 2119 2234 2395 3206 3296 3502 3804 3908 3914 4475 5442 5592 5951 5980 6049 6368 6419 7725 8160 8532 9174 9412 9893
61 106 438 202 2189 1476 514 3297 485 675 1547 895 577 73 6370 3035 1382 795 8499 1554 8471 1095 951 2475 5303 9323
162.3952
68.4322

447 608 1098 1820 2110 3379 4112 6369 9509 12452
61 106 417 202 1689 137 1311 412 951 9200
101.5402
36.9277

142 844 895 970 1316 2017 2054 2968 3176 3946 5170 6130 6229 6491 7620 8188 8624
61 629 438 202 36 1476 145 155 372 7618 106 3332 3951 2189 357 417 156
155.1512
77.32730000000001

812 1147 1870 3056 3211 3394 4816 5759 6470 6820 7696 8484 9174 9370 9717
202 61 438 963 6483 1888 5427 6475 3052 1311 951 2746 744 3374 394
142.4104
44.2353

306 533 583 708 975 1309 1643 2652 2882 2894 3349 3414 3791 3992 4517 5322 5721 6089 6491 6783 6940 7233 7625 8005 8618 9534 11304
61 438 963 137 629 36 202 749 1557 1310 483 9743 1689 4235 516 1568 421 1320 313 1936 1316 7715 239 1562 1279 467 786
210.8838
73.9495

1091 1486 2899 3133 3826 3839 3858 4024 4226 6648 7258 8018 9123 10310 10671 11772
61 106 202 1562 3030 1264 372 1311 1820 1554 1499 1560 1689 9417 1963 8975
125.0124
44.0209

881 1276 1311 3106 3213 3376 3795 3884 4878 5107 5585 5704 6163 6881 6943 7380 7588 7806 8024 8104 8342 9302 9469 9487 10141 10277 11302 11358 11573 12240 12571
61 438 1476 137 106 202 145 330 1279 2174 6874 629 1138 3838 3946 11271 763 1791 1972 3847 329 151 246 1127 2837 1283 623 332 148 827 4882
210.4077
107.0058

76 149 582 1666 2715 2836 3030 6940 9573 10431 11719 12015
61 202 1476 8684 6227 417 1316 412 937 892 9977 69
120.1463
42.044

471 1450 1753 2594 2977 3114 3191 3251 4626 4658 5027 5297 5307 6861 6975 7157 7413 8083 9370 9667 10430 11013 12589
61 438 629 202 1316 2601 485 155 3905 1568 795 1382 502 1138 78 73 1560 1065 1151 895 6070 3252 1557
194.1272
64.4592

184 1391 1903 3850 3874 4783 6173 7162 8578 8778 10957
438 2189 2348 36 202 5209 137 106 1853 8471 1907
95.0233
45.7425

1316 1666 1669 2467 5357 6483 7139 7806 10629 11024 12113
202 629 61 963 145 605 1791 5359 4882 1065 10939
100.38419999999999
39.1135

2334 2348 2790 3191 3793 3867 4007 5352 6827 7303 8108 9297 9667 11780
61 438 6227 106 2357 749 412 343 441 413 797 3030 417 199
140.3427
56.2803

2746 3791 4783 4807 6241 7367 8323 8411 9286 9503
61 2624 438 471 3900 1916 797 8123 374 1718
43.7019
22.9797

318 1197 1697 1730 1846 1916 2242 2547 2564 3297 4786 5827 6076 6468 7675 8452 8879 9262 9417
61 438 1476 2235 2189 202 1853 1734 3813 3702 413 6783 1264 403 7776 244 1127 1584 812
140.8951
54.0661

75 533 569 654 731 797 844 904 1167 1524 1643 2184 2718 2788 3850 4077 4389 5040 5372 5430 5696 5759 5866 6049 6654 8104 8466 9390 9551 9573 9873 10069 11539 12266
61 438 202 629 8684 106 1476 3905 412 84 1547 372 11022 3992 3283 9391 3447 1734 8406 145 3573 11824 577 333 5136 394 1451 4882 307 9583 514 3225 3337 1796
231.3872
98.6409

120 122 593 765 875 1309 2076 2344 3069 3540 3995 4519 4704 5943 5978 6233 7582 7715 8118 9712 10321 11611
438 61 202 137 629 3072 1311 1476 441 106 145 5787 491 142 330 1310 1530 1770 6294 3 4190 3073
170.5054
84.2091

505 1186 1621 1720 2155 3164 4052 4152 4237 4612 5472 6301 6321 6409 6923 7236 7377 7440 7453 7761 8178 8589 8618 9585 9873 9946 12406 12547
61 438 2189 137 36 145 1311 155 7432 6451 1718 441 202 1965 930 3645 3593 7582 5136 1628 296 273 146 504 1716 7469 2463 1306
143.9767
58.6583

421 1568 1867 2373 5368 7289 7785 8386 11573 12547
106 36 61 137 1871 169 1388 2193 2755 1974
56.6219
26.7636

35 596 802 994 1077 2652 3296 4006 5650 5925 6309 7378 8047 8104 8941 8950 10003 10297 11971
61 137 1061 3297 4847 202 4623 1796 3081 441 929 1301 6225 2696 4252 8598 373 1924 801
101.2731
48.5629

8 145 146 809 1765 2259 3771 4052 5263 6982 7061 7563 7824 9684 11913 12233 12420
61 629 1186 6992 1311 106 2189 1451 812 148 9653 810 1965 801 1854 792 699
98.0174
43.3807

499 676 1151 1984 2274 3481 4193 4312 6076 9011 9262
61 106 510 511 2280 36 505 1311 1450 403 512
100.2279
32.567

464 4628 4858 4908 5107 6419 6881 7866 8565 9123 11228 11428
61 438 106 3030 145 1820 3946 3519 472 2378 373 3797
72.968
34.5486

895 1531 1965 2055 3147 3508 3882 4200 5400 5751 6151 6336 6544 8139 8679 8761 10452
61 137 629 3072 106 1264 3332 357 3951 145 1856 6548 3884 3081 4865 6553 1095
141.9718
42.2064

257 1820 2362 3160 4028 6919 6952 7061 7609 8160 8815 9455 10957
61 106 202 438 1476 7230 483 514 1450 417 744 6874 1316
181.2388
65.144

558 1486 1916 3968 4308 5451 5564 5909 6416 7417 8128 8461 9026 9178 9289 10989 11427
438 61 963 2189 137 202 1530 3337 3072 106 1819 3074 2594 3992 206 3056 1776
126.1058
58.5569

28 105 273 795 1147 1190 1249 2176 3283 3414 3447 4291 4431 4807 4981 5303 5451 5471 5682 5881 7427 8725 8775 8844 9885 11468 12014
438 61 629 106 1530 1476 145 6143 36 3337 5585 2924 3307 2837 1936 2159 1817 3742 239 792 1818 148 1151 4476 797 1972 4050
156.5489
77.2481

904 1531 2689 2978 3073 3847 4030 4175 4321 5471 6096 7725 8156 8397 10360 10414
1476 61 438 629 1264 2624 3574 2834 2835 373 1963 3575 6415 562 1972 2159
120.0155
43.9931

786 1279 3438 4783 5610 5811 7760 7933 8461 9977 11611 12573
438 61 3072 1476 2189 10977 3337 3069 106 1065 504 3
136.2789
59.4064

158 332 1515 2978 3176 3254 3797 4783 5243 5721 6189 7040 7061 7150 10360 10654 11816 12040
1476 61 438 202 1264 333 156 3030 485 1110 357 1528 331 373 239 3256 1530 1522
136.9227
54.1734

91 2547 3031 3597 3858 4807 6313 6463 7642 7725 9566
61 438 202 106 2755 3697 2699 109 797 4427 1554
80.3723
32.9277

74 76 142 318 786 809 988 1352 4312 4517 4523 4849 5170 6610 6982 7040 7141 8297 8478 8827 8985 9358 10368 11767
202 1603 137 84 1888 1451 3946 6992 1963 5683 3951 5585 812 5932 106 792 810 801 514 1316 2836 989 206 237
165.9407
67.2588

206 2440 3568 4379 5104 6061 6409 7757 8860 10397 11483
61 106 629 1476 1963 1091 470 675 145 1098 837
77.4771
52.4839

0 445 516 590 951 3160 3583 5471 6831 7398 8410 10159 11411 11469 12069
61 438 1476 483 2696 1316 202 2357 3171 184 1450 5607 472 182 8340
95.66
40.1324

235 583 2011 2395 2487 3037 3045 3140 3225 3858 4326 4765 5464 5832 6370 6394 7525 7625 8001 8452 11435 11674 12047
61 1476 438 106 2189 412 137 8461 970 202 1264 1557 1314 812 4512 1560 2013 3456 514 2018 1311 152 413
153.0302
57.3586

23 142 468 755 1355 1666 1926 1952 1980 2054 2710 2797 3176 3297 3891 4007 4054 5093 5125 5509 7761 8220 8815 9509 11767
61 438 106 36 137 629 1316 343 73 441 485 749 3946 2334 239 3702 156 42 3951 394 357 202 1310 2349 158
205.2084
99.3219

332 471 977 1247 1450 1600 3132 3858 4342 4439 4512 5430 5775 5822 6211 6226 6775 7139 8260 8837 12031
202 438 61 2189 106 6227 485 333 73 895 2280 4324 2735 331 1382 1110 1616 1524 3256 1304 1670
163.1304
59.5506

930 993 4439 4486 5978 6336 8454 9337 9873 11393 11551
61 137 3072 998 1264 989 4865 1792 929 3081 5136
116.4292
30.982

788 2652 5365 6838 7756 7763 8275 8406 8784 8880 8937 9222 9301 9305 9358 10510 12577
106 202 438 61 1888 608 795 797 929 802 2627 612 1221 812 7010 239 8624
76.7907
41.3903

397 1775 3992 4093 4175 4849 6807 8173 8392 8679 9173 9286 9606 10431 11425 12302 12546
202 438 61 963 514 749 137 629 1689 6369 9743 899 605 145 1499 151 951
140.1824
60.0323

306 1096 1936 3069 3276 3622 3944 4030 7307 8466 8774 9822 10430 11800
438 106 629 3072 61 1530 202 998 8775 8406 1963 1091 3075 3279
99.9982
43.9237

666 4348 5322 5822 5868 6198 6211 7642 11304 11551
61 963 2699 1689 3697 1792 989 4427 1499 1936
71.4695
31.0495

343 1776 1965 2699 3108 4342 4454 5125 5592 7303 7472 7646 7761 8104 8342 9173 9239 9427 10374 11419
202 61 438 1476 106 360 372 357 3847 441 970 1867 191 1316 577 413 1095 3697 353 4427
187.8671
61.2767

375 1582 1985 2601 3045 3878 4104 6349 7079 7372 7941 8159 8173 8937 9455 9986 10052 10785
202 61 106 6817 485 9784 629 635 6369 514 6478 1831 1770 7682 577 3697 2746 951
203.1035
81.1607

35 1524 3128 3547 7180 8570 9344 9914 10310 10939 11767
61 137 4847 2349 202 1311 2348 2189 1300 1304 5268
90.9136
46.4672

1845 2385 3568 3790 3795 4057 4522 4794 4892 5080 7576 7715 7897 8108 9358 9759 10336 10397
438 629 61 3081 809 4523 3884 333 3337 1528 6370 307 239 1522 3 4256 4894 821
103.5459
47.5336

0 1487 2049 2520 2696 3251 3804 3874 5600 6775 6817 7372 7655 8156 12406
61 438 1476 106 202 360 629 943 151 6369 4252 145 1138 191 73
164.1097
57.3337

836 1228 1327 1751 2999 3164 3951 4764 5352 6076 6173 6654 6791 7035 7432 7866 8548 9286 9301 10467
61 2189 202 629 137 1476 9784 1379 106 1853 1127 899 6706 1776 374 403 169 6178 1331 4324
105.4261
59.6205

12 512 1316 1797 2473 5217 6227 7282 7793 7841 8461
438 202 61 2189 137 3337 963 895 2612 8994 145
132.042
60.5819

244 332 442 1247 1320 1370 2047 2507 2984 3839 3995 5071 5616 5635 7270 7303 7714 7804 8678
61 438 106 1264 333 372 1279 5509 1110 1186 331 9417 1382 1311 1309 1734 749 4477 3256
142.5918
62.8968

76 829 1167 1789 3140 3541 3738 4871 6928 8624 8678 8784 8827
202 438 4477 3337 514 4865 1647 2837 2835 169 562 1176 1963
75.0272
41.796

583 2149 3051 3874 3884 4609 5870 10639 11173 11914
1476 61 968 3056 2235 441 342 9673 1310 1065
88.472
42.856

8 111 795 861 951 1217 1304 1391 1515 1666 1837 2011 2242 2449 2797 3108 3128 3540 4225 4704 4794 5104 5297 5397 6412 6483 6982 8326 8837 10186 11270 11358 12587
61 202 1476 2235 2189 1311 963 629 330 605 3813 6992 2696 485 1554 2454 3884 169 1528 1689 372 3037 1560 623 792 2093 5398 394 182 1584 1522 583 3542
236.8132
99.25319999999999

8 441 812 1275 1753 2836 3889 5397 5699 6301 6810 6938 7141 7409 8454 8728 8886 9337 9344 9786
202 61 438 106 1311 3891 1888 485 1279 6294 899 6489 1304 1300 1306 5398 744 929 795 3379
172.9522
61.7565

257 306 447 462 468 802 1621 1952 2110 2155 3176 3456 3697 4119 4456 5217 5932 6089 6371 6412 6928 7311 7398 7427 7756 8742 8939 9250 9676 10050 10051 10053 10463 11799
61 629 106 483 438 3698 1264 8875 1476 744 1888 394 145 1311 156 372 1110 3337 357 485 137 4865 158 731 812 4476 4124 1600 795 1283 1796 821 374 2547
211.9919
100.4534

182 332 676 970 3030 3628 3771 6022 6234 6463 9503 9568 9977 12266 12577
61 202 438 1476 6227 142 3072 417 333 3069 10977 106 155 11022 3283
167.62630000000001
71.1642

255 265 910 979 1143 1331 1347 1997 2449 2484 2882 3307 3542 3556 3795 3889 3968 4030 5412 5610 5751 6875 6878 6967 6975 8845 10310 10957 11578
61 438 202 629 485 3072 795 9977 6874 3891 2189 106 514 1734 3905 360 2454 812 6370 1279 8316 2139 1952 8188 352 2755 257 289 899
199.8082
84.9182

42 161 1011 1522 1753 2119 3296 3561 3794 3826 4056 4200 4423 5721 5832 5881 6817 7900 7941 9409 9455 9919 10333 10350
61 438 202 106 1476 629 483 360 145 3297 943 184 3992 1382 1314 1525 951 171 7682 675 191 6369 1877 3697
213.5418
73.2524

188 200 678 768 786 1575 1924 2004 2473 2701 2810 3028 3031 3133 4097 4342 4786 5093 6102 6208 6478 7113 7139 7150 7398 8160 8402 8487 8589 8939 9114 9780 9916 11029 12014
61 1476 106 438 202 2189 137 145 1888 1499 1264 2385 441 1689 244 3556 3992 372 6483 1846 4050 812 239 6260 1918 4071 514 3648 1554 8406 1997 181 4104 612 4847
230.1309
87.7268

583 623 1531 1575 2254 3386 3831 3882 4124 4794 5199 5243 6368 6416 6468 7438 7681 8188 11071 11971
61 106 438 514 137 3834 3884 1264 202 6369 3009 844 7589 2594 516 7298 191 4141 5462 7682
142.3663
58.0787

675 910 2004 2601 4389 4434 4858 5205 5664 5778 8128 9809
438 2189 5209 629 61 1831 8817 5211 1689 1770 182 2612
83.985
42.3445

963 1249 2586 2837 3283 4052 4119 4475 4919 5033 5093 5194 6059 6361 6581 6742 7061 7367 7465 7675 7696 8083 8435 8872 9551 10125 11435 11489 11767 12014
61 202 438 106 137 3072 36 372 929 6475 1525 4235 605 1499 1300 4124 413 239 1283 1936 3082 6370 7455 1965 5256 2746 7776 8208 4551 373
246.6408
98.982

255 613 658 1789 1870 3160 3831 4515 4596 5166 6226 8326 8636
61 202 438 1476 137 6227 3834 3337 1316 4623 3009 1450 3171
157.31799999999998
48.1534

447 449 802 2285 2806 2977 3033 3749 3793 4615 6119 7258 8578 10639 12563
61 2189 2348 1311 483 3946 1008 394 191 1796 516 441 3797 148 6471
77.0707
43.7105

1924 2904 4066 4077 4084 4628 5107 5400 7384 8955 12420
61 2189 2127 3946 1791 244 168 148 2746 181 265
64.18430000000001
25.452

161 397 596 932 1441 3245 3697 4391 4448 4482 4631 5217 5442 5610 5616 6463 6871 6923 7681 7687 8389 8565 8698 9344 9667 9781 10939 10989 12026 12113 12547
61 438 106 202 137 1476 4847 485 3698 514 3251 965 2357 2189 8706 6370 2139 156 7589 929 3256 90 1304 1300 6873 1301 151 2029 3255 7298 1626
247.9233
88.4762

262 1228 1984 1997 3023 3447 3815 3961 7594 7655 8173 8342 8693 9191 10463 12563
61 438 202 3337 3081 6369 3847 106 514 1110 1936 608 605 6706 577 1499
118.3601
46.957

122 499 1695 1820 2000 2357 2977 3191 3578 4119 4286 4689 5008 5226 5580 6870 7016 7282 11799 11913 12571
61 202 4379 438 137 1476 36 2127 145 510 417 629 2280 412 516 3898 511 505 142 257 372
209.3308
76.668

235 693 708 1246 1775 2484 2984 3350 3389 4913 6313 6402 6475 6787 6838 6979 7933 8047 9573 11438 11578
61 202 8684 106 1476 9977 412 1311 605 629 1689 504 1734 9583 899 2139 3392 970 169 66 502
164.3423
59.5726

490 658 821 963 1186 1275 1753 4291 4849 6827 7866 8452 12113
61 438 202 3072 36 106 605 6475 5256 1499 1300 10939 1012
126.5565
56.2339

962 2520 2978 2993 3114 3813 4789 7268 7270 8074 8109 8392 8594 10401 10671 11358 11435
61 1476 202 106 137 36 514 1689 3905 372 7425 605 1856 650 844 4864 373
138.0471
48.6744

8 73 467 530 574 629 676 812 875 891 1232 1669 1819 2520 3994 4434 4606 5170 5307 5710 6461 6992 7619 7941 8109 8429 8594 8749 9284 9291 9482 9659 9844 10416 12546
61 202 36 438 1476 483 1311 3905 1316 1770 106 593 7425 2811 403 151 3697 372 731 2918 883 1011 1831 744 2977 296 3699 577 827 169 374 35 2385 158 2123
243.5232
119.057

296 306 809 1575 1999 2155 2357 3481 3737 3946 4286 4689 5008 5593 6349 6928 7246 7249 7270 7377 7756 8383 8435 8941 9682 10141
202 106 61 137 2127 629 4847 4623 145 3898 516 812 3081 801 7 1451 2408 1012 257 514 313 3903 372 3698 1091 810
215.9083
86.8576

407 416 563 1355 1734 1923 2254 2861 3108 3547 3900 5430 5650 5704 6683 6706 6775 6783 7032 8342 8384 10050 10216 11971 12012 12375
61 202 438 137 106 1557 1311 372 412 3847 441 3905 6227 4235 6707 1264 408 1831 168 2159 10052 72 90 3080 3882 1560
221.07059999999998
63.5582

122 516 965 1300 2378 2487 3209 3597 3794 5509 7028 9901
61 438 1476 137 4081 343 2334 184 2349 66 2696 142
100.179
42.7608

515 904 1643 3147 4409 5675 6294 6393 8875 9914 12573
438 106 629 3951 2696 5268 2652 622 2385 173 188
76.798
37.4471

262 881 2898 3392 3578 3622 4794 4865 7432 7669 8189 8502 8875 9123 9239 10051 10321 10654 11173
61 106 483 137 438 3030 441 1389 1820 468 3217 1888 191 929 3884 361 2652 145 4623
153.5837
68.8544

169 353 442 456 1812 1984 2018 2344 2487 4983 5464 5618 5704 5987 6217 6610 6747 7162 7170 7212 7258 7291 7316 8384 10310 11358 11719 12026 12575
202 106 438 137 629 2601 61 749 1264 373 4512 5509 36 1775 1819 188 1012 3874 821 11024 3380 1190 8844 485 68 35 2746 514 1089
177.594
78.4337

397 1331 1382 2735 3389 3672 6061 6779 7696 11228
61 202 106 4235 970 1311 145 629 2699 7739
104.1225
46.0392

1846 2790 3447 3508 4786 5008 5033 5580 6301 6478 7307 8636 8725 9822 10244 10939
61 202 438 137 4379 106 4847 1476 2280 1853 3337 4623 2189 6483 998 3039
133.54149999999998
59.3337

786 1069 1531 1999 2348 2605 3147 4032 4889 6217 7849 11580 12013 12047
202 438 61 2189 441 1264 8461 343 749 333 3951 329 2349 927
154.77179999999998
45.0964

35 447 491 768 917 1077 1515 1581 1753 2790 3243 4237 4596 5430 5442 5881 6208 8061 8297 9178 9809
438 202 483 61 485 1903 1061 1311 3056 206 8270 1528 4190 2385 408 1522 1012 1530 675 2139 2396
120.043
55.8126

510 583 857 910 1110 1253 1316 1320 2246 2755 3242 4858 4933 5357 5650 5931 6368 7150 7714 8139 9057 9482
61 629 202 36 438 145 514 330 6370 577 1138 1098 5359 329 2811 468 951 169 2378 3797 1176 895
179.1319
74.2007

111 343 433 535 593 669 1197 1857 1984 2449 2520 3456 3878 4563 4568 4908 5182 5868 6367 6610 7170 7625 7725 7806 8061 8939 11413 11551 11719 12240
202 61 438 360 106 514 1903 629 1888 2454 491 1791 3056 1264 357 353 441 6370 1792 373 4865 4832 989 3375 1524 840 6371 361 2746 442
198.2578
74.4937

160 510 1290 3176 4609 6096 6928 7472 7563 8159 8499 8886 9469 11013
61 1476 438 36 1264 1888 156 357 485 330 158 8466 169 1176
126.3084
50.7755

332 788 792 1091 2076 2208 3255 3628 4878 9050 9511 11580 11646 11767 11800 12575
202 61 438 963 137 329 1138 1476 330 1279 629 2013 1689 3256 4882 331
182.717
73.9781

42 1276 1693 1776 1965 2242 2449 2487 2904 3140 3295 3297 3585 3593 3672 4052 4225 4326 4892 4938 5199 5243 5472 6009 6648 7453 7675 7804 8716 8886 9010
61 106 438 1476 2235 2357 2189 171 1311 372 333 184 1560 3702 3813 485 2454 1316 1279 1554 1584 881 170 1128 373 1888 1718 4894 5135 3389 1753
196.0096
88.5181

318 851 917 2171 2178 3140 3160 3951 4256 4439 6358 6370 7233 7594 7756 7849 7875 9173 10393 11302
61 1476 438 202 137 2189 970 1316 2174 9784 372 1264 11271 1450 3171 3456 73 4625 145 773
149.4738
66.8398

0 146 859 1845 1916 1952 3878 7157 7866 8601
61 36 1888 1689 2547 2612 731 1922 6070 1670
76.9663
32.6581

364 1327 1643 2049 2968 3334 3709 3795 4032 4448 5071 5710 6234 6245 6468 6553 8589 8761 9178 9505 9606 9742 9809 10052 11270 11287 11489
61 1476 438 36 202 137 142 629 145 635 6478 156 2189 206 3297 151 2396 191 8270 73 883 352 394 1331 6554 184 623
201.1156
83.4597

1331 1464 1999 2400 2586 2930 3794 4983 5764 6309 6861 6871 8121 8780 8799 8863 10038
202 438 61 6370 514 1850 6872 2696 6873 1311 3379 6878 6369 4677 6875 4141 200
78.9747
36.9411

421 1037 1997 3831 4704 5286 6581 7163 7409 9010 10308 12375
202 61 3834 330 3009 3845 6489 1151 1560 1734 3838 929
101.779
37.193799999999996

1893 4439 4658 6013 6698 6707 8402 8845 8955 12569
61 106 514 2189 109 8406 4847 7567 2755 7417
57.037
21.9084

563 1091 1525 2004 2710 3114 3121 4054 4057 4104 4306 4535 4684 5027 5442 6089 6683 6731 6874 6973 7258 7655 7735 7761 7790 7933 8827 8985 9262 9412 9643 11971 12014
61 629 1476 438 202 106 485 417 514 6872 441 6881 6368 1554 3217 795 6369 6033 504 1301 1190 1689 66 896 2139 1967 1856 1450 265 394 8000 4050 1972
232.5168
81.6413

149 343 590 1720 2487 3750 3949 4030 4066 4486 5888 6059 6775 7272 7387 8088 8410 8780 9146 9511 9901 11468 12406 12548 12577
1476 438 61 106 360 2013 156 357 441 353 155 1718 191 8340 361 373 352 8837 158 3668 296 1716 3379 3672 2755
140.9145
52.8418

332 416 970 1845 3994 4199 4387 4409 4523 4631 4973 5058 5416 5710 5888 7609 7669 7866 7941 8410 8886 10186 11468 12118 12571 12575
61 202 438 106 1476 7230 483 514 333 155 6874 417 516 1963 4626 1110 7619 145 929 7618 1450 331 2898 5932 3905 8340
211.1788
75.3006

59 105 468 563 619 970 1162 1254 1603 1818 2025 2689 3243 4858 4933 5597 5946 6163 6336 6731 7678 8652 9482 9712 9967 12233
61 137 106 1476 202 155 417 3072 1264 394 5787 2378 977 1557 246 1568 731 472 2811 9713 66 3797 4626 2474 3519 1967
196.9316
72.6188

666 1254 4124 4200 4724 6698 6707 6841 7311 7472 8461 11468
61 438 2189 4729 3072 3337 106 844 3249 2755 3056 3992
116.7899
52.5329

2968 3025 3596 4794 4832 4983 5946 6393 6449 7619 9174 9250 9309 10957
438 106 36 483 61 6451 329 2189 3884 8316 1011 191 2396 8188
100.9593
50.1315

343 861 1625 1643 1846 2436 2625 3501 3946 5194 5361 5909 8121 8698 9946 11674
61 106 360 202 1853 8706 929 357 2357 191 2029 413 7776 361 3882 6089
147.8684
56.7819

161 374 462 1567 1830 2266 2836 3194 3315 3568 3585 4228 4689 5095 5866 6229 7588 9684 12569
61 3838 1554 333 1476 169 1831 296 7315 472 1311 5135 1971 394 2746 464 470 2268 398
81.9106
41.2166

126 161 262 332 344 574 917 1486 1772 1936 2625 3115 3709 3737 4014 4050 4456 4889 4981 5058 5696 7208 7377 7582 8103 8693 9337 10321 10458 10459 10671 11022 11913
61 202 438 137 629 333 330 1476 331 593 586 577 329 1689 1151 169 9311 394 1819 3797 3742 2627 2159 7963 8975 1776 1110 514 173 5990 1389 2755 3252
151.4966
85.2441

608 844 1138 1300 1348 1751 2586 2837 4028 4104 4374 4491 4561 4704 4822 4913 5166 5394 5451 5462 5580 5710 6059 6225 6603 6698 6706 6874 6928 8073 8156 9498 10141 10248 11387
61 1476 438 202 4379 2189 106 485 372 1311 2280 6368 330 1525 6872 145 629 3039 6369 1854 1689 632 109 514 605 1628 90 1301 5259 1379 2894 1132 6707 797 3315
262.7047
91.6676

306 510 780 2899 3176 3242 3389 3737 5192 8613 10416 11800
629 61 106 36 1316 3252 485 1311 156 357 1348 895
91.8085
46.8051

398 765 829 1575 1719 1871 1985 3414 6136 6189 6931 8725
2189 61 265 1190 2942 333 6932 329 1582 1796 169 801
41.781
24.4989

1871 2968 3804 4724 5361 6130 6683 6687 6987 7303 8827 9447
61 2189 4729 3249 1115 438 78 6089 2396 2942 636 4985
113.6418
35.044200000000004

2149 3132 4482 5058 5080 5675 6810 7735 8000 8757 8790 12546
438 61 1476 963 106 6478 629 4626 4324 967 1940 4818
83.7781
28.9839

74 590 1026 1162 1820 3164 3858 4568 4892 5451 5696 6402 7646 7785 8809 9239 9262 10141 10336 11332
61 106 2189 36 202 1603 84 417 1753 412 3081 3297 5683 5585 577 333 408 629 3697 6370
151.8079
56.128

235 844 1776 2017 3072 4064 7163 7678 8156 8178 8499 8875 10671 11317
61 372 202 137 483 106 1888 1264 1316 892 145 514 2652 1689
138.1162
56.8892

403 1228 1441 2285 2547 3376 3889 4686 5353 6313 6409 8001 8742 8941 9844 10050 10051 10216 10248 10430
202 61 1476 137 106 483 8875 629 4847 1264 1770 145 3891 1279 4623 6706 827 2918 3037 374
153.4188
59.2104

73 109 535 844 1751 1774 1820 1857 2440 2882 3274 3283 4141 4889 5182 5361 5868 6294 6923 8496 8845 9191 9645 10159 10510 10639
61 438 1476 629 106 483 2242 417 372 202 412 333 1550 151 1547 2977 1734 158 1524 408 2755 1775 1584 331 1379 173
222.9687
77.7322

332 403 851 1026 1487 1720 4699 5311 5635 6336 6358 6687 6791 6973 7378 8397 10467 10510
61 106 137 438 145 333 202 3072 1264 629 330 1718 1389 3256 929 3217 1306 1110
150.9512
49.0833

59 1765 1789 2117 3243 3283 3826 4391 5342 5597 5869 6747 6878 6976 7028 9538 9696 10380 11302 11332 11386 11435 11816
438 61 1476 202 1264 3337 2174 2837 6874 1647 11271 827 1963 90 3297 2835 1283 106 1276 562 2474 4312 4625
123.5831
61.1971

105 441 669 932 1037 1167 1283 1575 2601 3867 3995 4124 4141 4486 4816 5585 7058 7208 7576 7754 9174 9337 9487 10125 11469 11752 11973 12563
61 438 1476 2357 202 151 1311 3838 629 1789 763 145 158 797 6294 9325 6370 1525 6322 1831 1770 1499 265 11954 2139 156 844 4789
211.4261
98.4611

59 257 751 828 1549 1582 1625 1900 2436 2617 3045 3596 3709 3737 3908 4175 4339 4348 5238 5372 5822 6982 7141 7639 8104 9743 10654 10785
1476 202 61 106 1903 1311 1888 744 329 6992 1550 1907 2093 1905 2624 433 182 333 4177 372 5656 1552 699 535 4677 812 755 170
168.801
77.6294

184 708 780 1734 1864 2898 4193 6393 11573 11752
438 36 372 1499 145 468 714 622 1389 3951
57.5978
29.4493

0 126 200 810 1026 2827 3276 3447 5040 6919 7249 7455 9862 11006 11413 11906
1476 61 438 106 629 3337 202 901 73 4623 441 2715 928 169 1091 1936
108.318
49.1988

404 988 1230 2625 4644 4878 4919 5600 5987 6217 6491 6827 7208 8557 8933 9262 10992 11270 12012
61 438 202 36 412 629 329 1138 4252 2601 1888 330 1279 1476 1127 1775 4882 265 4789
127.98259999999999
63.551

146 441 893 975 1515 2062 2584 3578 4066 5205 5263 5455 5650 5705 6013 6358 6706 6707 6863 7994 8478 8950 9026 9482 9519 9538 9625 9717 10125 10458 11431 12015
61 1476 438 2189 36 106 5209 9411 1311 202 937 773 109 6294 3889 1528 6370 169 90 4141 2811 1522 7567 394 4057 168 1530 1708 1098 1670 3992 73
169.9707
81.0577

467 608 1026 2164 2368 2688 3839 4519 6198 6987 6992
61 1476 106 1264 1689 605 9417 977 1770 827 2168
92.256
31.922

202 353 608 1553 1568 1812 2836 3056 3889 4141 4519 4658 5071 5372 6173 6321 6361 6415 6610 8444 10420 10992
61 1476 106 438 629 4379 36 3072 137 6817 1689 156 514 3698 6227 483 6719 4235 2601 5427 3080 3891
358.105
180.2192

449 859 2049 2266 2400 2564 3295 3541 3645 3797 5199 5205 5472 6049 6245 7133 7311 8000 8133 8139 8389 8624 9010 9169 9427 10939 11284 11393 11504
61 1476 438 963 2189 106 4847 6478 5209 137 36 629 3073 151 1786 4626 333 1789 202 73 1264 3593 7134 6415 150 1831 3818 394 169
265.6936
84.666

120 160 821 979 2395 2977 3028 3464 5361 6731 7940
61 202 438 152 2624 3838 2699 106 6089 3031 1846
126.5868
33.9217

149 191 1916 2011 4175 6603 8761 9057 9178 9245 10350 11973
61 438 1476 629 202 2357 1789 156 9325 206 8270 5837
112.0305
49.0501

332 1147 3040 5591 6061 6370 6931 6952 8297 8323 11448 11752
61 438 202 137 1476 483 333 106 514 1110 2918 1499
97.3918
44.3745

1441 2113 2956 4561 5353 5618 6385 8778 11772 11914 12587
1476 61 968 106 2235 2601 2894 342 9673 895 8471
103.7052
33.127

433 663 1621 2810 5353 5585 5794 6646 7378 7646 7754 8790 9880 10467
61 438 106 1311 145 202 1525 929 3697 1972 441 1306 1628 6648
107.0481
33.785

512 596 2178 3379 3393 3600 3847 3949 5416 6172
106 2189 1476 1264 408 438 3574 3380 1279 3575
47.2806
26.5949

533 619 1249 3966 5618 7018 7398 7785 8941 9487 9885
61 137 36 3838 4847 2601 763 1525 151 2924 106
87.1993
47.4587

273 404 491 836 1110 1769 1830 2113 2474 2696 5104 5789 6982 7180 7300 8159 8452 10416 11845
61 629 106 438 483 412 2189 202 1264 330 6992 2349 3834 329 4190 11176 804 2348 1012
146.4045
63.672200000000004

273 510 1754 1893 2162 2288 2715 2977 3028 4024 4983 5080 5322 6581 6687 7413 7588 7591 8349 8644 9173 9243 9407 9469 9867 9932 10510 11304 12012
61 1476 438 202 963 629 106 36 1316 1689 9977 169 3031 5286 3030 4985 109 1846 1176 1065 1936 7315 4418 239 892 191 2918 244 6706
222.673
73.1578

1666 1923 2547 3075 3447 3759 3994 4046 4919 5093 6173 6358 6412 7272 9534 10459
61 438 106 629 3337 6178 1853 169 3307 1091 1936 239 4028 168 1967 3
97.3288
44.8971

33 445 613 678 895 1450 2402 2836 2930 3037 3501 3839 4475 4704 5650 6731 6838 7024 7655 8018 8156 9262 9568 10393
61 438 629 106 1264 145 73 330 3332 9417 1382 3882 827 42 1888 812 1221 5135 6415 158 1972 398 68 2525
143.9793
52.7958

1077 1789 2025 2918 4786 6361 7157 8047 8109 9010 9932 11228 11431 11816 12013 12233
61 1476 202 438 1061 1264 3337 3905 4235 441 7425 1647 2837 1877 812 9837
188.8539
50.3095

126 1275 2254 3243 5467 5804 7816 8728 9885 10159 10167 10244 11049 12125
438 483 1476 472 2924 3379 169 1065 3882 1734 4050 756 959 515
66.2679
34.696

188 257 590 780 889 910 1441 1575 1719 2233 2810 2974 3279 3356 3815 4056 4083 4409 4687 5027 6076 6557 6776 8570 9010 9503 9519 10380 11611 12575
61 1476 629 106 438 9411 744 2234 1525 145 773 171 3889 2385 1311 2310 2837 895 3690 1127 265 1734 1584 150 1888 36 403 1582 3 3618
168.1717
75.1037

257 433 1254 1262 1355 2601 2918 3106 3120 3307 4052 4686 4789 4878 5322 5412 5696 6130 6208 6301 9262 10141 10454 12014 12113 12420
1476 438 202 137 106 485 330 629 514 744 1264 332 441 1831 1138 1877 1734 360 1279 329 1770 3820 1127 408 394 4882
166.3731
75.6085

306 708 1384 1867 1903 3194 3858 4512 4689 4791 6136 6449 6700 7398 8402 10458 12589
61 2348 5209 202 106 438 1871 6451 2280 8406 1616 4029 265 1907 514 4847 313
105.7281
42.2161

343 889 904 988 3223 3297 3391 3596 3847 4342 4684 4816 4857 5194 5353 5580 6260 6463 6878 6898 7024 7086 7150 7303 8040 8429 8578 9427 9519 9528 11438
61 1476 629 2189 963 4379 202 106 360 438 1689 9411 6874 2280 4858 329 3702 2755 773 3039 357 895 171 827 605 929 361 3574 394 3889 1888
261.4656
101.732

1193 2718 3176 3882 4849 5613 5775 5869 6369 7208 7620 7866 8780 9573
61 202 438 8684 137 106 7618 412 156 485 514 9583 357 3225
111.7877
43.1945

149 941 1098 1230 1600 1695 3194 3759 3966 4522 5430 5442 5580 5764 6089 7311 9519
1476 61 438 4379 629 9411 2280 773 485 809 156 3889 4523 2735 36 3039 313
132.0914
53.6729

158 365 449 678 993 1720 2599 3115 3296 3297 3386 3481 4083 4456 5080 5322 5368 5405 5416 6820 8410 9534 9967 11302 11468
61 106 1476 438 375 2174 1525 998 3702 1718 11271 2837 1065 1095 394 170 3797 169 3256 8340 1151 239 3145 1283 951
130.0286
69.4654

1162 1720 2612 3209 3787 5166 5322 5777 5951 6831 6973 7757 8863 11270
106 2189 372 61 169 5952 1831 1191 394 792 3217 1718 3037 173
64.9008
36.486

171 332 510 993 1889 2894 2974 5058 5775 5794 6049 6361 7303 7881 8088 8452 8487 8570 9191 10248 10510 12585
438 202 629 106 36 61 137 1476 333 998 169 4235 1110 483 441 401 331 3256 1098 1176 8 1065
167.2057
66.8233

35 244 394 852 975 1871 2837 3106 3593 3614 4057 4689 5412 5509 5650 5794 7591 8487 8624 9585 9674 9932 11539 11800
1476 438 629 2189 61 343 1525 2334 1186 2349 773 1734 6706 749 2942 10052 109 443 8 1954 6705 6841 2344 2393
167.4127
63.2928

171 447 515 927 1830 2054 2149 2575 3750 3867 3874 4141 4409 4473 4486 4522 5932 6172 6211 6827 7079 7246 8073 8397 8693 8809 9344 9993 10671 10977 11496
1476 61 106 629 36 2357 202 1530 485 1311 809 152 296 797 4523 2385 1300 4477 265 1499 1304 2696 1098 2894 1831 1522 239 792 1600 1306 438
220.4977
94.7808

33 2580 3106 3578 4519 5675 5888 7761 7816 8466 10303 11287 11578 12031
61 438 106 2189 36 202 9977 895 441 1770 9487 8406 156 184
122.378
44.2419

1384 2400 2710 3160 3297 3332 3568 4225 4512 4523 4622 4806 6096 6260 6697 6863 7032 7554 8392 9239 10216 11444
202 61 1476 2189 438 1316 4235 145 1554 1689 1963 3702 2280 3171 605 73 1856 895 3905 1311 5932 3256
203.2496
70.8077

145 160 343 623 675 1587 1980 2837 2999 3030 3791 4456 4491 4677 5192 5564 5616 5618 5682 5751 6294 6335 6731 7427 8624 8780 8955 9057 9447 9566 9885 10470 11387 11831 12587
61 202 629 106 1476 6227 3072 360 36 2601 417 2189 1525 514 1316 137 2924 357 6336 2612 158 353 109 1186 1348 608 895 2755 361 1854 239 8203 674 1388 1382
222.036
93.1904

975 1247 1621 2055 3578 3874 4065 7001 8349 9191
438 106 145 265 827 2123 1628 168 977 188
30.7639
18.0913

792 802 1126 1617 2652 2827 3213 4193 4225 4427 4431 5412 5564 5607 5652 5742 5789 6286 6349 7249 7563 7576 7804 7816 8005 8406 8454 8679 9390 10414 11092 11674 12240
202 61 438 1476 106 2189 5591 1571 9391 137 629 1888 1547 3903 1734 1554 1616 36 285 1796 4623 801 1311 2735 1560 2601 3332 2127 394 1775 1091 307 1922
260.4327
95.5065

861 904 927 988 1065 1688 1718 1730 1999 2710 2866 3447 3547 4057 4097 4374 4523 4596 4919 5027 5585 5600 5742 6361 6654 6943 7801 7816 8220 8613 8679 9447 9573 10470 11914
1476 61 438 629 202 106 8684 968 145 2235 412 1311 3337 1963 2357 4235 137 1525 1734 342 1356 1389 4252 1972 265 2601 977 5932 173 929 9583 1796 374 1936 2071
276.6617
107.762

467 515 836 1963 3051 3516 3542 3556 3882 3994 4077 4515 5652 5881 6301 7079 7212 7289 8809 9011 9455 9919 10292 10308 10510 11176
106 61 438 629 137 3056 2189 145 2755 2837 2834 1952 2696 3884 7682 468 289 1012 374 3379 1647 1936 7589 3 1818 485
128.7483
65.5647

2402 3914 4230 4631 5263 5398 5400 6013 6817 6979 8618 10350
61 438 629 202 360 943 1952 6369 145 951 191 881
95.5869
33.7931

930 951 1382 2242 2625 3051 3133 3389 3736 3771 5811 6102 6982 7058 7258 8636 9011 9250
61 1476 2235 106 137 3056 145 1311 3813 6992 202 4623 629 1126 4050 1499 182 2696
127.1419
61.4655

23 76 257 462 635 1769 1900 1924 3051 3160 3255 3542 4427 4448 5226 5368 5764 7236 7249 7307 7465 8275 8324 8466 8601 8827 8879 9284 10459 10939 11228
61 629 106 202 1476 1903 137 36 483 4847 3056 7230 1888 744 1316 2189 3332 73 3171 413 4623 1918 285 42 438 1905 1952 1450 1907 169 8406
238.9994
99.2426

122 975 1176 1300 1953 2507 2699 2755 4865 5194 5334 5584 5980 6076 6173 6683 6838 6979 7754 7897 8139 8429 8799 9344 9538 9986 10303 10510 10992 11438 12047
61 202 106 438 2189 137 8461 485 360 191 929 2601 1264 3337 1853 3389 142 1554 403 1689 1306 1304 1127 1734 502 145 1173 6178 1925 8208 7455
293.18919999999997
97.57000000000001

394 459 608 1126 1190 1867 3462 4001 4228 5616 5868 7311 7754 7801 7804 7816 8387 8678 9222 9482 11427 11866
438 61 629 2189 106 36 1689 3992 4847 1554 202 1311 2811 605 330 1888 773 1871 1499 1818 1391 137
120.723
59.8442

505 844 1232 1441 1444 2138 2899 3194 3296 3949 3990 4094 4512 5618 5675 5705 5710 6371 7413 8444 8805 9011 9173 9417 10069 11419 11449
61 438 202 629 372 3297 3992 3905 2601 155 1888 2280 330 7432 6783 2189 401 151 307 930 6369 1616 3645 1388 4093 2086 851
197.4184
74.7096

574 583 2208 3114 3787 4374 4423 5509 5580 5777 6394 6470 6687 6976 7061 7246 8018 8224 8454 8496 8596 9169 9417 11504 12013 12026 12118
202 61 1476 106 4379 438 963 343 970 372 441 577 2280 2334 3039 593 6483 2093 6385 749 675 6475 6783 3698 374 169 2349
225.876
83.9199

673 1197 1765 2617 3749 3867 4491 4523 5311 5400 6603 6707 6940 7790 8466 9026 9370 11270 11767
61 202 106 137 2357 1190 3946 1963 265 797 8406 7567 5932 792 394 109 2123 6605 3628
118.8447
52.5232

1213 2017 2586 4014 4439 5809 6557 7001 7086 7208 8644 10289
61 2189 202 372 827 4789 2310 1264 4427 3690 1311 1554
58.8445
25.1902

76 122 235 381 1327 2788 6234 6581 6870 6874 7086 7133 12013
61 963 202 2189 142 137 485 441 4847 514 6369 6872 7134
115.1212
39.5139

857 951 1162 1924 1926 2272 2344 3120 3438 3464 3628 4568 4596 4858 4878 5689 6327 6648 6940 7113 7839 8499 8879 9114 9538 10374 10431 11449 12113
61 1476 438 106 2357 2235 202 2189 329 1264 1311 1888 1138 629 73 330 285 3 1279 1127 5607 2234 182 4882 1796 158 2378 332 3447
282.10540000000003
102.53229999999999

142 582 889 1525 2968 3025 3147 3376 4052 4832 5909 8478 9417
61 106 629 6881 3951 3946 895 171 2189 2396 6783 1965 2974
99.0609
54.4817

59 152 296 343 445 932 1845 2378 2402 3033 3056 3481 3540 3850 4291 4473 5430 5689 6241 6463 7303 7849 8644 10244 11448
61 1476 438 106 629 360 202 1311 151 357 5427 158 2918 3573 3052 4477 353 1796 156 471 2073 3542 441 2093 1568
200.4037
69.6549

161 1625 1643 1693 1965 2144 2605 3040 3164 3349 3547 3787 4291 4427 4807 5353 5832 6952 7387 7576 7739 7881 8001 8178 8189 8231 9447 9659 10977 11431 12240
61 438 202 2189 483 106 485 1311 1530 4626 137 372 4235 145 1557 401 1314 2315 1522 1562 516 8203 35 374 797 307 169 650 296 1279 68
188.0594
80.4231

583 2930 4938 5182 5192 5226 5365 5699 5702 5759 6394 6979 7018 7028 8761 12573
61 1476 629 970 1316 827 1525 608 1348 895 1388 6908 239 1382 6913 612
104.307
50.9403

171 855 2054 2385 3023 3213 4032 4054 4857 5093 7433 9002 9344 9914 11399
61 202 438 1476 629 106 36 156 4858 155 970 151 1300 1553 1304
178.664
50.518

235 669 2436 2974 3946 5044 6313 6680 6871 9178 11428
61 514 6370 106 438 1850 352 6873 206 6872 6369
81.1065
34.210499999999996

977 1754 1776 2861 5104 5764 6415 6731 7816 8178 8860 10992
438 372 441 2601 1316 169 3605 68 1830 168 5177 1228
48.2677
28.7031

184 318 397 398 669 678 904 1253 1304 1830 2836 3376 3597 3826 3900 4094 5297 5777 6747 6881 7061 7097 7286 7291 7714 8024 8118 8297 8875 10939 11427 11491 11719 11914 12125
61 438 1476 106 629 202 36 137 4847 968 2235 6874 827 441 169 2189 342 145 9673 1972 2652 623 151 6294 1831 6548 2463 329 3080 483 4609 146 1963 4093 1388
244.7131
105.1159

13 857 1846 3242 3831 4132 5334 5402 5442 6327 7875 8872 9289
61 1476 202 2357 963 3834 191 360 970 3252 1853 485 3009
195.1903
58.285000000000004

1070 1167 2246 2652 3121 3251 4423 5467 6385 7594 9417
438 61 106 2894 1856 6783 6033 1138 675 516 1065
89.59479999999999
43.1301

1309 1347 1587 1980 2334 3242 3790 3891 4065 5600 5794 7714 8768 8815 11496
61 438 137 2348 36 895 1316 1310 73 441 202 1528 4252 239 2977
141.9532
59.951

1776 3794 4448 5238 5402 6940 7678 7760 7849 7897 10013 11489 12569
7230 372 483 3337 329 1316 2894 3517 858 6475 4252 8356 136
57.5704
35.4387

491 2440 5238 7086 7582 8484 8589 9977 10159 12375
61 483 2189 137 3069 10977 3072 202 145 1888
89.7818
38.5129

23 1143 1223 1249 1348 1693 1772 2000 2487 2507 2735 3276 3334 3438 3736 4066 5809 6229 6499 6875 7086 7196 7233 7372 7409 7669 8001 8189 8749 8815 9412 9606 10321 10939 11438
61 202 438 36 2189 137 629 6817 4847 485 42 1554 1476 929 514 403 1689 795 632 6489 883 3447 1264 69 1311 3441 4427 6370 502 274 1254 6503 1660 372 3
275.1092
100.68730000000001

257 1857 2119 2449 3614 3628 3737 3889 4687 5591 5827 7097 7157 8005 8886 8950 9370 9682 10125
61 438 483 202 744 3891 36 106 1279 2454 899 6370 394 514 1524 1922 795 1012 1689
150.9072
49.9818

596 1963 2473 3389 3738 3794 3900 3992 4312 6475 6841 8578 9813 11504
438 61 2189 106 749 605 1311 202 2834 2837 9743 1316 3392 7715
100.2039
49.2416

265 353 654 1327 1769 1774 2362 2400 3750 3831 4919 5033 5946 9243
1476 629 61 106 3834 3009 202 812 171 188 3845 1560 1775 1331
106.2077
41.1878

447 464 491 1217 1352 3254 4052 4228 4791 5398 5597 6706 7180 7696 8410 8780 8933 9661 9901 11502 11674
202 61 106 483 438 1476 1311 1952 2349 1888 4190 6707 629 2348 485 90 1554 2159 8340 1012 2746
152.9531
63.3817

2689 2746 3209 3966 6393 6394 7061 8601 9262 10368
438 1476 970 1888 36 313 622 3968 6402 10371
61.5252
25.9143

530 1190 3147 3213 6820 8188 8784 9010 10430 11425
438 629 36 951 3951 145 1818 1888 170 533
49.3573
26.7596

459 516 1531 1557 1603 1720 3556 3583 3791 3795 4097 5398 6151 6708 7018 8698
61 1476 106 629 202 2189 1525 2357 1952 1264 827 8706 184 1764 1626 90
182.0331
72.6449

407 1525 4032 4124 4275 4293 4409 7268 7453 10414 12069
438 106 61 36 202 5607 412 6227 6881 2357 844
90.1215
38.4995

676 1336 2378 2810 3028 3128 3332 3392 7438 7824 9002 9337 10393
61 202 106 438 145 3217 3031 1846 1854 895 3030 4141 413
137.6493
37.0255

191 491 1151 1525 1600 1718 1774 2062 3025 3037 3672 4050 4596 4765 5194 5268 5336 5804 6361 6779 7409 7575 7756 7816 7897 7900 8083 8444 9050 9174 9519 11799
202 61 629 438 1476 483 4235 9411 929 3992 970 6881 1689 1311 7739 6489 773 2735 1967 137 3889 2699 812 4190 360 3337 373 1888 1796 1012 1557 3797
281.7649
97.0022

206 941 2076 3211 3464 5451 7933 8844 10277 10454 11270
61 1476 106 629 504 970 394 8000 66 3037 152
81.3585
38.265

151 963 1304 1531 2956 4066 4765 6076 6096 6385 6483 6631 7537 8005 8270 9239 9534 9585 9712 9717 9743 10989
61 202 106 3072 1476 137 605 629 1689 1311 5787 36 239 1264 2004 6475 608 1300 403 1065 2093 516
255.1206
95.2381

142 151 2440 3033 3106 4391 4626 4687 5297 5946 6076 7141 7316 7507 8121 8452 9390 10297 10463 10671 11435 12571
61 202 438 629 1888 1547 106 155 9391 3337 3946 1110 3951 1560 895 441 1689 90 6225 8975 502 403
158.8455
65.58

512 852 1249 2285 4104 4141 4203 4538 4857 4938 5263 6013 7714 9262 9482 9759 9862 11411 11428 11831 12240
61 202 2280 4858 1616 408 629 2811 4778 1770 1954 2461 516 3279 1617 470 4477 1621 612 1918 4776
110.5389
58.644999999999996

353 1151 2144 2233 2696 2899 4032 5509 8133 8175 9505 9568
438 106 629 2334 2234 343 1311 2349 188 749 3297 443
76.5428
36.7126

12 1486 2586 2696 2701 2898 3245 3295 3858 3908 4379 4628 5464 6096 6130 6358 6870 7300 7363 7440 7881 8189 8880 9239 9315 9873 9893 10277 10379 10467 12015
1476 61 106 438 36 629 3251 468 937 965 6451 1963 675 372 1091 1098 401 1132 1389 3255 470 3256 4512 202 2735 1095 2475 374 2254 1918 1877
178.4797
100.0543

619 658 1276 1347 1581 1789 1999 2209 2436 2575 2837 3045 3072 3132 3140 3386 3585 3749 3790 4348 4434 5192 5635 5811 6076 6198 6475 7941 8496 8742 10977 11444 11468 11469
202 61 1476 629 106 438 137 485 8875 483 1316 1530 3337 1525 1264 3946 1382 1388 4324 605 1522 152 895 1279 1528 1348 1647 239 3697 2835 151 514 892 35
239.3557
105.8085

613 2017 2436 2599 3296 3481 3738 5044 6009 6211 6560 7372 11024 11431 11845 12420
106 2189 6817 3297 3834 485 1264 372 11176 352 1095 3145 4609 881 90 7094
76.0561
41.3242

142 151 590 693 2164 2718 2755 3243 3349 3826 4175 5297 5580 6022 6225 6483 6871 7157 7387 8128 8466 8728 8917 9407 11270
61 202 1476 4379 438 106 963 514 629 6370 2280 1689 3946 605 145 3951 1311 1850 8406 623 3039 792 6873 516 895
250.4298
90.4447

111 491 1382 2234 2246 2334 2904 2918 3307 3356 4563 4889 4892 5226 5263 5613 6049 6211 6581 7233 7246 7754 8384 9447 9970 10052 10141
1476 61 438 106 483 202 2348 485 333 629 675 1547 360 441 6478 514 331 3035 635 9323 1264 1753 2254 1877 145 1012 1098
182.3585
79.2865

421 510 861 1336 1666 1797 1916 2113 2520 3194 3737 4389 5418 6022 6544 7018 7024 7785 7881 8018 8349 8875 9337 10360 10933 11611 11799
36 438 61 1525 827 202 1734 169 137 2652 6548 401 1888 6908 1176 2525 28 2526 6913 1128 1919 6553 6982 4609 143 3968 1922
130.7953
85.6029

0 13 993 1246 1487 2810 2956 3030 3254 4064 4519 4622 5342 5705 6151 6402 6576 6863 7236 7286 7303 7427 7472 8001 8188 9482 9786 9916 10128 10397 10431 11495 11580 11973 12589
202 61 137 438 1476 106 6227 2357 36 3081 998 3698 417 1789 4477 3072 2814 827 1770 1311 11954 4476 2071 6336 4050 2475 5837 6322 4865 608 2060 6327 296 927 1115
260.1881
98.2142

13 160 262 530 788 1553 1567 2334 2599 3283 3596 3698 3771 4563 4857 5170 6189 6610 6789 6882 8088 8652 8860 8941 11422 11435 12031
61 202 438 137 1476 2348 2189 441 3072 106 4847 156 4858 4871 3081 329 795 158 4623 2454 1764 749 1455 577 1095 7860 802
248.7243
89.3795

59 74 106 731 1091 1487 1963 2274 2402 2894 3578 3850 3882 3968 4006 4077 4093 4849 6779 6838 7170 7272 7563 7669 7719 8040 8156 9250 9809 11784
61 202 137 438 1476 1603 9784 4235 84 483 2280 970 394 2755 2837 7739 929 151 3573 1972 5683 2699 441 2834 3884 1450 2746 562 158 1734
236.2702
105.9689

35 105 146 421 765 889 1011 1370 1382 1525 1531 2110 3578 3813 3839 4293 5008 5205 5243 5584 5943 6061 6553 6992 7761 8169 8845 10292 10380 11578 11866
61 438 629 2189 36 1264 145 5209 1476 441 483 9977 3992 1279 6881 9417 1098 895 844 516 2139 827 837 1012 6342 403 330 1967 1309 2526 1670
192.2928
94.2868

1837 1893 3542 3815 4029 4256 5008 5607 5822 6076 6871 7453 9305 9661 9967 9986 10297 10401 10420 12031
202 61 2189 629 438 485 137 514 1476 3903 6370 6873 1571 1952 3074 6225 1127 650 1850 6369
166.3722
57.8108

593 857 1926 3025 3978 3992 4515 5238 6096 6987 6992 8624 9009 9194 9919 11386
61 438 202 749 491 4832 3109 73 9743 158 896 4190 827 7715 3946 1012
134.869
48.4934

12 447 889 1190 1775 1965 5778 6371 6923 7363 7377 7398 7507 8827 11393 11971
61 629 106 36 2725 895 1311 6369 899 169 472 285 171 1818 182 14
106.9773
40.2736

271 332 917 1098 1487 2806 3283 3882 5243 6706 6810 6967 7180 7286 7804 8499 8596 8863 9153 9297 9813 10380 10454 11611
61 438 202 106 6227 137 412 1476 1888 333 483 1264 788 417 2349 516 1110 191 795 109 331 844 413 6385
208.675
86.4585

126 364 416 930 1515 1819 1952 2178 2844 3949 4561 4606 5336 5338 5881 5978 6327 6878 7453 7754 11397 11591 12569
1476 61 2357 202 2189 36 629 8075 6874 4729 1264 1389 1528 5607 512 191 372 929 169 352 1522 285 550
205.824
68.3276

491 731 2601 2960 3028 3242 3850 4029 5764 9661 9884 9885 9977 11385 11520
61 202 438 2189 483 1476 3069 10977 3072 106 1853 2924 629 3573 3031
214.5152
55.49

1167 2246 2499 4200 7719 8557 9002 9289 9551 10128
202 963 137 36 4865 158 229 2255 6370 170
89.6109
27.8662

1553 3951 4104 4301 4568 5352 6229 6631 8450 10397
61 106 36 156 9784 6459 932 1764 7860 4324
65.81739999999999
29.2708

257 464 563 768 788 861 941 2054 4097 5058 5592 6557 6779 7372 8159 8160 9409 11767
1476 61 106 202 629 137 4235 6817 744 970 7739 1382 2699 895 795 812 2310 1095
189.567
64.1738

169 364 893 932 1186 1249 1695 1903 2288 2811 2861 3891 4014 4230 4482 5710 6412 6648 7793 8297 9153 9239 9302 9880 10401
61 438 2814 36 106 629 2348 1476 5209 1316 788 441 202 1311 795 191 151 4029 1474 168 73 792 352 442 3037
226.2765
80.6216

33 184 755 1026 1098 1309 2004 2073 2898 3045 3593 3597 3771 4293 4439 4649 4704 4724 4892 5281 5471 5699 5764 5777 5804 7675 7757 8118 8231 8594 9412 9682 9977 10629 12573
438 61 106 483 1476 36 3072 4729 10977 3069 1311 137 629 1065 485 1310 330 145 169 1554 3249 468 6294 374 795 4882 1689 1854 333 899 8774 441 68 636 4609
214.8014
108.6459

8 169 1290 1603 2507 2689 3121 3481 3542 4048 4807 5368 5584 5591 5759 6013 6610 6878 6979 7163 7174 7816 7900 8326 8411 8429 8844 9455 9503 9742 10303 11428
202 61 106 438 629 483 1856 3992 6874 330 514 1311 36 6033 7682 1952 394 265 1190 1186 2746 447 797 756 1012 7589 1974 1818 3342 2834 432 7298
223.4813
87.21809999999999

206 821 1253 1985 3033 3069 3847 4326 4682 5079 5613 5650 6863 7582 7619 8601 8716 8805 8941 9384 9487 9528 9862 11022 11173 11449
61 1476 2357 36 137 438 3072 1888 106 483 441 4847 5580 151 2242 394 763 3838 330 1530 169 1311 4504 3574 3039 4623
197.3466
95.2543

73 265 343 1262 1279 2894 3307 3709 4054 4628 5311 5509 8104 9243 9566 9667 10053 10470 11767
61 137 438 106 360 485 483 1264 1065 191 2334 151 352 2349 357 516 109 3249 812
151.86520000000002
55.9185

1730 2400 2449 3290 4308 5607 5742 7032 7793 10458 11435
61 438 285 3903 1571 2454 1734 3905 2601 468 1356
68.6619
27.267699999999998

441 2288 2467 2898 3757 3760 3797 4889 8880 9482 10038 10125
1476 1311 468 333 6370 6294 1370 2811 61 1389 329 394
58.5672
36.8007

344 810 893 1167 1695 2547 2956 3334 3736 3794 4052 5205 5238 5464 5616 6004 6368 6631 6898 7367 7625 7900 8104 8444 8693 9469 9534 9585 9946 10368 10397 11006 11449
61 1476 202 438 2189 36 5209 629 3992 514 6370 901 239 2624 577 1965 928 2715 6459 4512 5286 2475 1877 158 951 4418 3874 562 699 1176 883 5211 471
187.8896
86.3461

375 676 844 2449 2810 3254 3376 3949 4658 4892 5307 5418 5592 5597 5613 6049 6294 6841 8937 9967 10308 11358 11767
61 438 137 372 9784 2454 202 1734 333 827 1095 106 2159 456 4894 851 2474 1128 1228 1776 731 577 1753
120.427
67.9387

1871 2898 2984 3794 4112 4321 8260 8815 8941 9743 10374
438 137 61 2189 4847 372 1311 4623 468 2093 8598
80.1673
41.1647

731 755 1213 1697 2689 2743 2872 3164 3502 4081 4152 4822 6385 6461 7212 7472 8109 8188 8757 9173 9194 9412 9458 9538 10336 11551
61 438 2189 106 1476 202 3905 3035 2894 3081 1012 1311 1554 7425 795 1792 66 989 11006 1065 485 516 1450 70 296 993
141.1747
72.6477

149 596 786 1765 1871 2000 2149 3415 4032 4119 4200 4286 7040 7061 7157 7760 8565 8827 8845 8950 9712
61 438 1476 2189 202 372 5787 156 9713 3698 4536 4124 2942 158 1012 1283 1689 1557 155 9716 170
144.8148
50.5799

257 533 780 917 1719 2400 3028 3075 3790 5870 7148 7384 7507 7591 8160 9503 10321
61 106 202 438 137 744 1528 3031 1310 3030 1846 109 3307 1522 586 239 2746
106.3047
47.8434

244 758 829 910 1070 1751 2378 2625 2861 3206 3540 3863 3882 4677 5311 5400 5467 5980 6294 6931 6979 7507 8001 9885 10458
61 106 137 1311 3542 2924 372 1186 441 3884 2093 2627 3208 6932 3795 1379 248 4050 5177 1219 239 396 168 5471 432
114.0585
54.1599

296 491 1061 1132 1549 2899 2904 3542 3645 4029 4427 4523 4658 5353 5696 6211 6225 6557 6863 9647 10128 11483
61 1476 629 202 438 2189 483 137 36 1311 1550 1012 1963 360 4865 516 169 1065 1952 5932 4190 2310
201.2479
71.747

374 895 1693 2344 3795 3847 4119 4348 4596 4816 4857 5764 6419 6544 8001 8005 8780 9455 10289 11971
61 106 629 438 4858 3332 36 372 7682 3574 6548 4124 145 1283 1311 1954 1922 2746 3575 7589
122.9277
61.4455

1916 2882 3447 3790 3794 3815 4523 5586 7554 8387 8429
61 438 202 3337 1963 4847 145 1888 1524 5932 1528
66.77629999999999
35.3468

375 852 1830 3140 4006 4379 5546 6742 7079 8189 8860 8875
36 629 9784 1476 106 1963 1831 1098 470 1091 675 2735
98.3361
71.2603

675 1037 1065 1567 3949 5635 6368 7139 7739 7760 8880 9315 9993 10992 11520 12266
61 438 202 36 4626 2601 1853 514 11022 1557 6370 3992 145 3838 3283 577
182.6813
66.936

812 3391 4286 4339 4612 5650 6286 6349 6449 7824 8886
202 61 5591 6451 3698 1775 577 1012 2755 170 2123
134.9115
26.5536

447 563 675 821 1730 4363 4491 4699 6061 6309 6367 7472 8937 9411 9684 10336
61 202 1476 3891 6370 1552 1311 3081 2601 9412 1734 2612 514 145 9121 73
97.7697
48.9258

535 569 1026 1742 2017 2161 2688 2790 3108 3455 4056 4286 5199 5416 5564 5696 5888 6234 6449 6881 7001 8173 8742 9667 10013 10420 10639 11719
106 438 202 61 142 483 3081 8875 145 7230 1476 1264 36 6451 6369 394 577 1769 951 1734 827 514 1011 1331 372 170 1796 3517
150.4391
75.42060000000001

12 109 693 893 1098 1997 2155 2402 2586 3031 3164 3645 3900 3914 4517 4765 7576 8805 8917 9198 9411 9661 10050 10289 11913 12118
61 202 1476 2189 36 2235 3891 1552 1888 9412 169 7 73 2755 9121 6415 3080 10052 1554 9653 3648 1311 307 168 1936 296
209.4273
69.9997

673 1276 2176 5564 7714 8761 9511 12027 12120 12233
61 2013 1279 1476 4477 3672 8765 333 883 2746
56.9669
23.3135

1553 1900 2487 2790 2960 3736 4097 4193 5586 6544 7246 7282 7363 7455 8161 12026 12047 12420
61 1476 106 8461 2189 1903 156 1264 438 145 372 1907 6548 1905 930 932 1524 7469
169.6567
54.7509

8 516 855 1230 1348 1522 2017 2564 2984 3596 3900 4256 4339 4439 4677 4865 4908 5866 5869 6882 8466 9224 9551 9643 9743 10350 10380 10416 11448 11469
106 438 1476 61 2189 202 1311 372 329 137 184 2918 1525 632 8406 169 2093 1734 2073 1264 373 3389 514 1355 1190 333 530 3628 1126 1812
150.60399999999998
75.8891

8 332 844 1522 1925 4050 4293 5412 5564 5592 6234 6321 9002 12589
202 438 372 142 333 61 1311 1110 1734 1525 331 1095 577 2076
110.0774
47.028

449 883 963 1382 2440 3251 3502 4001 4306 5564 5696 6520 6708 7378 8121 8154 8955 10458 11816
202 61 438 106 3072 1264 929 6475 2189 3252 5256 394 605 650 1499 629 1300 145 3797
218.3956
84.8582

2743 3031 4806 5471 5664 6402 6992 7024 9011 9674 11431 11489
1476 61 827 773 1888 3648 1560 6475 3646 1443 4849 1554
73.1904
32.4429

404 499 1065 1336 1370 1444 1857 2054 2984 3121 3160 3736 3791 3900 4097 6393 6515 6687 6841 7291 7442 7675 8398 10053 10414 11573 12547
61 1476 106 438 202 412 510 1316 36 145 372 1279 511 505 3171 1450 330 1856 6033 401 5059 407 622 169 265 512 73
250.3666
83.1562

590 1818 2449 3568 4193 5361 6544 7687 8160 9011 10141 11317 11397
61 106 2454 512 6548 6089 977 6553 490 4816 3456 7696 1582
83.546
31.788

73 202 456 1370 1531 2378 2882 3030 4379 6928 6973 8073 8360 8693 8875 9743 10125 10360 10629 10654 11551 11799 11913
61 1476 106 629 438 6227 36 137 3072 3081 483 3698 1689 6368 1065 1311 1264 3080 417 6719 1098 1963 145
391.1951
211.7323

447 857 1279 1903 2484 2584 3023 4764 6461 6491 7258 7763 7790 8429 8461 9050 9458 9647
61 438 202 2189 36 2348 629 5209 3337 1311 3072 1065 1476 1689 3249 1264 1776 899
173.086
67.875

0 271 318 343 708 1037 1603 1734 1818 1999 2011 2234 3072 3614 3946 4119 4293 5079 5471 5564 5943 6475 6697 6775 7086 8169 8231 8863 9123 9674 12575
61 1476 202 438 483 2189 106 137 629 145 360 372 36 675 485 3030 4235 1547 441 1820 3035 605 191 9323 773 353 4124 514 357 1283 403
281.4641
112.7825

375 1925 2625 2806 3051 4596 4822 4832 5338 7141 7384 8392 8774 11228 11971
202 61 106 3056 36 9784 1888 8775 483 1856 1689 516 191 2627 1530
113.7399
51.7751

1143 1356 2004 3209 4003 4228 4628 5044 5398 5591 5721 6163 6234 6943 8716 8768 9498 9568 9647 10368 11914
61 1476 438 137 2357 2189 483 202 142 968 2235 106 1952 629 342 246 352 394 1554 514 1689
161.6833
59.5045

1355 1582 1877 2806 3540 4523 5238 5398 5455 5650 5866 5909 6163 6952 7212 7398 8596 10470 11145 11491
61 137 202 629 106 1311 1952 483 1963 485 246 516 901 6385 5932 3961 577 2093 8601 1831
115.9342
59.6922

693 962 2583 2956 4030 5778 7035 8452 9011 9534 10393
61 438 2772 1769 73 963 239 2475 182 169 792
73.2932
26.301000000000002

35 632 1531 1720 3386 3867 3994 4057 5361 5682 5870 8716 9503
61 629 2357 438 106 145 797 1264 483 151 1310 1718 1854
93.8872
35.7482

904 3908 4007 5365 5635 5759 6061 6861 7575 7760 7940 9239 9511 9813 9844
202 61 438 629 1476 2624 3838 1770 2013 403 2699 608 1310 145 2918
113.0454
41.8491

109 115 821 932 1167 2806 3978 4615 5338 5652 5822 5987 6049 6234 7208 7793 8384 8402 9409 9427 10452 10939 11431
61 1476 438 629 137 106 4847 36 142 514 2348 1382 2755 2189 483 158 3109 516 895 1264 156 2746 8406
181.4374
66.9446

2164 3415 5238 5591 5705 6881 7024 8175 9178 10143 10957 10989 11304 11752
61 438 1476 963 106 483 202 137 1499 514 145 1689 827 8316
152.6261
56.1545

69 169 182 296 784 1126 1193 2977 3255 4226 4764 5593 6049 7212 7372 7655 7725 7735 8160 9009 10294 12120 12302
61 106 629 202 6817 1476 514 1562 36 1554 1776 191 896 1279 3946 899 485 1560 1190 184 1065 1391 3242
170.1132
63.1308

182 1553 1693 2073 3502 3850 4677 4892 5080 6076 6172 6707 7236 8452 10167 11578 11591 12585
61 438 202 9977 8075 156 36 403 4729 629 3573 1127 106 2139 333 109 2894 1776
114.5697
58.1417

462 2176 3147 3209 4512 5334 6327 7681 7701 8323 9505
1476 61 106 2357 191 360 202 3951 5607 7589 3297
123.23
38.9063

569 1688 2004 2378 2564 2601 2652 3245 3389 3787 4032 4175 4512 4517 5058 5338 5607 5610 5664 6089 6463 7058 7806 9146 9862 12420
438 629 202 2189 106 1476 36 3903 3251 965 1311 1571 1689 1791 372 285 1831 2280 145 3256 2624 1770 1264 1616 2254 2139
177.6044
85.0403

182 970 1213 1697 2176 2601 3547 3709 4077 4084 4439 4561 5071 5372 5943 6151 7655 8083 8189 9315 9427 10414 10639 11386
61 1476 36 629 155 1311 417 145 1568 2127 4626 441 1831 184 1770 1791 239 403 1554 1382 6471 1830 1151 265
168.9924
56.9272

12 404 468 786 797 857 1091 1176 1693 2113 2806 3160 4014 4094 4152 4254 5008 5286 6361 6908 7133 7311 7733 8985 11387 11397
61 1476 202 963 412 106 629 1316 4847 1311 394 483 3171 3039 4235 7737 73 516 7134 773 512 4093 4512 812 90 2463
233.52530000000002
80.8048

669 3115 3672 3853 4066 4199 4321 4892 6022 7639
61 1753 333 1151 1718 732 373 4894 3375 2413
42.3819
29.3245

468 821 1347 2164 2872 4094 4631 5027 5881 5932 9534 9813 10629 11411 12113
61 1476 1065 4882 151 977 10939 394 2755 239 1600 2463 2168 4093 1388
93.2419
38.1613

490 650 792 3128 4001 4083 5334 5702 5978 7994 8478 11784 11971 12573
202 191 360 1525 106 151 4050 2835 4190 2837 1012 352 2378 438
55.9884
31.7284

13 563 1186 1522 1567 1575 1669 1984 2017 2378 2507 2898 3421 3951 4764 5040 5372 5832 6049 6233 6349 6603 6820 7196 7233 8411 8815 9511 10379
202 61 36 629 1311 1476 9784 2013 468 1525 1314 1776 3838 899 4050 2746 1389 951 4324 438 372 1524 3672 6605 1254 374 895 513 170
195.1726
71.925

35 394 859 1176 1246 1336 1487 1923 2047 2487 2605 2810 3132 4342 4623 5777 5881 6172 6286 7221 7249 7413 7756 8159 8565 9057 9407 9873 9919 10294 11646 12406 12589
61 438 963 629 36 106 5591 202 169 4324 847 577 1382 1997 1775 2651 5136 821 2897 3508 1091 4609 10671 432 5357 1911 52 361 168 917 140 699 143
157.4992
76.1714

169 1963 1984 2245 2474 3290 3386 4689 4794 5055 5365 5442 6335 6463 6499 6631 6700 6789 8154 8398 8402 8815 12047
202 61 106 8461 2189 137 1264 485 1190 608 2834 3884 6336 2837 5059 8406 6459 3147 612 2139 947 3874 6503
185.4943
59.2405

449 669 855 927 1870 2233 2930 3749 3884 3914 4434 4522 4684 5591 5650 5866 5943 6371 6705 6923 7032 7298 7760 8024 8502 8805 9743 9914 11971
61 106 202 483 1311 137 1888 145 6874 629 2234 394 3946 809 514 4523 441 403 4623 3797 3905 2093 1065 361 3915 5268 6706 3082 1012
181.79059999999998
83.997

365 490 505 927 1151 1186 1320 1688 1984 2055 2164 2612 2968 3051 3787 3874 4391 4512 5194 5352 6817 6863 6908 7001 7591 7675 7824 8860 9302 9606 9643 9844 12120 12546
61 1476 202 629 36 375 3056 360 1311 90 943 1770 155 372 145 7432 951 929 2189 106 2280 3082 1831 191 827 2396 2918 109 373 514 403 169 1616 468
263.2559
100.2185

355 629 963 1963 3415 3874 4006 4225 4387 5243 5618 5699 6076 6173 7307 7757 8939 9993 11173
61 106 3072 202 2189 441 1476 2601 1888 6475 605 2834 1264 1554 2004 5256 2837 1300 145
193.4017
108.5189

404 758 852 994 1515 1772 2605 2788 3279 3831 4081 4806 5170 6336 6370 6610 7507 7801 8452 9659 10003 10957 11428 11468 11502 11539 11906 12047 12113 12573
61 202 438 137 2189 1264 629 412 8461 1476 1311 106 3081 3035 3072 514 3834 1528 8316 3009 8188 1522 413 66 3456 3845 407 10939 1530 70
240.404
76.9336

13 2788 3115 3315 3414 3547 3622 3697 4050 4561 5104 5368 5869 5951 7790 8175 8297 8532 8693 8778 9243 9393 10050
61 1476 106 202 2189 3698 417 1311 1190 8471 412 3030 169 8499 5952 3797 895 8500 1382 1151 10052 1974 72
169.8318
54.9903

69 91 965 1162 1176 1837 2178 3164 3251 4237 4339 4515 4644 5217 5307 6747 7300 7303 7507 7554 7754 8454 9498 11006 12585
61 1476 438 2189 106 629 4081 202 901 1264 1138 928 66 1279 2715 731 7378 3252 2755 1132 55 471 3254 1115 158
161.7212
65.769

161 1382 1450 2178 2487 4482 4523 5307 5430 7001 7525 7733 8815 10368 12015 12585 12589
1476 438 61 2189 2357 629 1264 73 1963 827 7737 895 5580 5932 145 1098 1708
131.8906
48.4076

812 1167 1213 1309 1871 2605 3115 3415 4024 4048 4056 5682 6059 6309 6560 6817 8169 8389 8941 9647 10431 11428
61 438 106 137 2189 629 145 360 36 4847 202 1310 951 4623 943 191 2942 744 6369 1151 373 2123
138.0399
65.5748

161 768 917 2710 2797 3392 4112 4857 4933 5334 5794 7133 7174 7286 7760 7994 9344 9417 9919 10350 11022
61 438 963 106 202 191 4847 360 4858 3217 330 6783 1186 7134 1304 2385 8 1300 7610 394 9311
169.2445
68.9685

28 146 632 988 1336 1531 1772 2520 4456 5182 5194 5303 5402 6301 6791 7609 8435 8478 9026 10003 11427 11906 12573
61 202 483 7230 629 137 514 106 1476 6874 329 516 1264 3081 151 7619 7618 929 1450 3905 989 7455 6368
162.0684
62.4319

8 33 262 433 441 515 623 1162 1186 1193 2272 2385 2586 2696 3140 4889 5125 5869 6130 6931 7196 7554 7625 8410 8725 8757 9146 9568 9659 9950 10368 11428 12573
1476 106 61 438 36 514 1311 403 333 5192 6294 202 8340 2894 7378 2104 329 6932 6342 3951 8837 42 2254 6369 821 731 3624 4094 331 516 55 447 2463
161.4272
74.6112

1877 2688 3951 4434 5564 6121 7162 8184 9344 10957 12113
61 438 137 106 202 9784 8316 1300 901 1304 8188
85.7197
42.3428

1311 1348 1625 1925 3290 3850 4308 4644 5311 7058 8578 9344 10458
61 2189 202 3573 145 632 181 1300 2139 1304 4609 1306 1095
79.76089999999999
43.373

13 533 676 788 1151 1176 1316 1582 1669 1695 1870 2155 2718 2956 3414 3793 3850 3995 4628 5125 5580 5584 5870 6468 7372 8742 8778 8880 9867 9901 9919 11449 12375
61 438 4379 6817 8875 1476 1264 2280 145 1311 106 895 3039 3573 797 1098 8471 792 2475 4050 1628 1310 795 3795 802 4609 360 812 52 801 4512 4603 7
185.6104
77.9336

146 530 623 977 994 1515 2612 3462 3597 3858 4682 5400 5882 6610 6943 7174 7236 7839 8383 8827 9002 9297 11431 11469 11646
202 61 438 963 106 1476 2235 2189 6227 412 514 417 2894 1670 1528 2234 1186 413 1831 773 1530 1997 1522 1191 516
241.9895
67.9092

1069 3736 4482 4519 5071 5509 6241 6412 6783 6943 7398 8384 10450 11611
61 438 202 106 343 1557 2334 2189 441 1264 1770 749 4235 2349
136.74009999999998
49.8106

2285 2594 3349 3481 7174 7417 7725 8175 9986 11435
106 61 485 2601 1316 899 483 1186 516 1279
53.0267
27.5596

202 442 917 1336 2473 3030 3596 3949 5482 5696 7035 7174 7453 8159
61 1476 438 106 629 6227 4379 36 3072 137 3081 483 6368 1689
303.3481
152.3231

28 979 1603 2242 3056 3147 3415 3421 3541 3737 4623 5881 6096 6393 6461 6807 6967 7591 8001 8189 8386 8749 9893 10379 11332 11504 11800 11971 12577
61 438 202 2235 106 1476 963 137 3813 3951 5427 6483 3052 3297 605 1499 36 622 1584 109 1856 4197 2378 2475 10052 1547 2393 2834 2651
190.3485
80.7997

590 2161 4454 5238 5593 6449 6908 8000 8429 10785 11578
61 1476 106 963 6478 9977 6451 4626 1867 413 967
109.6214
48.4705

353 355 851 1290 2688 3386 3867 4132 4606 5925 6013 6061 6943 7079 7249 7286 7733 7994 8159 8220 8461 8679 9026 9344 9822 10785 10957 11435 12125 12577
61 438 1476 2357 106 2189 629 3337 3072 145 202 330 797 137 265 4623 361 3992 1091 8316 7737 3056 1304 8188 1616 1300 1796 1264 1306 191
238.496
105.8652

164 398 404 447 891 1889 2601 2710 3394 3447 3645 3889 4686 4871 5585 6576 6791 7563 7733 7866 8652 8780 8815 9676 10308 11491 12023
61 1476 202 438 629 106 412 137 4477 1316 514 795 169 3337 3039 1311 1279 5580 3891 1770 1525 1831 3037 4476 168 158 7737
243.8836
89.2277

35 433 515 1283 1348 1370 3106 3254 3296 3556 4237 4423 4473 4609 6121 6349 6515 6631 7097 7268 8161 8939 10038 10159 10321 10360 10977 12547
202 61 438 483 106 36 1530 485 137 1888 1476 3297 629 1279 675 1264 2189 5059 6459 441 4477 1309 2696 4536 1522 930 632 7270
231.7619
80.6291

1557 2904 3600 3622 4387 4686 5455 7032 7609 7636 8749 9010 9573 11332 12571
61 202 8684 106 7230 1476 514 483 3905 6874 412 1450 1764 3297 516
148.3197
54.2479

861 891 1932 2580 4291 4522 5361 7735 8886 9717 12113
61 629 2189 963 1316 809 4523 3838 895 10939 9487
86.1447
32.6837

1734 2274 2984 5794 6309 6369 7024 7378 7678 8799 9447 9534 9844 10957
61 438 1476 202 106 629 2280 1770 137 403 951 929 2918 827
116.026
53.664500000000004

106 151 930 1186 1228 1391 2161 2395 4003 4908 4981 6370 6415 6705 6919 7016 7372 8678 8950 9224 9417 9717
61 438 202 137 36 629 9784 6817 6706 6783 169 2755 895 373 2159 3456 35 929 168 3742 514 394
163.725
89.6911

364 449 3023 3194 4032 5238 5593 6370 6919 7760 8809 9198 10374 11422 11496
438 61 106 137 2235 191 202 2454 352 3797 73 3456 514 773 35
101.7802
45.7546

2274 2699 2844 3276 5286 6928 7307 7442 7575 7804 8161 8326 8863 8879
202 61 106 2280 1311 1554 1450 1389 1734 930 6340 550 441 3556
161.1444
45.2988

708 2743 3115 3140 5336 6034 6227 8880 11049 12012
202 963 137 8994 1296 3030 373 1065 1151 239
70.1739
31.5669

1331 1925 2162 3414 4014 4699 4832 5600 5616 6385 6680 6708 6863 8018 8297 8444 8879 9011 9169 9289 9384 11411
61 1476 106 2357 963 438 2242 5580 2894 1065 202 2280 3039 191 4252 1311 4504 90 181 7733 239 516
149.2275
63.0702

69 635 1186 1246 1309 1871 2069 2402 2788 7941 11173 11772
202 61 106 2189 483 36 7230 1310 441 3332 2894 285
107.7878
44.53

491 1186 1309 1587 1753 1797 5027 5044 5107 5372 6415 6705 7701 7757 7785 8139 8410 8496 8805 9659 10016 11428
61 438 36 483 106 514 1310 1888 3946 352 485 1012 168 8340 6706 1320 1316 330 4190 467 148 674
125.8706
57.7768

0 608 844 2288 2520 2746 2872 4391 5591 6409 6698 6973 6992 7289 7824 7941 8104 8108 8324 8386 8917 9224 9305 9511 9625
61 202 438 483 372 137 106 2013 1689 169 36 90 3697 394 3217 827 605 2699 2755 629 514 3699 851 1499 3672
187.4751
64.4021

516 708 1846 5682 5987 8499 9977 10333 12023 12302 12563
61 202 629 1476 3069 10977 3072 1264 514 1888 145
134.6722
51.8663

608 821 1348 1695 1776 1850 3023 3075 3307 3908 3961 4348 7132 9358
61 485 202 3081 372 605 1316 1689 360 632 285 1603 1499 191
92.6161
38.8997

403 993 1254 1568 2113 2440 4306 4622 5430 6034 6817 6870 10051
438 106 483 61 145 629 360 943 998 6369 1388 202 951
95.0486
43.4557

106 970 2797 3040 3147 5093 6520 7933 8484 9427 9684
61 1476 9784 155 417 1557 1568 1888 66 4626 3951
107.2515
56.1663

106 182 332 3990 4475 5107 5650 5664 7433 8466 8827 9844 10397
438 1476 202 629 3992 9784 333 1770 36 3946 403 1110 8406
107.6544
63.6783

75 988 1450 1603 1730 1765 3276 3392 3850 4001 4427 4689 4878 5338 5978 6520 6923 8156 8678 11270 11495
61 106 438 202 137 629 36 330 3081 84 3072 1138 394 1476 3217 3698 329 73 1127 3573 1382
203.2116
85.4388

988 1864 2110 2385 3213 3394 4050 5591 6136 6313 6370 6870 6987 8548 10053 10294 11284 11780
61 483 202 137 629 1789 106 3073 514 1786 145 394 265 3797 3456 3374 270 1012
106.1987
55.1685

394 407 881 1774 1924 1953 2113 2246 2699 3033 3508 3884 3946 4199 4254 4363 5925 6022 6371 6415 6475 6707 7881 8121 8188 8410 8774 8805 9146 9286 9411 9919 11539 11767
202 61 438 1476 137 629 106 3891 412 1065 145 6227 8775 1888 1552 605 1554 9121 441 7567 357 173 73 148 8340 6369 401 1499 109 2255 9412 6340 168 4252
257.1211
107.7152

1765 2474 2718 4512 4816 5303 5682 5931 6412 7378 9977
61 438 3072 10977 3069 202 69 145 2280 483 929
92.1742
40.966499999999996

558 755 765 893 1734 1775 1932 2062 2499 3056 6173 6370 6707 6923 6992 7378 7594 8863 9026 9302 10141 11317 11784 12031
61 438 202 36 137 2189 1530 629 963 1853 169 5427 514 7567 899 3052 929 3074 109 372 7372 827 3456 3951
145.1882
69.5348

2025 2449 3760 3771 6402 7646 8103 8109 8950 9873 11504
61 3905 1476 2454 7425 3697 1370 394 1320 468 2755
74.8421
33.3928

394 2811 3791 4014 4724 4822 5336 5675 6807 7735 7754 8548 8872 11971
438 2814 202 963 4729 629 605 3249 4197 1499 636 6483 1718 896
94.9236
41.6303

306 619 1765 2400 3120 5402 5702 6163 7040 9916 11449 12575
61 137 329 246 313 438 3126 36 4252 1254 35 3483
46.4395
27.979400000000002

558 2011 2520 3283 5303 5759 6368 7272 7793 10292 10374 11287 11302 11386 11394 11496 11913 12302
61 438 202 1476 36 514 2174 1530 106 11271 6370 577 156 943 3074 1276 184 2013
172.2869
63.5705

91 105 1065 1096 1830 3697 3787 3966 4256 5071 5205 6631 6698 7113 7433 7941 8860 9893 10374 11489 11646 11719 11866
61 438 202 2189 629 963 5209 3698 3992 145 137 372 3699 36 6459 1997 2755 1831 1091 330 2475 313 5211
202.2058
65.8507

1246 1753 4522 5868 6520 6908 7678 7824 8454 9344 9606 11611
61 438 809 929 4523 202 1300 1304 1306 394 90 1925
109.4192
40.6221

930 1382 1522 1857 1871 2395 2701 3069 3585 4454 4686 4724 4981 5125 5243 5613 5789 6371 8083 8326 8342 8487 8613 9632 11228 12047
61 438 1476 2189 3072 106 4729 8461 202 1264 2159 1525 629 3249 1530 413 3847 1524 970 145 3075 929 6369 2735 1098 274
194.985
75.2612

142 145 146 394 608 675 1138 1382 1669 1772 2718 3056 3132 3245 3393 3502 3672 3791 3804 4387 4522 4658 5361 5472 5794 5832 5951 6294 6581 7300 7537 8189 9551 11448
61 438 1476 106 629 2189 3251 1311 1689 4523 965 1186 3946 4324 809 2918 1132 3052 5427 2601 3951 605 1753 2612 1314 2073 3519 2254 156 3256 373 3255 3593 530
248.5037
113.0559

115 120 344 512 1695 1837 1900 3276 5372 5464 9241 12585
1903 61 438 408 2696 330 1907 1905 4512 2755 2351 3279
55.7378
32.0203

59 169 535 1167 1276 1837 1857 1953 2348 3757 4124 4519 4794 4981 5591 6557 6560 7018 7035 7040 7642 8156 8596 10380 11419 11427 12585
61 438 202 137 483 343 106 749 1190 1525 514 1476 394 827 1279 2699 3884 577 1770 6385 844 2349 3698 2310 6908 2159 3961
207.6848
93.434

306 1797 2334 2580 3176 3738 3771 4684 5368 6461 6871 7170 7453 9407 9901
61 202 2348 106 2189 485 514 438 6370 441 156 895 357 9487 6873
115.7758
53.0221

1070 2176 3455 3760 3797 4141 6172 6791 7079 7291 7575 9503
106 1476 3081 438 137 36 1011 394 1370 468 1989 1320
65.4757
34.4692

344 445 468 859 1138 1186 1688 1718 2049 2586 3414 3794 4050 5336 6234 6581 7413 7941 8725 10460 12563 12577
61 202 438 1476 36 629 142 265 73 3697 394 151 1753 3797 1132 1796 1311 1689 3699 1553 69 373
147.1392
54.9101

12 265 404 1213 1730 2449 3056 3276 3456 3540 3593 3791 4789 4913 5080 5509 5546 6367 6393 6708 8450 9447 9519 9867 9916 10379 11520 12026
61 438 202 106 1476 137 36 412 514 9411 1311 343 1853 2334 3542 773 5427 2454 1734 2393 749 3889 372 2349 812 90 622 4865
229.7701
81.4298

202 464 650 1254 1926 2000 2617 2735 2743 2797 2898 3251 3556 3863 4047 4065 4816 5580 5827 6034 7866 8083 8429 8454 9645 9759 10333 11427 11646
61 1476 438 4379 629 106 963 36 3072 137 3081 2242 483 6227 3698 3080 2280 2189 1689 6368 1065 6719 156 145 6544 3039 1550 1138 1764
391.9794
185.038

149 533 812 993 1568 1669 1730 1797 1845 2402 3350 3508 4448 4515 5226 5482 5635 5804 6009 6409 6419 6708 7398 7816 8103 8429 8678 8985 9010 9743 9759 9916 11176 11483 12023
61 106 438 1476 156 1311 202 998 357 2755 1734 485 1647 2093 2123 90 1388 744 158 3356 881 155 2413 1888 1918 5662 82 5071 1718 9011 7300 1812 2872 1000 78
151.6993
85.2649

433 654 797 1575 1819 2334 3072 3242 3279 3462 3672 3878 4363 4475 5455 6013 7233 7249 8061 8118 8297 8624 9010 9538 11092 11145 11431 11449 11611
438 202 629 137 2348 441 2189 61 483 145 1476 2897 3056 1903 1311 4623 373 749 1091 1451 6294 1753 372 1065 514 812 182 1388 773
189.0691
101.2849

1669 2402 2696 3108 3213 3332 4596 4699 5400 5931 6553 6775 6791 7756 7866 8159 8886 9538 9676 11145 11573
61 438 106 137 145 1854 158 895 795 6342 3037 3951 3624 6554 330 6548 3994 1065 148 188 4029
110.4275
50.2881

499 1742 1903 2055 2242 3033 3140 4084 4919 5095 5263 5613 5932 6121 7058 8349 8618 10350 11176 11799
61 438 1476 2235 2348 510 5209 36 137 629 505 3813 511 2127 512 145 441 4029 1331 2139
169.0753
63.3914

1247 1776 1820 2246 2564 3350 3389 4806 5281 5336 6309 6646 6792 6838 7097 7940 8270 8815 9505 11270 11913
61 106 202 2189 1311 2624 417 3072 372 483 412 2699 3297 1316 394 408 1264 2255 3838 3392 265
182.2489
65.243

343 499 654 1279 1347 1441 2149 2968 3914 4047 4677 10277
61 1476 360 510 1065 438 36 511 505 2189 357 191
115.1293
44.615700000000004

979 1070 3622 4677 4689 4724 4806 5397 6096 6789 8133 8941 9458 9813 10003 10420 11302 12125
61 137 1476 4729 2174 4847 3249 3081 485 11271 4623 394 8598 5398 636 562 1283 1279
107.1908
53.9083

650 675 927 1877 2790 3251 3889 3949 4596 5372 5462 5616 6419 7133 7141 8161 8389 8790 9458 9696 9977 10297 10393 10989 12113
61 202 438 963 106 137 3069 10977 3072 629 1888 4847 1279 3891 2601 1138 901 2612 6225 7134 899 373 930 483 8774
224.3979
79.3964

145 146 403 447 731 1316 1820 1925 2234 3334 3349 4512 5398 5868 6260 6336 6370 6394 6817 7148 7696 7714 7735 7875 8000 8487 8716 9286 9390 9505 10141 11092 11520 12088
61 1476 438 202 137 629 2357 970 963 360 1547 106 3035 1853 417 6478 6369 9391 1952 1311 3072 412 1264 943 1186 675 895 1854 1098 4477 2280 516 3297 2746
328.5249
121.127

122 171 491 1026 1151 1356 1600 1625 1889 1984 3069 3797 4184 4682 5509 5704 5866 5931 6581 7282 7440 7472 7575 7678 8073 8478 8742 8774 9146 9573 10292 12014 12233 12547
61 202 629 137 106 8684 438 36 483 3072 8875 1476 1530 343 412 2334 1264 1311 6451 142 2735 2349 1524 8775 1541 4190 9583 1831 1963 169 749 1098 1012 3225
212.6106
96.5645

66 142 708 3295 4339 4608 5650 7061 9498 9676 9977
61 2189 3072 10977 3069 629 3946 202 3951 795 84
82.2266
43.5558

120 151 273 583 593 766 1162 1582 1850 2233 3283 3391 4052 4293 6022 7163 7440 8360 9585 9712 11752 11845
61 438 202 1476 106 2189 629 485 2234 6451 1264 491 5787 285 3834 191 11176 1499 9713 4536 895 2755
165.32399999999998
76.891

1355 1678 1765 4193 5205 5888 5943 6520 8387 8411 8594 9305 9393 10460 10654 11071 11438 11573 11845 12014
61 2189 5209 202 438 1264 145 412 3030 441 4847 417 1689 403 11176 3834 191 1888 929 1831
134.5833
56.1408

66 152 244 467 708 751 1253 1283 2266 2575 3120 3853 4321 4363 4608 6394 6478 6975 7576 8154 8275 8716 9194 9250 10452 11228 11489 11767
202 1476 61 2357 137 106 629 970 6483 3905 795 150 438 1186 78 333 731 151 6475 374 1311 1997 84 6260 296 786 158 1734
226.4596
78.4613

510 708 3593 4522 5455 6610 7537 11427 12548 12589
202 61 36 106 4523 809 156 169 514 1176
116.4417
30.4308

675 1753 1837 2246 2974 3391 4409 4871 5804 7733 8784 9458 10510 10654
1476 438 106 514 4477 3039 629 5580 2612 2601 169 7737 4865 2755
117.6783
42.2863

169 836 3393 3831 6327 6385 6646 6874 8121 8188 9528 11800 11971 11973
1476 61 106 2357 438 202 485 3834 137 1311 514 1789 1190 9325
178.1866
63.6013

75 394 795 852 937 1254 1603 2055 2144 3213 3438 3749 3889 3990 4048 5238 5586 5827 7453 8484 9409 9661 9977 10069 10459 11022
61 202 438 1476 629 2357 106 3072 145 3992 3069 10977 3905 84 3946 1279 3891 330 1382 1972 1888 3037 899 2189 827 3447
268.2481
87.3121

821 937 1186 1487 3297 7432 8618 8827 9241 9781 9958
1476 2357 61 36 1128 330 1952 3252 827 1098 3702
78.98949999999999
35.5391

3069 5194 5472 5869 6136 6882 8780 9050 9884 11495
61 438 3072 137 3698 3081 106 1689 1530 929
133.7036
39.5216

146 375 675 751 784 927 1309 3040 3578 4374 5689 6449 7162 8452 9305 9643 10051 10420 11419
61 483 438 9784 137 1310 106 6451 2601 2612 1316 1796 1311 394 1817 1571 456 3074 1320
96.2499
56.2266

235 510 4423 5342 5352 5751 6151 8220 8406 8790
61 438 36 3072 1888 169 1856 675 1176 1095
63.0308
32.1848

1011 1688 1870 2259 3072 3889 4024 4064 5336 5702 7841 8270 8548 8872
61 106 483 202 137 629 3891 2612 1279 514 182 675 145 516
122.48780000000001
48.9955

416 582 788 977 1566 2208 3332 3392 4431 5307 5759 6286 7537 8160 9409 9411 9813 11398 11422 12027
61 1476 106 629 5591 3891 145 1552 202 3217 73 1382 502 812 9121 795 895 1560 577 1854
179.231
61.2575

343 344 530 1147 5721 6928 7018 8429 11176 11393 11398
61 438 360 1525 357 827 191 1647 353 361 6908
94.8053
35.2106

464 1515 1812 1837 1925 2960 2974 3160 3245 3456 4065 4199 4409 4596 4849 5613 5699 5811 6198 6393 7378 7582 9174 9297 9950 10141 11496 12452 12587
61 1476 438 106 6227 202 412 1316 3251 965 403 417 629 73 2385 3171 1528 3256 4865 3255 413 929 773 1530 622 9200 181 490 1450
213.3491
78.7164

35 786 1126 1643 2209 2797 3121 4561 5008 5361 5467 6151 7636 9337
1476 61 1856 6033 6089 895 6548 1391 6554 2810 265 1382 2208 6342
99.6019
31.7124

126 1069 2049 3025 4124 4889 5405 5451 5584 5650 6449 7801 8596 12575
61 1476 202 5462 6451 6385 333 441 577 629 8598 73 1856 1888
96.2203
41.5328

126 1348 3307 3900 4631 6992 7719 9469 9647 9919 11483
61 1476 485 202 352 632 169 5286 360 827 3080
65.8165
35.0269

403 533 962 1197 1566 1850 1857 2968 2984 3025 3075 3211 3516 4764 4807 5618 6227 6581 6870 6878 7377 8429 8749 8955 9417 10360 11539
61 202 1476 438 629 963 485 2189 145 137 2601 8994 1560 6874 502 2396 1776 895 1524 285 1734 929 1296 899 3030 605 2378
215.84550000000002
83.611

73 149 397 1557 2049 2272 2362 2715 2810 3391 4658 5888 6792 7291 7380 9498 10308 10368 11029 11287 11387
61 1476 106 2189 36 629 1316 151 156 9977 1764 158 895 413 2977 155 184 2755 899 239 2898
187.8952
56.8405

8 106 788 1246 2209 2242 2790 3332 3393 3508 3541 3889 3900 4454 5585 6394 6680 6881 6976 7079 7591 8652 9173 9174 9712 10450 11468
61 1476 438 2235 202 970 145 9784 2189 629 3813 795 3891 1972 1557 1311 1279 2755 274 5787 9713 357 1525 413 1867 1854 812
223.6473
108.5987

375 676 917 1061 1228 1923 2710 3073 3850 4865 6409 6687 8594 8698 8879 9123 9222 9822 10167 10454 11495
61 106 202 438 137 483 9784 3081 360 3030 2357 3698 1820 998 3573 3072 516 8706 2834 6706 3389
165.1341
70.7275

106 468 490 951 1754 2049 2176 3115 3794 5263 6385 6898 9245 9286 9986 10277 10463 11145
1476 61 202 438 485 629 9784 3337 2894 1110 151 1012 394 2696 73 182 1151 1065
135.8604
76.2864

449 795 2259 2580 2836 3140 3547 4486 6059 6928 7150 7272 7696 8678 9243 9305 9786 10785 11228
61 2189 1311 895 106 9487 3797 151 2746 145 35 373 650 296 394 3147 148 3071 2254
102.7461
73.9777

632 3481 4014 4686 5027 7139 7150 8074 9194 9676 9893 11784
106 483 4864 605 151 795 158 4286 2475 4071 438 3037
53.3747
28.0594

394 397 1167 2144 3760 4363 4628 4764 5095 5192 8679 8784 9482 9647 12113
629 61 1476 1316 895 137 899 1370 1348 2811 1776 10939 1388 468 296
80.4838
39.9

202 1719 2117 2162 3990 6172 6654 7148 7806 8679 11006
61 1476 438 629 106 4379 36 137 3072 3081 6227
313.0915
155.5556

467 786 1276 2968 2993 3462 3791 4486 5027 5402 6163 6792 6881 10450
438 106 2189 137 773 246 329 2396 145 1279 61 3556 468 2393
91.6982
48.4069

33 593 1444 1867 1870 2956 2974 3750 4001 4439 4475 6089 6102 7387 7701 8175 8178 8863 9191 9743
61 1476 629 106 438 4190 1311 1871 491 330 4832 2093 401 4050 42 2755 2475 3 1864 1817
141.7939
50.8942

505 917 963 3037 3698 5357 5710 7018 8156 8886 10303 12023
61 3072 202 629 137 106 3081 1525 4871 6475 2004 155
179.2415
70.286

3051 3069 3276 4312 4486 5482 5699 6898 8000 11413 11767
61 1476 3072 137 963 6478 3056 4626 1530 3073 106
86.6205
39.3458

33 582 619 1603 1666 2069 2755 2899 3133 3283 3455 3600 3908 4066 4491 4684 4908 5398 5951 6234 6409 6789 7058 7113 7162 8383 8487 9862 10420
61 106 438 2189 202 142 137 629 3081 36 1952 145 394 1011 372 1499 1856 612 2139 373 562 2834 1095 42 452 1311 2525 2071 432
183.2091
79.8949

28 66 516 765 1176 1275 1985 2110 2344 3075 3596 3858 4132 4764 4938 5866 6458 6982 7016 7270 7433 7804 8083 8698 9284 10360 10380 11767
61 438 106 629 137 1476 2357 329 202 6992 184 8706 1173 1776 1311 899 1626 1796 84 2029 3307 73 5607 7790 1967 372 6342 768
155.3175
82.0498

533 673 1812 3826 5585 5759 6260 6483 6654 7040 9743 10319 10977
202 963 1530 605 485 1311 1689 1525 372 623 2093 1972 2835
105.7002
42.2781

499 563 1026 1666 1669 2746 4919 5546 5704 6349 6976 7270 8220 8270 12125
202 61 106 438 137 510 511 3072 505 36 372 512 504 1173 608
167.2629
35.4479

120 821 1557 1769 2473 2652 3194 3561 3787 4024 6076 6463 7363 9262 9884 10248
61 629 1476 106 2725 372 403 171 413 1127 239 896 2385 2696 1764 1734
115.4573
41.9463

74 663 669 1734 2788 3225 3421 4014 4515 4623 4644 6520 7757 8074 9606 9647 9950 10401
61 1476 106 412 629 1603 84 202 403 4864 605 1560 5683 5585 372 929 1557 650
146.64849999999998
58.6729

145 394 608 993 1223 1327 1963 2402 3191 3392 3415 4003 4007 5352 5710 6119 6976 7432 8024 8872 8941 9002 11284 12575
202 61 137 106 4847 998 6874 1789 1311 2834 1186 1689 3217 2837 4623 605 1310 1786 623 562 169 3818 1854 1331
161.5563
76.9915

829 930 2161 2272 2547 3791 4387 5079 5372 6987 7150 8061 8275 8570 9393 10143 11772
61 202 438 1903 412 417 3030 69 3056 2894 72 623 10086 929 635 2396 2162
99.5531
41.9478

296 962 1666 1742 2018 2025 2520 2652 2960 3037 3561 3826 5303 5946 6349 6871 6882 6973 8386 8652 8941 9297 9645 9676 9682 10248 11411
202 61 1476 137 6227 106 412 514 4847 2242 417 1550 6370 1850 4623 963 1547 1584 158 795 1819 6873 3217 413 812 1331 1817
229.2095
76.6714

407 608 979 2004 2233 2274 3037 3614 3750 3804 4097 4764 5597 5610 6705 6982 7221 7378 7438 8073 8879 9370 10430 11539 11752 11784 12014
1476 61 438 106 202 1689 629 6992 2280 412 1499 2234 6227 605 899 1776 929 374 1450 4141 2894 1306 6706 812 516 895 2474
213.9827
79.2462

1190 1336 1669 1923 2144 2259 3847 5040 6335 6544 6923 7163 8121 8624 8985 10277
6336 629 36 137 3574 6548 7298 3575 1818 3456 2159 168 6553 3583 4141 432
73.072
40.1958

471 1320 1980 2586 3037 3108 3421 4473 4677 7801 9647 10292 11431
36 485 4477 1012 468 812 106 1311 169 4478 373 6294 168
49.8538
32.1797

318 467 663 812 2144 2176 2689 3225 4054 4387 4644 4765 5430 5682 6130 6553 7619 9289 9409 9505 9551 9606 10350 10401
61 438 1476 629 963 36 412 145 483 106 1382 1560 202 1011 1557 3297 169 744 895 650 6342 5735 8360 2123
171.6001
61.9534

442 464 844 1327 2710 2755 4456 5238 5597 5870 5951 6576 6646 8118 8845 8886 9284 9505 9511 9643 9880 11228 11385 12088
61 202 106 438 2189 372 1311 2013 5509 441 4477 3178 3297 6294 749 1310 6648 10939 2594 2474 1331 3672 851 1776
164.5875
63.4658

146 158 407 490 836 1098 1167 1984 2882 2974 3596 4626 5597 6172 6863 6875 7733 8133 8693 9384 9958 11393 11444
61 1476 202 2357 485 5580 438 106 514 629 155 6227 3039 2242 329 412 2280 1952 1301 6370 1560 502 1311
230.7727
69.7279

160 3075 4764 4908 6059 6705 6967 7032 7233 10668 12571
1476 61 106 629 3905 158 2004 373 1776 899 6706
60.9863
29.3737

306 375 619 623 1352 1870 3121 3251 3379 3737 3949 4047 4093 4983 5238 5471 5809 6022 7432 8387 8780 9309 9684 10016 10416 10470
61 438 202 106 483 9784 514 4847 1065 6033 1138 151 137 6369 516 3252 1254 1888 313 1856 4427 3071 6548 456 265 6415
182.2146
82.9174

927 1077 1143 1925 3771 3795 6226 7554 9050 12014
202 61 6227 1061 1689 1571 7378 181 3082 4609
85.9738
24.9473

809 1932 3645 3791 3889 4052 5008 6687 6731 6878 7018 7739 9153 12563
61 202 1476 4626 963 795 6874 1525 1279 629 3891 3037 827 4235
163.953
60.3114

152 445 467 510 941 970 1249 1391 1450 2586 2844 3379 3547 3709 4152 4193 4791 5336 5580 5866 6553 6992 7291 8275 8749 8757 8950 9026 9384 9551 10380 11468 12589
1476 61 106 438 4379 2357 1311 36 2280 202 155 2242 3039 1568 895 73 417 1382 158 4512 1389 150 827 169 4626 797 4504 3380 1176 550 583 6554 1554
241.9371
96.0619

106 151 188 1110 1262 1730 2055 2233 2288 2993 3023 5226 5405 6807 6881 6992 7377 7432 7433 8074 8231 10393
61 438 202 483 963 137 145 629 9784 605 1264 485 330 169 2234 1734 4864 1499 329 6483 827 895
180.4206
99.6891

0 512 535 563 758 881 1151 1980 2073 3140 3556 3961 4491 4764 5281 5699 5751 6648 6683 6992 7024 7714 8461 8757 9262 11092 11752
61 438 106 3072 2189 202 1311 629 36 3081 1499 3337 145 1776 827 605 1476 3056 1888 3332 408 1264 3992 3379 899 374 289
240.1048
99.6332

788 795 1197 1525 1936 3213 3787 4024 5352 5372 5584 5822 6483 6846 7298 7754 8880 9194 11845 12563
202 61 6881 2189 963 372 1264 3834 605 1689 1967 11176 145 4476 623 802 792 2746 812 7094
138.339
65.113

105 758 1327 1587 2110 2285 2827 3858 4141 5418 5980 6468 6697 6700 6708 7150 7413 8161 9239 9519
61 1476 629 4235 9411 106 773 90 3889 1311 1128 1734 73 930 117 2755 470 1331 1279 1999
161.2095
53.0011

563 613 821 883 979 1587 2047 2288 2612 3276 4050 4175 5759 6061 6415 6478 7367 7372 8024 8342 8774 9243 9505 10420 10470 11772 12013
61 202 6817 2624 1476 6874 441 8775 3847 145 1191 1499 1831 1963 3297 623 168 1541 847 169 6260 394 6483 1382 562 1997 3279
141.7133
70.8542

1077 1309 1789 2984 3176 4482 4615 6313 6483 6544 7163 7591 7793 8160 8342 8815 9173 9302 9873 10992 11022
202 438 106 61 1476 2348 963 1061 3337 605 2601 1310 330 485 3847 156 1647 357 2837 1689 394
188.0673
82.41120000000001

593 917 1846 2440 2473 3191 3391 4046 4339 4807 5613 7398 8809 12452
61 629 438 202 1853 491 106 413 4832 4190 3790 1091 9200 7776
78.9577
35.4963

158 343 441 593 1230 1776 2176 3850 4054 4230 4849 5652 5742 6846 7058 7300 8005 8886
61 202 360 629 1476 1311 491 4832 3573 1316 6294 372 357 36 145 353 4190 2601
113.1946
54.7231

122 1026 1522 1754 2930 3804 4065 4623 4973 5166 5372 6412 6648 7377 7378 7719
61 106 137 1311 1306 1525 2898 929 158 142 145 612 1301 3389 6415 1742
95.6962
44.408300000000004

374 765 1697 1730 1765 2017 2162 2526 2564 3481 3483 3501 4439 4806 5764 6478 7756 7785 7941 8624 9645 10038 10125 10668 11029 11551 11611 12015
202 61 1476 106 438 2189 36 2242 937 1550 6483 3540 1734 6370 239 3697 1792 1547 989 1264 150 6260 1584 3882 372 1499 1997 2234
181.358
76.9941

184 456 512 1581 1830 2285 2440 3132 6742 7472
36 61 408 4324 1831 470 146 731 1356 675
48.4812
29.6994

1077 1953 2467 2601 2735 4348 5412 6708 7384 7881
1061 629 106 1734 403 137 1770 401 90 1831
54.721199999999996
34.0219

158 164 447 449 1845 1932 2788 3290 3332 3561 4339 6286 7258 7875 8532 9198 10216 11431 12023
202 61 1476 2235 5591 970 963 629 1311 145 8499 3797 8471 577 1775 929 3129 1854 1065
151.9195
57.446600000000004

8 262 374 809 893 1524 4606 8402 9528 9538 9712 10310 12015
61 1476 36 202 106 5787 937 1311 1451 394 4536 8406 3760
102.8841
48.479

8 364 988 1275 1818 2583 2956 4203 4293 4339 5080 5365 8578 9011 10167 12125 12587
61 1476 438 2189 629 608 73 1311 352 612 989 191 1770 2475 1769 2076 239
92.0297
46.2923

836 859 993 1524 1603 1774 2402 3274 3438 3447 3771 4028 4152 5759 5832 5870 6371 6648 6707 7465 7472 8872 9026 10297 10380 10430 11022 11287 11358 11831
61 438 106 36 1311 202 629 3337 998 156 330 1314 413 394 6369 109 7 373 6225 1967 1775 1936 7567 184 9311 3441 5259 7963 504 1856
216.0662
94.3393

1176 1382 2018 2062 2526 3242 3961 4892 6034 8231 9057 9482
61 483 202 3081 438 145 485 3540 137 373 106 333
90.3397
49.2408

184 852 963 988 1026 1697 2449 2617 3295 3597 3704 4409 4515 4517 4857 4933 5297 5650 5702 6009 6260 6603 7163 7221 7432 7675 7735 8594 9573 9862 10016 10069 10310 11449 12015
61 202 438 106 1476 8684 3072 36 629 605 412 483 3905 4858 937 2454 6475 1300 5256 1689 485 9583 989 307 3225 2385 4551 1936 1954 3483 7298 3133 55 146 4536
280.4763
117.8243

381 397 449 635 798 1262 1850 3028 3283 3568 3622 3850 4256 4321 5297 6416 6775 6923 7409 8001 8173 9291 9759 10420 11496
202 61 438 483 137 485 7230 1264 6369 285 394 3573 3332 3030 3797 2594 1846 1603 3031 951 6489 514 562 271 650
207.1145
73.1121

403 798 861 904 932 2999 3597 4687 6831 8270 8950 12587
61 438 106 629 3072 145 156 202 1382 151 158 447
103.4676
32.5171

66 821 1232 1997 2583 2977 3393 5405 6102 6121 6680 7427 7806 8040 8231 8589 8860 9309 9505 11495 11914 11971 12047 12571
61 1476 137 202 483 8461 2189 145 968 629 106 3081 2235 1264 485 73 3698 1791 9673 342 3297 4050 3072 296
204.4437
77.2868

160 394 563 666 893 1247 1515 1643 2334 2575 2580 2688 2701 2956 2974 3225 3578 4124 4608 4615 4687 5352 5353 5702 6189 6402 6475 7148 7897 8774 9289 10186 11448 11539
61 1476 438 106 963 2348 36 202 412 629 2189 152 1530 441 151 605 895 239 749 2918 1528 158 3337 413 8775 2073 1560 2475 296 199 844 1753 168 4729
230.05
97.4173

404 765 844 1217 1300 1877 2993 3213 3704 3738 5705 6198 6705 6827 7024 7163 7398 8061 8156 9284 9674 9684 9844 9970 10128 10430
61 1476 106 137 438 629 36 412 1903 202 1770 372 3056 827 403 773 1888 407 4865 901 2918 6706 2408 7298 6370 2396
197.6326
74.8999

433 533 1186 1232 1247 1444 2473 3421 4615 5397 6491 7380 7636 7642 10216 11719 12233 12573
202 61 36 438 2348 106 485 330 4427 3697 168 401 441 6548 5398 2699 2086 6554
133.3208
46.7987

491 755 812 2254 4052 4486 4522 7139 8188 9487 12023
61 438 483 202 3838 763 151 4523 809 3882 4190
76.8887
38.407

930 951 1143 1276 1356 1582 2499 3191 3464 4104 4193 4225 5546 5585 6004 6385 6560 7157 7933 9309 11398 11973
61 1476 106 202 2189 2357 1789 1560 2894 9325 1525 1279 929 182 5837 1554 11954 1065 2696 6322 66 1972
177.9888
68.6072

152 374 582 829 1217 3900 4254 6898 7191 7300 7849 8231 8270 10629 12027 12375
1476 61 106 483 137 202 485 1065 4882 3072 145 150 1568 169 3080 608
114.0359
45.6112

200 590 780 895 2755 5281 5405 6553 7236 7619 8548
629 36 483 3332 441 1011 145 169 6342 3455 6554
62.5272
35.4295

151 1557 1820 1965 2507 4225 4348 4448 4535 4789 5584 6807 7507 7525 7620 7639 7756 7757 8108 8775 9511 9632 9781 11092
61 438 202 1476 137 106 963 417 514 629 2189 1530 6143 2013 7618 412 5585 3332 1499 413 605 1764 1554 3307
223.1147
67.6396

74 375 678 1965 2171 2806 3585 4286 4609 4684 4806 4908 5398 5978 6698 7715 7881 8324 10321 10459
61 438 106 629 137 1603 9784 84 483 1952 516 372 5683 401 5585 3 1012 148 456 3698
146.04410000000001
68.8488

206 574 666 1162 1223 1228 1355 1391 2144 2178 3211 3547 3839 3990 4699 5650 6409 7157 7298 7735 7841 8088 9239 9566 9759 9780 9786 9958 10244 12120
61 438 1476 106 2189 3992 629 1264 1311 2755 593 2612 1952 9417 1817 109 3556 1098 168 441 1689 6706 675 577 3951 1831 2576 2746 674 6070
197.497
80.0581

635 883 895 963 1789 3568 4423 5400 7028 12406
61 629 202 438 3072 483 7230 3332 3337 6475
155.6726
65.33070000000001

693 930 1279 2184 2743 2904 3114 3376 4608 5888 6241 6783 7387 7442 7900 8429 8594 9786 9867 10374 11428 11469
61 438 202 1557 3992 1065 629 1568 3249 471 827 4235 374 929 895 1560 516 2755 2425 3252 169 1388
137.6202
46.8025

1275 1980 2184 3073 3968 4423 8389 9519 10460 11304
61 963 1476 106 9411 36 773 1689 3889 675
84.945
35.7308

73 1151 1311 1776 2000 2171 2599 2866 3025 3114 4097 4342 5462 5509 6260 6309 6697 6841 7289 7303 8410 9384 9511 9742 9862 10329 11013 12026
61 1476 438 106 2357 372 202 145 343 5580 2242 2013 4235 2334 151 3039 605 2349 2280 8340 1389 1095 1316 749 4504 2755 2977 3868
243.0621
88.3021

365 889 1275 2344 2594 3315 4973 5394 5866 6415 7300 7363 7554 7941 8484 8502 9009 9262 9297 9407 9844 10141 12118
61 202 629 438 6227 1476 375 412 1888 1316 2601 137 171 417 1770 403 896 895 169 4623 413 2898 361
178.8995
68.616

1275 4001 4046 4475 6349 7018 8260 8324 8466 8499 10452 11419
202 61 106 629 1888 1264 1525 827 8406 1091 6908 4028
152.4099
38.836

0 629 2790 2797 2836 2894 3223 4084 4439 5650 5689 5822 6009 6163 6336 6967 7132 7576 7701 8384 8398 10050 10303 11385 11674 11913
61 137 963 106 1264 202 483 2127 3072 1689 246 485 1311 1791 296 1831 3081 1796 9653 2385 35 82 307 10052 5135 36
197.9733
93.2198

160 169 374 758 1110 1228 1254 3025 5870 6369 6402 7221 7715 8387 8410 8578 8844 11435 11674
438 106 1476 2189 61 137 1190 330 202 1888 4847 158 1311 6706 329 951 394 1138 8340
111.0093
53.1986

257 464 851 941 951 1186 1320 1557 1952 3393 3421 4522 5268 5430 5616 5696 6076 6096 6172 6871 7675 7785 8103 8406 8955 10294
61 1476 438 36 202 629 106 514 744 1888 6370 2189 4523 809 1764 1850 6873 360 577 145 413 2837 2696 182 403 1127
188.8623
82.07419999999999

468 569 927 1776 2272 2586 2790 2984 3209 3276 3593 4184 4256 4938 4983 5342 5357 5471 6163 6301 6463 7387 7537 7757 8073 8121 8652 8875 9114 9411 9625 9919 10159 10294 10977
61 629 1476 137 483 1530 485 202 1734 1552 1316 394 3891 5359 372 246 2652 9121 1311 1522 1541 9412 1796 516 35 73 36 156 373 3574 8074 3951 731 8047 2755
225.6581
107.3452

76 533 1026 1355 1391 1625 1818 2178 2245 2526 2956 5303 5775 5946 6987 7378 7398 7455 7678 8360 8499 8601 9893 12027 12569
61 106 2189 1888 1264 191 3540 202 2475 929 1831 8466 1306 4603 7469 977 5777 1398 1817 8406 69 8397 5104 5242 2612
136.9073
61.6902

122 666 786 2017 2246 2400 2898 3223 3350 3483 3698 3944 4517 4933 5058 5281 5635 6294 6470 7058 7162 7380 7719 8570 9407 9469 10013 10244
202 963 137 1476 106 61 7230 3072 145 3081 372 4871 1689 6475 142 468 483 5286 6483 1389 1008 2139 2255 577 158 3517 2076 4865
204.2137
86.7522

666 788 1197 1524 1669 3295 3698 5398 6402 6520 6792 6841 6874 7035 7272 7525 8411 9239 9243 10321
61 202 137 106 485 3072 514 3081 1952 4871 629 795 6368 1301 394 792 929 4865 812 577
125.1565
61.6552

69 678 1566 2402 3951 4077 4084 4682 4857 4913 5721 5866 6286 6475 6831 7035 7507 8761 9262 9519 9667 9993 10420 11767
61 106 1476 137 9411 5591 4858 202 2127 773 9784 3889 502 605 1560 1791 1775 1954 394 4324 3074 577 3389 516
162.3511
67.8029

582 632 3251 4065 6173 7801 8175 9224 9916 10467
438 202 483 151 1853 1138 169 3252 6178 1190
61.1926
31.4682

786 963 993 1061 1464 1581 2184 2993 3213 7079 7097 7289 7739 7761 8398 8478 8778 8827 9884 10186
61 202 483 3072 1476 4626 441 605 4235 998 360 6475 5256 106 2004 1300 1557 516 8471 1065
185.2235
75.9274

859 1037 1965 3697 4028 6731 6874 7001 7440 7757 9780 11022
61 202 3698 36 438 485 106 2189 6451 6368 330 3992
114.2433
43.1948

262 663 708 1331 1581 1857 2564 3350 3561 3628 4522 5398 5675 6227 6708 8169 8941 9146 9645 9676 11049 11427 11491
61 202 438 137 1476 106 2189 963 2242 36 4847 629 8994 1952 809 1550 4523 1065 4623 795 1296 1547 158
184.4116
74.6554

191 821 1568 2362 4363 5402 5682 6416 6923 7537 7609 8121 12125 12569
61 202 106 629 7230 483 514 6874 145 329 3905 1450 7618 7619
133.4125
45.8685

784 786 1549 1587 2017 2113 2440 3176 3297 3394 3421 4007 4387 5585 6928 6931 7804 9674 9743 9977 11425 11800
1476 61 3072 202 1311 3069 10977 145 438 629 156 3702 1972 1550 2093 485 1525 69 357 773 3374 372
167.0743
69.1131

69 142 265 490 632 1190 1232 1327 1347 1348 1643 2144 2334 2474 2586 2594 3114 3738 3750 5182 5471 5586 5704 5932 6076 6313 6898 8406 9286 10308 11145
1476 106 629 438 137 2348 61 36 2601 1316 3946 1888 145 441 202 3951 90 483 1012 1331 812 1524 151 1356 749 4190 374 1753 899 1127 1600
197.3923
96.1232

613 788 883 1846 2055 2357 2844 3056 3242 3884 3992 5170 8005 9647 10460 11092
61 438 202 145 749 2127 1476 629 1853 1065 3898 5427 812 516 36 9743
181.8512
86.7813

74 2999 3203 3211 3697 3994 5303 5400 5689 5759 5931 6173 6371 6610 6870 7432 8001 8384 8679 8815 8939 8950 9458 9487 9647 10992 11591
61 202 106 137 1603 438 8075 1264 3698 84 1888 151 763 2601 4729 3838 5585 5683 1853 158 514 72 1796 6415 1817 6369 2836
216.6628
74.351

965 1870 3464 3826 4631 5980 6225 8005 8410 9026 9291 9916 11580
61 202 4081 1476 1311 66 36 3249 8340 145 1963 1922 1557
139.4666
29.9342

535 590 1110 1870 2898 3556 5869 8845 9427 10992
61 1753 2189 2601 330 468 3379 1389 329 289
77.6702
31.4481

182 512 809 821 1617 1819 1916 1952 2625 3114 3121 3132 3350 3878 4084 4623 4933 5107 6241 6349 7433 7636 8159 8444 9284 9384 10668 10671
202 1476 61 2357 629 4379 2242 812 36 2004 3946 2280 2127 4324 1689 3039 6033 374 1856 265 106 8975 6548 801 372 792 1451 471
218.5894
86.5481

456 1789 1963 4439 4622 5071 5093 5217 6576 6731 6742 6792 6882 7016 8220 8461 8937 9712 10159 11228 11573 11578 11914 12406 12420
202 438 1476 106 61 483 2189 3337 36 968 2235 2837 9977 5787 3072 342 4477 2834 562 9673 1647 3056 2835 472 9713
206.6705
80.5091

23 857 917 1213 1228 1262 1850 2385 2701 3376 3804 4568 5353 5616 6286 6470 6938 6992 7061 7380 8040 8275 8950 9427 9696 9919 11399 12240
61 202 1476 36 106 485 5591 963 1264 827 156 970 6475 6483 151 42 2755 285 6706 155 1553 150 1775 577 2746 1918 1603 169
239.3238
71.2842

786 1132 1162 1336 1356 1669 2872 3040 3176 3223 3297 3628 3944 4486 4615 5482 5509 5699 6022 6076 6680 6779 7040 7233 7387 8985 9647 10289 11422
61 202 438 963 1476 2348 4235 343 970 485 156 2334 7739 3702 357 2699 749 1689 2454 403 2349 1557 1734 2413 443 1127 1953 2755 191
196.9881
82.3149

164 574 654 859 1077 1336 2507 2827 3839 4612 5205 5882 6697 7455 8487 8557 9914 10393 11448
61 438 1476 2189 106 5209 4235 36 1061 1264 593 2918 2073 9417 5268 583 7469 5211 530
128.9212
46.4355

160 1336 4423 4983 5932 6130 6787 7032 8570 8815 9191 10050 10397
61 152 202 675 3905 158 1600 78 10052 1254 5662 150 4414
63.3539
32.7519

1557 1742 1999 2872 3028 4203 4622 4626 5412 6234 6286 6940 7472 10350 11799
61 438 202 106 142 5591 155 413 137 1764 1734 502 1568 1775 239
153.367
44.6482

1249 1444 1753 1864 1980 2547 2790 3056 3483 3737 4387 4807 5580 7272 8220 8384 9893
438 4379 106 36 2280 145 330 797 3039 3052 5427 1476 1264 401 1628 2475 1903
109.2505
53.0519

2797 4228 4515 5462 6415 6560 8040 8103 8679 8768 12233
438 137 61 2755 1554 202 1095 7300 2746 8074 2155
60.7526
29.5377

318 355 2368 2385 3114 3759 3760 4363 4807 4908 5008 5342 5463 6151 6731 6870 7079 7563 8083 8406 8454 10350 11784
61 438 1476 1888 1370 373 394 792 1320 1989 797 8624 468 7010 1718 432 1065 2942 1819 813 929 168 374
87.3596
45.7011

91 1830 3600 4933 5297 5822 6923 6992 7591 8118 11448 11646 12302
963 202 2918 61 514 441 2755 2073 6294 1997 1831 827 6706
90.6814
46.5323

115 1348 1391 1522 1797 1845 2162 2288 2526 2586 3464 3854 3961 4256 5263 5286 5297 5334 5613 8188 9822 9916 10069
61 202 438 1476 629 3081 360 3905 137 3540 239 1525 998 605 191 632 1499 106 1151 307 2755 244 4578
168.3516
75.011

499 829 963 1061 1953 2018 2025 3147 5342 8410 9114 10069 11393
61 202 3072 483 36 510 3905 360 6475 137 505 511 3951
201.5008
73.3516

381 3040 3206 3481 3757 4938 5058 5166 5182 5226 5564 6371 6449 6792 8108 8161 8716 9458 10401
61 438 106 2357 6451 6369 8360 650 930 1854 3208 3012 1918 50 699 515 303 1702 2268
122.7098
45.1398

407 758 2806 2844 3787 5416 6898 7733 8450 9469 9914 10401 11397
1476 61 106 36 629 6227 412 3039 483 1311 7737 372 408
125.0229
54.5392

76 91 115 731 1037 1871 4225 5822 6544 6878 7001 9057 11444 11504 12118
1476 61 2189 6874 1554 2755 202 6548 1560 827 2942 4625 2746 7618 394
87.1447
38.103899999999996

650 1600 3211 3274 3645 4047 4519 4612 4933 5353 5482 5600 6096 7040 7236 7258 7363 7465 8133 8342 8618 8644 9632 10292 10374 10452 12040
61 438 202 1065 3030 2735 3847 6415 413 1770 4252 1524 4050 407 169 2413 2159 7537 6413 2425 1541 504 2071 4083 977 374 2378
154.4596
62.5851

74 171 184 462 852 1246 1678 2797 2882 3031 3645 4029 4083 4226 4228 5357 5482 5597 5931 6004 6130 6979 7148 7208 7221 7289 7619 7756 9010 9712 10393 11024 11284 11483
61 629 36 438 2189 202 1476 1603 1554 483 1525 84 106 1562 169 3073 1786 5787 2837 1972 2835 9713 1011 4536 5683 5359 1789 1098 78 2413 6415 1560 4789 2755
254.44819999999999
94.9505

355 895 1193 1603 1837 2378 2696 2968 3296 4286 5607 6402 7701 9305 9809 10989 11800 11866
61 106 438 629 137 202 2189 3903 3297 3992 3332 285 1571 2396 145 1856 330 1012
140.8177
58.8084

343 1098 3593 4374 6172 6874 7086 7824 9245 11502
61 2189 202 360 485 6872 6368 357 6369 191
116.1891
37.5469

751 881 1061 1110 1348 1486 2000 2625 3332 4094 4807 5336 5451 6022 6245 6335 6881 7298 7582 8596 10013 10186 11520
61 438 202 106 483 137 145 629 7230 1853 330 360 1476 516 6336 1065 329 151 1311 35 1012 1819 148
198.9674
88.1705

66 994 1952 2055 2797 2882 3206 3254 3787 3944 4097 5182 5217 5881 6121 6136 6603 7132 8220 8389 8578 8780 8917 9011 9867 10454 11287 11398 12569
61 1476 106 438 202 36 2189 372 156 50 184 265 84 373 2159 2547 4104 6605 3208 629 73 3379 1296 749 374 35 6731 2884 977
185.50220000000002
69.011

69 658 731 1247 1249 2575 2844 2968 3547 3889 4048 5107 5402 12563 12587
1476 106 61 1311 3891 3946 329 1279 152 2189 1389 2396 899 296 2974
91.6588
47.7723

200 202 608 1070 1132 1246 1567 2436 2788 4065 5689 6059 7760 8589 9551 9667 10292 10297 10470
61 1476 106 629 137 4379 36 438 3072 3081 1689 145 6368 6227 3698 483 3080 6719 605
307.4878
142.1663

151 164 468 490 809 970 1091 1232 1283 1643 2701 2788 3191 3349 3578 3593 3853 3944 3995 4024 4308 4475 5080 7163 8454 8636 8985 9057 9862
61 438 202 1476 137 629 155 394 4623 1568 417 895 4626 731 812 516 1012 577 1918 7298 1279 810 1451 1554 2086 4190 373 801 239
153.8202
74.9205

3069 4028 5394 5471 5804 6121 6475 7701 8360 8487 9503 10321 11397
3072 202 137 191 438 605 1530 512 106 3073 5259 1854 151
74.2022
42.9885

904 1247 1275 1643 2162 2580 3622 4456 5217 6189 6309 6576 6976 7221 8139 9114 9742 11831 12577
61 202 629 438 106 1476 2189 151 4477 9487 895 374 239 168 967 173 2696 3779 977
103.8344
40.443799999999996

623 3211 3749 5430 5777 5868 6335 6367 6449 7163 7591 9050 9178 10368 11435 11496
61 438 202 137 514 106 6451 3946 6336 6369 1689 169 206 7298 271 516
105.5338
44.6237

151 678 693 1567 2138 2473 2584 3025 3245 3389 3455 3858 4094 4124 4434 4517 4783 4871 4938 5509 5759 5789 6119 6361 6881 6976 7061 7079 7839 8360 8644 8716 10052 10401 11504
61 202 438 106 1476 2235 2357 629 1311 514 3251 2334 635 343 36 965 6478 3081 4235 145 4477 2349 1011 2234 650 4141 3256 191 3255 1126 2735 749 3838 2344 4093
257.7547
112.1508

262 810 917 1176 1290 1464 1754 1845 2242 2385 2580 3028 3209 3568 4724 5751 5882 6367 6412 6658 7113 7669 8863 8917 9534 11029
61 202 106 2235 1476 2189 4729 3072 3249 3813 514 895 330 1846 929 239 3031 1584 6370 3030 9487 6371 636 151 562 1856
205.4834
71.5929

142 490 583 613 708 962 1151 1253 1566 1688 1769 1774 2594 2710 3245 3787 3889 4439 5482 5664 5682 6698 7174 7282 7453 8342 8809 9194 9337 10216 10380 10416 11228 12113 12573
61 202 629 1476 3251 1279 1316 2601 3946 965 899 145 3847 3951 1311 3891 372 3256 106 502 963 1186 1012 10939 1560 173 2159 2254 2413 3178 3255 1541 4190 3037 171
237.0917
88.9209

797 4783 5682 6009 6172 6515 6982 7028 9511 11022
1476 61 2013 145 330 1451 6992 5059 485 4536
58.3812
36.6797

76 2266 2487 3946 4199 4658 6198 6483 6940 8532 9534
202 61 963 605 8499 1499 333 623 1689 239 8500
91.5406
35.5917

206 693 829 851 917 1327 2993 3540 3961 4152 4175 4628 4764 5978 6478 7221 7881 8275 8845 8955 9412 9503 9667 9893 9958 10401 11580 11914 12563
202 1476 61 438 629 968 1311 3081 2235 106 1499 963 2189 1952 899 608 342 1098 795 605 401 9673 1554 145 1776 650 2475 1854 2093
246.2654
97.3743

471 490 932 1525 1818 1871 2735 2872 2984 4517 5286 6208 7625 8693 9305 9309 9538 10414 11411 11799
61 2189 202 6881 1734 485 372 156 137 1151 1770 1012 2942 408 403 4190 151 2836 977 158
127.7724
55.8857

76 629 1621 1985 3255 3542 5607 7398 7619 7739 8061 8565 11270
61 202 36 438 106 1903 483 4626 145 4235 3903 3056 285
147.1679
81.9036

200 332 780 2017 3583 4014 4032 4427 4631 5721 6370 8548 8784 9057
61 438 202 137 333 441 1110 3456 331 372 3256 1389 514 1753
89.6821
33.803200000000004

164 265 1549 2484 2583 2718 2904 3878 5166 5311 5931 6646 6992 7427 8159 8297 8790 10380 11332 11551 12302 12575
1476 61 106 438 514 1769 1311 1550 73 3297 812 1792 827 6648 989 4476 2772 674 731 993 11394 2612
140.3966
55.4609

932 1309 2178 2395 2882 2918 6367 6419 7249 7675 8139 8160 8349 8778 8875 9245 9250 9289 10051 11284 11411 11520 11866
61 1476 438 106 963 483 2189 202 1853 1310 3073 3992 514 1786 1264 151 4623 2652 1877 6370 330 1789 8471
233.26
78.2907

191 262 1026 1096 1320 1450 1617 1789 1871 2357 2583 3164 3213 3245 3356 3787 4193 4423 6061 6938 7061 7678 8342 8844 8950 9301 9344 9519 10397 11024
61 1476 629 2189 438 202 106 73 145 2127 3251 3337 9411 965 3898 4379 516 3847 895 2837 372 1091 773 257 1647 2408 1304 1382 3256 3255
260.4658
113.0465

993 4141 5226 5482 7367 7735 10052 10397 11394 12573 12575
61 202 629 998 635 943 6478 2624 514 2413 491
75.5193
31.3776

654 812 2259 4003 4119 4561 4682 5394 7061 7537 8636 9566 9759 9884
61 1476 106 137 372 4623 4124 109 895 156 2755 744 577 1283
141.3271
38.4752

115 152 374 398 433 632 893 1867 2334 2487 2894 3254 3283 3350 3771 4561 5281 5618 7268 7363 7715 8270 8389 8487 8594 8933 9146 9241 11176 11393 11866
1476 61 438 106 36 137 483 2348 202 441 330 2601 151 3992 3072 2189 749 1888 199 7270 2344 1568 2071 1382 2755 1647 150 1753 169 608 895
264.4781
87.3897

505 583 1316 1893 3120 3839 4119 4293 4391 5584 6367 10450 11496
61 202 1264 372 2189 1476 145 514 155 7432 4124 895 90
113.5808
48.131

109 318 464 583 3394 3483 4363 4454 4822 5621 6697 6787 8220 8429 8565 10416
61 1476 438 4235 106 36 1867 413 970 169 2755 3374 274 1557 1924 1858
119.9682
46.8303

583 673 1193 1348 4054 4456 4473 6581 7233 8001 8618 8941 10016 10336
137 61 483 4847 3081 4477 4623 1012 8598 632 4056 169 1355 1008
69.0585
36.3061

381 2274 2605 3056 5482 5704 6776 7016 7233 7933 8429 12266
61 438 137 1476 202 2280 11022 5427 3283 3337 3992 1568
143.3869
53.8324

821 1091 1096 1870 2076 3394 3414 4807 4816 5584 5832 6136 6610 7249 7307 7413 8083 8845 9919 10470 10510 12113
61 202 629 106 438 1311 10939 4623 1314 265 3374 514 700 361 797 4047 904 394 3508 3290 1764 6611
167.8012
50.3789

355 1254 2806 4806 5811 5888 8398 11580 12240 12452
202 61 483 1008 516 9200 394 927 148 1296
86.4055
23.8223

76 169 3456 3614 4623 5166 5584 6475 7032 8613 9696
106 202 1190 605 3905 4865 947 239 1689 6318 1474
52.2365
32.8184

758 1669 1999 2580 2710 2899 4434 4865 4919 7537 9743 10785
61 106 1311 2189 372 895 156 2093 3178 9487 1126 151
110.3017
47.9579

851 977 1037 2049 2144 2208 2904 3025 3147 3242 4608 4865 5705 5778 6792 6817 7754 7757 8083 9867 10248 10292 10957 12047
1476 61 106 438 2189 629 8461 360 145 202 1264 943 151 3951 182 6369 8188 8316 895 169 3252 191 3389 73
164.4562
68.4701

160 499 693 970 1262 2872 3332 3949 4256 4423 5334 5365 5597 6301 6327 6967 7687 7849 8001 8047 8360 8384 8589 8844 9009 9123 9390 10053 10629 10957 12120
61 1476 202 438 2357 137 1264 191 145 510 155 417 360 36 9391 1568 1065 1547 3030 511 158 8316 608 505 5607 1820 4882 285 675 8188 4626
282.7233
94.238

397 809 1037 1138 1167 1617 1819 1953 2580 4054 5281 5334 5397 6478 6631 7363 8502 8860 8863 9780 10336 10450 12026
61 1476 202 438 2189 137 629 360 3556 485 106 6483 1616 1888 3992 3081 191 812 372 6459 151 4623 1753
163.9022
81.8297

126 792 1877 2978 3279 3541 3813 4003 4237 4254 4374 5182 5226 5710 6189 7221 9057 9302 9370 9411 9661 10003 11393 11573 11772
61 202 1476 1552 3891 3081 169 73 844 1098 9412 1311 9121 173 373 7372 901 837 2894 3795 152 2127 1474 1918 1926
190.8973
53.8303

895 1734 3561 4606 4684 5008 5104 5462 6173 6321 7646 7756 8169 8189 8484 8805 9173 9194
61 438 629 106 1888 36 3332 1853 6178 3697 145 372 3951 1797 2155 1850 6314 2701
97.6252
41.8883

111 182 1176 1522 1524 1926 2113 2378 2999 3072 4391 6089 8047 10454 11489
61 629 137 202 483 106 36 73 1525 145 90 2897 158 1382 35
108.4318
49.932

1311 1566 1857 2254 2288 3164 3295 3464 3628 3737 5462 6022 6416 6603 6680 7715 9884 12012 12573
61 438 2189 202 1560 502 3882 2594 1524 3 1191 296 6605 244 168 2155 5182 292 2974
148.5884
46.9011

35 59 1147 1254 1464 2526 3120 3274 4200 4203 4293 4622 5303 5455 5946 6119 7133 7875 8000 11006 12406
61 1476 963 202 438 629 6478 970 4847 69 3540 901 4626 3126 1770 928 2715 1311 929 394 158
163.404
58.2485

191 2474 2866 3645 5027 6336 6470 7417 8188 8224 9289 10431 11866 12113
61 202 438 963 629 137 1264 145 3072 3992 6483 2093 6475 4865
203.1628
55.2792

75 122 468 836 963 1348 2119 2266 3274 3508 3540 3709 3760 4065 4374 4849 5125 5365 5400 6076 7150 7307 8074 8159 9884 9967 11411 11520 12031
61 202 106 3072 137 629 1476 2189 605 438 145 84 394 1311 1853 608 6475 142 1300 1370 357 333 5256 373 4864 632 612 1127 3542
243.1328
95.1957

407 927 937 1320 1776 1953 2605 2735 2788 3023 3540 3815 4001 4816 5751 5881 5882 6402 6878 7221 7563 7646 7849 8005 8461 8484 8933 9370 9661 10977 11176 11419 12026
202 61 438 106 1476 2357 3072 2189 372 485 1311 1530 1888 3337 6874 3542 827 6227 412 1316 3992 1647 36 3056 35 137 1522 403 1264 408 1922 2093 148
279.7847
104.9233

12 1871 2272 3750 3961 4119 4200 4291 6923 7097 7841 9412 10003
1476 61 2189 3081 372 202 2612 483 4124 1554 605 795 1499
114.2815
44.9861

927 1253 2176 3164 3704 3968 4983 5951 7268 9297 10360 10416 11435
61 106 2189 6227 438 36 412 202 417 413 1476 7270 1571
106.7623
36.688

23 73 146 271 792 852 861 1621 2956 3438 3622 4933 5055 5268 5405 6130 6648 6792 7282 8397 9302 10992
61 106 438 629 36 145 1311 2601 360 151 42 7372 2127 2837 3147 3447 158 5059 2475 191 3441 1628
158.681
65.8053

632 927 2743 4050 4152 4387 4596 7804 7866 12113
61 1311 483 69 151 10939 145 3797 1571 3082
47.144999999999996
27.1238

1812 3797 4084 4391 5696 6776 9169 9222 10416 10654
61 2127 90 150 577 1791 372 3618 1831 265
61.0364
22.6287

505 563 765 1110 2689 3037 7756 9286 9301 10069
61 202 3905 1753 155 330 7432 307 329 504
102.8574
32.5019

33 505 784 792 951 1575 1600 1720 2402 2440 2930 3115 3203 3438 3645 5008 5027 5192 5238 6475 7024 7642 8360 8466 9946 10374 10467 11914
61 1476 438 629 202 106 968 1316 2235 155 605 1888 342 7432 2735 895 1348 2425 827 9673 191 2699 1582 3447 182 2127 3697 1388
250.91400000000002
94.4521

35 115 381 988 1279 1769 2209 2234 2402 3191 3243 3251 3760 3847 4764 5471 5710 6102 6544 6881 8879 9647 9885 11611 11971
438 629 1476 106 61 675 145 3252 2924 1547 3035 1776 4050 1065 3249 171 9323 6548 3574 1320 899 394 2755 989 5303
158.1457
82.1666

109 296 574 629 650 1193 1553 1730 1984 2025 2254 2395 2710 3389 3593 3804 4301 6952 7377 8570 8933
61 438 106 1311 202 156 593 1888 1734 3882 1092 1831 2746 173 577 3178 7860 932 4050 2755 3392
147.3974
86.8444

66 666 1837 2259 2467 5652 7760 7816 8452 9585 11304
963 61 438 1689 84 73 78 608 1936 2468 74
60.9718
26.8996

146 1110 1132 1217 1309 2583 2594 3133 6831 8161 9538 12546
61 1476 1316 629 1753 2601 1310 329 73 202 330 612
113.0479
43.5252

161 462 693 1275 2806 2898 3854 4052 4104 4203 4308 5597 6227 6967 11520 11800
61 202 483 963 1853 137 106 468 8994 516 3030 629 1389 605 1296 1770
131.289
47.9523

1309 1984 2898 4065 4794 6871 7286 7378 7756 8061 8118 8805 9411 12015
61 1476 202 438 514 1903 3891 1552 6370 441 1310 937 1888 3884
134.8086
61.1948

375 797 988 1300 3391 5592 6458 7409 9573 11866 12406
202 61 438 8684 9784 1476 412 3992 1451 6489 1095
155.56210000000002
53.6225

76 171 766 932 2402 2810 2844 3628 4321 6260 8040 10450 11913
61 629 36 2189 156 605 1389 1098 2755 441 151 3556 1301
108.809
46.7648

255 353 810 1581 1925 2144 2266 3290 3547 3847 4448 4764 4791 5199 6402 9469 12547 12585
1476 629 61 1311 202 3574 265 333 899 1776 188 5286 181 895 2918 3575 257 4609
83.0335
48.9585

184 273 306 941 1327 1769 2076 3223 3225 3296 3831 4066 7432 7681 9309 9568 10336 11006 11358 11539 11719
61 1476 629 106 963 36 202 412 3834 3297 1560 3009 901 3081 1689 7589 171 158 413 2715 928
203.2405
70.8233

499 666 1077 1693 1820 2467 3850 3968 5125 6022 6211 6385 6875 7233 7380 7625 7725 8761 9661 9946 10416
61 202 106 1476 485 417 36 1061 510 2894 514 3573 505 412 511 408 6370 1065 516 504 512
203.0265
53.655699999999996

344 574 988 1320 2583 3447 4519 4628 5107 5125 5471 7725 10319
61 438 1476 593 3337 1769 3946 73 1770 577 989 1936 148
80.7872
39.5085

69 105 169 407 861 1864 2272 4032 4374 4913 5080 5226 5398 5764 5881 6371 7061 7378 8387 9198 9241 9358 10052 11304 12266
61 438 963 106 202 2235 629 635 330 1689 1952 3992 6227 3283 4847 11022 412 145 3447 6478 6369 1190 929 1311 11824
184.9995
82.0328

381 2272 3133 4615 4786 5546 6234 7537 8601 9239 10467 12240
61 2348 142 1888 1499 156 239 812 612 244 1323 2576
80.3591
27.9369

69 74 75 306 449 491 678 786 1249 2254 3176 3394 3561 3795 4056 5334 5597 5652 5778 5804 6987 7001 7806 8532 8950 10639 11425 11444 12027
61 1476 106 629 483 202 84 145 360 1603 485 191 156 1791 8499 3882 4190 5585 8471 3797 827 357 2576 8500 313 2474 182 5683 650
177.7028
86.0572

2866 3813 4596 4623 5610 5664 6227 7236 8000 8384 9337 11270
202 61 438 963 1476 137 6478 145 106 4626 8994 844
131.3134
55.4275

0 1069 3415 4200 5402 7170 7839 8297 9344 9407 9511
61 2235 1476 2013 329 441 202 2234 1304 1300 1306
74.1808
32.6228

1098 2011 2474 3128 3279 3297 4024 5205 5268 5610 7236 7372 7687 8578 11284
438 61 2189 5209 629 6817 3073 1476 1786 3702 1789 1311 360 2013 3256
116.3052
51.838

188 1765 2049 3516 5217 5405 5597 6163 7270 7639 8392 8933 12040
61 1476 202 106 137 629 3030 246 1888 151 1689 145 1856
96.1309
38.4735

126 353 786 1567 1621 3206 3223 3561 4077 5334 5353 6648 6680 7139 7384 7715 7793 9390 9482 9509 9566 9873 9884
61 438 106 963 191 360 9391 145 1547 202 1311 2811 2755 344 169 3838 2317 2746 1689 472 188 1628 109
180.1666
61.4763

122 490 1197 1223 1617 1846 3447 3698 3858 4308 4342 4608 4806 5170 5338 5430 5704 5932 7900 8260 8749 8784 9243 9262 9301 11317 11428
61 438 137 1476 202 36 4871 3072 3337 1853 106 3992 1616 3081 629 142 413 145 4132 1012 7776 3790 1600 4865 1936 577 1304
172.5189
70.5681

69 1247 1486 1575 2605 3176 3737 4865 5352 7268 7554 11784
106 438 61 36 156 485 629 357 3389 1819 1776 7378
92.6418
40.3334

343 535 2184 3462 4682 4791 5621 6706 6838 7756
106 2189 360 61 773 353 36 191 357 109
65.1122
36.3654

596 1776 1936 3389 3392 3850 4658 5689 7258 7678 10310
106 372 1311 3573 3217 1316 1796 1126 3575 1742 1817
47.2028
27.3907

394 505 582 893 993 1247 2575 3051 3255 3350 4203 4764 6049 6076 6707 8083 8108 8220 8578 11504
61 438 1476 36 2189 106 202 629 3056 155 998 7432 1776 152 403 7567 1770 504 899 1936
164.316
65.9532

69 855 859 1230 1581 1819 1923 1980 2178 3114 3839 3900 5027 6049 6136 6211 7236 7282 7675 8173 8397 8435 8618 9284 10431 11591 11800
61 106 202 2189 36 1264 8075 372 6369 4729 514 9417 2894 374 265 951 675 577 10052 168 2410 3080 169 792 1296 4806 373
127.2779
63.4123

182 515 932 1531 1575 1797 1818 2110 2612 3140 3223 3290 3501 3797 4014 4064 4608 5591 6061 7150 7575 8189 8496 8725 8955 9289 9696 11385 11489 11914
61 1476 963 202 483 106 968 2235 629 2189 1831 36 342 1689 9673 145 394 1264 156 2696 1582 3882 514 1098 229 151 158 977 1584 184
207.259
79.8299

33 265 3225 3914 4046 4312 6581 8429 8589 9239 10013 11284 11431
61 1476 629 137 412 7230 202 145 3073 1560 42 1789 1786
108.0089
46.1088

353 1352 1582 1963 3481 3697 3736 4794 4871 6415 6881 6928 9411 9884 11469
61 106 202 438 1476 3698 1552 514 3891 4477 145 9121 3884 629 9412
154.7477
51.9722

765 1132 2110 2385 2797 2898 3556 4081 4104 4858 6463 6680 6874 7733 7841 8275 8461 8950 9511 11752 12023
61 1476 438 202 2189 485 629 3337 3035 3072 2013 6368 3039 2612 106 6872 7737 1499 3992 6369 468
206.0775
89.8372

42 126 654 2162 2755 3757 4084 5610 6327 6698 6992 7113 7719 8005 8384 8780 10393 11913 12406
61 1476 438 106 2357 2189 171 202 5607 184 1264 2127 285 169 36 827 239 1791 158
185.6419
55.3193

169 188 421 441 635 784 797 1217 1953 2069 3114 3561 3884 3900 4047 4374 4832 6189 6358 6863 6975 7221 7696 8939 9301 10248 10379 10414 11427 11495 11504 11799 12589
61 202 106 137 483 1476 1311 7230 3081 1065 1888 3698 629 1264 795 6294 3072 3332 3905 1190 285 2385 2746 1451 812 4050 947 3080 374 7174 821 145 296
171.3486
84.9783

255 296 398 859 3072 4254 4486 5946 6402 6576 6861 6874 7739 9568
61 202 438 137 36 485 629 4626 514 483 1557 6369 4235 4477
147.7155
52.005

1276 3561 3585 4561 5866 7739 8636 8879 9786 12587
1476 61 137 4626 4235 4623 1557 1279 895 1562
103.6251
28.7146

374 975 3738 3795 4141 4454 5809 6841 10785 12040
61 1476 202 106 3030 970 413 1867 274 4427
93.0226
47.315

73 146 821 852 1587 1864 2334 2373 3133 3211 3296 3502 6402 7133 7372 7636 7719 8159 8613 9417 9487 9781 9809 11287 11385 11780
61 963 202 2348 36 151 438 6817 3838 4847 3297 763 158 441 145 1499 6783 612 7134 156 6548 2977 1753 184 2898 749
213.5592
73.67229999999999

160 464 530 755 3254 3501 5338 7018 8845 8955 9390 9411 9844 10992 11784
1476 61 36 629 3891 1552 1525 1770 1547 2189 9391 158 403 827 2601
114.6978
56.9302

296 433 491 593 941 1666 2049 2735 3757 4050 4519 5482 6646 6976 7687 8360 9682 9742 11444
1476 61 106 438 483 202 629 1311 4190 1012 1770 403 73 4832 191 936 151 3797 441
147.2569
56.2313

75 693 1320 2176 3203 3858 5418 5870 6515 6683 9667 10460 10957
61 438 1476 84 629 5059 145 1734 1310 8188 4536 8316 468
96.9753
37.1264

1776 2978 3023 3391 4822 4871 5978 6151 6557 6654 6680 6697 6938 7646 8349 8499 8985 9409
61 1476 202 629 514 1264 1888 4235 1316 4865 4477 372 8466 1382 895 2310 2755 3690
177.2695
48.6035

792 1077 1320 1441 1870 2162 2580 2844 3386 6151 6286 7221 7307 8845 9409 9505 9573
61 1476 106 629 8684 438 5591 2189 1061 895 412 1382 1389 1775 9583 3297 9487
171.7181
57.1067

200 574 802 1720 2872 3245 3508 4175 4228 4515 4889 5689 5951 6022 6151 6227 6301 6470 6680 6697 6742 7272 7525 7594 8410 8435 9813 9885 9893 10470 11024 11539 11646 11767 12069
202 61 963 438 106 137 2189 1476 36 2357 3251 4235 1796 2924 6483 965 333 5607 6475 357 593 441 8994 265 1499 3255 605 1997 394 3030 1296 3256 8340 2475 801
284.3238
95.2499

273 1347 2605 3356 4431 5338 6475 7625 9696 10050 11287 11411
61 438 36 202 605 156 2755 10052 184 239 90 1296
99.1413
35.2844

106 164 755 810 1186 1525 1867 2688 3614 3949 4306 5909 6461 7174 7701 8000 9696 9786 11006 12548
61 1476 202 36 963 629 6881 6478 9784 1871 901 4626 928 3342 2715 2836 158 7610 2755 2193
147.9908
75.5445

122 766 932 1575 1693 2473 4048 4119 4857 6241 7035 8024 8429 8484 8499 8548 8594 9239 9534 9893 10053 11411
61 202 137 1888 372 6874 1264 4858 4124 156 106 142 151 471 623 145 8466 1283 1954 792 2475 1301
163.8762
65.641

8 318 582 1331 1382 2178 2984 3213 3389 3414 4097 4124 4132 4871 4878 6034 6102 6309 6321 6335 6349 6368 6461 7453 8175 8389 8624 10125 12240
202 1476 61 106 438 2189 514 137 1311 329 629 6370 1138 1264 4477 373 330 1796 1127 977 1734 1279 145 332 4050 6336 4882 169 812
263.2851
92.4779

106 2594 2652 3028 3037 4379 5361 7760 8410 8784 9659
61 202 629 438 2601 1316 9784 1963 1476 1098 675
147.78470000000002
80.7656

13 188 447 558 768 1279 1553 1730 1850 1871 3867 3995 4686 5027 5412 5946 6747 6838 7157 7170 7701 7933 9026 9239 9659 9867 9885 10329 11394 11469 11551 11784
61 438 202 106 1476 2189 2357 485 1734 1530 156 2924 514 1311 1065 797 4050 943 3249 504 3074 2385 1764 265 516 2942 1689 1792 66 7860 932 792
230.4184
88.7013

629 1110 1283 1600 1850 2054 2652 2836 3541 3757 3759 4427 4608 4684 6226 6234 7298 7701 8001 8406 9344 9958 9977 10939 11914
202 61 1476 106 137 142 485 968 4847 3069 6227 438 2235 3072 330 10977 1888 1952 2735 2189 9673 329 342 1972 1304
268.43580000000003
123.9275

1311 1441 1751 1936 2402 3540 3951 6409 6475 6783 6875 9447 10248 10430
61 202 1476 485 1557 3542 514 9784 6370 4235 605 372 1568 2093
130.9501
51.1515

394 499 629 2362 3389 4486 6294 6371 6415 6943 7040 7244 7841 9645 9884 9958 9993
61 1476 106 36 2242 510 1311 505 511 1952 1550 2612 296 1831 202 1098 512
187.14339999999999
81.5193

447 632 1138 1352 1581 1603 1688 1697 1772 1846 1926 2625 2930 3045 3376 3815 3858 4612 4686 4699 5199 5463 5721 5811 5909 5987 6789 7208 9417 10333 10336 11332
61 106 629 1476 202 1753 1853 483 1311 3081 151 896 3297 675 413 1689 73 6783 1775 827 1856 1877 1128 330 173 158 2627 4789 3951 3790 1356 374
209.1529
77.996

505 1162 1441 2487 3140 3749 3854 4312 5822 6061 6458 7900 8383 9409 9412
61 1476 629 3992 1382 155 7432 3946 145 504 1554 795 1316 895 7790
123.4913
45.244

202 3944 5451 5463 5564 5704 6226 6241 6419 6648 6791 6871 9309 9427 9632 9742 10016 10431
61 1476 106 137 629 4379 36 438 6227 483 514 3072 3698 3081 6370 6719 1689 1311
311.7492
144.2048

115 122 184 449 917 2755 2904 2960 3033 4093 5044 5199 5281 5759 6217 6687 6882 8024 8173 9606 11422 11539 12548
61 202 106 137 36 6874 514 6369 441 352 142 2454 151 3797 773 146 145 951 4094 650 6548 394 3071
130.81040000000002
63.2492

0 111 151 262 574 1772 1797 1932 2209 4342 8220 8596
61 438 629 202 963 577 6385 593 895 8598 3698 1856
76.7773
36.3203

364 490 596 2378 2484 2526 2993 4913 6121 6707 7733 8088 11092
1476 438 202 629 3039 3540 7567 441 3332 7737 191 109 1012
109.7584
44.9861

593 658 1061 1143 1190 1290 1587 1603 1666 2055 2285 3447 4312 4568 4677 6163 6415 6419 6861 7377 7472 7655 8001 8121 8324 8618 9239 9241 9643 9813
61 438 629 106 137 36 483 202 330 3337 360 1012 516 4190 4832 1065 1856 246 1138 1936 491 731 3749 1818 397 2834 1316 35 2576 1306
200.1468
81.2019

421 533 1356 2861 3891 4409 4515 5932 6646 7272 8104 8326 11428 12120 12573
106 61 895 1311 1316 73 441 1451 1600 2385 6648 239 2977 4985 4609
71.0529
33.0441

993 4684 5307 6499 7180 7303 8169 8220 8323 9393 9487
61 438 106 202 763 151 3030 36 998 412 3838
102.1993
42.5582

271 1370 1845 2899 2968 3593 3759 5217 5268 6096 6102 6870 9393 9867 11398
61 3030 629 417 412 1279 2189 360 2396 2837 1320 2974 4050 372 1309
77.64750000000001
39.4723

23 160 171 262 364 629 2625 2788 2999 3622 3790 3914 3978 4448 4456 4563 4615 5281 5400 5866 6368 6458 6827 7113 7875 7897 8349 8844 10989 11399
61 1476 202 36 2348 106 137 970 2189 514 151 3337 158 1528 156 150 6370 3109 42 1831 352 1553 1098 191 1311 296 929 152 577 1522
253.50549999999998
107.0043

149 650 654 669 1923 2861 3481 5336 6233 7754 8461 8799
438 61 106 2189 1476 3337 3072 156 441 3056 1311 3992
95.0151
43.5304

398 459 975 994 1037 1217 1524 1666 1678 1830 3108 3556 3698 3908 4301 4389 4658 5412 5775 5882 6102 6198 6371 6646 8761 9284 10159 11580 11784 12406
202 61 106 483 137 1311 1734 3081 3072 4871 2189 472 1831 4050 577 333 6648 289 6369 927 3379 4865 5777 438 372 5453 5135 8765 1008 329
179.22820000000002
71.5762

583 786 836 4409 7897 8270 8323 9873 11024 11489 12113 12573
106 61 3072 202 3337 10939 5136 1916 2385 3900 608 374
59.9282
27.957

374 802 889 1275 1304 1444 1903 2004 2233 2594 2797 2960 3040 3072 3438 3697 3759 4054 5584 5597 5888 5978 6173 7367 7433 8088 8601 8837 8880 9344 9390 11438 11591 12118
61 438 202 629 137 2348 1476 5209 483 1316 106 1547 2601 3698 8075 1888 1689 9391 895 330 4729 394 514 171 1853 749 441 2624 2234 1796 401 1300 6548 145
270.7495
106.5971

632 1575 1666 1812 2000 2272 2688 2718 2836 3541 3757 3759 3854 3908 4057 4152 4291 4517 4609 5592 5689 5987 6089 6393 7363 7525 7575 7754 8955 9309 9551 10310 10374
438 629 61 202 2189 483 1311 151 1775 1796 1095 622 106 296 577 374 5135 3081 896 3951 2425 239 1582 675 2725 1670 3628 1972 372 1356 739 171 1331
145.7632
74.7199

658 979 1384 1864 2113 2242 2245 3254 6119 6792 7575 7941 8000 9173 10141
202 61 1476 2235 963 106 6478 3813 4626 3697 145 1584 1311 2159 1331
110.1237
37.6319

471 809 910 1147 1582 1625 2155 2176 2473 2696 3164 3391 3540 4029 6470 6683 6742 6817 6870 7148 8108 8589 8778 9009 10510 12113
202 61 438 106 2189 137 629 36 360 145 963 1311 1476 485 6483 6475 943 8471 812 6369 3542 191 951 881 2093 2755
230.1164
74.5795

397 468 963 3037 3056 3593 3908 4387 4789 5464 6321 6415 6992 7258 7367 7719 8323 11029
61 202 438 137 3072 514 106 6475 1499 5427 605 1936 1300 394 3052 812 5256 4512
169.296
79.321

200 442 629 731 788 798 1818 1837 2977 3206 3251 3889 4312 4609 4612 4913 5263 7028 7079 7525 7563 8018 8429 9289 9503 9674 10336 10379
1476 438 963 106 61 795 202 1279 3891 3081 441 5509 773 1138 827 1311 812 296 1831 2385 82 749 169 977 229 3252 802 1065
191.6294
98.5263

158 445 505 1037 1734 1742 2055 2062 2176 2272 3736 4938 5334 5442 5584 5592 6321 6648 6820 6940 6973 7246 7300 7465 7646 7754 8384 8678 9315 9358 9412 11431 12375
61 106 438 202 36 629 360 1476 504 951 485 1311 3951 155 930 413 795 191 3217 7432 1264 1554 1331 372 170 1095 3645 2139 3697 577 3082 3129 352
207.4361
89.1356

421 447 1138 1228 1320 2547 3031 3540 3847 3884 3966 4001 4379 4806 5205 6004 6789 6943 7191 7258 7286 7384 7465 7620 7816 8589 8613 9009 9146 9302 9568 11428
61 438 202 2189 106 137 5209 629 1311 145 1476 7618 468 372 1963 675 413 36 470 1098 6706 3574 1091 7372 1132 1753 373 514 3542 2755 2735 2093
228.4405
117.4753

13 158 184 3245 3307 3672 4857 5416 5509 5721 5951 6327 6973 7554 7806 8160 8780 8805 11496
1476 61 106 438 2357 2189 36 485 202 3251 360 4858 965 2334 629 1888 343 2349 1791
204.6838
73.4918

152 516 1311 1666 1753 3140 3209 3501 4858 5125 6499 7191 7387 7594 9146 9647 9682 11029 11489 11573 11914
1476 438 61 202 968 2235 106 342 184 9673 150 3882 472 1568 8817 3797 2378 3519 6503 158 8837
156.3842
69.5883

2155 3481 3797 4024 4623 4783 5607 6707 10785 12420
106 3903 285 1571 109 7 917 2189 7567 2755
68.4974
43.6651

188 515 563 635 852 1217 1336 2467 2520 2743 3225 3645 3978 4141 4254 5442 5591 5593 5618 5742 5811 5869 5932 5987 6061 7196 7739 8324 9284 9901 10510 10933 10939 11422
61 106 202 483 1476 137 438 36 412 629 4847 2601 1557 7230 4626 485 2189 145 1560 2454 514 394 3109 1356 3332 4235 1775 2696 1600 2139 6415 413 2894 7537
247.4453
94.1821

145 403 471 1077 1190 1309 1688 1870 2894 3025 3075 3961 4066 5322 5777 6415 6697 6919 7148 7427 7646 8024 8160 8624 9286 10303 10368 11438 11468 11816 12569
61 202 106 629 137 36 3081 485 1061 1264 1310 1689 4235 6874 483 605 1186 1854 1320 4476 169 1818 1499 3697 502 623 1967 447 1388 73 1888
214.6024
84.0024

608 1384 2017 2184 3295 3990 4094 4606 5591 5664 6402 6610 7409 7594 8596 8928 10460 10933 11520
202 61 438 483 106 3992 1853 514 137 629 1689 6385 577 6489 4093 394 605 2189 151
209.7814
55.9746

73 574 608 821 1309 2968 2999 3279 3815 4112 4228 4374 4608 6022 6610 6707 7097 7582 7619 8083 8402 8805 10038 10350 11719
61 202 438 36 483 106 1888 629 1311 514 1689 2189 151 1310 593 1011 2396 109 1316 605 2977 1554 4847 1320 7567
201.786
72.8834

12 398 891 1162 1525 2586 4132 5888 6792 7016 7378 8224 8397 9309 12026 12040 12589
61 629 106 3030 6881 1316 2093 1796 929 202 417 1311 329 1306 1967 407 1616
93.9083
47.0339

75 403 708 1091 1176 2956 3025 4054 4228 4473 4794 6415 6908 7719 8121 8466 9743 9977 11845
202 61 106 629 3072 2189 10977 145 3069 1311 3834 84 1264 3884 2093 8406 11176 4477 372
139.2037
78.198

780 2054 3738 4200 4973 6173 6775 6982 7933 8454 9123 9245
61 438 202 1476 3030 1820 6992 1853 504 1568 239 2898
93.5404
37.7657

66 1697 2827 2836 3028 4081 4363 4374 4389 4871 6061 6321 6706 6775 7442 7754 8159 8383 8578 8601 8917 8955 9390 10013 10374 10393 11520
61 438 202 2189 106 7230 514 1853 9391 4477 3035 1888 1547 483 169 145 70 3030 3031 6707 84 90 813 4865 1846 78 3517
214.7114
79.2438

433 635 795 2245 2594 2984 3356 3794 3795 4014 6294 6335 6478 6700 6878 7018 8805 9914 10297 11431 11611
61 202 438 483 7230 137 2601 629 1316 6874 1888 1525 6336 3332 827 6483 1734 285 441 786 373
165.0186
80.0637

235 343 499 1932 3203 4193 5564 6576 8636 11397 11444
61 202 1476 137 360 36 512 963 510 4623 4477
126.7423
37.1492

59 1331 1789 2701 3391 3596 3793 4112 4658 5402 5464 5675 5751 5870 6369 7646 8224 8678 9174 11767
438 61 137 202 329 3072 3337 106 2837 2093 170 4512 2835 1310 951 3073 1856 1647 1918 2755
136.2968
67.9171

126 151 596 1151 1193 1678 3394 3889 3944 4568 5597 6705 7655 8001 8160 8392 9302 9411 9862 9919 9967 10654 11411
61 106 1476 3891 629 202 1279 1552 1311 1098 1689 895 169 1856 1926 9412 7372 6706 3374 795 2474 73 9121
139.8107
50.6486

1336 1643 2526 2806 3839 5397 6898 7303 7760 9302
61 1264 485 3540 483 106 9417 516 7372 5398
54.1992
27.6083

1870 2055 2368 3120 3455 4622 4764 4938 5618 6831 6923 7793 11071 11393
61 438 629 1476 3081 36 2601 1011 1776 899 3126 145 2993 895
120.23910000000001
38.3315

1643 2594 3858 4094 4878 5055 5618 6121 6313 6747 7246 7636 8780 9487 9511 9919 12013
61 438 106 2601 151 1316 329 441 2013 763 3838 1138 330 899 1279 5059 6548
125.7218
61.6911

449 1774 1857 3951 4609 6349 7367 9659 10785 11578 11772
202 61 9977 438 1769 9784 2624 3797 1775 2139 1524
137.0519
45.5701

244 421 433 1765 2161 2844 3072 4348 4448 4563 5471 6049 6871 7162 7714 7801 8594 10321 12023
61 202 137 438 514 483 106 629 441 485 6370 1186 1389 6873 1476 892 1889 1850 550
149.0358
65.1009

394 851 1347 1864 1952 2259 4024 4431 5764 6151 7761 7941 8000 8231 8275 8387 8444 8487 9427 10003 10510 12573
61 202 483 106 438 1476 963 145 137 6478 485 4626 441 3081 4847 1888 3697 2755 169 4818 2315 3699
145.3412
58.6061

145 146 375 795 979 1151 1772 3132 3891 5199 5281 5696 6687 7756 7763 7804 8275 8411 8636 8815 8844 9551 10277 10939
61 202 137 629 4847 9784 1311 1316 4623 2189 1186 577 73 4324 4985 148 929 456 1854 2924 432 895 1254 1670
153.1125
80.2675

596 2968 3389 4275 4374 4858 5464 6923 7715 8678 8757 11013 11071 11448 11799
438 1476 106 61 1311 145 629 2918 2189 2974 137 4512 2073 2396 3797
102.2195
56.2417

821 1352 3276 4512 4561 5451 5675 5881 6151 6241 7148 7761 8154 9114 10292 10297 11468 12040
202 1476 438 61 3030 441 69 2280 895 471 373 6225 1616 407 7824 3279 1382 413
155.1748
38.3877

149 619 828 883 2699 3891 4003 4237 4342 4523 5268 5455 5467 6838 6875 7760 7841 8156 8578 8768 9011 9932 9950 11425 12233
202 1476 61 137 106 629 2189 485 1316 145 514 73 1963 2612 403 360 156 1554 675 5932 6370 2837 6340 158 1221
262.3745
74.5224

365 590 619 1126 1247 1734 2872 5322 5361 7170 7790 7839 8000 8173 9050 9427 9901 10277 12266
61 1476 438 202 2235 963 106 375 6478 372 6369 11022 1190 3283 3447 4626 2234 3992 1689
162.1286
65.21600000000001

160 447 693 965 2334 3379 4003 4704 4816 5322 5372 5472 6463 6919 7040 8342 9241 9262 9742 10125
438 61 1476 106 2348 4081 330 1311 158 6370 3847 441 66 1557 1132 150 3380 749 2159 3593
117.3075
52.2183

106 574 798 1688 1765 2288 2790 3133 3254 3760 3968 3994 4032 4124 4374 5943 6402 6792 7398 7639 7687 8156 8749 8950 9057 9198 9250 10167 11831 12014
61 438 2235 1476 9784 145 202 441 593 1370 1499 403 1734 394 577 612 468 1151 844 244 5462 2159 2755 827 586 3012 3966 1320 1989 1689
186.6943
99.9325

1232 1797 1999 3356 3793 4047 4306 6233 7212 8398 8502 8937 9243 11914
1476 968 202 137 2235 342 1888 1065 1311 4623 9673 361 1012 2086
90.0752
45.6695

91 563 784 891 1719 2155 2184 2797 3585 3597 4275 4871 5095 5430 5702 6151 7035 7150 7174 7620 8384 8757 10125 11539
438 202 629 61 514 1316 4865 7618 6370 4477 1264 1186 792 2755 169 265 296 7610 168 1254 3342 1300 1524 892
131.0483
60.146

535 836 1984 2245 2474 2974 3075 4119 4152 4857 5055 5093 5238 5580 5597 5704 5881 5978 6394 9297 10128 10416 10654 11411
61 1476 137 106 6227 4379 412 438 202 36 2280 4858 372 970 1311 3039 417 413 5059 1283 3147 1628 4124 4865
172.6693
72.54599999999999

257 404 1391 1718 2076 2144 2171 2474 2861 3290 3787 3900 4228 4933 5008 5869 6705 6807 6982 7233 7268 8624 8860 9250 9370 9469 9950 10416 11767
61 1476 106 202 372 963 412 137 36 744 441 629 6992 403 605 1499 4197 407 5286 3080 374 1796 6483 1554 6706 7270 265 5192 699
193.19740000000002
83.9872

59 1151 1845 1903 3114 4152 4806 5217 5764 6646 7291 7620 7636 9632 9661 10639
202 106 61 2348 1311 5209 1476 7618 438 4029 514 6548 1907 6648 6471 442
136.0826
37.0988

0 1625 2138 3031 3415 3483 3826 3854 8104 8790 9884 12587
61 3648 1554 1963 3646 5033 5182 1560 722 8 2810 3421
60.56
24.0176

13 910 1846 2368 2710 2797 2827 3121 5794 8178 10159 12569
61 438 483 1853 202 6033 413 1856 472 7776 4050 8
78.9582
32.4953

447 1213 1819 2176 2844 2918 3160 3795 4363 4486 5710 5794 5951 6309 6358 6478 7438 8047 8156 8389 8815 8933 9566 10989 11270 11284 12015
61 1476 106 438 202 2189 137 2357 1311 372 1316 3073 6483 3171 792 1888 73 394 1786 109 1389 9837 1789 6260 1877 550 1708
235.0669
98.3315

111 593 829 851 1126 1320 1444 1581 1600 1818 1846 1963 2436 2836 3051 3593 3698 3815 3847 4046 4519 4791 4816 4938 5008 6385 7286 7804 8160 9011 9305 11071 12014 12125 12233
61 106 629 137 202 3056 3072 1311 4871 3081 1476 145 1853 330 491 977 3574 1524 2735 1012 1972 4832 401 413 577 1770 516 2834 7776 1091 1391 827 2894 2837 755
200.9393
104.1538

365 768 1327 1567 1845 1984 3045 3704 4286 4308 5699 6217 6367 6680 7133 7841 8160 8386 8532 9284 10470 11393 11573
61 963 106 202 137 375 4847 2612 514 8499 2746 8471 7134 675 3838 170 8500 3698 1012 6371 1817 1331 2385
177.6718
55.0405

1147 1356 1522 2977 3274 3749 4293 5775 6687 8001 9026 11394 11551
61 438 202 943 3946 1525 191 514 989 2076 1792 2526 1065
93.4743
37.1464

73 158 200 462 1283 1531 1830 2266 2625 3025 3791 3966 4427 4439 5509 6163 6368 7061 8005 9455 12546
61 202 106 438 137 36 343 2334 514 151 441 1264 749 629 333 6370 7682 2977 1831 2349 246
183.8927
74.0904

788 2526 2699 4439 4822 5107 8133 8728 8879 11752
202 61 3540 3946 1554 3379 795 1499 812 6340
116.0389
36.8441

403 768 821 1320 1356 1775 1903 2564 3025 3356 3760 3867 4764 4858 6102 6294 6321 6412 6419 6576 6975 7438 7900 8326 8444 8768 10186 10308 10459 11024 12573
61 202 438 137 629 2189 2348 1476 2357 5209 145 899 3992 468 3905 797 1776 1264 795 3797 895 4477 1370 472 394 447 169 4141 4729 755 4050
205.1976
91.9636

332 650 2272 3056 3391 3541 5467 6089 6102 6928 7380 9455 9585 9682 11784
438 106 629 333 4050 3052 2755 1110 5427 331 7682 1753 6706 1389 3256
83.8734
41.3954

13 235 459 675 977 2507 2605 3251 3847 4981 5682 5881 6335 8121 9916 9967
438 6336 145 137 2159 2612 1138 2601 69 1817 3252 4050 3574 75 3742 3575
93.9182
43.8313

2520 2899 3914 4622 4789 5040 5338 5412 6096 6861 7303 7816 7849 8557 9781 9986
438 514 137 36 485 372 1115 1734 792 2993 619 1132 583 1000 1534 5342
86.02550000000001
40.4856

583 1279 2272 2586 4473 5789 5827 6952 8939 8955 9534 11845 12563
438 2189 1264 202 1888 1065 4477 3834 2735 11176 3249 1012 804
76.5193
38.9162

332 2176 2178 3251 3455 3568 3992 4622 7061 7472 8175 8499 9862 10319 11578 12452
61 438 2189 1264 9977 749 3081 1138 36 1888 1476 1011 8466 329 9743 3252
153.4965
60.4122

407 569 629 755 1734 2069 2138 2161 2176 2274 2586 3242 3243 3561 3709 4046 4439 4473 4764 5650 6119 6789 6931 7246 8406 8872 8950 9573
61 106 8684 1476 202 412 1311 3252 1888 6227 2280 417 3951 1776 899 4477 9583 296 1450 1091 372 1831 1796 2385 408 1012 895 6932
188.5765
95.9938

788 857 941 1217 1309 1316 1846 1923 2259 2467 2688 3140 3414 4275 4312 4379 4439 5192 5238 6707 7258 8406 8484 8933 9682 11022 11092 11435 11469 11816 12088 12406 12571
61 1476 438 629 106 1888 145 1264 1098 1853 202 1310 895 675 330 394 1382 1963 360 413 795 470 7567 10939 1091 1385 7776 2735 1348 3790 3796 109 1388
247.3366
118.0489

191 786 1230 1871 4226 5398 7816 8047 9534 10310 12569
61 629 2189 438 1562 1952 1554 106 2942 1560 1924
107.825
35.4911

1617 3072 3120 3296 4124 6458 7681 8397 8452 8502 9914
61 1476 106 137 202 483 5462 3297 629 1616 1888
110.9289
52.4111

35 105 306 623 883 962 1718 2274 3349 4006 4865 5742 5827 7696 8188 8778 9407
61 438 106 514 2280 516 1450 2601 8471 2894 3389 1796 2746 6369 265 441 963
117.856
53.6405

142 766 857 883 1070 1176 1587 1742 2047 2960 3737 4007 4482 4486 4515 4522 4878 5467 5593 5621 5978 6022 6515 6560 6882 7372 7801 8118 8863 8880 9503 12589
61 438 106 1476 6817 330 441 36 1138 809 3946 4523 329 3951 1279 847 5059 1310 202 6294 4536 1127 1382 332 755 4882 1331 4609 3820 2613 1940 296
207.2643
100.9719

467 533 792 965 1223 1275 1688 1830 1923 2004 2395 2977 3176 3501 3874 4001 4029 4561 5217 5361 5509 6245 6409 6789 6875 7307 7639 7715 8941 9146 9885 11504 11831
61 1476 438 106 137 2189 202 485 4081 749 629 4847 343 2924 1689 514 2334 156 4623 2344 66 357 1831 2349 2127 191 6370 443 1382 2393 6368 1557 265
249.2046
88.4516

632 857 1223 1355 1625 1999 3164 4047 4689 4865 5205 5696 6931 7040 7620 7636 8088 8189 8360 9645 9676 10450 10467 11386
61 2189 438 106 1476 5209 202 2242 7618 191 483 1550 1065 151 441 795 1547 158 6548 1831 3389 514 3556 1584
185.311
68.2211

471 780 3393 5071 5430 7157 7639 8985 9194 11435
61 438 485 1689 1476 6070 1764 111 1095 408
67.6811
18.5336

1774 4889 6189 6226 7268 7413 7576 8917 9409 11504
202 1476 629 61 36 106 6227 333 1382 895
113.9298
29.5837

184 375 491 937 1232 2993 3847 3914 3949 4112 5095 5170 6260 6478 7307 7311 7639 7655 8386 10003 10459 11646 11752 12125
61 202 963 106 2357 483 36 1476 137 9784 1499 1997 605 3574 4190 1689 827 1012 485 3081 456 3575 296 2086
170.814
75.576

122 171 464 1774 2054 2526 3073 3203 3307 3556 4308 4379 4512 5870 6301 6499 7028 7472 7733 7994 8160 8402 8790 9123 9458 9551 9676 11438
61 1476 629 106 202 36 137 485 1963 3030 3540 1098 3039 2280 2189 360 1820 142 675 438 1689 145 470 827 837 1091 795 2834
228.6524
100.4168

12 1249 1336 1524 1867 2285 2844 3542 4030 4275 4794 5882 6208 7244 7380 8323 8557 8875 8941 9050 9191
61 438 106 137 629 4847 36 1689 1871 202 3884 4623 1389 2652 1952 583 550 441 1818 1916 4776
143.8413
73.3825

142 257 810 941 962 3164 3376 4112 5303 5925 6841 7453 8950 9519 9862 9914 12589
61 1476 2189 9411 69 744 773 3946 3951 3889 629 827 963 1065 5268 1228 1817
111.5915
48.1261

932 1525 1893 2161 3414 4308 5338 5710 6468 9977
61 3072 6881 36 10977 3069 156 483 1972 151
102.6891
32.171

142 821 1249 3040 3255 3290 3698 3790 4764 4789 4806 5040 5238 5705 5809 7300 7413 7594 8133 8231 9390 10319 10329 10430 10989 11427 12571
202 137 629 61 483 438 1476 514 9391 485 4865 1547 3081 3946 3072 3951 145 1528 1776 899 4871 1008 4427 169 2315 1522 1554
172.3741
85.1812

798 893 1096 1249 1999 3508 3914 4230 6136 6369 8297 8342 12015
629 36 1476 202 937 106 3847 137 357 951 265 1541 1091
80.9974
41.6607

530 708 1877 3790 4765 5243 5809 5869 6393 6409 8188 8565
438 61 202 1528 901 622 4427 1522 3795 239 1554 173
70.6571
34.9602

42 152 1300 2285 2617 3030 3628 3889 5107 5166 5402 5696 6648 7148 7427 7582 7636 8189 8260 8548 8678 9344 12240
61 1476 106 202 6227 171 417 1279 3946 1304 3891 1311 329 184 6548 150 577 1568 168 170 608 2060 795
203.6265
82.0413

445 881 962 977 1355 2584 3147 4686 4724 4857 4865 4908 4933 5463 5592 7678 7941 8383 9417 9498 9880 10321 11145 11495
61 202 438 106 137 2189 4729 3081 4858 3072 3698 3951 3249 6783 145 4141 191 3389 1095 577 636 3699 1831 1954
205.59
67.8559

398 1384 1999 2617 3295 3995 5008 5416 6096 9291
438 329 1279 4677 2861 2942 2076 333 3994 4439
33.9718
19.3385

512 932 1254 1352 1524 1666 1837 2526 3206 3760 3839 4024 4081 4568 4764 5104 6658 6779 6783 7018 7291 7387 7696 7714 7824 9191 9250 9427 9977 10401
61 202 106 1476 3072 4235 629 10977 3069 1264 1557 3540 970 394 1525 3035 899 1370 2699 156 1776 827 2746 408 7739 483 66 1320 650 6908
282.359
102.6423

441 569 812 893 988 1217 2746 2978 3028 4203 4512 4649 5263 5943 6004 6034 6241 6301 6309 6697 6863 7636 7678 9538 9661 11611
61 202 1476 36 1311 4235 373 145 629 6294 106 2280 1846 1734 403 471 3031 6548 1616 744 3030 989 1770 2123 168 6554
218.1858
74.0335

200 663 693 829 3614 3874 4535 4973 6096 6881 8410 9759 11173 12031
1476 438 106 2189 417 441 145 4536 2898 8340 265 1389 967 1972
75.5043
34.6599

613 797 875 970 3040 5764 6779 7442 7554 8410 8613 8860 8937 9498 12571
61 202 2189 1476 4626 4235 417 155 1568 1451 2699 1557 883 8340 7739
127.5281
40.566

0 76 145 271 596 658 809 1846 2806 3056 3245 4301 4938 5365 5591 6022 6059 6336 6576 7208 7307 7316 7575 7793 8324 8387 8799 8872 9337 9822 11397 11520 11674 12088
61 202 438 106 137 483 1853 1476 3251 3052 965 191 1264 514 4847 1186 5427 4477 608 3072 998 516 148 512 3256 1451 394 413 3255 7776 812 792 1854 3790
271.5366
103.7556

658 784 977 1549 3072 3502 4794 5238 7174 7372 7790 8880 10016 10393
1476 61 483 202 137 438 6817 629 1550 1186 3884 2897 1190 1889
111.3699
44.0522

76 464 468 1290 2288 2689 3115 3944 4878 5303 5584 6923 8104 8154 9222 9509 9901 12546
202 61 438 330 69 1138 329 4882 1127 1279 394 3820 1151 332 1817 875 1191 977
141.8746
52.881

374 927 1582 2004 3421 6151 6233 6700 8435 9241 9667 10289
61 438 330 1311 1571 1689 3082 1138 36 303 245 1128
71.4406
28.1353

171 459 558 1587 1845 1871 1980 2274 3878 4132 5775 6229 7793 9284 9412 9844 10458 11393 11428 12587
61 629 438 1476 36 2189 1530 1770 2280 1450 1554 403 3074 169 795 2918 1796 2942 674 73
148.6646
49.9458

74 381 658 1190 2266 3108 3349 4024 4052 4308 4794 5166 6419 7032 7642 8742 8809 10297
61 202 629 1603 8875 36 84 1264 333 3884 3905 5107 5683 6225 3697 2699 5585 1279
113.1443
51.9983

569 650 1925 1953 2245 2594 3176 3556 3645 4849 4913 5352 6076 6370 6870 7719 8260 8397 8749 9174 9198 9241 9427 9498 9606 9643 9659 9813 10248 10333 10933 11332 12573
61 1476 2189 202 137 438 629 2235 1316 2601 156 1734 485 330 357 169 3297 1877 3379 896 403 3456 158 1796 2378 6415 1924 289 514 1127 4050 1384 515
208.3304
89.1003

343 1228 1249 1279 1932 3568 4066 4434 4794 6646 7739 8128 8805 9291 10350 11784
61 438 106 360 202 4626 1311 963 1065 1557 1888 191 4235 357 3884 3249
123.7917
46.6037

459 855 1061 3283 3386 3502 3949 4684 5593 5664 6336 8074 8387 9632
61 106 438 137 483 3081 3072 360 1264 4847 516 605 4864 1012
123.3074
41.7348

994 1126 2018 2178 2520 2584 3462 3978 4064 4308 4448 4491 4561 4724 5311 5416 5832 5943 6838 7806 8005 8461 9412 9712 9844 9880 9967 11399 11772
61 1476 438 2189 202 629 106 4729 403 3337 1264 1770 155 1311 3072 145 1554 3249 36 156 1791 441 5787 3992 1279 1553 150 4141 3056
285.0888
94.2098

151 930 2272 4342 4374 5775 6807 6938 9153 11394 11845
61 202 963 2189 1476 1264 895 795 943 3834 788
113.0435
47.0811

145 829 1162 1581 1666 2520 4199 5166 5600 5789 6631 7040 7725 8103 8159 8466 8601 9676 9696 9717 10671 11304 11419 12047
963 202 106 2189 8461 61 1689 1888 1854 1264 1186 4252 2735 795 1499 6459 158 394 8406 804 8975 675 1065 1936
127.0861
61.9065

59 145 632 1249 1774 1830 4032 4050 4200 4374 5418 6409 9194 9393 9411 9417 9643 10350 10467 11304 12575
61 438 202 963 1476 3891 412 629 417 1552 1186 1689 483 3030 151 9412 6783 1734 9121 1831 173
164.6528
61.8305

3760 5079 5217 6810 7841 9566 9643 9667 9786 10277
106 2612 1989 1370 109 468 1817 2755 675 394
42.1877
21.5674

0 1464 1525 2474 2735 3213 3815 4561 4626 4684 6096 6211 6831 6863 6943 7141 7270 7282 8757 11145 11646
61 1476 202 963 106 155 372 6881 1888 1560 403 502 1311 1997 895 2836 78 1382 1557 1967 1173
180.7968
54.6696

784 809 1819 1916 2395 2894 3176 3481 3790 3978 5008 6491 6700 6705 6952 8104 8156 12015
61 106 438 1476 137 36 629 937 156 483 485 1528 357 3109 372 812 6706 1522
144.7658
55.5363

421 535 2069 2866 3578 3760 5307 5696 6871 12546
202 61 438 6370 1476 514 145 1850 1389 577
71.9492
37.8469

105 490 510 632 1347 1603 2161 2233 2827 3191 3794 4065 4523 4849 5742 6004 6022 6089 6461 7097 7270 7761 8073 8169 8397 8450 10380 11284 12113 12571 12575
61 106 36 629 202 483 1789 1963 2234 441 10939 3073 1786 151 2601 514 1012 5932 169 2162 1176 8075 3818 1856 2755 372 8074 2834 205 1999 90
177.466
83.8228

33 244 535 1553 1893 2344 2575 3508 3736 3793 4193 4608 5352 5564 6881 7258 7866 8005 8452 8768 9239 9822 11228 11425 11539
61 438 1476 106 137 145 629 156 36 357 152 998 932 1186 7860 296 1922 1764 42 895 1967 766 2576 168 129
153.7249
64.403

515 669 758 3790 4112 4622 5943 6358 6863 7440 7591 8001 8499 11332
61 106 1311 1888 145 1264 6451 3297 403 441 8466 1528 109 2696
97.1445
40.2885

768 1190 1230 1391 1450 3031 3279 3867 4308 5471 6870
61 629 2357 36 73 797 1382 1311 895 3648 1554
80.5234
40.3575

1625 3160 3254 3415 3542 3882 4538 4561 5199 5866 5888 6163 6928 7625 7754 7763 7793 8128 9528
1476 61 438 629 137 202 1316 2280 3171 73 246 1616 3760 3884 773 394 929 1952 1450
146.9827
52.0819

516 1487 1797 1812 2272 2487 3350 3736 3813 4054 4622 6260 6817 7725 8159 8326 8360 9977 10671 11646
61 963 202 3072 191 360 3069 10977 372 943 184 1689 2696 145 6369 483 1997 8774 844 8975
123.9633
59.333

441 1742 3160 3414 3462 3794 3813 4112 5759 6096 8450 9169 12546
61 1476 106 2189 36 1316 773 1311 3171 73 6294 844 1450
81.5326
35.2147

171 255 407 930 1441 1549 2790 2899 3045 3350 3853 4871 5621 6610 6779 7793 8000 8398 8725 8837 9284 9302 9932 11304 11397 12120
202 1476 61 629 438 963 106 36 514 4235 6478 412 4626 169 1689 1550 2699 4477 6227 7739 257 1098 970 929 7372 512
286.5946
73.0129

397 421 2246 2599 3114 4050 4308 5338 5664 6861 8444 9498 10333
438 2189 36 629 1476 1877 1095 3797 2255 1774 896 4609 1871
65.8278
30.168

188 904 1223 1370 1734 1850 1857 3106 3115 3290 3578 4097 4230 4387 4538 5394 5597 5869 6309 6787 6807 6923 6943 7249 7733 8074 8578 9390 11332
1476 61 106 202 629 438 2189 963 485 2280 605 9391 1279 1616 1547 3039 372 4864 4623 285 7737 4197 3297 1524 145 1151 1499 1091 374
233.3469
86.6309

13 106 109 582 673 1754 1900 1997 2069 2520 2526 3356 4631 5182 5809 6708 6923 8159 8780 9390 9759 9862 10186 11845 12302
61 202 1903 2189 514 9784 3540 3834 1547 2755 9391 1264 1907 1905 11176 2746 433 4050 90 4427 786 7094 4729 5071 812
151.6679
90.8029

917 1581 1870 1871 2117 2584 2872 2918 3462 4439 5027 6208 6226 7507 8178 8384 9153 9585 9932 11386
1476 61 202 2189 6227 788 1264 1877 844 795 4141 9837 1311 408 1474 2254 3037 773 675 2942
185.9097
45.0201

164 397 608 1230 1581 3455 3737 4339 4374 5027 5268 5398 6358 6705 6871 6940 6952 7427 8118 8955 9305 9393 10167 11428 12088
61 202 438 106 629 514 6370 417 3081 2189 412 36 1011 1952 1689 1850 441 3030 2837 360 6873 6294 6369 6706 10939
157.8999
75.4192

355 2882 3133 3540 3946 4522 5442 5811 6409 6831 7061 8000 8780 9002 11411
202 61 1476 963 1311 6478 3542 485 809 4523 4626 372 239 612 2093
114.4742
43.0056

563 917 1254 2285 2473 2746 3949 3994 4293 4326 4454 5336 5980 5987 6198 6208 6286 6775 7001 7236 8326 8411 9146 9239 9509 9625 9873 10654 10977 12563
61 1476 438 202 629 1530 5591 485 1775 106 1867 408 1522 152 577 413 827 1858 394 970 4677 2076 3 2526 2317 274 875 3668 5136 8837
163.0187
76.4546

768 962 1384 1775 3456 3966 6369 7268 8790 9390 9661 11394 11438 11646 12302
61 202 963 106 36 1476 514 9391 1547 137 4865 472 899 951 1689
175.34550000000002
45.7196

355 459 569 574 669 1069 1126 1370 1697 1923 2017 3585 3804 4374 5866 6211 7163 7300 7465 8402 8768 9114 9551 10350 11029 11317 11816
61 438 137 106 202 1264 1279 593 441 372 413 8406 1796 4847 1309 1734 7298 1391 6415 514 1320 504 3375 394 2735 1095 6413
131.5601
62.8613

332 676 693 1276 1347 1524 1693 2062 2245 2285 2701 2790 2974 2978 3128 3164 3813 4677 4908 5866 5909 6119 6234 6687 6881 6938 7442 7801 8018 9123 9178 9632 9901 10374
61 1476 438 106 2189 142 3030 333 202 373 1820 1110 1918 372 145 1279 331 1311 3256 206 5135 844 2755 6943 151 1753 169 1972 837 90 3 8270 1742 2425
213.8139
85.1289

271 1384 1444 2149 3421 6648 8001 8774 10379 12587
1476 106 61 8775 330 1311 191 401 1530 1742
49.9363
24.6163

505 658 1356 1693 2710 3501 4256 4822 4871 5882 8260 9534 9568 9786 10289 11176 11483
61 202 106 137 4477 514 155 7432 169 3178 504 4865 930 1647 4476 2594 1304
112.3994
45.3661

28 1444 1549 1776 2018 2507 2790 2844 4475 4983 5635 6358 6631 6919 7588 8128 8768 8815 9712 12589
1476 61 137 202 372 5787 1550 330 106 1389 401 1316 6459 9713 4536 1819 68 73 550 441
129.3221
53.0357

364 1069 1382 2178 3349 3978 4374 5416 5592 5951 7208 7714 9358 10292 11092 12031
61 438 2189 106 202 629 145 441 1279 1264 3109 191 4789 3332 1095 352
125.0141
47.1162

768 861 910 3315 3501 5357 6707 7432 7625 7714 9153 10186 11425
61 629 1476 788 202 795 169 7567 1474 145 109 3882 5359
92.7698
42.953

73 120 404 3966 4786 5008 6449 7307 8018 10401
61 106 412 202 6451 151 2977 407 36 2385
100.7596
36.4289

271 459 2246 2735 2811 6515 6680 7040 7576 10292 11914
61 1476 2814 968 342 2235 191 403 9673 372 5059
108.803
42.877

421 797 1356 1857 1985 2162 2960 3023 3073 3106 3561 3914 3968 4254 4563 4783 4878 5281 5584 5621 6225 6241 6385 6863 6943 7687 8159 8679 8790 9057 9568 9862 10053
61 438 1476 106 137 329 1311 36 629 332 169 1127 145 330 1524 2894 1963 471 3820 1279 1138 1451 4882 516 4609 2835 2834 1924 239 331 1012 1972 967
193.0585
99.0987

126 812 1132 1275 1730 1734 2004 2368 2827 5621 5689 5759 5822 6013 6394 7300 8716 9286 9986 10141 10414 11425 12023
1476 438 2357 61 485 970 36 169 372 1854 1689 145 744 3951 1796 2123 1924 1999 2613 6402 1283 468 936
118.7465
61.0544

76 111 766 2652 2898 4308 5040 5451 5463 5682 6189 6449 6938 8024 9344 10319
61 202 6874 6451 145 468 623 1300 1304 1389 1306 6943 1925 239 50 2755
96.8769
44.5955

1370 1754 1926 4094 4184 4230 4423 4475 4919 5027 5095 5226 6130 6680 6783 6841 6871 7563 8189 9625 10297 10420
61 202 1476 514 1557 1279 6370 151 106 1850 4235 675 1541 73 6873 6225 394 4093 1388 1320 158 2463
167.2637
60.052

530 788 1566 4228 4439 6419 8578 9712 11419 11539 12546
61 2189 1476 5787 202 1560 795 9713 502 1568 4536
89.1046
35.6913

364 505 768 1643 1718 1984 2385 6870 7040 8160 8716 9511 9551 10248 11387 12015
61 1476 2357 106 2013 155 191 7432 504 352 265 1854 1708 930 1796 3645
106.2576
38.5608

126 374 780 784 988 1065 1151 1557 1900 1997 2526 2575 2984 3031 4286 6874 7001 7032 7291 7440 7785 8018 9309 9344 9742 10431 11270 12375
61 106 1476 202 1903 36 485 1311 3698 514 145 6451 629 1301 394 3540 1764 6369 296 169 413 1734 3905 152 1905 827 1907 265
207.78979999999999
88.7771

109 244 257 381 731 895 951 965 1253 1525 1643 1953 1999 2171 2234 2266 3356 3596 3831 3914 5263 5652 5822 6227 6698 6975 7058 8061 8618 9297 9950 10038 10629 11489
61 1476 202 629 438 106 137 412 963 1903 145 3834 4081 675 744 333 1065 417 8994 3905 1547 372 3009 795 4882 3035 3056 329 6881 1186 66 608 413 182
275.9185
112.39789999999999

73 1742 2547 2699 3771 4517 4628 6211 7221 7298 7576 7735 7897 11145
202 61 629 3337 151 1554 2977 1331 2898 158 6340 3556 307 4476
152.2016
40.5653

158 459 1290 1797 2049 2246 2688 3483 3541 4409 5268 5322 6013 6870 7272 7609 8397 8589 8809 9123 9412 9780 11302 12040
61 1476 202 106 137 629 3992 7230 3030 514 483 2174 6874 151 330 2189 145 2837 3905 1450 1820 11271 3556 360
209.066
82.478

795 1110 2004 3283 3804 4523 4892 5361 6286 6976 7824 9169 11444 11772
61 438 1476 5591 330 1963 1775 1138 329 6089 577 5932 1753 1689
146.4927
45.859

91 152 441 650 1621 2208 2288 3992 4052 4689 5080 5509 6076 7380 9114 9585 9780 11578 12233
1476 438 61 749 9977 106 145 2189 343 1311 2334 6294 629 3556 9743 2344 4050 2755 1568
153.9243
69.532

965 1262 1643 3568 3797 4226 5775 7427 7933 8103 8450
61 106 1476 36 1557 4081 1264 1562 66 504 1554
117.08670000000001
37.455

91 145 158 977 1061 3030 3037 6707 7563 7756 8161 8178 8386 9297 12573
61 202 6227 417 483 412 106 137 360 413 2755 1186 608 516 1854
147.5956
51.5374

318 1290 1355 1464 2017 2526 3884 3889 4119 4475 5368 5704 6022 6415 6706 6783 6827 7141 7372 7433 7715 7881 10450 11913
61 202 438 137 106 372 6817 1557 2189 3891 1888 3540 330 1279 169 4235 1283 401 4124 6707 899 1065 3037 1560
192.2025
69.5976

145 265 593 1567 1603 1850 2547 3464 3556 3596 4003 4050 4538 4608 5334 5882 6121 7196 9284 9645 9647 9661 9914 11913 12013
61 202 1476 106 36 629 2242 485 360 2189 441 2280 329 491 1550 1856 1616 191 1186 285 1547 1584 3797 812 289
225.7178
80.1477

74 318 381 798 932 4032 4687 6049 6367 6557 8083 8450 8880 9505
61 438 106 202 36 1603 84 514 156 6370 5683 5585 3297 151
127.2303
42.5518

306 583 930 1356 1776 1923 1984 2076 2259 2584 2882 3593 4626 4684 5217 5361 5584 5696 5721 6294 6878 7148 7180 7316 7646 7824 8128 8323 8761 9390 10310 11006 11504 11780
61 1476 202 629 106 2349 6874 1316 1547 9391 155 2348 372 1560 901 502 4141 577 171 929 413 928 749 1916 313 1301 3697 8765 1311 270 471 2715 8844 904
259.2148
101.497

563 1487 1625 2440 3568 3583 3831 4226 5199 6013 6294 6309 6478 6560 6976 8270 8386 8749 10989 11495 12013 12240 12266
61 202 137 438 106 3072 1562 3834 3081 11022 3698 1560 441 3283 3009 6483 3447 3992 1311 1554 608 333 11824
202.5332
82.254

468 623 797 1096 1336 1980 2011 2584 2689 2715 3379 5650 5682 5764 8570 9315 10297 10933 11386 12125 12573
629 36 202 106 61 1316 514 145 9977 373 4141 394 2894 6225 516 3380 1091 1451 977 2013 6369
110.3766
53.3495

930 2144 3600 4003 5166 6004 6260 6846 8128 8827 9146 9551 9566
61 106 605 109 929 2755 2605 1689 8837 6855 7820 4410 3624
58.8108
27.6915

91 126 182 654 1309 3585 4006 4046 4054 4475 4878 5342 5664 5931 6309 6610 6654 7133 8260 8324 9123 9393 12047
202 61 963 438 629 2189 3030 8461 329 412 1264 4847 36 1310 417 1138 330 441 1279 169 7134 2696 1127
212.9425
69.6211

1275 1789 2586 2755 2797 3290 4228 4301 6369 7398 8429 9194 9284 9786 10053 11444 11973
1476 61 438 106 2357 3337 137 202 9325 2837 5837 951 11954 1647 1554 2835 6322
104.994
48.9204

74 364 365 404 1617 1797 1985 2069 2259 2699 3023 3315 3556 4427 5702 6151 6229 6610 6705 6776 6863 7236 7455 7554 8406 8478 8749 9284 10510 11173
202 61 106 1476 438 412 375 629 1603 84 2189 1311 1888 1616 441 5683 169 5585 352 1554 6340 407 514 4132 191 289 6706 7378 374 3379
285.3544
97.515

613 857 1217 1697 1818 1830 4200 4623 6234 7162 7642 8698 8937 10053 10393 10420
61 202 142 106 137 438 2357 8706 3697 2699 2029 1626 3074 394 929 1831
129.0978
51.8106

1936 1997 6475 6810 6908 8189 8450 9301 10397 11489
106 36 61 605 239 2627 612 90 1689 6309
54.6156
30.7002

126 893 988 1132 1283 1669 1720 1819 1963 2696 2790 3290 3456 3908 3961 4448 5462 6461 6875 7150 7258 7619 7701 7725 8159 8502 8624 8863 9534 9977 11022 11029 12233
61 438 36 202 106 483 485 137 3069 3081 169 3072 10977 372 514 330 1888 394 1718 2834 608 2837 4865 239 1972 4623 1011 9311 989 361 605 5990 8774
206.029
100.4798

365 374 535 693 1355 1356 1774 1789 1936 2402 2861 3056 3290 3757 5263 5338 6687 6698 6827 7212 7387 7575 7591 8499 8844 8955 9315 9743 11270 11845 12569 12589
61 438 36 2189 106 629 1264 375 3337 1888 441 202 2837 1311 3834 394 1647 1831 5427 2093 265 8466 2755 792 11176 1775 3052 562 951 372 485 1963
228.0856
97.1895

970 1151 1247 2164 2234 2487 2575 3296 4097 5079 6163 7035 7372 7816 8189 11591
61 1476 106 438 137 202 6817 155 3297 675 8075 152 4729 3035 1311 417
186.4877
58.2879

2242 4563 5789 7212 8323 8444 8775 10671 10939 11520 11816
61 1476 2235 137 4847 1530 1264 6143 1853 3813 5585
128.7946
47.6909

106 875 2474 2689 2978 3628 3994 4519 6415 8570 8939
1476 438 9784 1888 1264 1770 2755 373 4476 35 3
96.472
56.9895

355 464 798 1151 2272 2395 2882 3245 3508 3847 4806 6119 6463 7619 8175 11006
1476 438 61 36 483 629 3251 1311 965 901 357 928 1011 3256 2715 3255
118.269
52.1768

467 499 582 676 786 821 993 1176 1352 2584 3028 3031 4054 4609 5033 5869 5946 6463 6831 6931 7061 7208 7244 8188 8386 8618 9286 9384 10992 11425
61 202 438 2357 36 1476 137 106 2242 510 998 5580 511 2601 505 3039 2280 1846 145 512 4141 4504 812 3030 169 504 3868 468 7733 6932
208.1954
79.5168

115 122 467 632 857 1678 2049 2882 2999 3069 3108 3568 3867 3968 4084 4379 5650 5932 6313 6987 8487 8578 8809 8939 8985 9026 9174 11845 12012
61 1476 2189 3072 106 629 2357 1264 137 151 1963 1888 3834 483 2127 675 1098 142 468 1530 797 374 2735 265 11176 1091 1877 470 145
229.67180000000002
105.6267

1223 3481 3891 4003 4563 5635 5888 6009 6553 6967 7849 8596 9173 9178 9305 9813 11304 11752 11784
61 963 106 202 1316 895 137 485 73 1689 6385 206 1499 1451 840 577 6342 8601 881
122.765
57.9962

8 932 1232 1356 1754 2984 4374 5811 5822 8955 11145
61 2189 156 1311 151 1734 1301 2086 1382 158 1831
78.4209
31.299599999999998

202 1524 2073 2254 4981 7270 7453 8088 10050 11489 11551
61 1476 438 106 629 4379 36 3072 137 3081 6227
289.9273
150.4013

13 788 1877 4054 5580 5742 6475 6708 7398 8159
4379 106 202 1476 2280 605 901 3039 797 795
75.4721
44.7773

75 792 1391 1525 2011 2484 3223 5418 5564 7733 11419
1476 963 6881 629 84 61 3039 1689 5580 1734 1128
106.0131
42.4692

75 582 970 988 1069 1734 2069 2810 2866 3307 3421 4427 4448 4606 4981 5071 5909 6004 6119 6225 6369 6470 6478 7719 8178 9344 9986 10467 11394 11419 11422 12113 12375
61 202 1476 485 106 145 629 963 1311 137 6483 84 155 417 951 6475 514 441 4626 1389 1499 36 2454 360 3742 372 1304 10939 1300 3456 2159 989 4050
263.5827
100.9149

844 2144 2564 2696 3279 3508 5597 5777 6393 6979 8156 8844 10013 10244 11317
61 438 106 2189 372 7230 1476 483 357 169 1311 622 1264 3517 2474
108.8816
45.55

381 3023 3389 3749 3850 4119 4321 4783 6789 6976 8270
61 106 3072 372 1311 3946 3573 4124 3392 608 1283
66.3082
30.3622

33 812 1279 1669 1846 1936 3578 4003 4348 5095 5564 6234 6827 7866 9169 9407 10186 11866
61 438 142 106 1853 1065 3992 202 3249 413 4029 7776 42 4729 3790 2123 330 296
100.6114
48.4497

445 583 666 676 851 975 994 1818 1980 2378 2861 2866 2894 2993 3255 3349 3884 4200 4608 5870 6121 6172 6875 7180 7233 7246 8389 9411 10186 10244 10368 11772 12069 12577
61 438 106 202 1476 137 145 485 36 629 3891 1552 441 2357 514 1279 483 1065 1310 2349 5607 977 516 9412 73 6370 2348 9121 3012 766 8173 3704 1625 1854
197.1436
90.0036

273 563 1077 1228 1391 1846 2715 3908 4050 4512 4938 5095 5451 6163 6358 6654 6975 7079 8297 8387 8594 8815 9822 9873 10321 11578
61 137 202 9977 1061 1316 1853 629 106 795 3905 998 4847 2280 413 1254 6706 1616 2139 246 3790 3797 1888 7776 296 892
152.6486
72.4138

857 1147 1347 1751 3447 3704 4374 4387 4612 5125 6327 6409 8324 8411 9568 9645 9809 11719 11831
61 1476 438 2357 2242 202 3337 1550 5607 1379 69 285 2234 2755 1584 145 1936 1547 150
168.0804
47.3676

353 1331 2956 3276 3415 3508 3698 4649 4658 5463 6009 6286 6449 6544 6987 7097 7642 7763 8461 9919 11399 11800
61 202 438 1476 137 2189 3072 106 629 3337 5591 3081 4871 6451 155 156 970 577 357 1311 3056 151
240.8652
96.455

343 490 852 1070 2233 4448 5682 6898 8360 9262 11006
1476 61 629 360 145 202 2234 191 357 928 353
79.8586
34.0916

810 993 1370 2069 2583 3045 5398 6309 6878 7272 8121 8383 8548 8827 8860 8880 9337 10430 11428
61 1476 106 629 6874 1279 73 1952 998 7618 1309 145 1320 2772 265 562 917 1000 5238
102.124
51.2906

619 1348 3379 4871 6371 6393 6731 8454 8496 9390 9667 9862
438 202 106 514 1547 4477 9391 632 169 622 6369 1254
73.141
30.5319

171 353 1162 1553 1621 1720 1837 2564 3140 3332 3456 4326 5400 6130 6301 6336 6367 6603 6807 6898 7286 8384 8410 8809 8844 9239 10360 10668 12113
61 202 629 137 36 438 2189 1264 145 963 4865 156 3072 514 1499 605 1718 1770 4197 188 1854 2576 7860 932 6371 6483 10939 827 1628
224.0785
83.4049

1193 1625 2612 2652 3547 3583 4024 4439 4857 4938 9880 10125
61 1311 4858 6370 1191 1831 1954 516 1772 515 173 2655
78.9562
35.139

120 296 403 468 613 1151 1162 1837 2054 2449 3213 3455 3709 5263 5689 6385 6952 7133 7804 8073 8188 8392 8678 8939 9026 9309 11674 11913 12577
61 963 106 438 202 2894 629 1311 4847 3081 145 1888 36 394 516 2454 1689 1264 1011 1856 731 7134 977 1796 2385 1065 1012 1388 895
189.8141
88.3225

171 257 855 3307 4431 5095 5804 5931 6102 7148 7162 11413 11431
629 36 106 485 137 744 352 4050 1770 360 296 188 1098
63.0086
29.264

1132 4084 4097 4649 5931 6908 7372 7377 7669 7941 10467 12014
61 1476 202 106 6817 2127 1311 929 372 3697 1791 90
136.2849
39.0664

13 844 1061 1151 1167 1331 1857 1924 2000 2176 2334 3121 3622 3884 4225 4306 4379 5166 5322 5777 5778 6385 6747 6792 6863 6979 7563 7678 8570 8790 8827 8880 10277 11580 11800
202 61 106 2348 1476 483 372 2189 438 1065 1311 516 360 629 441 1963 1554 169 675 1012 1098 6033 2894 4050 1856 145 182 2735 1524 468 1560 244 181 1385 1091
267.2098
118.5617

2178 2810 3023 3108 3990 4275 5591 6096 6119 6475 6515 6982 8175 8342 8937 9297 9305 9337 9458 10957 11428 11816
61 438 202 2189 483 6227 1264 412 3992 1476 106 6992 605 3847 413 5059 8316 8188 394 417 514 1311
150.9907
65.016

658 768 975 1223 1384 1924 2047 2119 2259 2449 2605 2811 3914 5170 5397 6361 6783 6871 7307 7442 7625 8154 8156 8444 9146 9534 9566 9844 10069 10141 11411
61 202 438 106 2814 1476 485 4235 514 629 3905 6370 1770 1560 2454 403 1557 109 307 847 6369 2755 244 5398 2918 1718 1554 1382 3749 6873 1850
292.7646
86.2071

2234 3790 4612 5352 6059 7453 8061 9291 10989 12069 12452
438 202 137 1903 675 1547 2357 3035 5607 3056 1528
64.7019
34.4973

306 467 608 678 2499 4199 7286 7701 8224 8827 9885 10379
61 202 2924 2093 1689 605 1499 313 468 827 4050 1314
53.8986
33.0193

206 296 397 632 654 937 1290 2184 2755 3045 4030 5866 6294 6385 7875 9862 9993 10244 10510 11228 11428 11435 12548
61 438 106 1476 2357 202 970 483 330 2894 151 827 4625 1012 1065 929 516 7876 1524 13 967 374 333
138.9333
60.0143

3749 5199 6982 7141 8073 9173 9250 9384 9684 9946
202 2357 1476 61 1888 2242 5580 6992 3946 2280
89.4709
35.4353

200 669 1900 3120 3698 4007 4379 4431 4858 5238 5580 5978 6089 6229 6367 8624 8799 8837 9114 9174
202 61 629 137 1903 106 1476 3081 2280 441 3072 4871 1963 1098 3039 514 675 1311 470 1091
162.7798
92.1234

449 468 3031 3561 3867 4628 5472 6327 7258 7433 8805 8845
1476 61 2357 438 285 1888 394 797 5607 3797 3648 265
123.1496
40.1561

8 158 673 802 810 1026 1162 2710 3356 3483 3547 4084 5455 7655 8384 8406 11419
61 106 1311 2127 1888 265 1791 1476 1264 239 1796 3082 3178 394 801 3129 562
95.8404
45.5077

332 780 792 930 2011 2164 2696 2790 3194 3794 3944 4724 7824 10319 10463
61 1476 438 106 4729 1110 3337 333 3249 331 929 2168 2013 636 2018
153.9528
49.8248

1575 3031 3622 3889 4057 4321 6553 6881 8749 10053 10992 12547
61 629 438 106 3891 145 2601 1279 6554 3037 899 795
88.0056
42.808

792 1621 2348 2605 2689 4379 4427 4689 4816 9315 10319
438 202 36 61 343 629 749 145 1476 106 1963
121.8107
65.9935

563 1997 2400 2599 4517 5303 6491 6940 8578 9509 9970 12589
2189 36 69 1095 438 1817 875 2612 1936 344 2317 408
51.3318
31.6636

66 152 535 623 1566 1666 2978 3797 3966 4682 4699 6136 6776 7174 7380 7675 7793 8589 8872 9289 9393 9458 9482 9573 9667 11573
61 1476 202 438 963 137 8684 106 412 417 514 150 145 1560 36 3030 265 502 84 373 2894 78 2811 72 3951 1831
246.6183
74.9475

273 676 795 1176 1283 1444 1464 1688 1753 2011 2144 2977 3279 3481 3597 3709 4029 4175 4256 4822 5777 6419 6775 6841 7174 7291 7824 9862 9916 10069 11029 11176 11428 11580 11767
61 202 438 106 2189 137 3905 330 1476 1311 145 191 169 401 2013 963 148 1186 2018 307 927 1065 1647 1689 1228 55 1911 7610 4609 3994 3342 792 4177 4578 52
285.4234
101.1313

1603 1818 3072 3164 3191 3206 4029 4339 5322 6076 6838 8844 8985 9250
61 2189 106 438 137 202 483 629 1734 145 2897 1176 403 182
134.2331
53.6303

802 977 1290 1320 1336 1818 3120 3245 3516 3614 4387 4849 4919 7024 7307 8061 8402 8565 8749 9417 9505 9712 9759 9893
61 106 438 1476 1903 202 3251 965 5787 145 330 3056 1888 827 1796 9713 6783 3256 3255 4536 3297 514 394 84
151.5123
73.9867

142 582 1143 2274 4301 4391 6708 6861 7588 7739 8778 8950 9661 10459 11332
202 61 438 106 152 4626 3946 90 2280 4235 3951 1450 3297 1557 7315
152.8345
45.1563

407 441 844 1065 1582 2047 2234 4933 5093 5778 5866 5881 7097 8557 9809 11394
61 106 202 372 675 145 1311 6227 412 1547 943 3035 6294 483 514 9323
117.2771
54.0898

23 2171 3206 5008 6861 7507 7763 8499 8809 12547
61 438 106 202 36 1264 1888 372 42 929
109.1362
30.9701

962 1316 1925 2285 2810 3069 4615 5080 5635 5822 7246 7282 7413 8484 10186 12569
61 106 629 3072 2348 145 1530 1888 1098 3073 202 4729 181 151 2836 360
104.0856
49.8933

394 809 2400 3115 3225 3863 4028 4519 4871 7575 9284 10159 10431
61 202 483 1476 412 514 4477 1557 4865 1451 1770 1151 1560
110.328
48.5274

120 265 962 1096 1320 1486 1549 1903 1926 2797 3132 5699 5870 6294 7133 7594 7757 8880 10319 10452 11228 11431 11719 12406
61 1476 963 438 629 2348 5209 4847 202 1550 73 4324 2696 7134 812 4029 1091 1310 442 158 1819 1907 2351 468
182.31900000000002
65.1435

784 1246 1818 1864 1900 2601 3464 3502 3793 3961 4622 5777 5882 6076 6335 6470 6776 6898 7141 7537 7760 7761 7866 9198 9509 9862 11425 11800 11973
61 202 1476 106 1903 2235 2357 1789 3081 963 145 629 1888 6336 441 6483 438 6475 137 156 1831 1905 9325 5837 605 11954 1770 1907 1499
267.1642
91.3105

768 2449 2984 3850 3882 7191 7367 8040 9781 10244 10380 11799
61 137 1476 2624 2454 3573 3884 1734 2755 2385 2746 7567
63.8478
30.3735

895 2368 2487 2520 2797 3030 3045 3392 4124 5650 5675 5789 5909 6241 6309 6368 6393 6827 6943 7040 7655 7841 7941 8047 8161 8478 9222 9390 9551 10053 10785 11435
61 202 438 106 629 6227 9391 514 1476 1547 3332 417 2612 3217 6370 577 675 2735 930 608 622 3697 951 471 844 2060 145 1817 5462 804 1924 4373
253.6754
89.858

994 1061 1253 2266 4306 4938 5322 5586 6416 6491 6610 8103 8809 9011 9284 9743 10292 12013
202 36 483 441 1311 360 145 516 333 2594 2093 1524 514 1012 1065 372 2268 2755
120.2278
53.0387

66 505 613 1247 1316 2564 2844 2977 3391 3794 4083 4519 4615 5095 5104 5263 5610 6225 6610 6631 6827 7384 7739 9315 9412 11029 11393 11449 11646 12069 12113 12585
61 202 438 963 106 36 2189 629 2348 145 1476 1525 4626 2357 4235 1311 1770 155 1554 7432 5607 1854 6459 504 795 1264 1389 1098 84 1997 2755 550
285.4452
98.0876

33 160 512 1356 2025 2209 2344 3106 3254 3771 3978 4152 4225 4391 4538 4563 4612 5243 5866 7377 7687 7804 8073 8260 8886 9505 9643 9717 9977 9986 10321 11228 11428 11591 12240
61 1476 202 137 438 3072 485 8075 2189 3069 1311 10977 42 2280 1554 4729 90 1616 3109 158 483 408 1560 3297 1455 8774 1304 840 2894 394 2159 8074 1132 152 2208
194.6013
91.9813

74 188 994 1355 1487 1965 1984 4427 4622 6415 6779 7824 8454 9551 12420
61 202 106 970 1603 84 4235 2699 7739 5683 5585 1918 2189 1557 1831
142.7586
43.7268

28 593 1190 1850 1889 3203 3795 3850 3878 3946 4538 4786 5689 5778 7139 7387 7639 7806 8297 8392 8397 8636 8827 9505 9867 10159 10329 10368 11504
61 629 202 483 106 485 137 36 1476 2280 3573 4623 1856 1791 1689 3297 1616 4190 812 4832 285 169 1796 577 1734 516 2652 1603 491
162.94310000000002
83.5583

798 1232 2069 2272 2564 3194 3255 4119 4374 4517 6683 6775 7133 7150 7714 8565 9198 9344 10379
61 963 438 2189 2235 372 4847 202 7134 4124 4477 1264 1306 1300 1304 1283 1279 1925 2086
176.8878
61.2463

142 875 1818 1867 3561 3949 4423 4791 5868 5980 6483 6783 8570 10957
61 202 438 1557 963 605 1871 3946 1568 3951 1689 8316 675 623
164.2209
56.678

35 1147 1316 2274 3211 3334 3386 3391 5008 5591 6227 7760 10430 11444 11448 12548 12563
202 1476 61 106 438 483 137 963 2280 8994 629 145 2918 394 1098 605 3030
142.7651
58.463

120 596 4892 5199 5564 7387 7849 8001 8678 9696 10289
61 1753 2696 333 2351 4894 2755 2385 858 5662 9011
47.8749
32.4726

421 810 2474 3672 3790 5033 5217 6807 9301 10248 10303 11071
202 963 1476 61 145 605 1528 239 6483 191 1718 1522
70.8043
37.8879

836 1037 1720 3114 3831 4409 4456 4677 4689 5467 5482 5592 5804 6321 7465 7719 8406 8613 8880 9301 9417 10016 11024 11284 11419 11468
61 106 202 3834 483 1789 1888 3073 3009 1560 1786 413 1718 1095 374 158 577 2627 6783 2413 2385 3838 3818 3845 3081 7010
136.2674
65.8699

613 1232 1850 1997 2385 3033 3133 3415 4409 4596 4807 5696 5888 5946 6225 6419 6576 6882 7291 9291 11049 12573
202 106 61 485 1311 145 4477 1499 285 577 1065 441 239 2086 612 797 1531 1603 1936 1854 629 786
112.1784
53.7491

235 596 809 1190 1877 2601 2844 2918 8184 9447
1476 629 61 36 901 1389 9837 1770 1831 812
87.4792
42.7641

74 169 456 812 994 1320 1486 2149 2743 3296 3455 4342 4517 4658 4783 5402 5482 7696 8073 8589 8644 9337 9407 9659 9759 10052 10248 11071 11385 12120
61 1476 202 137 438 1603 36 145 629 3081 3297 84 635 6478 329 1011 5585 1819 2746 623 2413 5683 744 1776 516 1190 468 2123 432 2463
173.012
87.6517

91 809 828 993 1162 1720 2334 2564 2743 2810 3072 3194 3628 4065 4423 5268 6470 6776 7132 7291 7316 7387 8074 8175 8578 8757 9585 9659 9844 10050 11270 11422 11435
202 61 438 106 2189 629 137 1476 2348 963 483 998 1770 441 6483 792 360 145 812 605 2755 1718 6475 675 403 2897 4864 394 2837 2918 1264 1753 182
264.8325
102.3574

74 160 184 191 1932 2688 2837 3464 4348 5338 5463 7839 7841 8937 9743 10467 10654 10671
61 1476 629 36 2235 1603 963 84 1525 1311 1689 675 158 2612 2093 5683 2836 1967
130.1423
52.883

654 766 802 904 1132 2362 3033 3133 3242 3992 4807 6393 6708 7141 8532 8636 8749 9458 9503
202 438 61 629 106 137 749 1888 4623 1796 9743 441 1499 8499 8471 622 90 8500 7715
155.8247
65.8599

344 663 1923 2234 2362 2689 2701 2735 2844 2978 3481 3882 4704 5635 6731 7212 7701 8435 9606 10128 11228
1476 106 137 61 675 36 330 3035 1547 403 1389 372 3884 1012 9323 6370 4865 1918 5303 441 373
131.6157
58.4211

768 812 1070 1522 1524 1603 1820 3028 3213 3415 4001 4065 4563 4612 4644 5357 5869 6463 6499 6841 7525 7646 9411 10329 11784 12573
61 202 106 629 1476 417 3891 1552 412 1525 413 9121 73 9412 3031 1856 408 5359 1972 744 3697 2123 1967 1098 2385 1846
197.8648
67.3897

146 403 797 1232 1581 1695 2054 2526 2710 3073 3394 3568 4028 4081 4132 4454 4475 4644 4765 5361 5650 5664 6908 7163 7221 7619 7804 7940 8275 8398 8933 10244 10303 10379
61 202 1476 36 483 2624 629 106 145 3540 3035 3838 1311 1888 2699 1867 2834 413 1796 1011 66 438 90 1356 1451 1963 169 152 274 2835 1499 675 801 3178
228.4937
104.5444

375 2520 2526 2746 4889 5243 5297 5675 7455 9977 10038
438 3072 3069 10977 9784 3540 483 333 899 7469 331
81.2319
44.0847

244 810 1037 1557 1846 4791 5509 5696 6385 6449 8047 8845 9568 11332
61 106 438 202 343 1853 2894 413 2334 6451 239 1764 577 2349
127.9993
49.8444

171 394 632 802 1151 1903 2507 3296 3438 3853 3968 4184 4908 5342 5909 6789 6870 7427 7790 8156 8844 9301 11431 12125
61 438 629 36 2348 5209 3297 1476 1311 483 151 1796 106 4029 1541 1190 3441 749 2627 1098 1907 3447 265 442
157.4419
66.1174

533 676 1621 1864 2025 2073 2696 3307 3771 3839 3874 4029 4631 5682 6648 7588 8618 8698 11393
61 106 438 2189 145 485 1264 2357 8706 1311 9417 360 188 629 2029 1776 265 1626 1091
135.6626
49.649

932 1011 1275 1320 2601 4028 4475 4807 5080 7719 8270 9566 11413 11800
61 106 483 202 629 3072 158 156 1770 516 1831 109 468 5259
119.3936
48.3307

666 675 1213 1678 2155 2984 3793 4615 9967 10992
2348 2601 2612 1734 7 1817 3375 674 1812 1355
44.288
25.995

364 365 970 1223 1391 2076 2899 3030 4030 4439 4615 5071 6810 8774 8837 8880 11483 12571
61 202 438 106 6227 629 417 2348 375 1476 155 8775 4626 352 372 608 1530 1554
150.1664
56.6029

265 766 1254 1581 1936 2162 3704 5704 6874 8450 9291 9676 9885 12120
61 137 202 106 1476 36 438 485 6368 2924 514 795 6872 1301
99.559
42.1895

623 829 852 857 3978 4007 4686 5471 6130 6787 7384 7756 9682 11444 12026
61 1476 106 514 2894 3109 1310 6369 516 1089 2746 967 1760 35 11024
108.3276
36.8866

798 3438 4658 5832 7174 7687 8103 8349 9659 10368 11425
438 61 1186 1314 3 145 3447 7610 1311 2755 2894
61.632
29.7699

788 1223 3508 3858 4006 5286 5365 6416 6820 7427 8073 8139 8189 8444 8461 8678 9057 9153 9198 10310 12575
438 61 1476 2189 2235 202 3337 795 3072 106 608 357 3056 844 441 792 951 3992 2594 2894 1734
156.7725
84.3289

142 459 574 751 3889 4193 6061 6470 7687 8917 9712 10052 10785
202 61 963 1476 5787 635 6478 3946 3891 1279 3951 593 6483
161.9857
67.8232

344 381 758 810 893 1818 1850 1963 2110 2171 2811 3114 4456 4626 4631 5357 5397 5721 5909 6687 7563 7639 8061 8589 8917 9412 9645 10248
61 1476 2814 629 202 36 438 485 137 155 1903 2242 145 1560 106 3056 1550 2834 502 285 1311 265 562 2234 372 795 394 1557
225.0121
78.9553

365 2171 3296 4596 5585 6943 7249 8297 9009 9509 11013 11831 12023
438 375 372 3297 4623 1525 61 2897 1091 191 1151 2835 3946
70.0474
40.7203

365 828 1797 2155 4132 4379 5104 6646 8224 8728 10374 11469
106 438 629 375 1311 1476 1963 675 470 1098 2093 1091
103.1161
61.0724

994 1549 2164 2617 3045 3051 3069 3211 3583 3797 5610 6119 6882 8324 9153
1476 61 438 106 3072 1550 795 3056 788 1530 844 1311 3073 3037 2168
147.2143
47.0623

115 353 1143 1524 2474 3211 3255 3882 4535 4677 4789 5600 6838 6967 7018 7380 8118 8778
202 137 1476 417 106 514 61 1525 441 827 4252 6294 472 3884 8471 6908 1279 2755
117.8216
63.716

257 416 758 1061 1096 2866 2978 3961 4028 4193 4431 5455 5464 5482 5618 6321 6878 7575 8173 8452 8837 10167 10668 11092 11413 11845 11971 12240
1476 438 61 629 202 2189 483 3081 145 6369 744 1264 360 2601 6874 1065 1311 3834 516 608 11176 951 1091 4512 605 5259 373 7094
198.9398
87.1109

66 191 1132 2836 3115 3307 3697 3795 4473 5104 6706 6707 10141
61 629 106 3698 485 109 352 4477 90 1151 1967 84 7567
109.4144
46.5295

533 4515 4687 5451 5455 5778 6499 6705 7849 8109
61 106 3905 7425 36 6706 169 6503 182 812
54.2807
29.4552

623 676 875 963 2594 2811 3350 3750 3787 3908 4439 4858 5652 7132 7696 8109 8160 8844 8860 10401
61 1476 2814 106 202 3072 629 1316 2601 514 6475 3905 605 372 5256 7425 2004 1300 2378 1718
217.5447
88.9017

491 821 1143 2017 2266 4291 4609 4677 5194 5205 6557 7163 8386 9676 10957 12420
61 438 2189 483 202 5209 137 8316 795 333 4190 36 2310 929 1012 8188
143.07659999999998
54.119

262 375 445 650 669 1110 1720 1789 2652 2688 2806 3628 4237 4431 4649 5217 5307 6499 6838 6863 7363 7806 8742
438 106 61 8875 3337 483 9784 330 1311 1791 1264 2837 1647 629 516 1718 329 3073 792 1221 2835 4050 6503
135.7661
77.3964

917 1316 1812 1932 2788 2810 3391 4203 4689 5297 5888 6658 7839 8160 8716 8728 9010 9538 9676 9717 10350 10933 12585
61 438 106 1476 2357 2235 963 895 145 1098 2234 1854 158 795 2755 1770 7841 3379 372 1888 394 1549 3795
127.7256
55.6785

1669 1688 1965 3132 3854 4783 5778 5809 6557 7024 8461 8601 12240
438 61 2189 106 1888 3072 3337 4324 202 3056 3992 827 2310
98.6083
48.1594

74 583 632 965 1893 2344 2526 2882 3203 3211 3794 3839 4203 4254 4301 4363 4563 4677 4765 5361 7367 7387 7636 7761 8411 8950 9010 9482 9585 11646
61 963 1476 202 438 1264 1603 4081 84 3540 483 441 629 5585 2811 9417 5683 1770 6548 151 66 1997 1888 792 3249 840 5107 2836 6554 2624
175.3162
76.9697

200 977 1600 2362 2978 3051 3561 3578 3850 4622 4649 5095 5217 5268 6294 6783 6787 6817 7757 8323 9781 9916 10350 10458 11425 11573 12015 12026
61 1476 438 202 106 360 629 145 937 943 3056 1557 1311 951 2735 3573 4235 6369 2837 441 191 1560 1524 881 296 1916 373 2993
219.042
78.3386

206 755 802 861 1444 3949 4228 4865 5464 5705 6371 6515 7384 7609 10321 11413 11438
61 202 106 483 137 7230 514 1476 6874 330 516 265 7619 1450 394 1796 3905
147.754
64.785

1061 1952 2119 2526 3561 5592 6234 7268 7582 8139 10321 11270
61 106 483 142 36 137 3540 360 2123 516 1095 1012
93.1536
50.2804

73 569 751 788 852 881 1026 1384 1568 2149 3944 4084 4857 5297 6658 6923 7032 7162 7554 7678 7763 10244 10401 10668 11520
61 106 1476 202 137 4858 2127 1853 2004 151 145 929 3905 1734 812 191 1796 344 1311 1791 158 1388 795 515 801
196.7685
73.609

397 755 1276 1441 1450 2484 3069 3106 3585 4029 5352
61 438 3072 2189 895 73 1530 1382 1279 1967 3073
79.994
36.2531

271 374 812 1643 2017 2827 3211 3850 5402 5430 6061 6449 7646 9932
1476 438 61 6451 329 191 3573 3697 145 372 744 1999 2123 5497
98.4991
33.5315

23 910 963 1197 1643 1932 1999 2696 2710 3128 5509 5866 8001 8384 10053
61 106 3072 438 202 36 343 605 2334 1689 6475 2349 42 5256 4677
161.2254
68.9675

563 2155 3051 3295 4047 7398 7455 7733 8402 9026 10053 11483
1476 61 106 3056 7737 1065 3039 514 1769 8406 5580 7
87.3729
35.2011

66 433 881 883 937 1444 1926 3994 4822 6370 6683 6943 8047 8275 9239 10186 10463 10629 11489
61 438 1476 2357 137 202 73 3337 330 441 1065 106 35 401 145 827 4882 191 158
161.1401
61.1106

569 798 1730 2402 3568 3585 3944 4254 4275 5322 5357 5675 8398 9241 9585 9893 10321
438 629 137 1734 61 330 5359 1796 586 2475 2735 1138 468 1128 5136 394 4603
71.619
35.3574

200 1232 2484 2575 2956 3209 3697 3794 3889 6173 6791 8360 8444 9239 9301 11914
61 1476 202 968 3698 137 2235 3891 191 152 1279 1853 441 342 9673 899
142.5021
51.716

927 1926 2234 2594 3203 3736 5107 5398 6226 6419 6706 6841 7619 9742 11800 12069
202 61 36 483 2601 106 6227 1316 629 2357 1547 1952 3946 675 5607 73
154.2923
60.1581

66 407 462 755 889 1167 1223 2178 2400 3295 3307 4291 4363 4535 4981 5095 5418 5463 5866 6119 6211 6361 6706 6775 6881 7268 7756 8613 8757 9946 11489 11573 12233
61 202 438 106 1476 629 2189 36 485 417 6227 412 145 360 4235 1264 1734 109 1311 3742 84 408 90 895 73 2159 72 7270 296 472 6707 171 352
222.5617
88.0368

142 780 965 1186 1290 1441 1557 1765 1830 2076 2178 2266 2285 2710 3051 3164 3542 3645 3790 3797 4308 4822 6827 6846 7113 7372 7669 7994 8118 8326 8484 8693 9370 9914 11504
61 2189 629 106 1476 36 3056 6817 4081 333 441 3946 1264 202 3951 66 1888 330 239 1831 1528 929 6294 1952 413 438 6415 1764 3178 1522 5268 169 3249 1818 1936
249.7633
105.1703

33 1026 2898 2984 3030 3597 3867 4104 5166 5775 5870 7148 8349 9661 9880 9919 10416 11173
61 202 438 106 6227 2357 1476 441 417 797 1389 468 1734 608 1310 42 5777 3868
182.7664
50.035

66 403 829 1320 1734 2583 2688 3750 5742 6189 6881 7377 8326 9482 9606 9813 10159 10321 10467 10989
1476 61 438 483 106 137 629 145 73 372 2811 2601 84 3951 586 468 1769 1356 2139 895
147.4329
53.3583

13 59 146 889 1167 1336 1916 1924 2584 2755 3028 3114 3698 3815 4014 4374 4628 5311 5455 6198 6371 6491 7163 7940 8452 8496 9469 9676 10450 11228 11385
61 202 36 629 137 2624 1476 106 2189 3072 3081 4871 2699 895 4141 1846 795 3031 5286 3030 244 4050 3838 3556 577 171 168 158 6369 4418 1919
208.4044
85.3901

271 965 1061 1441 1486 1568 3787 4306 4409 5430 5463 5704 5931 5932 6349 6697 6881 7236 10430 11385
202 61 438 106 137 483 372 4081 1476 4235 191 145 360 66 516 1600 82 3249 1557 1065
209.9188
57.9202

35 120 164 403 780 2344 2984 6973 7246 8224 9781 9914 10003 11071
106 438 629 145 61 3081 2093 3217 1734 2385 2894 5268 2351 447
80.8471
48.0908

160 1026 2069 2395 2710 3414 4046 4608 4783 5584 5778 7472 7563 7940 8040 8118 8397 9519 11491 12233
61 202 1476 438 629 106 2624 9411 3838 773 441 3889 158 2699 1091 6294 169 7941 2755 4028
149.13230000000001
54.7389

35 265 459 1575 1734 2000 2149 2580 2904 2918 3203 3209 3307 3393 3791 3839 3874 4064 4423 4517 5472 6394 6687 7163 8324 9684 11145 11491 12548
61 1476 438 106 629 485 1264 970 2189 360 1877 812 151 9417 675 9837 372 352 3593 1098 7298 3951 188 9487 4985 2254 895 967 6402
183.3388
71.899

262 407 676 1625 2069 2178 2259 3296 3622 4014 4104 4119 4486 5058 5079 5775 5827 8360 8452 8845 8985 9759 11866
438 61 2189 202 372 3297 6227 3992 412 1264 191 4124 408 1283 330 296 72 5777 2757 2071 4118 4778 6874
118.8141
57.1455

812 1331 1999 2266 2599 2837 4439 5592 5811 7793 9986 12452
438 485 1095 1525 61 333 577 744 5593 9200 2123 3081
62.6769
34.5912

120 235 343 445 755 797 1355 1695 2701 2978 3213 3596 4704 4789 5303 5610 7941 8928 9169 9173 9241 9538 10639
1476 202 438 61 137 360 330 514 106 1451 329 357 1831 353 3697 2385 373 191 69 6471 361 1138 1918
173.6038
61.8496

28 364 965 1065 1984 2449 2806 3279 3697 3760 3863 4293 4687 5372 5759 6967 7642 7940 8156 8411 8950 9153 9884 9970 10013 10016 10430 11071 11398 12569
61 202 1476 483 2624 106 3698 4081 191 2699 145 7230 3838 788 2454 1279 1311 4427 1474 795 516 66 468 2076 35 1919 344 844 3037 394
243.7753
91.3918

891 1347 3075 3194 3889 4006 4225 4832 4938 5400 6463 6700 6878 8260 8596 8652 9169 9958
61 1476 629 106 202 2189 1316 6874 1952 6385 1554 3891 1279 577 1098 441 3698 3037
169.0763
62.1013

59 663 731 988 1037 1279 1730 1926 2144 2357 3760 3884 3966 4228 4538 4849 5650 5951 7133 7298 7440 8487 8880 9010 9647 9950 10038 10336 11419 11502 12125
61 1476 963 106 202 2189 145 438 2127 629 1065 4847 6451 516 2280 3898 394 1616 514 73 36 3081 1734 3249 403 257 468 7134 2408 4050 158
229.302
100.87989999999999

13 158 381 851 1347 1952 1984 2000 2117 2138 2272 3073 3882 4608 4913 5104 5463 5597 5951 6004 6234 6789 6871 7150 9057 9674
61 1476 106 202 137 142 2189 514 1850 629 6370 145 773 5952 1963 6873 3884 4050 2834 2755 2835 2474 239 1301 2547 3129
165.1144
63.6392

593 596 788 1077 1984 3593 6225 7141 8768 9950 10397
202 1476 106 137 1061 629 1888 403 491 1311 4190
113.9339
41.463

663 1279 2233 3501 3847 4048 5418 5822 6136 6846 7162 7196 8175 8928 8933 9568 10289 11397 11831
36 438 137 106 2234 1065 512 1888 1734 3249 3574 265 3624 1128 1230 516 2159 1584 3252
85.1418
53.1093

381 780 875 881 1549 1575 1621 2054 2245 3191 3274 3516 3541 3750 4119 4141 4226 4677 4832 5055 5705 5778 6449 6499 6783 7642 7725 7785 7793 8083 8160 9482 10052
61 1476 106 438 202 36 1562 145 372 635 1554 1557 191 6478 1550 6451 2699 1560 2814 3697 623 4124 35 265 3147 1283 1499 4427 239 5059 344 2385 6503
272.908
89.2352

151 262 265 471 758 1304 1531 2000 2149 3045 5286 7086 7300 7866 8128 8487 8557 8880 9239 9674 10467 11611 12420
1476 61 2189 106 895 1264 485 1311 1770 773 812 2576 169 892 1734 6548 1151 239 583 1660 1587 699 1098
137.0529
53.5371

171 355 1347 1444 1857 2162 2285 2467 2473 3209 3697 3858 3914 4938 5182 6004 8410 9742 10639 11385
61 629 1476 36 438 3698 239 330 401 8340 1098 1524 2755 6471 90 470 2468 50 4410 3699
139.9393
52.7159

515 797 1223 2625 3176 3908 3994 4644 5464 7191 8160 9780 11502
106 438 61 1451 2189 156 485 3992 357 4512 2696 3556 2627
72.6021
37.743900000000004

244 965 1730 2689 3614 3961 5463 7790 8178 8326 8749 8985 9358 10360 12027 12088
61 1476 438 3081 4081 1190 202 66 1734 605 1499 1186 10939 608 1557 3249
92.3621
41.582300000000004

1275 1812 4029 5618 6198 6789 6817 7696 7804 9786
61 2189 438 202 360 2601 943 191 6369 951
78.5501
33.7441

206 416 445 910 1893 2254 2960 4225 4348 5303 6705 6708 7270 7801 8047 8118 8757 9538 9573 9585 9880 12575
61 106 438 8684 2189 412 202 441 1476 1560 3882 90 6294 372 9583 1554 6706 1817 2755 4536 5453 72
174.5516
62.984700000000004

445 3542 3771 3791 4066 7196 7212 8644 9194 10125 11228 11799
438 629 36 137 6370 1952 485 1012 1818 9239 4849 2474
59.7493
28.803

471 490 979 1151 1515 1603 1963 3414 3583 3738 4112 5080 5192 6059 6698 7001 7174 7669 8532 8624 8844 9393 12023 12585
61 629 202 106 417 1316 485 412 1311 2834 3030 1476 1348 8499 8471 1186 929 895 1528 2837 514 827 1012 1388
192.9447
71.0483

105 164 673 941 1091 1621 2011 2718 2894 2898 3978 4057 4141 4199 4312 5591 5597 8955 11674
1476 629 438 137 106 483 202 514 61 145 394 2189 3109 468 1389 2013 35 1628 2018
122.4501
56.0167

182 1190 1230 1567 2076 4563 5616 6708 7413 8074 8880 9305 9759
61 629 36 106 4864 605 90 3838 840 4286 2755 1818 2746
84.1318
33.6158

364 669 2894 2984 4326 5336 5618 6603 6742 6952 8461 8698 9123 9153 9573 9667 9946 11425
61 438 202 137 8684 1476 36 2189 412 3337 2601 483 3030 788 191 2357 3072 8706
179.7353
74.1163

145 188 910 2810 5794 5932 6791 7398 8040 11469 11491
438 106 137 1186 2755 1854 1600 8 2746 109 2385
53.7348
28.3741

851 979 1309 2245 2617 4628 6698 8224 8860 9250 11573 12569
61 1310 2093 145 731 1314 374 1320 1734 1316 2517 467
57.24
23.765

91 271 780 795 1600 1720 2810 3160 3242 3795 4141 4193 4486 5040 5268 5297 5372 5593 6234 6581 7079 7244 7398 7875 8844 9178 9625 10143 10785 11029
61 1476 106 202 629 142 970 36 3252 1316 2894 73 2735 3171 1524 360 929 206 1718 623 1450 2837 10086 792 2755 773 191 296 3162 635
187.098
97.2101

145 332 1247 2055 2930 3073 3850 4649 5027 5509 6225 7001 7398 8360 8679 8827 8880 9498 10125 11489 11914
1476 438 61 2189 106 968 1311 2235 191 2334 343 333 137 1186 342 1110 2349 9673 1854 3573 2834
153.1551
72.8062

235 296 447 3596 3995 4291 4689 4858 5311 6163 6327 7453 9297 9844 9950 10167 11398 11489 11504 12573
1476 61 438 202 2357 106 6227 629 137 412 403 1770 329 417 1311 5607 246 413 285 2918
201.4438
62.3301

1999 2149 2710 3225 6076 7378 7387 8083 8220 10248 11551
61 1476 438 412 202 1557 152 403 929 1792 1306
98.952
37.1224

1162 1864 1952 2171 2689 3992 5794 6121 7655 8845 11551 12031
438 61 2189 749 372 9743 145 1792 989 8 7715 2547
102.0385
40.3892

619 844 979 1143 1450 1753 1916 2054 3854 4054 4083 4254 5600 5607 7032 8548 9291 9482 11719 12088 12113
61 438 202 372 1476 1525 3903 10939 895 73 285 1571 4252 3905 917 1382 2811 239 2837 2835 1065
122.3109
59.0852

937 1871 2790 2918 3223 4491 4724 4919 5682 5832 6013 6227 6361 6368 6393 6810 7086 8383 8398 8937 9970 10051 11489 11578
202 61 1476 438 2189 963 483 2357 106 137 4729 9977 514 1689 145 4235 8994 3249 1314 239 827 9837 1877 6370
237.32150000000001
76.626

590 1697 1818 1819 3120 3297 3946 4084 4454 4783 5442 5881 8342 11491
61 1476 438 485 372 106 2127 3847 3702 413 1867 152 1791 977
95.7619
50.3479

145 271 798 1464 1775 1984 2715 2861 3223 3542 3737 4561 4933 5442 5610 6402 6731 6846 6882 7289 7440 7591 7594 7625 7875 8326 8557 8941 9198 9447 9528 9809 9880
61 1476 438 629 963 137 202 2235 4847 970 106 1316 441 485 6451 9977 1186 899 4623 2755 1689 1952 394 827 3760 2746 929 169 2139 8203 1854 109 1818
239.3899
86.3599

111 608 788 932 1444 1487 1603 2400 2810 2899 4047 4308 4596 5471 6061 6838 7221 7735 8411 9469 9901 11449 11520
61 106 1476 629 202 1853 1065 330 1689 156 145 401 795 605 438 1856 812 372 5286 802 151 1221 4418
190.2898
71.6025

151 467 673 1065 1217 1384 1963 3056 3704 3760 3878 3889 4203 4423 4878 5125 5342 5463 5881 6217 6776 6975 7221 7440 7701 7756 9427 11491
61 438 1476 629 330 1279 145 3905 6451 795 1770 332 3891 5427 394 1127 2834 468 3052 329 2837 895 4882 3037 675 1972 3820 731
179.85739999999998
79.4372

158 491 530 795 852 859 962 1370 1525 1846 1952 2811 2861 2978 3073 3596 4006 4014 4052 4816 5467 5618 6313 6371 6827 6923 7760 9026 9153 9498 9632 10052 11013 11092 12266
61 1476 438 2814 202 483 2189 36 441 106 1279 2601 1311 6478 11022 1853 3283 635 1972 329 3992 788 145 485 4190 1965 3447 1301 3037 792 413 11824 333 6881 844
273.118
117.3626

1110 1464 2062 3114 3614 3839 4097 4391 4623 4626 4913 6370 6846 6882 7739 8083 9427 10450 10470 11444
61 1476 106 202 137 1264 1557 155 1753 1560 2189 330 502 329 1568 372 4235 90 3456 374
194.6545
60.1468

569 979 994 1775 1980 4348 5322 5564 5742 5987 6461 6820 6861 7372 8410 8809 9222 10430 11049 11483 12069
438 629 36 6817 61 5607 2357 899 169 2601 1065 1734 8340 1356 394 1796 951 472 170 896 2735
97.8096
49.2606

75 206 467 821 895 1290 1754 1846 2149 2259 2484 3804 4057 4065 4275 5338 5607 5868 6817 7024 7246 9393
61 629 106 202 1476 145 360 417 36 1853 84 943 412 330 3030 3903 285 413 3332 827 951 1571
163.3257
67.5237

590 988 1441 1581 1775 1877 3946 4523 4933 6789 6992 7472 8410 9967
61 629 1963 901 202 5932 8340 899 827 169 989 3795 2652 206
73.0813
43.882

343 1669 2547 2810 3307 4622 8160 9302 9505 11386 11799 12547
106 360 61 485 191 352 3297 357 137 353 7372 361
62.2859
29.7791

160 619 1197 3438 3622 4387 4448 4456 4615 4791 5600 6368 7440 7941 8589 8613 8844 8880 9002 10319 11438 11800 11816 12120 12573
202 61 438 137 1476 2348 1264 145 514 6451 69 158 4252 1689 6370 577 152 3447 3697 10052 502 3441 951 432 456
189.2055
63.1911

74 355 795 1011 1352 1753 2385 3245 3391 3502 3736 3738 3853 4237 5307 5342 5591 5827 7378 7714 9393 9458 9684 9970 12577
61 438 202 483 106 1476 3251 1603 3030 84 412 1012 965 394 417 516 5585 72 5683 929 3256 3255 514 148 2755
198.8413
82.0552

563 608 844 1370 2617 2810 2899 3115 3483 3542 3813 4141 4482 5827 7196 7824 8156 8693 11580 12420
61 202 438 629 36 372 1279 1689 1476 1952 605 1151 2189 1320 1940 927 837 851 1818 1499
195.2046
60.7887

895 988 993 1069 1230 1603 2055 2176 2373 2699 3542 3628 3791 4199 4256 4448 5398 5405 5699 5789 7378 7398 7588 8387 8805 8809 9194 9245 10380 12040 12113
202 61 629 106 137 1476 1952 1888 998 3030 4847 145 441 929 1554 3332 1000 407 2735 989 1306 2189 1856 6340 804 417 1818 4427 2410 1967 3556
227.8213
80.9141

332 468 515 1077 3709 3968 5095 6121 6576 7028 7816 8189 8728 9977 10321 10977 11468
202 438 3072 1530 485 137 2696 1061 333 3069 4477 483 331 394 1110 1522 899
120.4294
56.4251

160 708 977 1352 4686 5650 6368 6478 7032 8450 11422
202 106 61 1476 36 514 6370 6483 577 158 2454
86.7502
35.728

1695 2055 4084 5764 6061 9487 9885 10143 10458 11399
61 1476 151 3838 763 202 2924 970 2127 156
105.2994
34.2773

673 675 755 766 1011 1290 1391 1719 1797 1830 1985 2474 2575 2710 2743 3223 3393 3421 3578 4065 4193 4568 4865 5058 6371 6775 6975 8173
61 438 1476 106 963 483 202 6369 795 1831 330 516 152 1689 3905 577 36 2601 514 296 265 951 3178 3389 2612 3375 1355 1817
172.76080000000002
79.6269

758 1336 1382 1688 1797 2586 3121 3394 3614 4024 5618 6402 6458 6654 6776 7701 8231 8860 9026 9250 9284 9534 9809 9885 11284
61 483 202 1476 137 1311 629 145 1789 2924 2601 485 3073 1786 6033 106 1856 4050 3374 1098 7790 3818 265 1689 1734
152.9128
69.8227

106 456 855 861 1290 2402 2699 3031 3596 3749 3759 3863 4083 4649 4699 4704 5243 5338 5372 5777 6409 6687 7286 8636 8644 8845 9178 10248 11413 11551 12069 12571
202 61 330 137 1476 36 9784 1525 2357 1554 3946 333 4623 1311 5607 2837 577 1792 206 169 329 989 6340 2755 827 2835 1313 3556 432 4609 8270 1972
241.8304
108.8516

182 2715 3225 4193 4519 4786 5281 6294 7298 8487 8985 9002 9712 11816
202 61 1476 412 1264 1316 1557 36 629 9977 5787 1770 1560 812
138.6801
47.0101

883 1316 1320 1444 1893 2977 3391 4389 6233 6908 7594 8392 8454 12266
438 61 145 1311 629 11022 1856 3992 330 3283 1689 3447 1098 2755
106.1426
61.1608

891 1812 1926 3568 4112 4687 5789 5946 7839 9250 9503 9743 9873 10038 10319 11394
61 629 2235 1476 202 438 1316 943 1311 2234 73 514 2093 372 1734 158
110.6801
45.0001

33 3072 3596 3738 5281 6707 7291 7303 10510 11029
106 61 438 137 483 202 892 329 2897 145
87.555
43.2574

111 2000 2395 4200 4439 4456 5704 7465 9661 10319 11573
202 61 438 137 152 413 6415 2755 239 3380 930
100.4367
22.3092

516 1223 1384 3245 3283 3349 3831 4152 4379 4889 5412 6061 6226 6227 6478 7236 7609 7719 8484 8742 8827 8880 9114 9585 9632 10459
202 61 438 1476 106 483 7230 963 8875 137 514 1264 3251 629 3834 6874 333 1499 8994 965 1963 1311 373 1091 1888 675
275.5666
121.9676

593 977 1621 1678 3483 4687 5217 6361 7246 7303 7900 9384 9458 12026
202 106 61 2357 1476 3992 2242 491 5580 145 4235 3039 2280 4832
108.6995
41.4027

164 2171 2788 4312 5442 6225 6349 7282 8231 8466 8728 8845 9505
202 483 106 485 145 372 137 1311 61 8406 169 3297 2315
136.3365
44.1598

74 244 394 403 977 1621 1734 1925 2011 2073 2119 2746 2904 3030 3194 3867 4003 4077 5416 5751 6368 6697 6881 7018 7537 7588 9447 9511 9759 10159 10216 10933 11502
61 202 438 106 483 6227 145 629 2357 3072 1603 1476 514 84 2013 417 4235 1525 827 797 372 577 6370 1186 168 1972 156 608 5683 2060 2123 1388 5585
287.2834
107.9312

516 836 1384 2344 3596 4913 5281 5418 5509 7563 7576 8578 8955 12546
438 2189 61 343 2349 329 184 2334 749 1734 2696 307 443 2393
81.1982
41.167

244 1327 1830 2701 3804 4913 5058 5372 5675 6198 6698 8173 8326 8886 9505 10050 11398
61 438 202 6369 1186 514 3297 951 1831 10052 1331 1918 577 104 126 1347 1336
94.5255
38.0722

33 1190 1247 3749 3757 4132 6034 7133 8118 8872 10051 10463 11866
963 438 629 106 483 7134 4847 36 441 3992 3946 3337 1110
113.1403
48.2322

675 910 1352 3254 3315 4047 4342 4389 4409 4933 5286 5710 6361 6557 6881 7024 7246 8178 8220 9010 9174 12014
202 438 106 61 4235 1065 1888 2612 145 2601 827 1151 2310 1817 1734 3690 169 2159 2385 929 3375 3012
124.1287
54.1989

109 1246 1864 2073 2184 2288 3164 3561 3889 3949 5338 5365 6245 6335 6449 6683 6708 7086 7537 8061 8386 8778 9712 10431 10989 11006 12587
61 1476 2189 137 202 438 629 36 106 1903 3891 145 6451 5787 3056 156 2755 6336 608 901 1279 928 168 8471 4536 158 90
239.19
84.9188

76 1900 1924 2368 2612 3106 3596 3790 5467 6419 8109 8601 12573
61 1903 3905 1888 202 329 7425 1907 1528 1831 433 1905 244
71.7291
33.9237

407 574 875 1026 2011 2054 2898 3307 3376 3393 3908 3992 4291 5405 5584 6846 7061 7824 8231 8461 9684 10289 10401 11427 11971 12546
61 438 202 483 106 485 2189 749 137 1476 3337 412 6227 145 3072 650 9743 827 593 468 629 360 35 7715 3056 408
224.8424
94.4761

73 184 202 1230 1581 3645 4724 5352 5591 6385 6841 7897 10294 10360 11317 11971 12113
61 1476 106 629 438 36 4379 137 483 3072 3081 6227 4729 514 145 3698 169
356.0433
169.0938

35 73 355 1356 1441 1600 1621 2017 2652 2755 3254 3283 3704 3858 4047 4933 5418 7196 9337 9447 10141 10297 10458 10459 10629 11317 12069
61 438 36 1476 1065 2357 145 151 5607 372 4882 2735 1524 6225 1734 158 2977 2159 1936 8203 1628 1831 1128 2071 1625 490 1443
150.108
71.7062

146 318 2467 4006 4512 5742 5869 6313 6544 7086 7678 7761 8411 10125 10992 11428
61 2189 2601 441 6370 2280 6548 1616 1830 1264 2468 3456 1670 6553 1356 1660
74.6341
39.6421

875 891 2113 4301 4563 5357 5400 5462 6022 6335 7132 8121 8778 8955 9932
61 1476 438 629 6336 1316 2189 5359 137 8471 840 35 883 1300 892
141.3175
33.324600000000004

171 421 449 608 673 1147 1230 1290 1870 2993 3251 3349 4007 4029 4132 4200 4308 4806 5008 5303 6061 6776 7028 7453 7507 8103 8698 8749 9469 10977 11332
61 438 629 2189 1476 36 1530 202 485 2357 1689 330 106 3252 1138 8706 3797 1796 145 827 1098 1522 650 2029 1310 1279 1616 3297 605 5286 394
234.3256
98.398

2062 2233 3023 3120 3622 4783 6861 9057 9509 12047
438 2189 8461 1264 2234 3126 875 1584 344 2317
51.0203
20.0598

3850 4032 4237 5471 5931 5946 7427 7941 8499 9153 9297 9684 10069 11495
61 202 438 137 6227 412 1264 3698 3905 1476 3081 1888 788 417
200.5594
60.1805

1965 2062 3120 3540 4522 4535 4871 6449 6491 6610 8260 8466 9241
202 106 1476 61 514 36 417 1311 4477 809 3542 330 4523
136.8973
46.7773

145 941 1348 1837 2974 3966 5593 6361 6846 8154 9482
202 61 1476 106 438 4235 1186 632 2811 36 1854
137.9138
40.068

658 2161 2499 4066 5125 5194 7272 10216 11539 11799
61 202 137 2162 929 106 3082 7455 8208 3749
104.4747
23.2802

407 5868 6581 6779 7427 7575 8863 9123 9412 10430
61 202 970 4235 6227 412 417 106 795 11006
114.2827
37.7906

73 635 663 910 1531 2373 3056 3672 4677 5710 5822 6402 6687 7725 8018 8297 8917 9301
61 202 438 483 7230 3332 1264 3052 151 2894 5427 285 2977 1718 2627 158 1384 373
135.4033
50.084

619 1070 1098 1249 1254 1279 1718 2586 3455 4342 4563 4724 5621 5705 6698 6831 7363 7875 8260 8384 8844 11448 11449 11520
61 1476 202 36 438 4729 3249 3081 970 1853 1065 2918 1011 1264 629 394 2073 1796 1924 265 636 1283 929 169
191.2438
78.7708

467 558 596 2047 2368 2436 2584 2715 3290 4291 4293 4301 6004 6520 7866 8128 9301 9390 9822
61 1530 1316 629 9391 1547 9977 998 394 4141 3074 2627 1382 2076 2526 929 847 892 2011
81.9018
44.6368

69 111 318 583 930 1300 1320 1857 1889 1926 2960 2999 3276 3414 5804 6229 6940 7133 8384 9645 9696 9893 10013 11425 11906
61 963 1476 106 202 7230 2242 4847 483 1550 73 150 7134 1264 145 169 1311 1547 929 1584 2475 3517 1524 158 468
183.57569999999998
69.4395

73 951 1730 3350 3839 3891 6648 7433 7687 7725 8827 9455 9659
61 106 438 895 1264 1316 2977 1311 202 1734 182 151 7682
125.2575
44.8864

404 2184 2866 4615 5336 5471 6648 6952 7221 7438 7790 8742 9302 10393
61 106 2348 412 438 8875 1190 145 1311 1264 407 7372 1389 408
88.633
38.32

512 965 3455 3501 3994 5107 5402 6226 6369 6787 6817 7455 9505 10248 10933 11504 11816
202 61 1476 438 106 6227 360 137 4081 1264 36 951 3946 191 329 1011 66
162.7222
63.487700000000004

23 951 1464 2025 4348 5303 5682 6241 6520 6544 7575 7881 9286 12014
61 36 106 145 42 401 471 6548 929 182 2696 394 239 1817
84.8734
42.1429

941 1582 1751 1846 2395 2993 3793 3794 4152 4491 4612 5194 5199 5238 5467 5564 5580 5585 5618 5987 6335 7754 8018 8133 8799 9011 9284 10420 12452
61 1476 438 4379 629 202 137 2280 2601 1853 6336 1311 3039 1525 413 929 1379 1775 7776 9200 792 3790 1972 8208 1356 1628 7455 394 3082
187.4791
72.1478

558 829 1830 1999 2164 2715 2866 4538 6874 8061 8175 10992 12069
61 1476 202 438 485 1903 1316 1530 2357 145 6872 629 2280
139.4353
53.3295

582 666 2499 2790 5777 7763 9498 9813 9884 10452 11431
61 2189 202 169 929 812 4609 674 1871 1911 917
66.7009
24.3747

0 535 883 1695 1751 1925 2069 3483 3502 3578 5357 6049 6229 6881 6982 7139 8487 8613 8879 9606 11520 12585
61 438 629 106 1853 6992 145 1379 202 181 1311 4071 5359 4609 1972 1924 542 650 513 3252 2018 205
123.9461
48.8311

1193 2395 4199 6544 6831 7311 9050 11006 11495 11578
61 1476 438 202 137 9977 629 3698 3081 1689
105.7317
40.5175

145 512 1096 1253 1311 1666 1870 2161 2899 3279 3578 4237 4456 4973 5095 7933 8570 11176 11428
61 629 1476 438 202 1186 408 504 1647 1568 66 1091 296 2898 8000 372 1854 970 5662
126.6582
53.6089

755 993 1837 1893 3297 5616 5822 5946 6163 6861 7086 7525 8104 9427 9509 9717 9893 10308 10350 10629 12031 12240
438 61 2189 137 998 1065 246 3702 4882 1264 3256 2475 394 875 1132 1000 36 1936 344 1128 1718 1660
117.0853
52.2361

1730 2047 3597 3749 3854 4046 4626 5405 5881 7875 8384 8502 11784
61 438 629 202 1476 155 137 106 1560 3946 1888 502 1734
133.7275
47.9803

447 988 6233 6931 6975 7233 7378 7733 9344 9503 9645 10510 11427
1476 61 438 106 2242 202 1311 3039 7737 1306 929 795 3905
136.9067
47.5881

145 1283 1356 3464 3961 4077 5243 5789 5946 6967 7162 10454
61 3081 137 106 1186 608 605 2735 1499 804 1854 312
61.4316
35.6755

471 1524 3332 3481 3750 3891 3944 4093 4561 5268 7377 7839 7900 8435 9643 10308 11816
1476 61 106 2235 629 3992 145 1264 485 1316 151 2234 360 895 438 73 1854
162.0062
53.1995

28 758 1444 1751 1864 3672 4066 4892 5809 6943 7180 7409 10303 11013 11358 12375
202 438 61 330 2349 1311 1379 333 145 401 6489 373 4427 2348 1718 4894
117.7679
41.6808

569 1061 3878 5303 5402 5482 5591 6136 6234 6658 8928 8955 10321 11287
61 483 36 202 142 137 106 360 2189 329 394 1012 1065 516
130.2555
57.3639

35 1525 1963 2344 2612 4622 4677 5418 5881 6076 7525 7625 9781 11427 12573
438 6881 61 1734 403 2834 1191 1972 1831 1967 629 1127 1965 792 2993
69.1208
43.7483

678 1830 2004 2385 3028 3502 4066 4093 5095 5226 6245 6327 6646 6789 7113 7398 8941 9407 11013 11332
61 1476 438 106 2357 137 202 4847 1311 2189 5607 4623 151 285 3297 3031 1846 1831 1689 3030
193.5034
55.264

765 1985 3831 4046 4512 6119 6294 6369 6461 6967 9566 9674
1476 61 106 629 3834 202 3009 137 2280 951 109 773
105.3298
42.7548

184 200 381 666 3033 4064 4094 5866 7763 8297
202 36 441 151 929 1098 2463 1388 4093 146
48.1661
26.3394

828 859 1253 1797 2138 6449 6707 7024 7249 7719 8933 9967 10244 12548
106 36 1476 1888 6451 61 4623 109 827 158 2897 7567 1091 3508
66.0818
39.9675

468 558 792 1600 3033 3542 4237 4623 5751 7236 8128 8297 8570 8578 8780 11489
61 629 2189 3072 1530 106 394 2735 441 1952 1856 3074 1524 977 1095 2127
88.1137
47.2934

188 206 375 1065 1603 2575 3483 4184 4515 5263 5311 6059 6189 6789 6987 7113 7258 7875 11284 12375 12546
61 1476 106 202 2189 9784 1789 970 629 145 152 3073 1786 1541 1856 205 456 296 929 35 1972
158.6157
68.53920000000001

262 441 851 1228 2209 3164 3356 3750 4256 4275 4628 4658 4791 5297 5405 5616 6470 6861 6874 7472 7537 7696 7757 8189 8326 8406 8570 8589 8872 11435 11438 11719 11780
61 202 1476 438 137 2189 963 485 145 1888 106 1311 514 6475 6294 6483 2746 6872 6368 6706 1689 156 6369 1301 731 502 2208 270 7010 296 2463 5932 432
262.803
83.8086

23 407 1065 1098 2974 4001 4301 4724 5027 5058 5705 6557 7678 7824 8159 8429 9986 10069
61 202 106 4729 438 485 36 3905 6227 412 145 3249 42 2310 307 3690 408 2071
176.9203
65.6438

499 751 4379 4431 4491 4892 5281 6089 6943 8879 10350 10977 11591 11752 11784
61 438 629 202 1530 510 485 8075 1476 106 511 4729 505 1963 1098
168.9881
76.768

75 780 994 1309 1567 3376 3421 4563 4783 5710 5951 6483 7824 8154 8636 8775 9123 9262 9284 9393 9417 10051 10052 11071 11752 12012 12240
61 202 106 483 2189 963 137 417 6143 1530 629 84 1310 3030 412 5585 1499 623 145 4623 605 635 5952 3307 6783 2837 1689
282.5279
87.44969999999999

115 206 895 3481 3839 3951 4001 4342 4448 5584 5870 5909 7472 8224 9873 11393 11413
61 106 629 1264 3332 2093 9784 1310 2755 145 9417 4324 731 1314 1742 5136 2746
106.6024
43.0728

66 505 1621 2625 3456 3568 3578 3749 3995 5804 7367 8406 8496 9568
61 438 106 202 1888 145 2624 3946 155 7432 4865 504 2627 84
97.8469
32.9454

206 464 810 1567 1999 2254 2334 2487 3242 4057 5268 6553 7221 8429 10933
61 629 2348 438 106 360 441 3882 3838 2837 6342 3252 239 562 1753
108.2723
49.0565

1246 2977 4677 6787 8083 8133 8594 10128 10431 11413
61 137 36 4865 191 6370 1065 170 4864 1323
52.64
24.8815

23 464 676 766 1557 1818 2617 3040 3968 4456 4871 5357 5593 5881 6198 6217 6335 6371 6967 7576 7801 8175 8761 11287
61 106 629 36 514 137 4477 6336 156 50 1764 413 184 4865 5359 42 239 3081 35 307 6369 977 8765 169
175.2488
63.5596

608 1999 2138 2178 3030 3121 3946 3951 4007 4832 5033 5243 5442 6544 7097 7303 7433 7646 7763 8175 9297 10380 12069
61 202 106 6227 2189 417 412 485 2357 9784 1689 413 483 5607 1264 1310 6033 6548 929 1856 1499 191 605
177.3719
76.2737

1026 1331 1531 3203 3815 3839 4030 4454 4517 5394 6121 6335 7196 7465 7940 9114 10430 10668 12571
61 202 438 1476 106 2624 1264 36 413 137 3838 2699 1867 970 6336 9417 274 7941 1557
162.1553
50.0097

462 1331 1486 1693 2017 2978 4794 4983 5675 6881 7024 7162 7900 9194
1476 438 106 629 137 3992 145 373 3884 827 1888 372 1774 470
113.8944
44.4608

353 381 515 619 1719 2047 2184 3738 3908 4806 6992 8083 10414
2696 629 188 847 1382 827 265 158 1254 90 821 3858 191
52.3431
36.8313

271 895 1147 1734 2575 2882 3315 4141 5652 6775 6787 7268 7881 9286 9585 10379
61 438 629 152 106 36 3332 372 401 296 145 3951 191 1151 7270 169
101.3972
41.3495

273 332 852 855 1230 1553 1695 1774 2373 2487 2837 2899 3854 4001 4054 4321 4523 4704 5794 6198 6680 6827 6943 11398
61 438 106 629 330 156 1525 333 1476 3256 1963 1775 173 932 5932 331 8 7860 1764 1110 1455 372 1954 1753
149.144
59.0002

42 66 74 75 442 447 751 780 786 1830 2580 2790 4293 4301 4609 4764 6368 6697 6789 8159 8231 8466 8601 8761 9469 10125 10460 11287 11386 12023
61 106 202 1476 438 629 36 483 137 84 514 1603 1888 1311 145 485 184 2189 4235 6370 5509 156 2076 169 1776 5585 895 2011 577 5286
249.4997
97.3901

158 731 809 829 883 1091 1223 1320 1347 1549 2584 2689 3793 3804 4054 4141 4538 5652 6173 6483 6898 7270 7609 8018 8073 8487 8589 9291 9884 10248 10336 10654 11469 12240
202 61 1476 137 7230 106 483 514 963 516 2280 145 6874 1550 3081 394 629 1853 605 1689 1616 7619 7618 3905 1450 1311 6368 812 35 2755 4050 372 4409 623
261.6182
101.5702

988 1132 1384 1566 1753 1775 1812 1820 1837 2144 2810 3114 3884 4456 6013 7289 7940 8360 8478 8886 9469 10414 10639 11496
61 202 438 2624 1476 629 3838 417 2699 412 145 502 191 899 1560 408 5286 169 1065 989 374 2755 7941 330
192.0477
66.0978

883 1069 1138 3542 4003 8389 8578 8693 10319 10460
629 106 2189 438 61 441 1952 1753 265 1132
56.9648
28.961100000000002

158 467 623 650 663 829 1600 1818 2348 3614 4342 4522 5307 5442 5705 5881 6234 6449 6491 6731 7636 7642 7761 8018 8618 9606 10159 11800
61 438 202 483 36 142 343 441 749 485 514 6451 4523 809 2735 2699 472 3697 516 6548 1524 731 4050 6369 2315 1734 4427 977
173.5801
84.6161

106 257 398 650 1176 1812 1889 2575 2594 3028 3804 3961 4199 4515 4794 5194 6013 6499 6687 7816 8484 9239 9384 9696 10297 10303 10467
61 1476 202 2357 438 1316 3081 9784 2601 744 2242 629 5580 1888 605 3884 3039 152 1846 2280 1499 3031 169 929 812 373 296
234.584
101.1055

76 1247 1617 1924 2209 2487 2866 3709 3961 4014 4093 4312 4686 4816 4919 5194 5268 5509 5822 5866 5987 6979 7233 7701 8000 8679 8768 9384 11444
61 1476 202 137 106 2357 629 438 963 3081 2334 145 6478 1616 343 2242 2280 360 3039 4626 2349 5580 1775 151 605 1389 4504 929 168
240.5842
93.2488

881 1213 1441 1936 2918 3176 3349 6557 7427 7714 7940 8387 8716 9057 9146 9412 9862 10957
61 1476 202 438 2357 2624 3838 191 4847 156 2699 1854 106 137 1877 485 8316 1554
182.7372
68.2913

994 3393 4046 4056 4764 6217 6882 7793 9645 11398
1476 629 438 61 2242 1550 1776 145 899 2234
75.622
29.5581

182 792 1772 2011 2025 2055 2520 3951 4228 6034 9696 10051 11394
61 483 629 514 36 9784 943 373 1554 2127 2013 1091 4324
77.5408
35.6509

191 200 445 491 1151 1176 1621 2904 3023 3882 4203 4301 5464 5580 5794 6553 6783 7157 7372 7453 8047 8104 8133 8275 8644 9174 9511 9885 9950 10125 10167 11413 11913 12452
61 438 1476 629 4379 106 483 202 137 6817 2280 145 1311 2924 2013 1557 1628 4235 403 3039 441 9200 4190 4512 3884 1560 6554 1012 1770 6548 6370 5192 4609 797
259.9085
86.1396

169 844 1026 1037 1581 1775 2054 2155 3242 3255 3556 4056 4568 4658 5689 5925 6049 7282 7303 7625 8024 8128 8161 8749 9245 10128 10379 11913 12548 12569
61 106 202 137 629 438 36 6874 372 2189 145 899 3252 1796 623 4865 1499 4252 930 9653 289 6370 3379 675 1190 1115 1065 239 170 472
177.8694
81.743

355 445 468 675 1232 1370 1391 1850 4363 4434 4689 4858 4938 4983 5040 5336 5804 6491 7678 7681 7933 8133 8411 9742 9813 9822 10430 11302 11385 11438 11483 12302
61 1476 438 106 202 485 514 36 2174 1279 394 11271 2601 1065 7589 1689 2612 504 998 731 472 2378 970 1817 7298 1283 66 3797 1309 502 3519 7682
219.4714
99.299

381 1600 3028 4981 5472 6475 9411 10397 11431 11444
61 1476 438 202 3891 1552 605 2735 9412 1846
116.3991
42.1466

332 795 852 1356 1515 3223 5307 5696 6919 8073 8402 8589 8875 9411 9534 10933 12014 12563
61 202 963 1476 137 438 106 3891 145 333 1552 73 1110 1689 1528 2652 9121 8406
146.65370000000001
70.6005

1336 1877 1936 3614 4704 4822 5613 7303 7417 7507 7588 9743
438 61 1311 330 901 1115 7315 2093 629 173 3795 1382
54.4181
34.0949

1850 2547 4014 4631 5592 6419 6931 7625 8496 9411 9511 11591
61 1476 202 485 3891 8075 1552 2013 4729 9412 285 9121
82.5508
36.1671

510 821 844 1789 2004 2164 2274 2974 3391 3813 4029 4199 4448 4806 5107 5398 5751 6393 6412 6475 7163 7594 8161 8484 8768 9645 9880 9932 10333 10992 11444
61 1476 438 137 629 2189 36 202 3072 3337 2235 372 2601 1952 2280 1689 3946 2837 1888 605 1550 1877 1176 1584 150 1095 2755 622 1856 169 930
320.28340000000003
105.8424

574 619 788 1524 2069 2710 2861 3120 3394 4064 5412 5607 6987 7881 7940 8450 8644 9250 9528 9538 9717 9958 10510
61 202 1476 106 438 36 2624 1571 1734 441 1098 394 3903 3838 285 1952 2699 593 795 401 3760 3374 7941
165.4996
70.3776

74 265 583 635 786 1290 1382 2827 4094 4448 4538 4677 4689 5394 5586 6787 6820 7157 7725 10321 11393 11444
61 1476 202 483 1603 145 137 7230 84 330 2280 629 1616 3332 1972 285 4093 812 5683 5585 1388 1098
183.83870000000002
66.0246

142 855 2467 2599 2899 2956 3211 3593 5080 5621 6034 6241 7866 8342 8613 8875 9786 11413
36 372 3946 3847 61 3951 2652 1095 373 471 2475 2159 1924 1541 169 2468 2613 374
85.098
60.5818

462 1070 1582 2259 2718 4001 4878 6731 7594 9222 9503
438 61 330 106 1138 329 1279 1127 4882 3820 472
71.7659
34.308

632 676 2743 3121 3914 3961 4228 4622 4649 5199 5394 5794 6173 6683 6938 6940 7018 7040 7675 7824 8384 8805 9674 9844 10013 10654 11013
61 1476 438 202 483 3081 7230 1770 1888 1525 629 1311 1264 827 403 1856 1554 605 1853 6033 2918 608 773 6908 151 265 3517
230.7567
80.67360000000001

515 786 2246 2395 2575 3245 3704 4596 5104 5281 5336 5827 7032 7079 8109 8693 9174 9528 10159 11013 11419
438 61 1476 483 3905 3251 2696 965 152 3256 7425 472 2254 296 394 3760 3255 1151 1734 169 4050
131.9983
52.5226

1253 1309 1582 2274 2617 3334 6368 6789 6841 9585 9986 10248 11469
61 202 1476 485 514 1310 6370 2280 577 1450 951 1320 1316
86.5757
36.622

244 1070 1213 1262 1384 1487 2076 2246 2348 3115 3223 3334 4312 4608 5471 5742 5759 5789 6059 6940 6952 7016 7268 7427 7455 8047 8323 10038 10319 11784 12585
61 438 963 106 629 36 343 749 1264 202 1476 1689 2735 2349 2601 1186 1151 7270 7469 2255 1916 804 1316 883 1356 373 3900 4476 3225 441 1388
180.7222
83.602

1924 2184 3946 4084 4908 5455 6415 6449 6700 7170 8652
61 6451 2127 168 1791 373 244 181 2652 3605 265
61.4398
32.004599999999996

184 1568 1621 2138 2400 2993 3194 3483 3900 4054 4132 5268 5297 5303 5564 5597 6327 8103 8220 8594 9173 10141 11302 11419 12571
1476 61 106 438 2357 36 629 2174 145 285 2837 11271 360 5607 1796 3080 1283 1388 1276 1817 146 265 4050 2474 4312
174.7652
68.7071

42 1091 1167 1916 2696 2837 3415 4141 4596 6349 7739 7763 7804 9585 10013 11386 11398 11784
202 61 106 4626 171 7230 1525 483 4235 184 1311 1557 1562 929 1954 3517 8356 170
186.1856
59.3696

574 1775 1980 2017 3296 3502 4699 6499 6520 7639 10510 12088
106 438 629 36 61 3297 593 10939 899 169 929 577
67.1551
34.0362

28 255 1356 2209 3858 4230 5463 5943 8133 8679
61 145 441 403 137 257 1151 2208 5412 265
46.1382
23.238699999999998

91 669 2117 3106 3213 4312 5372 5467 6687 9916 10467 11228
61 2755 1316 4985 1382 3375 90 111 5471 2810 464 3878
49.0515
24.1788

161 765 895 1864 2011 5334 6846 7442 9302 10414 11145 11431 12120 12548
629 106 145 360 3332 191 2013 7372 169 2018 3624 2317 6855 352
61.9394
33.4687

490 1151 1818 1932 3115 3759 4057 4491 4682 5080 6468 6610 7554 8410 8596 8860 9241 9717 9916 10244 11866 12577
202 61 629 438 1476 330 963 514 6385 3992 1311 8598 3698 577 8340 7378 4029 1012 8601 8570 394 55
165.6048
55.4976

467 1963 2473 2918 3075 3556 3597 5334 6938 7032 8815 11386
1476 438 61 191 360 3905 2189 2834 9837 3379 1877 1972
99.5078
45.0107

977 1581 4050 4104 5093 5357 6076 6136 7001 7687 8083 8450 9967 10380 11425
61 106 629 36 145 1127 3797 403 827 265 5359 675 1734 4778 7696
77.9693
35.9492

273 318 516 809 975 2385 2625 3750 3847 4226 4687 5033 8156 8178 8502 8678 8886 9344 9455
61 1476 106 202 1562 137 1451 1888 1554 184 3574 2746 4623 2627 812 7682 1306 1300 1304
196.4777
70.2339

146 152 404 512 1355 2743 3209 3389 4321 9301 9759
1476 61 106 412 408 1311 407 150 3392 1568 2627
90.1394
29.122700000000002

1162 1553 1575 1695 1900 2827 3290 4628 4807 5482 5721 5742 5751 5868 5925 6646 6841 6875 7061 7272 7609 8435 8502 9009 9344 9469 9573 9717 10128 10458 11387 11425
61 202 106 1476 137 8684 1903 514 483 485 7230 36 412 1311 3072 156 6368 2601 516 1888 6874 145 1450 9583 6370 1300 4623 361 7618 394 1304 1905
260.2292
100.1931

403 1069 2930 3164 3394 3600 3790 4454 4983 5764 5980 6286 6940 6952 7300 7714 7875 8040 8601 8728 9862 11468
61 1476 2189 202 629 970 106 5591 145 1888 441 1528 413 1867 152 2746 3374 3379 577 274 929 1775
162.5365
61.6624

355 792 855 1617 1857 1953 1963 2025 2055 2373 2440 2484 2507 2564 3206 3315 3854 4132 4312 4431 4486 5597 5635 6119 6603 8466 8985 9884 10216 10393 12040
61 202 1476 106 2189 438 1616 137 3030 1524 2127 8406 2834 2837 1091 169 1264 1311 407 148 1796 6605 1483 2474 3208 739 296 1316 1972 3628 514
196.8665
65.9109

937 1132 1525 1893 2117 3540 3791 4363 5166 11398 11469
2357 1476 6881 3542 1311 372 827 1965 2093 2836 1954
56.296
29.436

191 265 2208 2894 3225 3757 4024 4046 4724 5107 5311 5463 7132 8040 8411 8809 8939 9146 9243 9262 11302 11578
61 629 1476 137 412 202 4729 9977 2174 1888 483 3249 1264 3946 11271 1560 2139 1557 2755 812 1065 1276
164.7951
63.996900000000004

1391 1893 1926 1932 2117 2176 2378 2827 3045 3276 3501 4482 5263 5759 6928 6979 7761 9284 10050 11799
61 438 106 963 1476 629 137 441 73 158 10052 1940 3279 1689 3882 1398 821 1999 1380 896
94.4118
50.3057

516 810 965 1176 1382 2117 4152 5652 6034 6245 6631 6952 7554 7824 8073 8636 8845 8917 9057 9174 9659 10379
61 202 137 438 4081 106 1476 1311 4623 629 145 184 66 6459 977 577 7378 373 6342 3249 1098 8074
150.3618
62.8569

42 126 2138 2599 2612 3030 3464 3750 3795 3951 4007 4030 4644 4724 4892 5584 6705 7298 7696 7739 7897 8156 8716 9393 9573 9844 10051 10297 10336 10450 10454 11397 11573 11845
61 1476 202 438 106 8684 483 2357 2189 6227 412 417 629 4729 1264 4626 184 9784 3249 3337 1770 169 3081 2746 4235 403 333 413 171 1831 3556 11176 1095 3834
311.6713
115.6201

59 206 675 1730 1871 2117 2184 2688 3028 3033 3481 3704 3749 4124 4517 4622 4983 5268 6301 6327 6419 7291 8188 8406 8484 9337 11071 11302 11428 11431 11646 12012 12031
61 1476 106 438 963 2189 2357 202 629 1888 2174 2837 3946 11271 5607 1734 2612 360 1283 441 285 3031 1997 145 2942 1846 2601 1276 844 1817 5462 3030 2993
251.2875
91.8122

145 632 1069 1316 1669 1695 2155 2999 3028 3147 3242 4006 4199 5394 5464 5764 5809 5909 6198 6792 7139 7174 7377 7413 7525 7696 8224 9315 9455 9844 10639 12014
61 106 629 202 36 1476 441 3252 1770 483 1186 3951 2746 2093 3030 403 151 3031 7682 1846 2918 7 4512 4427 1098 1854 374 951 3874 184 7589 3342
191.5303
87.19120000000001

857 1384 3628 4306 4789 4889 5303 5600 6335 6412 7625
61 137 514 6336 333 69 4252 329 1817 1065 859
107.6346
31.4743

471 731 2054 2395 2402 3297 3795 4608 4677 4973 5170 5546 7180 7701 8121 8880 11398
438 629 239 485 2349 3702 61 2898 2348 1499 895 3256 763 2059 1388 1128 766
80.9692
45.3

859 1253 1515 2467 2520 2586 2612 2617 3276 3600 3736 3813 4056 4064 4112 5361 6874 7162 7701 8154 8613 9123 9585 9676 10244 10977 11397
202 61 485 1476 36 137 1530 106 629 1820 1522 514 3030 1831 145 844 6872 512 1311 6368 795 1098 1528 837 1301 2605 158
210.3148
71.5926

76 2149 3290 3297 5442 5804 8349 9309 10244 12026 12375
1476 438 485 3702 61 3256 967 2139 1128 35 11024
44.3046
25.0107

115 255 751 1486 1932 2440 2612 3073 3133 4046 5033 5352 5400 5462 5610 6349 6415 8109 9742 11425
202 61 438 629 3905 963 145 1476 7425 1963 1831 169 257 1499 1967 2755 1091 1776 1311 2834
197.2374
60.5551

149 1356 1936 4226 4427 6898 7249 8502 8805 10450 11767 12088
61 202 137 1888 1562 1476 4623 2189 156 361 1554 106
120.2923
46.6409

758 1197 1850 1997 2138 2357 3245 3568 3583 3600 4132 4473 4491 6581 6610 7221 9993 11719
202 61 3251 1476 485 2127 514 965 516 3898 1311 895 1796 438 4477 145 257 3256
158.9112
65.3791

73 927 3944 4024 5546 5822 6217 6226 6697 8933 9123 9146 9305 10297 11831 11866
61 202 438 6227 4235 3992 1820 151 1888 6225 2977 3030 4029 1571 158 330
162.2195
40.1651

161 663 1331 2049 2285 3455 3697 4084 5093 5586 6294 6992 7763 8452 9344
61 1476 202 106 3698 3081 36 2127 145 929 151 1011 1304 1300 827
159.8036
64.6188

12 158 1600 2357 2790 3025 3194 3290 3847 4124 4379 4475 4913 5238 5909 6358 6412 6560 6648 7061 7282 7735 7760 7866 8985 9009 9315 9505 9682 11287 11674
61 106 36 629 1476 202 2127 5462 2735 145 1311 1963 1098 184 3898 156 3574 675 516 3297 257 470 1091 1742 3903 837 3946 3129 2408 1385 514
235.6297
119.9057

271 802 1249 1568 2473 2580 2605 3481 3622 4342 4908 5809 6234 7453 7636 7839 8406 12573
61 106 438 1476 2235 142 2189 895 1888 202 1796 191 151 2234 6548 1388 4427 373
123.1889
53.7763

381 1186 2755 2899 3672 5268 5682 6789 7001 7291 8189 8220 8933 10143
61 106 438 629 36 2894 360 623 145 1888 2837 10086 827 635
88.4453
42.4097

442 859 1262 1587 2184 2242 2701 2788 2810 3394 4193 4448 4615 5338 5881 6294 6309 6731 6973 7191 7433 8159 8917 9409 9573 9717 10216 10420 10977 12027 12088
202 1476 61 438 8684 36 2235 629 1530 2348 1264 485 412 3813 394 1382 9583 3217 5509 3374 895 1522 10939 3225 2696 1584 749 1918 562 4536 3375
223.3843
80.4026

433 459 3858 3914 4301 4423 4623 5546 5702 5869 7040 7162 7715 8693 11029
438 106 137 61 675 441 3 821 2651 2974 3483 4414 4778 2344 917
68.6739
37.0497

1110 1275 1775 2743 3334 3645 5664 6089 6470 6576 6683 7298 8845 9243 9573 11422 12375
61 202 629 8684 963 1476 1753 412 169 6483 330 4476 6475 2454 899 9583 329
201.6929
49.8862

105 265 533 795 1524 2011 2836 2872 3037 3128 3213 3290 3297 4047 4081 4786 5055 5462 6286 6520 6731 6820 7236 7311 7754 7849 8139 8950 9198 9786 10989 12118 12375 12563
61 438 202 2235 137 5591 812 1065 3035 3702 1476 1775 5135 929 66 792 170 813 106 394 372 3256 3147 2013 1128 1967 151 2385 145 2018 2155 739 951 577
161.945
83.246

708 1327 1348 1600 1889 1985 2004 2049 2254 2259 2735 3279 3307 3334 3804 3813 3854 3968 4048 5322 5342 6076 6336 7016 7575 7655 7757 8156 8452 9573 11304 12406
61 1476 438 202 963 8684 137 106 629 485 403 1689 412 1264 3072 372 151 169 360 1331 1311 9583 1734 73 632 1524 1127 3882 1553 352 837 3225
261.6924
96.0761

988 1753 2586 4568 5044 5058 5217 5764 6089 6783 7162 7384 7507 7897 8260 8323 8548 8886 9344 9844 10051 11024 11448
61 438 1476 629 202 483 106 2918 137 1770 1557 1304 403 4235 3337 1300 1925 352 2073 989 1560 1306 1311
186.6327
67.29899999999999

73 151 171 569 836 852 1011 1176 1522 1877 1984 1999 2025 2373 2710 3307 3464 4057 4064 4141 4379 4387 4658 4783 5482 5742 6061 6468 7576 7582 8496 9370 9950 11491 11611
61 1476 629 106 36 483 1098 485 145 1091 360 2735 1525 675 1963 403 1770 516 1734 202 470 2413 1356 3795 2104 84 374 1796 173 158 1012 895 188 307 3796
253.8727
111.7048

206 1246 1877 1997 2385 3295 4084 6327 6992 7001 7563
1476 61 2357 285 106 827 2127 5607 901 1791 629
110.9368
42.3746

0 265 416 449 590 852 988 1132 1666 2018 3813 4409 5044 5931 6260 6646 6775 7058 7150 7180 7384 7941 8589 8693 8698 8757 8950 9114 9511 9585 11444
202 61 438 106 1476 137 145 1311 2013 2357 8706 1819 2349 605 844 3797 3697 352 812 650 2029 2348 837 35 1626 2385 394 6648 929 5607 1474
195.4833
90.9317

188 2138 2960 3164 3831 5650 6654 6952 8678 9010 9286 10292 11049 11578
61 2189 106 9977 3834 3009 1065 1560 2139 3845 3437 296 5453 1888
75.003
41.3021

780 3628 3815 5832 8169 8435 8499 9291 9297 9393 9674 9885 10303
61 1476 6227 412 417 202 36 1888 1264 2924 1314 3030 413
140.6002
36.3978

12 306 1253 1311 2274 3028 3037 3541 3556 3597 4832 5881 6654 6775 7398 7642 7756 8128 8386 8402 9010 9950 10785 11006 11780 12120
61 1476 438 202 106 629 137 2189 901 2280 413 403 1450 2715 2699 8406 3031 158 3697 1846 36 313 289 4427 3379 812
246.7747
99.7488

558 1213 2144 2564 2584 3990 6846 6975 7761 8387 9011 9301
438 2189 61 1530 3992 3905 795 441 4847 3074 1264 4141
70.04860000000001
33.7974

171 1276 1487 2149 3045 3738 4523 5338 6923 8074 8937 8985 10989
629 36 1476 106 137 61 605 1963 1279 4864 5932 1098 4286
82.5644
37.4669

629 1037 1857 1877 1932 4482 5107 8121 8323 8383 8784
61 438 963 3946 106 901 296 202 1940 1524 1831
96.142
53.947

152 2710 3350 3968 4064 5040 5104 5564 7133 8133 8297 9914 10397
1476 963 61 4847 1568 202 5268 7134 78 1098 150 3178 158
97.9483
31.0209

75 421 1070 1091 1096 2584 3176 3255 3295 3547 3889 5311 5451 5509 5809 6687 6975 7258 7733 8652 8939 9153 10308 12240 12587
61 1476 629 438 202 795 343 1311 1888 1279 84 2334 788 3891 3905 1264 3039 3037 156 485 2349 844 357 7737 4141
192.9443
78.093

152 416 2605 3255 4339 4568 4983 5307 6034 7372 7839 8188 8484 8716 9573 9813 12026
1476 61 438 8684 2357 2235 6817 412 106 2234 1888 150 9583 1568 373 7841 1854
150.5452
50.9749

200 678 1370 3255 3315 3797 3847 3944 4112 4596 4981 5307 5352 5471 5721 6931 6940 6987 7377 7384 7681 8061 8349 8757 9224 9302 9659 9682 9977 11800 12569 12587
61 106 438 3072 10977 1903 3069 169 1279 202 441 2159 3056 483 7589 7372 3574 7298 8774 36 1320 10052 899 7682 6932 1831 3575 1309 3742 1972 3704 2396
167.6127
82.145

1098 1228 1382 2184 2233 2594 2918 2978 4423 4938 5462 5870 6402 6700 6874 6976 7113 7440 8001 8040 8360 8398 9191 9455 9880 11228 11449
61 1476 438 106 202 629 485 2189 2601 6368 6451 6872 2755 1316 6706 2234 977 2746 6369 9837 373 514 1877 191 145 1310 1301
226.20409999999998
76.6954

1309 1719 1867 4981 5365 5593 5946 6198 6211 7233 7582 9643 9813 9950 10186 10992 11784 12015
1476 106 61 2357 1310 2601 202 1871 403 438 608 5192 2159 1708 265 612 1320 3742
121.7319
55.0543

28 563 758 932 1011 1037 1132 1249 1693 1765 1812 2507 3274 3290 3415 3760 4306 4512 5107 5263 5888 6102 7113 7163 7380 7455 8104 8805 8875 8879 9289 10244
61 963 483 1476 106 2189 629 3946 1888 202 2280 156 1311 1370 2652 516 468 1616 4050 151 394 1012 1019 229 7469 1320 158 7298 148 1989 1301 1997
177.29399999999998
85.7055

151 623 1924 3393 3900 4807 5166 6697 7132 7157 10050 10459
61 202 629 514 4235 1476 516 895 244 6369 2894 1098
107.6108
29.0223

75 445 467 499 988 2047 3462 4057 5586 7258 7839 8154 8387 8389 8860 9932
61 202 1476 438 629 106 2235 2189 510 145 36 84 511 505 4847 2234
220.165
51.0202

66 1581 2178 2735 2956 3028 4030 5650 6013 6553 7097 7300 7438 9315 9568 9916 10013 10159 10452 12113
61 438 483 202 36 2189 7230 372 1264 403 106 3031 1734 1846 472 10939 73 2475 84 4141
145.4978
58.8504

1789 1925 4308 5263 6309 7380 7804 8784 8863 9146 9289 9977 11397 12547
963 438 3072 202 3069 10977 3337 629 106 2837 1647 512 483 8774
86.7052
40.2177

244 829 1176 1254 3028 3075 4348 4606 4622 5093 5238 5368 5593 8061 8410 8725 8879 9986 10128 10310 12585
61 106 137 202 438 36 1903 485 3056 1846 169 3031 8340 4865 3030 1186 3081 2396 394 170 1972
138.8523
54.1783

810 1065 1581 1900 1916 2586 4439 4658 5699 6009 6610 6898 7377 8323 10321
202 61 1903 137 145 485 1907 1905 433 344 303 675 2071 1311 3900
118.4511
43.217

75 441 582 788 1151 1524 1734 2473 2718 3023 3147 3542 3858 3863 4423 4522 5055 5909 6233 7148 8109 8452 10125 10467
61 629 438 1311 3905 84 3951 809 4523 812 6370 6294 7425 792 145 675 1952 1818 795 372 184 5059 755 802
132.9111
72.2929

629 1283 2837 3045 3128 5352 5584 5794 7372 8652 8742 11317
438 106 6817 8875 1525 1264 151 1311 296 1831 1967 61
95.0141
59.3342

979 4028 4379 4473 4612 5764 6468 6603 6654 10452 10463 12375
61 202 438 629 106 1476 3337 1963 1110 675 470 1098
105.0016
55.777300000000004

937 1522 2000 2467 2978 3031 3456 3797 4048 4152 4226 4339 4878 5462 6208 6226 6863 7282 7763 7824 7839 8104 8139 8386 8624 9977 10143 10321 10374 10939 11071 11397 11800 12420 12589
61 202 1476 438 137 2357 2235 3072 4847 6227 1311 106 10977 329 1562 2189 3069 1138 1554 483 330 2234 1127 1972 4865 408 1279 1560 827 623 332 191 1525 7841 929
337.6048
113.9898

786 2735 3797 3831 3900 4014 4822 5607 6367 6775 6975 8383 8725 9245 9262 10050 11914
61 1476 438 202 968 3903 3834 2235 514 1571 3905 3009 342 795 3845 6370 372
136.2341
56.1483

74 262 464 535 1290 1697 1864 1936 2699 2710 2993 3191 3737 3850 3900 4057 4658 6260 6294 6515 7316 7849 8154 8565 8618 9645 11228 11399 11578 12026 12571
202 61 1476 629 1603 2242 9977 84 155 330 150 145 3573 69 156 970 1547 5585 605 5059 1553 151 2139 1549 35 6340 4536 1554 2234 8844 3080
310.1085
107.1561

35 1857 1903 1985 4056 5334 5586 6393 6461 9993 11780 12569
61 438 2348 629 5209 360 145 1524 4029 191 1907 622
107.3181
39.3072

149 590 937 1864 2233 3315 3578 5033 5402 5455 6478 7588 8061 8175 8875 9198 9585 9893 11385
61 1476 438 2357 202 2235 1903 156 2234 3056 145 6483 329 2652 827 7315 158 6260 169
130.6547
61.041399999999996

1138 1384 1952 2164 2499 5418 6089 8169 8837 10310 10350 11049
61 438 1476 629 36 1065 1128 1734 2168 1753 2576 146
104.7585
39.8094

106 979 1091 1643 1830 2474 2984 3194 3951 4024 4028 6102 7300 9169 9286 9759 10248 10933 11394
61 202 9784 1476 943 4050 514 1734 1831 5259 491 1854 4324 2755 3342 394 1812 4047 2385
110.5554
67.6602

635 828 1566 2599 3069 3759 5357 5471 7409 7790 8154 8775 9173 9993 11419
202 61 629 3072 1530 483 7230 6143 106 2837 5585 3332 3307 502 2894
197.9782
53.8952

365 1162 2547 2625 3108 3891 5166 7427 7701 9458 9786 9884 10450 10785 12452
61 375 895 2189 1316 73 106 1451 2627 9200 3556 2977 239 4476 731
107.0642
53.137100000000004

105 490 1228 2790 3121 3255 3839 3900 3914 5226 5585 6119 8809 9742 10654 11398 11971
61 202 1264 1856 6033 1525 6706 9417 1012 1918 1279 1311 265 3080 1972 4190 1524
86.4059
43.162

449 558 889 1217 1819 2062 2735 2999 3120 4512 6234 6875 7289 8189 8402 8799 9026 9743
61 202 629 142 485 106 1530 514 372 1311 1476 6370 2280 895 171 8406 394 3797
116.1623
59.0576

619 993 1065 1143 1567 1980 3108 3583 4609 4658 4677 4806 5416 6646 6838 7675 7725 9050 9146 9458 9932 9993 10052 10454 10668
1476 61 106 36 1311 202 635 1689 998 145 6478 2004 35 623 3838 169 1221 6648 2071 5497 344 1718 8837 2861 1254
151.2641
55.948

407 1126 1903 1923 2184 2266 2473 2547 3315 6708 7150 7246 8454 9458 9813
61 106 438 2348 5209 6227 412 202 4029 333 90 408 169 1391 442
95.2399
42.3784

449 1819 2467 2872 3540 3759 3839 4064 4301 4348 5585 5804 6049 6076 8118 9946 11071 11422 12027
61 629 1264 1311 372 1525 441 1476 2454 9417 145 3797 6294 3542 2093 1127 1972 403 1098
104.1755
59.5166

970 1549 1678 2583 2605 2899 3211 3279 3483 3804 4687 6369 7442 8698 8937 9519 9742 11006 11022 12420
1476 61 438 202 629 73 106 9411 2357 137 155 773 417 330 901 1550 8706 3889 951 1311
200.9723
69.2445

33 355 421 1070 1356 1985 2004 2918 3114 4064 4124 4606 4626 5943 6009 6810 6820 6874 6919 7097 7133 7380 7575 7576 7594 7849 8024 8548 9684 10125 10277 10319 10454 10957
61 1476 438 963 202 106 485 514 4847 155 483 6370 145 441 6872 1560 1301 8316 502 1877 6369 844 7134 9837 8188 403 951 1098 5462 42 1689 2254 1151 5662
259.7485
92.6267

467 768 2601 2790 3283 3540 3698 4225 4363 4682 4822 4878 5027 5546 8169 8698 8780 9986 10216
202 438 61 137 629 36 485 2189 329 3072 1311 106 3081 4871 1138 2357 1554 330 1770
199.6273
85.9438

106 160 1096 1228 1441 1730 2055 2208 2584 3040 3585 3793 3889 4175 4193 4631 4764 4794 4983 5194 5416 6227 7148 8693 9302 9509 9958 11551
61 1476 202 629 963 137 9784 1279 1952 3891 899 8994 1734 3884 158 4141 1098 2755 605 989 1499 6706 3030 929 1296 1776 1792 1091
230.5162
104.5923

111 353 1254 2073 2233 2357 3393 3508 3831 4615 5394 5675 6499 6841 7016 7236 9409 10380 12452
61 438 1476 629 202 2348 2127 3834 145 106 2234 895 3009 516 3898 1382 357 2408 257
156.3909
70.7784

28 449 1352 2811 2974 3115 3223 3990 4865 5199 7427 8275 9169 9455 10452 10454 11071 11520 11719 12027 12120
61 106 2814 438 963 1853 3992 1689 191 7682 3797 3389 3668 1151 1718 2189 145 4050 2746 1001 35
161.0888
59.2038

851 1249 2119 2272 2402 6013 6687 6731 9645 10401 11502 11520
61 1476 2242 1853 1550 1547 150 8360 1584 145 4985 650
109.8257
35.9132

467 1167 1678 1889 5764 6878 7756 8220 9250 9585
438 6874 106 169 4625 374 1734 468 7618 1903
48.0457
24.7077

1999 3882 4427 5412 5455 6874 7940 8154 10989 11504
202 61 137 2624 485 3838 6368 2699 69 1734
152.093
38.322

490 1309 1391 1568 1693 3069 4374 4439 6335 6863 7079 7196 7897 8173
61 106 3072 202 36 137 3337 1310 514 1530 6369 1311 6336 3073
110.0813
52.5567

184 441 731 797 1553 2984 3350 3389 4684 4786 4981 5394 5398 5909 6368 6415 6747 7438 8601 9901 10069 10654
61 202 106 36 1311 629 3905 156 514 1888 1952 812 6370 6294 1734 307 577 2159 1451 1742 3742 1797
166.9425
73.26520000000001

433 533 755 1110 1382 2113 2272 3858 3891 4141 4568 4615 7139 9284 9487 10303 11024
61 438 629 2348 3838 1316 763 895 330 441 151 145 329 158 1138 4071 73
101.5201
49.1894

120 122 765 1283 2054 2117 2119 2507 3242 4132 4454 4456 7790 8000 11438
61 1476 202 963 137 3252 6478 106 1190 4626 142 1689 1867 967 145
131.1559
50.5248

35 650 1026 1247 1304 2583 3501 4704 5869 6061 6394 6576 6631 7272 8411 9002 9498 10159 10510
202 61 1476 106 2189 483 438 629 970 330 73 4477 6459 145 4050 6548 3882 169 1734
169.0384
46.9157

149 766 780 1643 1864 2055 2117 3045 3069 4596 4807 4892 5652 6931 7024 7180 7625 8074 9002 9337 9509 10125 10289 11573 11784 11831
202 61 106 3072 438 1476 156 4864 1530 2349 333 145 605 827 1888 3073 6370 2348 151 2836 158 3075 6932 4894 875 797
154.8133
66.8689

654 755 758 1316 2688 2811 3276 3797 4387 7282 7372 8594 9534 9919 11022
61 2814 6817 145 69 895 1311 330 1098 1718 9311 394 3795 1001 1831
85.185
44.8675

206 257 510 755 1230 1720 1830 1850 1980 2062 2073 3030 3073 3850 3858 4048 4094 4822 6208 6327 6478 7625 7642 7761 8478 10308 12113 12571 12573
61 1476 202 2357 36 6227 485 106 744 417 285 608 441 169 1524 3573 2699 408 1603 5607 629 6483 3697 4093 10939 1499 1718 1972 1831
236.7092
93.2946

1568 2073 2178 2960 3147 3392 3455 3502 3645 3795 3914 4097 4199 4308 4389 5199 5338 5430 6313 6846 7244 7790 7804 8749 9427 9528 10350 10379 10785 11029 11413 11419 11551 12266
61 1476 438 106 36 2189 3081 629 1311 11022 3951 3283 1264 3992 1011 3217 394 3447 989 202 3760 11824 1792 333 1190 1388 6415 4882 372 374 4050 1940 7537 4104
272.3845
117.1448

669 1666 3547 3850 6163 6335 7282 7438 7715 8933 12420
438 6336 137 1311 246 1888 3573 2189 3 4141 36
66.5675
28.9423

2373 3106 3254 3283 4822 5943 6483 6967 7246 7537 8184
61 202 438 106 963 605 145 441 403 1689 623
133.9565
39.3648

447 449 829 1091 2073 2827 2977 3211 3315 3547 3596 3738 4083 4439 4517 5827 6009 6241 6286 6336 6369 6841 6987 7157 7221 7636 8047 8188 8768 9534 9625 10785 12014 12125
61 438 137 202 106 1311 5591 1525 3072 629 1264 329 169 485 394 4865 577 951 3797 2837 6548 1065 1776 2835 374 1775 650 1689 6554 168 881 333 170 471
240.3705
99.5504

8 650 1217 1336 2701 2806 2836 3203 3251 3483 4065 4454 4871 7212 8074 8402 9011 9893
61 438 1476 202 106 514 4477 483 1311 4864 605 1138 485 516 413 1867 8406 970
141.4589
64.1468

120 158 516 829 1486 2507 4093 4387 5804 6698 7417 8169 9291 9309 9643 9743 10277
61 36 106 629 1311 151 2696 1819 145 2093 184 1776 3071 6548 2385 84 3082
95.1884
45.2816

171 441 515 1893 1963 2696 2899 5307 5592 5618 6402 7249 8601 8749 9289
629 963 106 36 1888 1311 2601 202 6294 2834 4623 2837 1091 1095 372
104.7656
52.9228

993 1751 1812 2357 2378 3191 4199 4431 4878 6461 6470 6881 6931 7191 8169 8557 11483 12240
202 438 61 106 145 2127 963 329 36 1476 332 6483 3898 998 629 2408 1127 330
184.9331
78.2144

3749 3794 3815 3949 4029 6059 6979 7162 9224 9643
438 2189 137 106 1190 3946 169 373 3605 1008
48.0941
22.5335

105 965 1246 1621 2266 2285 2520 3056 3225 3502 3556 4132 7079 7244 7291 7576 9344 9659 11284
61 438 106 1476 412 4081 202 1557 36 145 1789 2189 3073 5427 3052 1786 333 1300 66
171.7129
72.1197

895 1253 1300 2625 2882 3386 3949 6827 7756 9198 9455
61 106 629 2235 3332 2627 7682 145 2408 2746 3315
75.4738
31.2201

582 658 663 836 993 1197 1213 1347 2436 2499 2580 3389 3831 4007 4065 4491 5607 6151 6698 9194 9417 12023 12266
61 438 106 202 2189 1311 3903 895 998 11022 3992 3283 3009 1571 1560 285 3447 3834 151 11824 917 333 6783
167.4736
74.4867

28 111 499 812 1026 1688 2580 2584 3028 3056 3203 3242 3297 3502 3787 3966 4006 4193 5721 5881 6789 6923 7413 7433 8005 8173 8189 8742 8815 9390 9573 10052 11578 12027
61 202 438 106 629 8684 36 1476 8875 2189 9977 412 510 1547 6369 635 1264 3252 6478 505 5427 9391 511 3702 372 514 3052 512 4141 9583 151 2139 1846 3031
276.8513
98.5792

353 467 558 3223 4001 6412 6581 8716 8928 9169 9667
61 963 2357 106 1530 1689 3074 629 3225 188 1854
83.5637
33.5858

152 780 1126 1253 1999 2266 2334 3334 3379 3853 4568 4677 4919 5353 5870 6130 6225 6349 6817 6827 6975 7576 7763 7849 8040 8570 8725 8837 9511 9661 9946 10051 10368 12031
202 1476 61 106 2348 483 438 360 2189 629 145 2013 1311 943 3905 441 6369 795 583 333 191 929 146 151 78 951 1310 2755 732 3380 169 881 307 150
286.3162
97.3982

202 344 421 505 731 1900 2344 2974 4606 4644 5093 5095 6370 6415 6742 6831 9696 9932 11422
61 1476 106 438 629 36 137 4379 3072 1903 3081 6227 514 3698 483 155 1689 3645 6719
349.0458
153.2348

421 499 1486 1952 2368 2373 2866 2872 3225 3376 5040 5546 7163 7438 7725 9417 12014 12302
61 202 1476 412 36 514 510 1560 145 511 505 1389 1557 512 827 1776 152 4141
158.4131
57.7995

1356 1600 1697 1742 2288 2710 3206 3254 3274 3297 3795 3867 3946 3995 4783 5205 5616 5689 6846 7113 7286 7875 7933 9717 10038 11914
61 1476 438 2189 106 2357 5209 202 970 968 2235 3702 2735 342 797 4625 504 1560 1331 1796 3178 2159 827 66 929 967
209.1451
89.3427

1249 1347 1742 1889 3968 5334 6560 7609 8774 9417 10013 10248 10785 11428
61 202 7230 1476 483 360 514 106 191 6874 2894 1450 1331 3905
145.8689
73.8801

1070 1232 2487 2827 3737 3889 6367 6449 9178 11145 11398
61 202 3891 6451 6370 1279 514 206 8270 899 6371
57.0295
28.7852

115 403 535 613 663 962 1837 2155 2334 2746 3030 3115 3596 4046 4312 5040 5338 5467 5721 5811 6286 6294 6654 6870 7097 7139 7642 7940 8392 9169 9239 9932 10141 11422
61 1476 202 629 438 6227 36 2348 2624 5591 2699 3838 145 417 329 1689 1856 441 106 483 2454 4427 3697 1091 963 2755 749 169 577 1382 1151 2712 1753 4028
273.9205
98.2493

13 375 468 1304 1688 1857 1999 2017 2259 3028 3176 3283 3447 3815 4321 4807 4849 5353 6130 6151 6468 6680 6698 6967 8837 9245 9315 10431 11029
61 438 202 36 9784 3337 156 357 485 106 372 394 3031 3030 1846 4050 1524 1936 797 353 146 169 1689 456 1953 6548 4677 731 583
216.5561
85.4231

109 164 678 1617 2368 2652 2827 3203 4200 4561 4704 5058 5869 6034 6817 7316 7933 7994 9884 10143 11287 11914 12088
61 1476 202 36 968 360 2235 629 943 330 6369 145 1616 342 2894 951 504 156 2357 10939 1568 191 2755
233.437
84.1871

375 812 3995 4342 4596 5442 7035 7669 8104 8133 9222 10321
61 438 137 9784 485 929 744 2139 456 2123 586 792
81.8915
33.7697

106 792 836 962 3583 3795 4001 4032 4141 4849 5263 5322 5365 5464 5822 6227 6301 6349 6938 7061 7244 7801 8349 8594 8644 8863 8875 8886 9026 9174 10053 11394
202 61 438 963 137 9784 36 608 8994 629 943 239 2652 2127 514 1296 4512 2755 3030 373 1384 3874 605 6943 3012 491 612 143 2689 786 374 3279
243.7332
103.0791

407 2176 3191 4014 4097 4765 6576 6742 7244 7289 10292 10333 10629
1476 202 106 61 36 629 6227 412 1065 4882 1877 4477 417
120.4565
38.1126

188 447 663 2025 2715 4312 4687 4765 8324 9469 9519 11411
61 1476 1316 9411 892 9977 1311 773 3889 106 5286 2076
72.8078
31.7719

73 533 768 1751 1820 2055 2402 3757 4889 5166 5618 5827 7040 7298 7582 7636 8406 9932
61 1476 438 202 417 2601 1888 333 151 412 1379 6548 2977 408 329 158 168 8624
173.8139
46.8307

3393 3596 4006 4293 4622 6327 7244 7268 7417 8618 9239 9862 11816
1476 61 2357 36 106 1264 285 329 5607 441 2076 7270 2526
117.7868
37.7717

142 255 893 1126 1487 4048 5027 5226 5607 5777 6919 7785 8161 8220 10668 11385 11578 12452
61 36 438 9977 3903 285 1571 3946 169 3951 257 73 2139 9200 749 930 1391 1918
135.5059
50.2396

810 1999 3379 5199 5675 6225 6394 6820 8429 9844
1476 438 61 106 629 970 145 1770 1311 403
81.5827
33.2087

708 963 3738 4822 5751 6163 6189 6358 6707 6810 7588 7675 8844 8845 9696 12023
61 3072 106 202 137 6475 2004 605 246 1499 1300 5256 109 169 239 1856
138.8981
62.8305

69 306 623 1336 3704 5462 5759 6705 6820 7113 8169 9262 9469
106 438 202 61 2189 36 1476 514 5286 2894 951 4418 6706
82.6053
34.1554

23 265 364 1444 1581 1819 2018 2245 3023 3946 4003 4794 4849 5303 5804 6061 6791 7016 8083 8160 8693 10143 10416 11024 11387 11495
61 106 137 202 36 3698 629 3081 330 3072 401 373 3884 42 352 812 623 372 145 6336 191 10086 675 635 2652 296
152.3949
70.1822

693 1011 1143 1162 2334 2344 2882 3242 3483 4066 4563 4606 4889 5352 5365 5943 6172 6227 6416 6683 6775 7432 7575 8406 8644 9123 9198 11024 11385 11435 11580 12012
61 202 438 483 2235 2348 441 963 3030 137 145 1888 608 333 1476 8994 1296 1820 749 239 516 403 2594 169 1012 766 1753 1019 605 3668 331 6415
270.3345
89.9805

145 1147 1327 1818 2580 2837 3421 3540 4523 5546 6731 7174 7212 7307 8005 8644 11913
61 106 438 629 2189 1186 1311 1525 36 151 1963 485 5932 7610 9487 977 1922
117.8104
58.502

491 2594 2788 4981 5751 6163 7016 7591 8160 10350 11024 11422
61 438 106 483 202 137 3072 2601 1316 485 246 4190
98.6032
41.3733

1304 1695 1871 2484 2882 6468 7413 7636 8270 8411 8618 9781 9893 10289 10977 12047
61 2189 106 629 8461 1530 485 3072 1264 6548 1522 202 6554 2475 169 2942
116.0913
39.3083

1070 1753 1820 1889 2918 3108 3389 3508 3585 4783 4858 6775 8040 8109 9487 12026
61 1476 438 106 202 3905 1311 151 417 763 3838 412 357 7425 1877 158
179.0018
59.9599

416 891 2018 3033 4081 5055 5336 5509 6059 8532 9742
61 629 438 343 1316 2334 3035 8499 441 373 749
87.3905
49.2994

109 343 1742 1965 2011 2161 2701 3600 3995 5297 5338 5696 5822 6861 7024 7384 7841 8360 8601 8624 8815 11393 12023
61 438 106 191 360 36 1888 2612 1476 827 357 2746 353 1817 577 1331 361 2018 675 2755 2013 1918 959
142.57150000000001
59.381099999999996

904 962 2178 2288 2806 3120 4046 5286 5580 6412 6415 6846 10321
61 629 4379 2189 137 1476 2280 36 1264 3039 483 516 169
112.82079999999999
48.3625

0 1077 1098 1217 1643 2285 2440 2474 3147 3709 3815 5405 5412 5509 6491 6499 6881 7244 7307 8454 9250 9566 9717 10289 10379 12546 12569
106 438 36 61 1061 343 1734 2334 3951 2349 145 109 749 2755 394 6503 372 443 3012 2344 977 1918 1972 2393 1770 813 205
131.5532
68.4007

364 447 629 788 1893 2652 3583 3597 4003 4030 4077 4083 4816 4832 5286 5482 5870 6335 6478 6553 6820 8061 8139 8499 8618 8845 9932 10431 11270
61 1476 438 106 202 1311 1903 137 1525 1264 1888 6483 191 3056 265 6336 2385 795 394 8466 6260 296 170 352 2837 1310 792 1734 1831
260.5255
118.4139

142 149 244 318 994 2004 2049 2586 3274 3759 4024 4175 4431 4519 4783 5268 5357 6009 6013 6419 7378 7678 7790 8565 8827 9224 9284 9534 9914 11022 11302 11411 11483
61 1476 629 438 202 2174 151 3946 36 11271 3951 2837 330 155 394 1770 360 485 156 5359 929 1190 2624 1689 1186 150 73 1311 1283 169 786 9311 1276
205.6686
96.1584

1228 1311 1549 3813 3867 6553 8880 11495 11646 11866
1476 61 963 438 137 2357 3698 1550 3081 3992
132.5965
51.123400000000004

2788 3863 4391 4658 5238 5311 7180 7372 9967 11845
2189 6817 438 1264 2349 90 3834 2348 11176 7094
53.1821
30.4918

883 1515 2272 2484 2547 5040 5058 5194 5546 5675 5759 5811 6009 9643
61 438 485 1528 202 929 3082 1522 881 239 1530 6489 7455 3951
93.6387
33.029

1553 2017 2715 3831 4858 5463 5702 5822 7150 7793 9224 9289 10414 10467 12546
61 438 963 629 1316 202 3834 3009 156 9977 3845 36 169 2378 1560
126.175
50.8025

1549 2209 2245 2266 2689 3115 3867 4124 4454 4606 5592 5710 5751 6931 7442 7675 9057 9344 9914 10458 11270 11332 12233
61 1476 202 3072 2357 438 1095 1550 333 106 797 1867 629 413 3297 265 1300 303 792 844 394 970 1151
179.8822
68.8117

407 654 678 1553 1965 2171 2176 2844 3542 4193 4203 4301 5372 5471 5616 5635 5868 6367 6385 6393 6871 7141 8260 8398 8757 9010 9370 9427 9958 10186 10452 10460 11489 11491
202 61 438 1476 629 106 514 6370 1888 1952 6227 156 2894 412 6369 1850 1098 372 1389 622 6873 408 516 7860 932 550 1304 1065 577 4729 265 6872 1770 1012
220.6225
83.0651

343 788 1352 1444 2272 2978 3075 3790 4001 4054 4094 4538 5585 5710 6416 6992 8774 10294 12589
1476 629 360 106 61 1525 2280 357 1616 330 1972 1530 145 401 353 151 1528 361 795
134.828
67.9912

1693 1857 3128 4054 4199 5311 7298 8406 8487 8827 9009
61 1888 106 1524 151 4056 3946 4476 1499 8624 2746
56.0446
27.4894

126 403 530 1621 2254 2584 2790 2930 3225 3839 4119 4409 4456 4724 5040 5238 5455 5472 6121 6151 6198 6371 6841 7079 8326 8728 8875 9245 9712 9932 10374 11866 12047
1476 61 438 106 2189 202 1264 412 8461 4729 145 372 1557 5787 3992 3249 9713 2652 4141 895 4124 3882 1560 169 6369 9417 1283 330 3593 1628 152 1311 3379
247.2225
97.105

296 397 574 951 1077 1147 1217 3030 3251 4254 4626 4631 5682 5868 5888 6034 6061 6841 8184 9169 9358 10003 10244 11422 11845 12027
61 438 202 106 6227 2189 1476 1061 155 145 417 1264 593 3252 502 3834 1560 2454 11176 182 3081 1138 6702 608 373 2696
198.2317
77.8104

151 206 582 1223 1249 1531 2266 3242 3296 3481 4286 5455 7079 8557 9315
106 36 61 3252 895 3297 3698 1264 333 892 1012 170 4776 583 1098
85.1932
47.6053

35 768 792 852 861 891 1355 1923 2073 2718 2904 2984 3023 3028 3394 3614 3995 4791 5353 5621 5809 8326 8532 8678 9873 9970 10052 10141 10143 10668
61 438 202 629 635 1316 36 623 1476 6478 8499 1734 2894 3031 10086 374 3030 8471 168 1846 4427 1831 8500 2127 2385 3374 2613 169 403 2004
185.9623
85.3441

161 795 857 1246 1275 1300 1441 1765 2507 3121 3132 3251 3421 5194 5286 5592 5759 5789 5827 6658 6680 7316 7453 7763 7849 8160 8809 8879 9010 9153 9676 9781 10360 10368 11029
61 438 106 202 1476 929 3037 788 1279 4324 792 6033 844 1856 1138 36 1095 1151 148 2735 3082 1734 6489 1474 3252 577 7455 858 8844 158 3315 265 3081 8208 145
246.0592
94.4957

1718 2357 3191 4199 4535 5217 5777 6370 7790 9455
61 1476 106 202 137 2127 417 1190 3898 514
110.7615
53.9157

12 13 795 1769 2113 2575 3033 4081 4193 6260 6449 7696 7841 8618 10050 10431 11580
202 61 629 1476 6451 3035 605 152 2612 441 66 1817 296 2746 145 4050 10052
153.7921
58.5784

797 836 2209 3541 3578 4561 5888 6173 6680 7701 8879 9932
1476 61 438 1451 6178 895 1853 1382 2208 257 5497 1850
115.3226
28.6277

608 1450 1566 3072 3140 3464 4878 6789 7291 7440 7669 7875 8435 8728 10450
61 106 438 202 1476 137 629 329 483 929 970 6451 1382 332 2189
192.1788
71.795

332 344 416 433 569 962 1091 1126 1279 1870 1999 2161 3194 3283 3379 3995 4077 4175 4439 4686 5418 5593 5682 6368 6470 6992 7537 7941 8275 10414 11317
61 202 438 106 963 1476 514 333 1734 1065 577 6475 6370 3252 145 1110 6483 441 156 394 3697 331 2525 1796 3249 827 951 3380 1391 3699 1753
276.5718
89.9892

23 126 1515 2599 3255 5888 6059 6631 9050 9370
61 36 42 1689 202 1528 1095 169 6459 1279
75.5034
35.5734

590 666 893 1176 1754 2117 3147 3944 3951 4228 4254 4308 5040 5170 5759 6931 6976 7757 8790 9174 9194 9412 10654 11491 11784 12585
61 36 1554 9784 11006 795 106 899 438 4324 6932 1450 674 374 169 5033 1173 168 52 1695 468 1854 550 4677 432 1384
90.687
56.2314

151 1132 1316 1464 1932 2245 2837 3225 3243 3867 3874 4054 4606 6658 6807 8886 9173 9447 10321 11483
61 202 1476 963 895 2357 412 137 1525 1098 1557 145 605 797 1560 265 4197 3795 6483 892
146.2145
51.683

105 937 1026 1877 2274 2285 2612 3251 3853 3994 4628 5194 5764 6491 6817 7001 7575 8159 8189 8636 9050 9455 9743 10051 10379 10414 10957 11914 12302 12575
61 1476 438 106 202 2357 483 36 137 360 968 514 2235 629 827 1311 4623 2280 1689 342 1138 943 1831 8316 145 7682 2093 951 8188 929
275.6334
113.0397

676 1818 1871 2162 2436 2605 2882 3209 3568 4226 4423 4849 4933 5442 6874 7061 7174 7221 7380 7725 7757 7824 7875 8644 9191 9447 9759 9809 10186 10671
61 438 202 1476 2189 485 1560 970 514 6872 1562 6369 106 4625 675 6368 1689 1186 1301 4729 2942 2139 8975 929 239 967 8203 7610 1554 977
204.7088
66.6442

169 447 510 881 1069 1871 2449 2904 3056 3255 3307 4200 4889 4933 5095 5482 5682 5702 6683 6706 6861 6931 7678 8175 8189 8231 9286 9482 9742 10368 12266
61 438 106 483 485 2189 36 145 1311 333 137 629 11022 3283 441 2454 202 3447 3992 360 6707 5427 2811 11824 2942 90 3052 2413 329 191 1176
230.1366
101.1622

160 265 563 844 1176 1718 1871 2161 3225 3254 3542 3556 3867 4596 4612 5107 5192 6034 6198 6336 6581 7132 7249 8411 8532 9173 11398 12569 12571
61 629 1476 137 2189 202 412 106 2357 1316 1264 372 3946 3072 152 1348 4623 1557 797 373 1952 812 895 158 8499 1560 2159 8500 1796
221.1438
80.1841

795 910 962 1515 1774 1893 2018 2334 2790 3051 3462 3593 3622 4014 4047 4491 4606 4783 4807 5353 5412 5888 6229 6483 7367 7646 7725 7900 8074 8450 9409 10038 12012 12302
202 61 1476 438 629 106 963 2348 2189 36 605 514 3992 1065 441 1382 4864 3056 1689 1734 1528 895 374 3697 1522 749 1775 792 5735 1311 1819 623 773 1753
240.08859999999999
87.8825

751 2625 3386 4048 4084 4387 4689 6208 6361 6409 6863 8108 8159 8742 9243 9509 10629 11287
61 202 438 106 36 8875 1065 1311 2127 4235 1264 156 408 2627 4882 1791 1936 184
138.5211
51.417

1669 1850 1857 2348 3037 5058 6705 7576 7588 8384
61 438 106 485 343 749 285 1264 1524 2349
99.1135
41.8642

365 1143 2233 2395 3031 3283 3709 3760 3858 3884 3891 4006 4226 4704 5593 6631 6646 6952 7191 7453 7507 8133 8156 8955 9050 9297 9393 9743 9916 10016 11398
61 438 106 202 6227 412 1476 1311 375 483 417 1562 2189 1316 2234 629 1554 330 413 73 1689 1370 3030 394 6459 2093 145 1560 468 441 1065
246.5263
85.3556

91 758 975 1797 2547 3853 3863 4050 5027 5342 5710 6698 6817 7221 7289 7363 7940 8005 8768 8827 8837 9057 11435 12031
61 202 137 2189 360 2624 2725 106 191 36 2755 951 2699 1311 145 6369 3797 943 3838 881 732 1922 7941 146
168.3722
63.3762

271 930 2601 2999 3826 3944 4515 6898 7806 8360 9241 9427 10294 10350
61 438 629 1791 191 330 1770 1831 929 1963 202 812 1138 1830
90.8732
41.119

445 635 1553 1775 4535 5338 6370 7097 7756 9114 11332 11386
61 438 1476 202 483 137 36 7230 417 156 3332 285
117.8692
43.2081

398 456 1132 1789 2594 2788 2930 3069 3966 3968 3995 4237 4431 5268 6470 7639 7754 8411 8454 8578 8837 9146 10216 10303 10414 11173 12088
202 438 3072 2189 629 963 2837 3337 1316 2601 3073 6483 1647 441 106 6475 2835 360 1530 36 1389 1528 10939 899 146 313 333
216.4144
78.6441

69 875 917 994 1775 1925 2246 2599 2652 2837 3031 3191 3334 3908 4649 4658 4919 5586 5682 7609 8160 8323 8389 8728 10159 10379 11767 12575
61 106 202 483 137 7230 145 514 629 1525 6874 516 7619 3905 1311 1450 883 169 7618 472 899 1095 2255 1972 6368 1734 3379 4832
185.9082
82.6746

244 844 1096 2436 3307 3578 3583 3628 5281 5710 6013 6841 7035 8618 9534 9916 10050
629 438 485 106 372 1186 352 10052 360 1091 1228 188 851 1776 5342 7298 239
75.39789999999999
42.5663

456 629 1980 2155 4596 4689 6470 6931 7725 8917 9511
202 963 36 2013 6483 6475 106 7 296 1831 1311
117.3167
55.5881

122 784 1254 1450 1522 1850 2011 3121 3797 3946 3961 4048 5357 5607 7384 8557 8778 8880 9384 9568 9932 11491
1476 61 629 2357 202 485 137 3081 5580 2242 285 3903 1525 2280 73 5359 1856 1382 3039 142 6033 605
188.8501
73.107

255 731 758 1669 2357 2688 3414 4081 4491 5710 5888 5925 6313 6646 6747 7417 8161 8565 8716 8955 10248 11022 11780
61 106 1476 1311 202 2127 2189 3035 330 145 257 3898 394 895 516 2408 66 344 4252 582 514 930 7963
165.8209
73.5988

3164 4152 5079 5613 5652 6402 7272 8845 10303 11971
2189 438 1311 106 296 827 292 1478 2757 1863
35.631
18.2527

200 676 1249 1819 1926 2956 4056 4104 4200 4682 7298 7417 8047 8532 9191 9458 11422 11800
61 629 202 73 8499 441 2454 372 8471 158 145 3389 2475 4778 8500 10052 2746 773
102.8655
52.0852

4093 4391 4686 5125 5268 7588 7591 8594 8716 8917 9606 11022 11270 11427 11611
2357 106 202 629 330 394 61 90 360 2837 401 1854 333 151 109
84.07939999999999
48.0347

447 784 1775 3051 3737 3791 3944 4473 4871 5650 7387 9289
202 963 4477 3056 61 514 1311 169 4865 899 472 1012
77.4429
33.15

76 821 1065 1213 1246 1279 2699 3274 3415 3516 3600 4765 4913 5397 5764 5868 6004 6294 6520 6544 6648 6706 6940 7001 7018 7442 8104 8557 8716 9057 9519 9914 10050
202 61 106 1476 2357 9411 145 438 827 773 1525 485 1311 3249 1554 109 929 6548 629 90 394 3889 5398 3556 10052 6707 583 6340 2071 169 910 5268 1854
222.5864
91.11189999999999

23 111 932 1253 2710 3349 4112 4291 4486 5182 7372 7432 9222 10303 10977 12012
61 36 485 1530 6817 42 202 156 151 1279 1522 50 35 296 3178 2755
128.9396
48.461

755 844 3462 3850 4104 4517 5682 6022 6226 8532 11767
202 61 137 372 2189 6227 3573 145 773 8499 8471
97.5661
30.1601

1232 2055 4132 4486 4615 5705 6975 7384 7417 8860 9169 9344 11029 11317
61 2348 202 3905 795 1796 1300 1304 1306 2746 1616 2086 1925 296
84.3215
42.922200000000004

91 975 1147 1167 1600 1850 2594 4306 4686 4892 6831 6846 6874 6923 7079 7282 9010 10216 11495
202 61 137 485 438 106 3698 2601 514 1316 3081 2735 3072 333 6368 1524 899 6336 2755
168.1081
57.0741

416 852 937 1253 1751 1772 2234 2652 2844 2956 3254 3541 4141 4522 4606 4791 5107 5584 6217 7537 8040 8383 8392 8565 8805 8950 9050 9250 9676 9916 9919 10248 11578 11845 12573
61 1476 2357 629 2189 202 1689 9977 1264 675 3834 1547 1888 809 4523 3946 3035 1389 1856 795 11176 156 827 1379 2755 2139 374 2475 7094 441 168 550 158 2159 5303
211.8406
92.8013

1603 3391 3628 4517 4908 5361 8928 9427 9717 9809 9880 11799 12420
61 106 137 1856 6089 2189 373 2755 394 1230 2834 1967 60
109.8444
32.2533

558 708 1352 1444 1695 1867 1871 1893 1903 2400 2599 3072 3194 3561 4391 4535 4644 5418 5650 7163 7208 8000 8103 8324 9289 10303 11483
61 1476 202 438 963 137 2348 2189 5209 483 1530 417 6478 892 4626 514 330 90 401 1734 145 2942 3074 967 106 1095 442
198.8766
83.6514

146 1678 2119 2161 2368 2402 3114 3147 4029 4066 4175 4431 4434 4615 5471 6846 6979 7620 8184 8698 8809 9297 9384 9786 11394
61 202 438 2357 2189 1476 6227 412 2348 514 2242 5580 7618 417 3951 943 3039 2280 8706 413 4504 2029 491 963 7733
191.0968
72.5958

91 499 751 810 857 1098 1276 1603 1926 2011 2047 2617 2699 2861 4024 4254 5597 5778 6560 6731 7244 7609 8189 9198 10052 11013 12047
61 202 438 106 2189 36 483 7230 2235 8461 514 1476 6874 510 1264 635 441 511 516 158 505 6478 1450 1279 7618 1554 512
316.2516
102.8481

768 2073 2436 3501 3863 4686 5932 6096 6402 6731 6807 6992 7113 7212 8061 8220 9146 11772
438 202 963 2189 106 1903 605 4197 827 3056 1499 1776 3882 485 1600 1012 6483 3795
103.0427
51.7096

766 1765 3391 3414 3804 4066 4491 6792 7715 9194 9390 11049 11386 12118
438 61 106 1547 9391 1065 3 2755 3012 768 2974 472 1702 2344
54.5178
26.7265

353 398 678 861 1384 1926 1932 2254 4064 4764 4816 5080 5192 6393 6952 7061 7790 8178 8386 8466 8863 9173 9390 9712 10459 11092 11495
61 438 629 202 137 106 1476 1316 3698 963 9391 3081 1547 73 895 5787 1348 899 3072 1311 1190 8406 158 1776 622 4536 6336
201.71710000000002
79.1323

206 505 1162 1300 2586 2718 4050 4254 4409 4789 5080 5482 5509 5696 5931 5978 6059 6368 6776 7040 7994 8173 9173 9245 9647 9712 10050 10297 10374 10430 11425
61 438 202 137 106 514 1476 343 2334 155 6369 577 5787 951 7432 2349 373 145 150 1311 9713 749 3797 930 4536 3645 6370 2385 2413 2425 10052
228.2847
83.4878

786 2899 3874 3884 4724 5104 5585 6520 7372 7377 7933
61 1476 4729 6817 202 3249 1525 372 1568 504 1065
90.8432
45.022

669 676 917 1441 1812 2076 2245 2580 2894 3804 4878 5307 5416 5811 5882 6581 6610 6658 6783 7086 8188 8397 8487 9645 9674 10186 11448 11483
61 202 1476 438 2189 106 137 629 330 2242 1557 1279 332 483 1550 1127 151 4235 329 4882 2918 773 2073 2234 3820 9487 1138 1584
278.0811
87.014

442 499 510 755 1070 1695 2144 2395 2956 3483 4184 9566
61 438 36 106 512 505 511 169 5509 2755 1541 749
109.6673
35.9479

403 1789 1893 2017 3069 3223 3456 3481 4254 5675 5804 7208 9173 9867 11845
438 963 106 3072 202 2189 61 3337 2837 145 1264 3073 372 1647 3834
128.8027
53.6873

109 120 404 708 927 1126 1522 1789 3128 3191 4132 5093 5586 6121 6475 7398 7433 7701 9262 10308 10350 12573
61 438 106 202 412 3337 145 1525 605 1647 1796 1972 1524 407 151 2835 2385 2755 408 1391 792 2837
136.98579999999998
64.5129

468 979 1837 2004 2110 2467 2872 2968 3882 4596 4686 4687 5194 5205 5365 6544 7058 8184 8698 9315 9885 9893 11284 11491 12233
61 438 2189 36 5209 137 202 106 2357 2924 3073 929 8706 394 145 1789 1786 608 6548 2396 1476 731 2029 3884 7455
189.776
81.2076

512 1247 1669 1797 1867 3128 3164 3386 3738 3787 4291 4482 4561 5055 5931 7377 7655 7675 7785 8154 8323 8349 8387 8780 8928 9503 9809 9880 10016 10350 11448
61 202 1476 438 106 2189 36 483 372 4847 408 2073 2918 5059 3147 895 1888 1940 3874 1382 1916 3900 1871 137 530 7824 296 3398 2193 1230 90
259.4352
73.0883

397 407 3502 4256 4339 5751 6368 6394 7139 7433 7537 7804 7897 7900 9169 9880 10016
61 1476 202 3992 3072 483 970 137 438 514 412 3337 6227 1311 6370 156 577
161.50039999999998
45.3788

0 164 344 445 676 765 1515 1688 1870 1997 2357 2373 3069 3356 3386 3858 3908 3995 4124 4816 5584 6227 6687 6831 7609 8018 9932 9986 10350 10992 11411 11468 11578 11611
61 1476 438 202 3072 106 7230 485 483 514 2127 137 963 516 1528 1530 2601 3898 8994 9977 895 6874 239 1522 257 3905 2139 1450 7619 2408 7618 844 1689 1311
311.6418
114.2492

613 2138 3279 3583 4981 5751 6173 6878 7291 7639 9659
61 106 3072 6874 438 202 1311 1853 1856 2159 1095
66.237
29.2933

1515 1889 3392 3540 4448 5509 6402 8005 8128 10051 10671 11413
61 106 483 438 343 2334 3542 1311 3217 1528 2349 36
98.5595
46.88

122 654 1276 1923 2689 3225 3483 3813 3878 5055 6163 7141 7236 8073 8133 8452 8570 8780 8790 9191 9358 9417 9893 9914 10186 10244 11449 11573 11906 12118 12589
202 61 1476 137 412 1888 1560 629 1279 246 142 1557 844 4729 152 5059 837 145 3379 3147 2475 413 731 6783 516 5268 8074 2872 3874 36 2612
184.75809999999998
85.2051

374 1568 1871 1903 2113 2184 2272 2993 3025 3813 4448 5055 5412 5866 6004 6294 6973 8275 9194 9305 9498 9676 11780
61 2189 2348 106 5209 438 372 1476 795 1734 3217 5059 158 2942 1907 1388 3951 442 1474 3037 270 1888 1905
129.5438
62.0879

365 2362 2617 2974 3028 3483 3891 4783 5322 6838 7866 8880 9625
61 202 106 375 1316 438 895 73 3030 3031 1846 1451 2977
92.3237
34.951

883 1450 2208 3296 4765 5416 5610 6061 6416 6697 8073 8154
202 61 438 3297 895 4235 73 145 69 2894 1382 2594
142.32
36.0738

13 499 1069 1070 1356 1754 2144 2395 2440 3394 3464 3622 4491 5058 5705 6817 6870 7594 9674 9717 9844 11425
61 1476 438 202 36 629 360 510 145 1770 943 511 505 6369 441 773 403 951 512 191 2918 4050
164.3911
50.9804

1230 1232 1797 2344 2402 2811 3115 3597 3791 4077 4832 6923 6992 7162 7465 8594 9503 9511 9844 12302 12375
61 438 2814 202 106 1476 514 629 137 1770 2013 403 413 2918 1718 1151 827 2086 1800 6415 188
150.9144
65.9878

353 381 658 844 932 1132 1582 2701 3797 4199 4938 5107 5597 5710 5809 6119 6225 6393 6415 8047 8220 8496 10167 10310 11449
61 438 629 202 372 1311 3946 156 145 1301 188 151 622 1918 1854 169 168 2474 148 191 4427 1831 1554 1776 158
178.0384
77.513

12 364 433 1098 1213 2113 3114 3243 3307 3481 3736 3794 4339 4387 4389 4434 4623 5093 5585 5652 6349 6475 6827 7032 7433 7588 8118 8845 9241 9632 9661 9780 9873 9932 11228
202 1476 106 61 438 485 441 191 2189 352 605 3992 330 3905 1525 3556 6294 360 145 629 1972 6451 188 5136 7315 84 2835 977 1138 1311 57 3796 14 2651 612
267.6181
89.2826

8 35 262 1253 1742 1837 6286 7756 8040 8815 10450 10452 10510
61 106 438 5591 2189 1311 1775 577 2755 1331 3556 1254 2960
70.3861
36.2633

1246 1719 2584 3978 4132 4561 4596 5166 5238 6327 6385 6789 7163 7170 7440 8109 9696 10050 10463 11013
1476 61 438 2357 106 202 3905 2894 6451 3337 5607 1110 7425 1796 265 285 4141 895 3109 516
189.7258
57.0204

184 780 1061 1110 1193 2449 2837 3583 3628 3847 4293 4308 7141 7537 7714 7816 8175 9914 10050
61 202 438 36 483 1888 330 360 1525 2454 329 3574 629 516 156 1065 1138 2076 2526
173.636
59.7553

512 788 979 1837 1900 2259 3995 4007 4175 4275 4427 4786 5652 5759 6061 6172 6173 6208 6368 6393 6742 8386 10013 10303 10329 11284 11427 11573 11913
438 202 61 137 36 1903 7230 1476 514 3073 408 812 1789 483 145 801 1853 1786 1907 2624 1310 1905 622 6370 1499 951 795 577 441
176.2927
81.6975

1926 3386 3946 4237 4482 4596 6313 6402 6982 7591 7669 7806 9250 9932
61 1476 438 106 629 6992 1791 73 929 109 158 1734 1940 2652
127.9349
41.3405

1524 1575 1695 3243 3908 4609 5104 7233 7754 9993 12547 12575
169 1582 5135 959 1584 28 1967 1697 1980 7222 2836 1965
29.2706
21.8833

188 1643 1932 3394 3771 3867 5361 5804 6089 6973 8000 8601 9123 10216 11489 12589
202 61 963 629 1476 2357 6478 1888 3030 4626 1820 797 106 3217 3374 3868
144.61509999999998
35.5869

152 381 965 1132 1176 1249 1720 1774 2440 3106 3804 4789 5205 6061 8188 8716 8774 9780 10459 11449
1476 438 61 2189 202 2357 137 5209 106 4081 514 1769 3992 8775 66 3556 1557 1568 145 1718
169.2884
63.147

910 1515 2162 2184 2584 3421 3508 3994 4913 5866 7272 8005 8589 9417 9645 10319
61 1476 438 137 2242 36 1550 145 6783 239 357 1528 4141 2234 1530 1922
115.905
43.2523

962 1279 2930 3023 3462 3516 3614 3889 3908 5125 5263 6370 6412 6683 6731 7824 8624 10460 11427 11468
61 137 202 2189 3252 3891 1065 629 145 106 3249 963 516 773 3456 795 899 265 514 515
151.4651
46.6611

765 1246 1625 2069 3176 4308 4519 5888 6499 7086 7363 7537 7715 8001 9370 9659 9682 10013 10128 10452 11176 11468
61 438 137 2189 202 36 156 7230 485 4865 357 1770 483 1264 191 2071 3 3517 6503 977 6370 1647
164.8445
65.8104

13 535 731 1719 2699 2977 3332 4007 4391 6211 6416 6863 6881 7289 7409 8487 8594 8860 9647 9901 10639
202 438 61 106 145 1311 629 1065 90 1554 2594 6489 4050 148 6340 1854 265 1310 6471 2755 3556
187.867
61.1109

403 459 530 755 881 1037 1316 1581 1864 1877 1903 2861 3040 3356 3813 3944 4094 4152 4175 5353 5357 5482 7132 7272 8161 8917 9178 9742 9743 10277
61 629 438 202 2348 145 1311 5209 106 1476 1098 441 895 2624 1388 360 3795 372 206 2093 5359 4029 1382 4093 2413 930 1907 151 844 675
196.5284
83.6017

1774 2755 2844 3483 4057 4301 4615 4858 4908 5394 6491 7681 8088 9682 11071 11438 11502
61 629 438 106 36 2348 441 145 1689 7589 1389 1775 373 2378 7298 3797 502
124.5863
55.3241

91 149 445 851 2155 4764 5759 6245 6385 8411 9511 9946 10143
61 438 1476 106 2894 629 2013 156 202 145 623 1776 899
92.0663
39.2243

200 857 932 937 1464 1845 5338 6198 7678 7701 8985 12573
61 2357 1476 36 441 156 151 827 1301 1382 158 751
109.7083
27.288

0 810 1249 1331 1356 2018 2594 3121 3556 4046 4047 4077 4794 4816 5182 5412 5809 6544 7733 8061 8154 8478 9026 9309 9568 11971
202 1476 61 629 438 1903 1316 2601 3039 1065 2189 106 1734 3056 265 6033 1856 3884 5580 6548 7737 1819 899 700 4427 1311
217.1007
80.486

149 160 784 3749 5832 6336 6385 7442 7897 9370 11385 12069
61 1476 137 106 3072 158 5607 156 3337 1264 3946 2357
120.0575
38.9059

28 394 491 608 1162 1356 2025 3073 3140 4054 4199 4286 4475 6096 6313 6470 8698 10368 10668 12406
202 61 483 963 2357 1689 1012 8706 2004 6475 3698 2834 485 4190 106 1499 2029 562 605 1626
145.34120000000001
57.6682

394 456 563 1167 2266 2968 2984 3072 3307 3787 3815 3854 3966 4054 4132 4387 4427 4431 4878 5586 5804 5943 6973 7040 7244 7735 8103 8837 9566 11449 11674
202 438 106 629 145 137 61 36 485 329 441 483 1138 372 330 2755 1476 2189 1524 1279 360 1176 332 1796 2393 1734 109 3217 1127 4882 514
201.6901
105.4833

8 120 257 1531 1549 1846 2898 3040 3379 3645 3709 4363 4389 5336 5584 6491 6863 7440 7576 7897 8397 8596 8790 8837 9676 9916 11438
61 1476 106 202 36 1311 1853 744 3337 1550 6451 1689 6385 1264 3698 468 795 583 413 1856 577 158 1389 6415 8601 3790 1854
210.5906
77.4798

2272 3128 4658 5412 6151 7018 7300 7897 8466 9684 9743 9781 10360 11358 11387 12013 12069 12546
202 438 106 2357 1311 372 827 1525 5607 441 8406 3337 1734 146 2093 151 6908 514
92.155
54.6362

675 1290 1300 1864 3464 3583 4081 4119 6089 6881 6908 11831
61 438 629 106 145 2601 330 372 2612 1283 3035 66
98.1921
49.076100000000004

468 491 951 1193 1525 1549 1688 1742 2049 2696 2699 2701 2735 3028 3759 4689 4822 5205 5397 5482 6301 6371 6461 6610 7040 7719 8384 8844 9568 9919 9977 10463 12013
202 61 1476 438 106 2189 483 5209 3072 485 3069 441 10977 629 1550 3337 514 1110 394 6881 151 1554 403 1972 182 1264 158 899 1689 6340 1331 3031 8774
327.2167
103.6266

146 516 2242 2564 4254 4306 5696 6394 8047 8644 8985 9384 11427 11438 11971
61 1476 2235 2357 2189 970 5580 3813 1689 1264 3039 184 2280 2696 7733
129.4244
42.9221

374 1900 2110 2164 3176 3225 4342 5618 7465 7576 8790 9781 10401
61 1476 1903 412 202 2601 413 156 1560 485 357 1557 1905
140.1428
43.7298

403 533 2526 3114 3994 4892 5008 7417 9239 9243 11228 11444
1476 438 3540 145 895 333 4894 1388 1379 447 3 2576
57.9997
28.7849

467 632 3787 4001 4512 5764 7170 7440 8220 11866
438 372 106 483 151 6451 3992 4029 2280 1616
61.6541
28.2772

1925 1985 2484 3296 3672 4052 4348 6004 6130 6870 8001 9625 9950 10329 12120
1476 106 61 3297 403 5192 181 1190 373 1965 1718 4609 801 2104 4094
84.5069
35.9791

91 515 965 1621 1678 1999 2599 4254 4491 5585 6102 6163 7291 8652 9511 11502
106 61 137 1476 4081 145 2013 1525 246 66 1095 4050 2696 2755 3249 1557
87.4151
45.1161

404 1077 1331 1923 2344 2894 2974 3863 4199 4321 4519 5008 5361 5394 6198 6361 7035 7398 7763 8121 9262 11284
61 202 438 137 412 1061 3073 483 929 1770 4235 1786 106 1789 3 6089 407 408 3818 3668 2071 792
154.1767
59.6638

105 306 558 1143 1985 2806 3386 4077 5368 5811 6229 6776 6791 7162 7191 7563 7576 8406 8768 9301 9482 9914
61 137 106 1530 483 1888 629 2811 169 516 307 3074 2627 1008 313 5268 150 1974 3618 8624 148 7010
127.41669999999999
53.6606

73 795 883 977 994 1581 3951 4308 4699 4892 5199 5352 5397 5592 6861 7298 7576 8349 8387 8749 8886 9498 9684 10397 10463 11284 11504
61 438 2189 202 1476 3337 145 3073 1110 9784 485 151 4847 333 1786 1888 3818 449 158 148 137 1095 5398 4894 4324 307 2977
173.6411
78.9242

35 654 1143 1300 2155 2584 3140 3990 5027 6976 11520
61 438 1853 3992 2189 4141 2408 3315 1311 3318 2254
95.7404
30.486

1953 2234 2688 3128 3160 4132 4321 6817 8778 9566 10186 10297
61 1476 106 202 360 675 1316 137 191 1547 3171 3035
106.9316
54.8556

120 404 1246 2575 4104 4423 5751 7148 7453 7940 8040 11393 11468
61 202 1476 2624 412 3072 3838 106 2699 152 296 408 2755
137.2037
40.3976

28 530 635 1037 1553 1720 1776 2055 2246 2601 2605 2899 3276 3542 3908 4052 4084 4093 5205 5365 6861 7233 7377 7417 8073 8133 9250 9427 9717 9781
61 438 629 2189 202 483 5209 7230 1476 372 2127 156 2894 3332 1770 106 608 285 1831 1316 374 1791 1952 2255 1718 1965 7860 792 4094 3279
197.96
86.9936

381 1138 2520 2861 3900 4482 10069 10992 11317 11411
61 202 438 3905 441 2601 3080 1753 307 1132
87.0147
32.853899999999996

66 151 635 893 1246 1464 2689 3276 3501 4291 4387 4561 4919 5226 6870 7465 7591 8578 9417 9538 10420
1476 61 36 202 2189 483 895 7230 106 84 3332 413 285 6783 2894 109 3279 3074 72 3882 394
172.6204
64.7698

2395 3315 5027 5482 5610 6367 7537 7761 8220 9759 9916
61 438 514 6370 441 156 169 6371 4865 2413 6368
89.7846
22.7797

1926 3600 3944 3961 4786 5192 5263 7875 8678 9009 9173 9632 10003 10186
61 629 202 1476 3081 1316 970 73 1348 605 895 106 608 4729
120.8374
54.222

381 1812 2285 2810 3914 4203 4486 4682 5238 5600 5652 6102 6646 6919 7994 9262 9284 9301 9873 10319
61 106 1311 4252 372 73 1770 4050 1065 2627 5136 296 470 6648 1918 792 3389 3502 86 2288
77.9802
43.833

66 306 1347 1486 1566 1769 1818 2474 2584 3114 3332 3771 3790 4193 4228 5607 6919 8323 8596 8698 9297 9511 9647 9659 9986 10125 10431
61 202 629 6227 1476 438 485 412 106 145 137 417 2013 2357 73 502 6385 3903 1528 285 4141 413 2029 1560 577 8706 1522
220.736
92.417

468 1923 1980 3194 3209 3211 4200 5008 5079 5925 6919 9178 9946
61 36 8270 206 394 4252 1065 73 7582 373 169 731 168
54.7827
29.7203

1098 2507 3072 3698 5597 5705 6515 7733 8466 8933 9844 11398
1476 202 137 106 629 3081 483 61 1770 514 3039 1888
140.311
59.7179

812 1356 3757 3949 4093 5055 6151 6827 7619 7790 10450 10939
36 137 483 2189 4847 1190 61 106 151 1011 744 2123
80.3325
45.4597

306 666 875 1300 3030 3276 3847 4342 4682 6975 7440 7841 8154 9867 11419
202 61 6227 69 6451 417 3905 795 2612 3574 675 3389 413 608 1817
153.7578
46.0262

76 164 456 632 650 993 2344 3994 4434 4512 4658 5353 6943 8061 8109 8323 9455 9674 10052
1476 61 438 106 202 1903 483 998 635 2280 3056 6478 7425 3905 773 151 3 7682 623
148.0913
59.8364

889 1098 1549 1617 2117 3356 4704 5412 7163 7236 7298 7427 8955 10401 11173 11413 11495 12233
1476 61 629 137 202 3698 1550 441 3081 330 1616 2189 106 3072 1734 895 4476 4132
147.5977
61.4398

505 836 852 977 1557 2138 2436 3421 4199 4308 5870 5932 6581 6943 7016 7157 7575 7609 7646 8349 8383 8844 9873 10368 11006 11719 11973
61 1476 202 7230 629 2357 1789 483 514 106 6874 155 1450 516 7432 901 1764 7619 9325 7618 5837 1310 3905 2715 413 504 11954
245.861
90.9731

182 910 3069 3804 4563 5804 7157 9647 10454 11719 12040
61 3072 3030 36 1530 202 3073 417 191 840 1528
88.93860000000001
32.182

2184 2688 3508 3540 4097 4783 4981 5832 6779 6875 7387 7432 7739 9224 11504
61 1476 202 106 4235 1311 485 4626 629 1557 514 1314 169 6370 970
176.05349999999999
56.4703

1228 1984 2073 2507 3025 3147 3600 4312 7367 9344 11719
61 202 6706 3951 2624 1304 1300 1776 2746 1306 2605
69.5579
35.6997

2368 2689 3033 3379 6475 6687 6976 7455 8880 11029 11800
61 106 605 441 10052 4985 3380 239 7469 583 374
66.3635
32.2208

355 829 852 1037 1138 1984 2062 2234 2701 3147 3356 3645 3961 8955
61 3081 202 1753 675 1547 2189 3035 3951 605 1499 9323 1128 169
113.5651
42.7276

164 206 821 1553 1765 3028 3223 4765 4786 5033 5372 6369 7642 8478 8532 9409 9643 10051 11674
61 202 1476 963 106 629 483 156 137 1382 8499 1689 4427 951 3031 895 3030 8471 812
186.2052
68.6226

1190 2362 3394 4141 4199 4878 5080 7289 8121 8880 9412
61 438 629 106 330 36 1476 1138 1279 329 1554
91.2865
49.0874

397 993 1985 2882 3334 5079 5442 6544 7372 8160 9407 10336 10414 10459 10639 11866 11971
438 106 61 6817 202 998 485 3992 169 3081 4029 6548 330 2139 1190 6471 1718
86.9136
43.7425

271 951 1197 1331 1678 2025 2735 3132 3176 3295 3709 4682 5593 5978 6211 6658 6747 7157 7378 8047 8387 8805 12548
61 106 202 191 1888 403 156 485 4847 357 372 4324 929 182 137 1301 1689 3389 2696 1091 1924 3081 456
148.8664
57.2568

398 593 836 1566 2119 2746 2810 3334 3349 3379 3481 3547 3878 4052 4256 4448 4631 4699 5095 5368 5704 6189 6402 7150 7170 7897 8780 9358 9919 10379 12120
61 106 137 202 1311 3337 491 330 502 3380 4832 1560 1254 4190 1279 169 3951 296 1965 516 827 731 883 2612 583 1974 1012 333 374 2123 136
143.8899
64.5591

569 1262 2178 2474 3037 3243 3279 3583 4047 5170 6707 7387 8466 8928 11013
438 106 2189 1264 202 1311 1065 2755 812 8406 1734 1796 7567 7417 514
84.5763
44.6069

619 2049 2274 2580 2810 2974 3628 4374 4908 7363 8160 8928 11270 11428
61 1476 106 438 895 151 2189 2280 73 1553 394 9487 373 1450
110.7698
46.088

244 1232 1925 3794 4686 4973 5416 5607 6189 6470 6838 7409 8323 8502 12047
202 61 2189 106 8461 137 963 3903 1264 1571 6483 285 1888 6475 1186
171.1777
50.7313

145 758 1997 2076 3854 4119 4765 4789 5226 5243 5597 5811 5870 6009 6229 6658 6687 6861 7221 7525 7763 8128 8297 8349 8761 9057 9566 10785 11520 12302
61 202 438 137 106 514 629 1853 1311 1186 372 485 2755 4124 929 1283 109 1918 1310 1854 2474 1936 731 6520 881 11394 8765 4118 4985 797
211.7673
89.0335

456 809 979 1999 2689 2978 4007 4077 6102 7372 8757 8768 9194 9417 10003 10216 10248 11393 12589
61 202 1476 137 6817 1451 1310 6783 373 4050 812 3081 810 801 792 4677 4609 2093 1095
168.6292
48.6506

12 441 678 1320 2164 3561 3804 3867 4561 4764 4878 5182 5194 5286 5397 6034 6313 6475 6931 7157 8398 8636 9786 10336 11580
61 1476 202 438 137 2357 629 330 1311 485 6294 332 3081 4623 373 1138 797 605 929 895 329 1689 1279 1776 899
293.4174
94.3847

654 1889 2601 3698 4048 5402 6059 6820 7040 9487
61 106 137 3072 4871 629 3081 763 3838 329
81.419
41.3392

13 1391 2113 2259 3593 5071 5451 6245 6646 9284 12012
106 1311 4050 6648 1398 792 111 4219 755 563 5453
41.4633
25.1407

171 200 407 891 2872 2899 3030 3414 4084 4193 5699 5931 6004 6013 6022 6189 6779 6870 7157 7244 7507 9742 10329
61 202 629 36 6227 417 4235 1316 970 106 2127 412 408 441 7739 2699 1791 168 1098 801 2060 608 372
191.1333
59.015299999999996

23 126 381 1356 1877 1985 5311 5610 6419 6975 8349 9344 11024 11799 12047 12589
61 438 2189 36 8461 202 1264 42 3905 795 169 901 1300 137 1306 50
126.5628
47.1043

35 191 407 1065 1176 1751 1953 1985 3176 3394 3815 4084 4112 4789 5311 5372 5618 6321 6385 6705 6975 7221 7582 7620 7754 7900 8189 8757 8815 9301 9393 11317 11799 11973
61 202 106 137 629 3992 1476 2357 514 412 1789 2601 6227 145 2127 7618 156 417 357 795 3905 9325 1379 11954 485 72 5837 438 2894 408 6322 516 1791 6706
216.999
99.5639

23 69 910 1037 1464 2499 2594 2872 3290 3421 3542 4084 4409 4649 5418 5764 5866 6309 6415 6461 7804 11397
61 106 629 36 1311 2601 1316 2127 202 42 1734 512 1128 1952 1791 899 1313 2385 1818 1279 1356 265
123.9236
56.9507

13 69 499 675 802 1065 1789 2402 4857 4865 4878 5199 5412 5616 6121 7289 7384 8108 8757 8790 9243 9358 9573 11913
61 438 106 8684 1476 510 202 330 3337 412 36 4858 332 505 511 2601 145 1127 2837 1734 329 1647 1796 2612
212.5155
81.999

515 751 788 883 1077 1347 1775 1820 2918 3025 3121 3132 4626 4849 5297 5307 5418 5618 5827 5866 6468 8601 8950 9050 9169 9174 9309 9661 10248 10336 11228
61 202 1476 438 106 1061 1888 155 2601 629 417 1689 3081 1560 4324 6033 412 169 1856 1877 795 1734 9837 2696 899 502 265 1301 1311 413 2254
265.1495
78.9626

1600 2385 2844 3332 3481 3585 3794 3867 4538 4628 5402 5585 6294 6791 8429 8809 9222 9241 9309 9696 10459 11302
1476 106 2357 2174 137 61 330 145 1525 2280 797 11271 329 1065 2735 1524 1616 1854 1128 2837 1389 550
123.7827
68.0337

13 1065 1151 1275 1818 1903 2233 2285 3349 3672 3968 3990 4228 4626 4686 4724 5696 5925 5978 6022 6870 6976 6992 8392 8499 8728 9243 9309 9409 9916 12575 12587
61 1476 438 106 629 2348 202 5209 4729 155 1264 3992 1888 145 2234 2189 1311 3249 1689 1382 1560 1856 8466 516 827 502 895 374 4050 1718 577 977
243.179
93.36880000000001

146 613 1391 1524 1600 1997 2144 2836 3831 4014 4631 5980 6130 6415 6468 7427 10379 10989
61 137 3834 106 2735 3009 5135 1560 4476 1967 3845 3838 2139 1670 1398 1936 168 1972
100.4245
52.7432

0 35 809 975 1126 1190 1391 1625 2473 2484 3356 4029 4434 4682 5463 5710 6789 6838 7303 7432 7440 8297 8324 8805 9447 9682 10303 10639 11287 11767 12113
61 629 36 2189 438 137 106 6451 1888 156 202 812 1451 810 184 10939 1221 792 1311 1115 801 6415 7469 1818 1228 8203 1398 6471 50 1296 68
177.1112
78.9839

558 910 1213 1818 2440 2930 3115 3283 3349 3394 3597 3622 3749 3794 3797 3858 4001 4081 4535 5008 5170 5342 5402 5607 7307 9632
438 1476 106 61 1530 417 1571 285 3035 3903 3946 329 3074 813 66 1279 1151 1831 516 3374 977 2071 70 4536 3295 917
141.4281
66.3813

66 318 768 857 1441 2274 2285 2797 3106 4007 4684 4857 5467 5650 7208 7387 7655 7875 8121 8557 11013 11906 12575
61 438 1476 202 106 970 4858 2280 73 629 1310 4789 84 929 1954 2385 1450 1151 516 470 7876 619 441
172.2277
65.3576

332 937 1162 1279 1688 1774 1903 2073 2144 2710 2837 3994 4631 5166 5416 5613 5870 6419 6461 6646 6776 7619 7941 8845 9050 9169 9241 9643 9901 10216 10401 11398 12302
202 61 438 106 1476 2357 36 2348 483 5209 330 1311 514 1138 629 1689 1065 1525 3256 827 4029 3697 516 3252 650 1310 749 1776 1907 1011 1110 150 169
268.4749
91.2324

459 1486 2047 2904 3578 3622 3813 4724 5592 5721 5869 7233 8231 8398 8939 9245 9458
61 483 438 1476 137 4729 485 1888 145 372 1264 3249 202 1095 847 1819 3081
114.9098
57.2701

8 182 2076 2138 2473 3501 3790 3854 4030 4806 4892 5334 5888 6294 7453 7620 7639 8104 9358 10336 10933 11866
438 202 629 360 7618 36 61 3992 1311 1528 333 191 3081 3882 4029 330 514 1522 4894 352 184 2317
120.1404
62.2685

73 142 1734 4348 6807 7933 8139 8532 8725 8768 10933 11394 11483 12577
61 202 137 963 1476 3951 3946 372 943 151 6483 8499 514 1568
161.34629999999999
56.34

191 828 851 970 1846 3225 3547 3628 3787 3891 3968 4050 4057 4491 4515 5442 5868 6967 7028 7132 7191 7387 7438 7575 8349 8499 8768 9305 10308 10336
61 629 1476 137 202 106 412 1311 155 1853 413 1888 485 1264 417 1316 1560 3081 145 73 372 827 1557 152 3797 8466 239 4141 7776 3790
224.0363
78.9957

693 1370 1553 2274 2385 3704 3966 4230 4448 5058 5199 6233 6680 7272 8502 8678 9538 10186 12573 12575
61 202 137 156 1279 106 2280 1311 1888 1450 36 4623 1320 1764 932 4729 7860 361 1309 5662
129.0407
64.3576

343 505 510 515 635 951 1575 1581 1697 1719 1923 2836 3283 4563 5263 5652 5978 6089 6458 6898 7525 7636 7733 8047 8875 9551 9573 9759 12547
61 1476 438 202 629 8684 36 360 483 2696 7230 412 155 3039 3332 7737 7432 357 2652 2894 6342 106 285 9583 353 504 6548 169 265
254.8676
101.3911

468 802 910 1151 1730 1924 2000 2699 2701 3028 3164 3194 3393 3622 4112 4141 4482 4832 4865 5416 5794 7018 7028 8397 9505 9813 9914 10303 11448
202 61 438 106 2189 1476 827 1311 629 394 1525 2918 1554 1734 1796 2073 3297 3030 6340 1918 6908 3031 244 1846 1126 265 5268 3394 1940
242.4144
87.62610000000001

467 765 1176 1730 1953 2055 2583 4286 4363 5398 11029 11173
61 1476 629 137 441 1952 106 468 73 1734 3698 1012
81.6233
43.6875

456 795 875 1617 4522 5342 8872 9519 10933 11495 11913 12547
61 1476 137 3698 9411 3081 1616 3072 809 4523 773 3889
97.009
39.034

364 758 836 1138 1553 1999 2861 4141 5044 7994 10393 11385 12047
61 438 2189 8461 352 156 1264 441 191 1311 932 1764 7860
97.1735
40.2372

381 731 828 2844 4517 4913 6241 10319 11469 11573 12240
1389 471 441 550 374 2866 394 5656 3502 1936 669
33.8924
24.4284

35 271 708 802 927 1065 1138 1290 1522 1720 2017 3072 3307 3794 4029 4052 4596 4933 5509 5809 6173 6301 6321 6706 6792 7507 8074 9114 9146 9174 11419 11428
61 438 202 106 2189 137 629 485 145 360 483 2334 330 1796 343 1525 514 2349 1853 6707 605 1972 191 90 4864 4427 265 394 749 2071 801 344
197.5577
99.4462

122 2017 2474 2625 2930 3540 4066 4293 4301 6576 7035 7841 10431 10785
202 61 372 137 1311 142 2612 3542 4477 675 2076 145 2627 1817
86.5766
47.6115

1772 2073 3075 4568 5618 7655 7806 8018 8780 8955 9344 9950 10248
61 1476 629 106 403 2189 2601 1791 202 1300 1304 1306 1776
124.7406
42.7036

669 1190 1695 1797 1867 2484 2594 2918 3114 3140 3804 6841 7191 8005 8159 8644 12548
61 1476 629 36 106 1316 2601 1871 2254 1877 9837 2193 1922 2599 1818 1228 1356
112.98089999999999
42.5577

73 120 235 1167 1336 1775 3255 3350 3376 3502 3709 4097 4225 4806 4832 4857 5357 6173 7438 7715 9224 9302 9528 10319 10467
61 1476 106 438 629 2189 202 4858 169 151 1560 827 394 188 1853 899 7372 3760 5359 2385 4141 2977 158 1954 36
202.0242
76.3332

1069 1999 2861 3737 4097 4517 5104 5394 6610 6742 7367 9305 9487 9659 11816 12573 12587
202 1476 61 106 441 36 1264 438 3838 763 151 2624 372 158 374 514 4104
140.4677
37.415

365 596 3455 3968 3994 4538 5268 5509 5925 6009 6870 7196 8860 10277
438 36 629 1476 375 3081 360 2334 2280 343 1011 1616 2349 485
96.0622
52.261

257 353 608 1464 1566 1789 2899 4456 5297 5398 5467 5650 6189 6419 6648 6838 6987 7380 7472 7940 8161 8270 8624 8693 9010 9239 9284 9625 9946 12120
61 202 106 438 2624 629 3337 3072 744 1689 3838 1952 2837 1647 2699 1311 1560 605 502 2835 930 7941 188 372 3073 731 7582 1221 792 895
208.0815
76.4176

623 1193 1300 1587 2047 2788 3995 6245 6648 6683 6831 7655 7763 7839 8398 9222 10128 10336 10458 10939 10977
61 202 137 438 106 2235 1476 4847 1530 36 485 514 1311 2189 3081 2234 169 929 847 1522 4865
193.7643
63.5124

344 574 650 663 676 1126 1566 1720 2049 3028 4615 5182 5866 6173 6610 6779 6908 7298 7639 8074 9239 9528 9647 10933 12013
61 202 1476 2348 4235 441 1560 151 4864 593 2699 1853 106 970 605 502 3760 73 7739 514 629 1718 3030 394 4050
236.8056
76.46340000000001

69 927 1603 1864 3508 4007 4064 4312 5352 6648 8173 11176 11831 12575
61 106 202 6369 1311 145 514 357 1647 1967 1098 577 951 1310
114.5356
47.8577

563 836 1193 2696 2898 2930 3115 3243 4486 4682 6747 8557 12571
106 468 1151 1389 374 3389 296 2071 3624 1854 372 583 2425
53.7167
34.692

206 416 441 809 2117 2162 3516 4434 5804 8161 8780 9153 11049 12406
61 1476 438 1311 106 145 788 1451 6294 844 795 812 792 1065
109.5735
45.5948

629 635 993 1026 2176 2625 2866 2898 3176 3455 4486 4519 4765 5584 5613 5616 6009 6881 7157 7307 7636 8121 8389 9243 9568 9873 10467 10668
61 106 438 202 483 145 485 7230 1476 3081 1389 36 998 296 156 2894 1770 2071 357 1831 468 6548 3332 1011 1311 1689 2385 285
213.98239999999998
104.9946

375 795 1924 2993 3900 4014 4857 5055 5704 7900 9315
61 137 36 3992 9784 4858 3080 5059 438 792 244
84.8211
49.5235

2373 2984 3455 4606 7141 7696 7754 7757 8260 12577
202 61 3081 1888 36 1011 1734 2746 1304 1812
75.0555
27.1942

106 467 1069 1138 2688 3120 3414 3759 4003 4301 4704 5597 6658 7086 7417 7609 8161 8342 8411 8450 9178 9224 10350 11913 12233
61 438 202 2189 7230 36 483 514 9784 6874 330 3905 441 3847 1450 7618 169 206 6368 516 2755 2159 3126 374 1132
205.5563
85.5395

182 1037 1197 1952 2176 2208 2259 2400 2866 2960 3389 3815 4938 5238 5268 5398 6470 7367 7427 7609 9407 10459 11399 12069
202 61 1476 106 629 7230 963 483 514 145 6874 1311 151 2357 36 6483 970 156 3905 360 7618 6475 5607 1553
239.5924
89.4971

1230 2209 2499 2899 3386 3793 3889 4908 6336 6810 6831 7162 7881 9503 9528 9659 10379 11029 11399 12585
61 1476 106 137 438 151 3891 3072 155 1264 372 156 1279 970 394 1553 150 401 3760 899
173.668
54.956

1769 2233 2797 2918 2974 3194 3356 3795 4047 4254 4379 5079 7384 7824 7994 8275 8461 8742 12233
61 1476 438 629 2189 106 8875 1264 3337 3072 675 1065 1877 1963 1098 3 2234 470 3056
202.5349
86.0103

663 768 859 883 917 1147 1566 3350 6286 6416 6683 7761 8452
61 438 36 5591 1560 441 502 2594 577 1775 2385 5593 1151
108.3328
30.82

1037 1193 1316 2000 3874 4084 4097 4434 4606 5368 5564 6049 6461 6544 7377 9643
1476 61 106 202 629 145 2127 6548 265 1098 169 1791 372 1974 4104 895
116.946
47.3483

142 857 1230 1352 2011 2117 3481 5361 5759 8565 8742 8815 9289 10379 11397 11551 11646
61 963 106 8875 1264 3946 1997 3951 6089 512 1792 2013 989 2018 229 1254 859
143.3801
50.4376

442 786 1391 1845 1893 3483 3863 5689 6217 7455 7619 8937 9384 11029 11520 12023 12118
61 1476 2357 438 36 483 1853 5580 2242 5509 2280 3039 169 749 4504 1011 3868
138.1275
52.1483

788 941 3279 3283 3296 3386 3736 4293 4475 4832 5182 5243 5402 6475 7024 9245 9534 10467 11438 12047
61 438 1476 106 2189 8461 3297 605 1264 1689 329 239 827 191 795 1311 2076 502 1888 802
146.4129
65.1853

296 859 1916 2348 2960 4644 5451 6499 7139 7427 7432 8104 8768 10374 11591 12069 12548
438 137 106 202 343 36 749 8075 61 2357 4729 5607 2349 5453 6415 4071 441
120.9661
57.467999999999996

355 407 445 569 809 975 1069 1688 1867 2348 2872 2899 3415 3949 3968 4048 4486 4807 5303 5704 6096 6544 7678 7760 9873 9946 10989
438 61 137 202 343 69 749 441 372 412 1871 1451 6227 1817 5136 812 6548 792 408 72 1796 296 7582 810 2349 801 1734
170.7587
82.684

66 91 433 590 765 1356 1603 1754 1845 2440 3790 4391 4981 5166 5610 6096 6172 7380 9625 10128 10629 11393 11398 11495 11906
61 438 137 106 202 1476 36 3072 3081 90 1065 3698 1528 441 6336 84 2159 4865 1522 4882 1936 2755 73 3742 6370
183.4532
64.2601

158 161 883 963 1254 1669 1678 1753 1812 2025 2073 3037 3121 3245 3750 4006 4084 4119 4523 4689 5336 6402 6416 9528
61 1476 438 3072 202 372 3251 394 605 965 2127 6475 5256 6033 1963 239 441 812 1300 2594 3256 5932 4124 1499
216.5752
92.8737

1275 1567 2004 2487 2594 3295 3462 3790 3946 4321 4913 6189 6648 8074 8454 8774 9146 9958 9986 11444
61 1476 438 106 2189 485 1316 2601 202 1311 1952 1530 605 899 1528 4864 1098 8775 1689 1522
150.0115
58.0677

66 2827 3593 3672 5311 6022 6747 7208 8397 8596 9742 9914 11431 12420
61 202 106 137 6385 2189 73 5268 84 3961 1856 373 8601 577
75.2152
43.1064

635 765 1621 1900 2000 2334 3356 4486 5580 5764 7725 7763 8349 8429 8678 9114
202 2348 4379 483 438 7230 1903 145 2280 441 3039 3332 1628 285 2894 1907
120.7684
60.297

632 678 1348 1356 1720 1850 2233 2743 2899 3176 3255 3508 3542 3831 4482 4512 4615 4789 5705 6683 6938 7028 7258 7432 8118 8349 9009 9873 10038 11022 11906
61 202 438 629 137 485 1476 2348 514 357 3834 3009 2234 441 330 2280 156 483 106 827 1718 6294 1952 394 151 372 3845 9311 1616 1940 5990
213.0059
94.6566

1643 3279 4050 4052 4228 5336 5827 6313 6680 6687 6874 8557 9573
61 8684 438 202 485 412 6369 6872 514 3225 9583 1965 6368
125.5412
36.5388

111 1311 1356 1999 2178 3578 4097 4141 5079 5455 5509 5881 6034 6217 6385 6415 6603 6680 7163 7725 8231 8799 8815 10393 10933 11468
1476 61 106 438 483 2189 202 137 343 2334 485 372 2349 1264 145 373 169 749 443 516 1065 168 6605 2525 650 4104
192.7418
86.2868

146 666 758 1069 1776 2837 3040 3597 4050 5322 5464 5702 5777 6779 6931 7148 7575 8398 8805 12125
61 438 202 4235 372 970 1525 1888 7739 1311 2699 1316 441 4512 169 3797 1557 1918 1954 3874
126.2708
50.9148

126 491 1143 2715 3211 3392 3790 4054 4301 4374 4764 4973 5397 5832 5987 6371 7113 7537 7696 7816 8128 8928 9505 9606 9977 10450 11228 11539 11719
61 202 629 438 483 106 2189 3072 485 1316 3069 899 10977 1476 3217 1314 1522 169 4190 2898 1528 895 1776 3297 6369 1264 3556 1311 515
198.0232
85.3871

169 404 654 932 1213 1525 1730 1871 1877 2171 2233 3672 3853 3874 4007 4184 4427 5600 6013 6119 6468 6631 7417 7453 7582 8678 8728 9632 9743 10050 10125 10303
61 202 2189 629 6881 412 1311 1476 1382 2093 2234 372 106 4252 6459 1734 1541 156 6370 2942 1190 407 1310 901 732 265 3379 10052 1065 947 1301 2836
213.2609
96.2053

2076 2436 3164 3356 3578 4286 6783 8624 10329 10977 11071 11845
61 2189 202 438 1530 629 485 1264 1557 1568 3834 1522
136.4945
51.3225

0 456 1621 2055 2746 3791 4200 4226 5307 6004 6792 7133 7249 8128 8860 9585 9645 10050
61 963 1476 106 1562 2242 4847 202 145 1550 4623 1554 7134 2234 1584 1560 10052 1547
141.1954
49.2039

355 375 780 993 1952 2467 3867 3891 4132 4473 6245 7079 7258 7507 7609 9696 9873
61 202 7230 2357 483 6874 9784 1476 514 73 1316 629 797 516 265 3905 6368
140.06799999999998
68.7812

1217 3115 3547 3978 6581 6783 7563 8827 10785 12548
61 106 1557 4235 1311 3109 1560 1151 1554 421
93.9795
33.635600000000004

751 1247 1625 1818 2062 3075 3225 3242 3878 4226 4439 4933 5243 6211 6943 7754 8827 8941 9191 9862 9967 10319 10420
61 1476 137 106 412 1560 4847 3252 1557 4623 1562 1554 1311 394 413 3307 3074 152 1967 977 562 2612 2746
147.7441
55.6124

126 1965 2017 2259 3583 4689 4783 6102 6742 7097 7994 9390 9505 10069 10380 10430 10639 11332
61 202 36 3297 3905 106 1547 9391 483 372 169 4050 307 6471 3145 4578 5238 55
105.4091
44.7783

951 1162 1697 2584 3037 4789 5586 5600 7455 8173
202 137 514 2696 145 6369 4252 182 4141 812
66.3116
33.5182

184 1965 2149 2788 3254 3438 3826 4919 5334 7433 7525 9643
438 1476 36 106 191 360 3447 1587 3441 352 2159 1963
63.0291
30.2848

161 632 1098 1444 1877 2162 2974 3033 3075 3106 3949 4057 5597 5721 6846 7032 8047 8601 8624 8928 9822 9993 10671 11491 12452
61 629 1476 438 1888 202 483 330 998 441 401 901 1689 151 3905 8975 9200 239 3795 977 3 2474 3624 1967 1924
142.0049
65.1981

151 164 881 988 1213 1391 3672 3787 3992 4050 4363 4409 4981 5170 5352 5368 5868 7472 9667 9862 9977 11071 11502 11646 12569
438 963 629 106 3072 10977 61 749 145 3069 372 9743 2385 1476 169 1718 1997 373 7715 483 3797 191 8774 2159 895
171.4397
88.2975

1217 1331 1486 1600 1603 2184 2586 2788 3464 3597 4083 4152 4237 4293 5398 5764 6245 6367 6478 6499 7001 7757 7801 8589 8618 8985 9289 10141
61 438 202 963 106 137 629 1525 145 1311 1952 514 2735 1997 1476 6483 205 1819 827 2835 1972 6371 1524 6260 1776 6370 2076 229
181.7361
76.4293

1217 1275 1450 2259 3386 3593 4083 5402 6553 8435
61 106 1525 895 73 329 1382 2837 2835 6342
54.3516
27.162399999999998

364 381 1720 1980 2400 4054 4254 5058 5721 7303 8005 9932 10277 11427
1476 61 36 191 1115 1718 352 1922 4056 5497 1716 169 2395 361
106.962
29.901

875 993 1336 1953 2402 3132 3585 4606 5226 5585 6731 6992 7432 8461 8678 9169 11483 11906
61 438 2189 1476 3337 3072 998 137 1525 4324 202 3056 35 3992 1264 827 1918 3386
137.7498
72.4234

812 2073 2487 2746 2894 3223 3787 4054 4615 5652 7806 8386 8933 9659 11495 11800
61 137 963 438 202 629 2348 3698 483 3081 372 3072 1791 1689 1888 6336
121.5681
49.5429

1232 1370 1932 3561 4783 5509 5591 5696 5699 6698 7609 7701 9291 9809 11539
61 202 483 438 7230 514 343 6874 963 2334 106 1279 577 2349 3905
143.4272
57.7871

893 1110 2652 2735 2844 8024 8160 8184 8349 8815 9813 11413
61 106 36 6874 1753 202 330 372 1389 623 441 403
80.5525
42.5145

375 2474 2699 3889 7465 7806 8725 8860 10143 10393 12375
202 61 438 9784 3891 2894 1791 629 1279 3037 413
153.3504
52.8444

115 398 1223 1382 1568 3438 5027 5055 5987 6449 7525 8173 8220 8496 10003 10143 11411
438 202 106 629 61 2894 6369 6451 514 3081 145 3447 1775 577 5059 749 3147
116.5225
56.5857

1065 2806 3033 3283 3709 4024 4028 5463 5775 6874 6928 8389 8499 10051 11398 11591 12013
61 438 202 106 483 485 441 1888 514 8075 1264 6369 145 6872 4729 516 2071
160.3193
57.6729

658 993 1026 1110 1963 2605 2960 3850 4007 4786 5238 6321 8297 9993 12546
438 106 998 330 2834 329 3573 2837 1310 812 61 1138 3749 441 5453
77.9726
41.659

91 675 2960 3254 4006 4152 5008 5281 5353 5592 5987 6361 6371 6791 6810 7133 7163 7816 8128 8452 9786 10668 11049
202 963 61 438 106 137 629 4847 1311 4235 2601 1065 7134 2612 1775 1095 2755 6369 2159 441 1817 577 7298
154.2582
64.4765

149 257 574 792 1061 1132 1290 2699 2811 3878 4046 4047 4568 4865 4981 5418 5618 6309 6610 6846 7032 7417 8083 8224 8799 10463 10671 10957 11393 11413 12014 12547
202 61 438 106 2814 629 1476 483 744 1065 2601 330 3337 516 156 360 2093 1734 593 8975 577 1554 3905 8316 8188 6340 1689 3389 3742 158 1110 2159
289.0251
97.3908

106 1320 2575 3290 4084 4454 4596 6089 8231 8410 9862 12406
1476 61 483 629 137 9784 152 485 145 2127 1867 413
126.9178
70.1462

76 365 404 635 1845 1984 3120 3516 3966 4519 5238 5442 6076 6698 6817 7196 7642 8173 8557 9566 9625 9684 10051 12015 12120
61 202 1476 483 106 36 375 360 412 6369 145 7230 937 485 951 191 514 943 1770 3332 3126 2699 109 407 1127
207.9146
85.7904

271 593 2584 2743 3030 3614 3698 3853 7258 7875 8410 9384 10013
202 61 1476 2357 137 6227 106 417 7230 3072 5580 3081 970
155.3615
65.4679

169 364 855 861 927 970 1486 1525 1678 2017 2155 2357 3415 3863 4857 5400 5705 6121 6483 6553 6783 6838 7163 7174 8175 9743 9993 10450 10510 12014 12375
61 202 106 438 1476 629 963 2127 1557 1571 4858 516 155 2189 1311 605 36 145 1568 417 1954 1316 514 372 3898 1554 257 2093 6881 1689 191
290.7359
115.1831

2866 3176 3209 3332 4342 4764 5058 5597 6234 6483 7249 8275
202 61 142 145 629 963 1476 605 156 357 4623 485
117.8048
48.3817

255 262 404 582 1581 2473 2827 2993 3028 3251 3296 4517 5217 6076 8024 8406 8499 9222 9262 9509 9901 9958 10460
61 438 1476 202 1888 412 6874 1264 3297 1952 1138 265 8466 413 1098 623 403 3030 1846 3031 3252 257 408
191.9421
69.1548

397 433 708 1096 1846 3502 4434 4491 4519 5322 5361 5455 6683 8532 8678 8725 8985 9786 10297 11287 12113
61 629 438 36 202 1853 8499 1770 413 156 10939 441 8471 6225 7776 1091 2872 8500 3790 977 184
165.9828
58.796

8 188 449 535 708 994 1190 1232 1695 2073 2234 3213 3990 5621 6226 7001 9222 9447 11752 11772 11973 12585
202 438 629 6327 36 6227 61 1789 3992 675 2357 1547 106 1311 3035 5837 9325 3797 1499 2189 9323 11954
172.6303
74.2104

829 937 3295 4535 4649 4806 5472 6226 7282 7790 8775 9977 10333 10459 11591
202 1476 438 2357 61 3072 1530 629 6227 6143 8075 3069 10977 417 5585
161.7886
53.7731

306 809 1011 1557 1999 2119 2274 3600 4938 6557 7132 7139 7307 7994 8557 8679 9009 9884 10321
61 106 483 137 2280 202 1451 1764 1450 516 239 413 2310 812 2605 896 1012 1019 810
150.1361
58.4185

988 1069 1621 1818 2449 3863 3995 4175 4515 5322 5591 6919 7001 7035 9002 9932 10329 11394 11578 12569
202 1476 61 438 483 9977 514 2454 145 106 943 441 2624 394 2139 812 827 472 989 801
175.7906
48.9558

91 836 1190 1279 2155 2617 2844 3704 4006 5509 5586 6034 7307 7739 7875 8160 8678 10933
61 106 629 438 1476 202 4626 343 36 2334 145 4235 441 970 1065 1557 3249 2349
163.8117
73.7702

904 988 1077 1751 4301 5243 6335 6982 7150 10450 12546
6336 629 1061 2189 6992 137 1379 3556 989 2960 1001
58.4577
27.3994

318 490 970 1228 1441 3030 3737 3787 4032 4048 4052 5650 6211 6361 6827 6898 7849 8496 8548 8774 8775 9291 9946 10350 11024 11551
202 438 61 6227 106 1530 1476 417 6143 155 372 5585 4235 3307 4626 608 6706 2837 989 1012 1792 1972 1554 4190 2060 1568
196.9894
69.3401

126 364 416 459 676 889 1581 2184 3132 3853 4535 5471 6034 6402 6882 6919 7398 7582 8324 10933 11971
61 1476 629 417 202 4324 171 895 352 106 827 191 373 732 169 73 675 4536 901 2413 900
97.7431
50.884

200 404 510 1246 2861 3203 3542 4081 4475 6708 7620 9191 9822 11317
61 629 202 106 412 441 36 7618 3035 998 66 1952 407 90
98.3646
45.1954

852 1889 2073 2368 2402 3462 3672 4003 4112 4612 6286 6327 7442 8088 8169 9844 10460 11411 11491 12031 12548
1476 61 2357 438 2189 106 629 36 5591 403 1770 285 169 5607 441 2918 265 577 773 373 1775
157.3154
48.8907

678 1217 1246 2788 2974 3051 3106 3356 4007 6208 6982 7363 8024 8189 10459 11397 11573 12375 12573
438 6874 61 623 408 6992 3056 1310 512 441 3 514 1936 1499 2093 199 786 2725 4269
75.5022
44.2038

146 491 1575 2055 2119 2254 2499 3223 3307 3391 4816 4878 6327 6478 7162 7378 7785 7801 7839 8879 9873 10292 10416 11611 11646
1476 61 963 202 438 2357 483 2235 36 485 137 329 106 1689 332 1127 1997 2234 5607 330 4882 1279 929 352 4190
238.0891
83.9507

235 449 766 1304 1587 3750 4124 4431 4448 4561 4628 5338 5868 6943 7785 8178 8589 8768 8805 9632 12047
1476 61 137 36 8461 2189 1264 5462 145 1888 844 895 3797 169 650 1382 6548 394 69 768 146
163.2808
49.5791

596 828 4007 5361 5472 7132 7409 7675 8780 9393 9684 10052 12013 12031
202 61 438 2189 417 441 412 635 3030 6478 6489 623 146 1310
147.2914
40.471

169 257 583 881 1143 1531 1936 2259 3585 4007 4097 4348 5286 5888 8749 8799 9482 9780 10333 10450 10671 12012
1476 106 629 438 2189 61 744 1264 3556 3992 1877 1689 1190 145 1310 2811 1151 2576 2060 8975 372 947
136.6521
62.3368

69 105 120 1249 1254 1719 1753 1965 1980 2547 3120 3787 3815 4030 4889 5764 5987 6463 7191 7282 7398 8679 9919
438 106 61 629 36 333 137 3126 372 1775 265 2385 329 394 2351 2696 896 331 675 4776 1796 169 4682
122.7883
58.7596

574 798 4783 5166 5870 5909 7148 7806 7881 8941 11411 11495
61 137 202 4847 3698 3081 1791 593 3072 4623 1310 171
79.5959
36.0934

829 3133 3191 3350 5471 7148 7636 7900 9427 10393
438 61 3992 239 1499 6548 612 6554 6342 1323
42.2284
23.0277

797 1070 1110 1575 1877 1999 2254 2584 3274 4003 4047 4048 4387 4515 4765 4849 4871 5361 5365 5455 6234 6321 6358 6393 6875 6943 7507 7994 8220 8478 8757 9455 9885 11411 11772
61 438 202 106 514 142 485 629 6370 330 2924 4477 1065 169 608 812 901 4141 329 3882 622 7682 1138 145 4865 3795 612 4050 1451 7589 1311 8173 2746 1382 1582
196.5163
85.5777

160 975 1077 2069 2699 3854 3978 4029 7141 7576 8728
202 61 2189 438 1476 1061 1888 1554 3379 158 3109
152.3875
35.2112

795 1621 3968 4052 5675 5909 7291 8532 9243 9946 10470 12577
61 438 106 145 8499 8471 8500 1628 7582 1965 3966 5281
77.5002
30.7033

632 1193 2184 2334 2811 2861 4321 4522 4535 4623 4686 4933 5107 5402 6217 6700 6779 7148 7233 9370 9487 9696 11502
61 202 2814 1476 2348 106 441 417 151 4235 438 483 7739 3946 763 809 4523 3838 329 2699 970 158 1718
194.5828
70.8215

583 654 881 1283 2743 5870 7170 7563 7839 8005 8937 9534 9568 9813
61 2235 1476 36 1310 2234 145 1922 7841 191 1549 239 344 619
75.2197
33.1121

191 490 1300 1999 2402 2487 3949 4119 4608 5226 6321 6931 7380 7409 7440 7875 8955 9717 10050 10167 10374
202 61 438 629 1476 970 2189 6451 929 372 4124 514 6489 1283 1918 394 1012 1388 10052 2408 6932
166.4245
56.6306

76 510 635 784 792 1450 1925 2974 3295 3334 3376 4083 4563 5079 5397 6370 6967 7563 7756 7801 7933 8159 8484 8596 9174 9862 11578 12547
61 202 137 1476 36 483 1525 7230 485 438 9977 73 1888 895 6385 1382 514 3332 106 827 169 2139 504 2127 2837 577 1455 8000
177.8505
81.1908

